filepath,filename,multiclass_label,binary_label,group_id,fold,multi_target
/kaggle/working/patches/64/good/p16_patch3_0.tif,p16_patch3_0.tif,good,0,p16,3,0
/kaggle/working/patches/64/good/b5_patch3_2.tif,b5_patch3_2.tif,good,0,b5,2,0
/kaggle/working/patches/64/good/bstar_p7_patch0_0.tif,bstar_p7_patch0_0.tif,good,0,bstar_p7,0,0
/kaggle/working/patches/64/good/bstar_p4_patch1_3.tif,bstar_p4_patch1_3.tif,good,0,bstar_p4,0,0
/kaggle/working/patches/64/good/b2_patch2_1.tif,b2_patch2_1.tif,good,0,b2,4,0
/kaggle/working/patches/64/good/p2_patch2_0.tif,p2_patch2_0.tif,good,0,p2,1,0
/kaggle/working/patches/64/good/bstar_nn_d4_patch2_2.tif,bstar_nn_d4_patch2_2.tif,good,0,bstar_nn_d4,1,0
/kaggle/working/patches/64/good/bstar_p25_patch3_0.tif,bstar_p25_patch3_0.tif,good,0,bstar_p25,2,0
/kaggle/working/patches/64/good/bstar_he_d4_patch2_1.tif,bstar_he_d4_patch2_1.tif,good,0,bstar_he_d4,0,0
/kaggle/working/patches/64/good/bstar_nn_d5_patch1_3.tif,bstar_nn_d5_patch1_3.tif,good,0,bstar_nn_d5,2,0
/kaggle/working/patches/64/good/Bbox_p20_patch0_0.tif,Bbox_p20_patch0_0.tif,good,0,Bbox_p20,2,0
/kaggle/working/patches/64/good/p30_patch3_2.tif,p30_patch3_2.tif,good,0,p30,1,0
/kaggle/working/patches/64/good/Bbox_p14_patch1_0.tif,Bbox_p14_patch1_0.tif,good,0,Bbox_p14,3,0
/kaggle/working/patches/64/good/Bbox_p23_patch3_3.tif,Bbox_p23_patch3_3.tif,good,0,Bbox_p23,3,0
/kaggle/working/patches/64/good/Bbox_nn_d1_patch2_0.tif,Bbox_nn_d1_patch2_0.tif,good,0,Bbox_nn_d1,2,0
/kaggle/working/patches/64/good/Bbox_tn_d1_patch3_0.tif,Bbox_tn_d1_patch3_0.tif,good,0,Bbox_tn_d1,2,0
/kaggle/working/patches/64/good/bstar_p15_patch0_0.tif,bstar_p15_patch0_0.tif,good,0,bstar_p15,3,0
/kaggle/working/patches/64/good/bstar_he_d5_patch2_0.tif,bstar_he_d5_patch2_0.tif,good,0,bstar_he_d5,4,0
/kaggle/working/patches/64/good/tt2_patch1_3.tif,tt2_patch1_3.tif,good,0,tt2,2,0
/kaggle/working/patches/64/good/bstar_p3_patch0_2.tif,bstar_p3_patch0_2.tif,good,0,bstar_p3,0,0
/kaggle/working/patches/64/good/Bbox_tk_d3_patch2_2.tif,Bbox_tk_d3_patch2_2.tif,good,0,Bbox_tk_d3,4,0
/kaggle/working/patches/64/good/Bbox_tn_d1_patch0_2.tif,Bbox_tn_d1_patch0_2.tif,good,0,Bbox_tn_d1,2,0
/kaggle/working/patches/64/good/bstar_p19_patch0_1.tif,bstar_p19_patch0_1.tif,good,0,bstar_p19,1,0
/kaggle/working/patches/64/good/Bbox_p25_patch1_2.tif,Bbox_p25_patch1_2.tif,good,0,Bbox_p25,3,0
/kaggle/working/patches/64/good/Bbox_p25_patch2_1.tif,Bbox_p25_patch2_1.tif,good,0,Bbox_p25,3,0
/kaggle/working/patches/64/good/p16_patch3_3.tif,p16_patch3_3.tif,good,0,p16,3,0
/kaggle/working/patches/64/good/Bbox_p3_patch0_2.tif,Bbox_p3_patch0_2.tif,good,0,Bbox_p3,1,0
/kaggle/working/patches/64/good/t5_patch1_0.tif,t5_patch1_0.tif,good,0,t5,3,0
/kaggle/working/patches/64/good/p6_patch2_2.tif,p6_patch2_2.tif,good,0,p6,0,0
/kaggle/working/patches/64/good/h1_patch3_2.tif,h1_patch3_2.tif,good,0,h1,2,0
/kaggle/working/patches/64/good/bstar_p2_patch0_1.tif,bstar_p2_patch0_1.tif,good,0,bstar_p2,0,0
/kaggle/working/patches/64/good/Bbox_p11_patch1_2.tif,Bbox_p11_patch1_2.tif,good,0,Bbox_p11,1,0
/kaggle/working/patches/64/good/Bbox_p8_patch3_3.tif,Bbox_p8_patch3_3.tif,good,0,Bbox_p8,4,0
/kaggle/working/patches/64/good/Bbox_p29_patch1_3.tif,Bbox_p29_patch1_3.tif,good,0,Bbox_p29,1,0
/kaggle/working/patches/64/good/p20_patch2_1.tif,p20_patch2_1.tif,good,0,p20,3,0
/kaggle/working/patches/64/good/p20_patch1_1.tif,p20_patch1_1.tif,good,0,p20,3,0
/kaggle/working/patches/64/good/bstar_p1_patch1_0.tif,bstar_p1_patch1_0.tif,good,0,bstar_p1,3,0
/kaggle/working/patches/64/good/k1_patch3_1.tif,k1_patch3_1.tif,good,0,k1,3,0
/kaggle/working/patches/64/good/Bbox_p28_patch3_0.tif,Bbox_p28_patch3_0.tif,good,0,Bbox_p28,4,0
/kaggle/working/patches/64/good/h4_patch1_0.tif,h4_patch1_0.tif,good,0,h4,1,0
/kaggle/working/patches/64/good/Bbox_he_d2_patch2_0.tif,Bbox_he_d2_patch2_0.tif,good,0,Bbox_he_d2,3,0
/kaggle/working/patches/64/good/bstar_he_d5_patch2_2.tif,bstar_he_d5_patch2_2.tif,good,0,bstar_he_d5,4,0
/kaggle/working/patches/64/good/Bbox_p14_patch1_3.tif,Bbox_p14_patch1_3.tif,good,0,Bbox_p14,3,0
/kaggle/working/patches/64/good/p7_patch1_1.tif,p7_patch1_1.tif,good,0,p7,2,0
/kaggle/working/patches/64/good/b1_patch3_3.tif,b1_patch3_3.tif,good,0,b1,3,0
/kaggle/working/patches/64/good/Bbox_tn_d3_patch3_0.tif,Bbox_tn_d3_patch3_0.tif,good,0,Bbox_tn_d3,0,0
/kaggle/working/patches/64/good/p17_patch2_0.tif,p17_patch2_0.tif,good,0,p17,1,0
/kaggle/working/patches/64/good/b2_patch1_0.tif,b2_patch1_0.tif,good,0,b2,4,0
/kaggle/working/patches/64/good/bstar_bn_d2_patch0_2.tif,bstar_bn_d2_patch0_2.tif,good,0,bstar_bn_d2,3,0
/kaggle/working/patches/64/good/Bbox_p3_patch0_0.tif,Bbox_p3_patch0_0.tif,good,0,Bbox_p3,1,0
/kaggle/working/patches/64/good/Bbox_p11_patch0_0.tif,Bbox_p11_patch0_0.tif,good,0,Bbox_p11,1,0
/kaggle/working/patches/64/good/tt3_patch2_0.tif,tt3_patch2_0.tif,good,0,tt3,2,0
/kaggle/working/patches/64/good/bstar_p11_patch2_2.tif,bstar_p11_patch2_2.tif,good,0,bstar_p11,0,0
/kaggle/working/patches/64/good/h1_patch1_0.tif,h1_patch1_0.tif,good,0,h1,2,0
/kaggle/working/patches/64/good/bstar_tn_d5_patch3_0.tif,bstar_tn_d5_patch3_0.tif,good,0,bstar_tn_d5,0,0
/kaggle/working/patches/64/good/Bbox_bn_d4_patch3_2.tif,Bbox_bn_d4_patch3_2.tif,good,0,Bbox_bn_d4,2,0
/kaggle/working/patches/64/good/bstar_p4_patch0_0.tif,bstar_p4_patch0_0.tif,good,0,bstar_p4,0,0
/kaggle/working/patches/64/good/bstar_p23_patch0_2.tif,bstar_p23_patch0_2.tif,good,0,bstar_p23,3,0
/kaggle/working/patches/64/good/bstar_p19_patch1_3.tif,bstar_p19_patch1_3.tif,good,0,bstar_p19,1,0
/kaggle/working/patches/64/good/bstar_he_d4_patch0_1.tif,bstar_he_d4_patch0_1.tif,good,0,bstar_he_d4,0,0
/kaggle/working/patches/64/good/bstar_tk_d3_patch3_1.tif,bstar_tk_d3_patch3_1.tif,good,0,bstar_tk_d3,2,0
/kaggle/working/patches/64/good/Bbox_p10_patch3_1.tif,Bbox_p10_patch3_1.tif,good,0,Bbox_p10,2,0
/kaggle/working/patches/64/good/p25_patch0_0.tif,p25_patch0_0.tif,good,0,p25,4,0
/kaggle/working/patches/64/good/k1_patch0_3.tif,k1_patch0_3.tif,good,0,k1,3,0
/kaggle/working/patches/64/good/b4_patch3_2.tif,b4_patch3_2.tif,good,0,b4,1,0
/kaggle/working/patches/64/good/p16_patch0_0.tif,p16_patch0_0.tif,good,0,p16,3,0
/kaggle/working/patches/64/good/Bbox_nn_d4_patch2_0.tif,Bbox_nn_d4_patch2_0.tif,good,0,Bbox_nn_d4,2,0
/kaggle/working/patches/64/good/h1_patch0_0.tif,h1_patch0_0.tif,good,0,h1,2,0
/kaggle/working/patches/64/good/Bbox_p23_patch2_0.tif,Bbox_p23_patch2_0.tif,good,0,Bbox_p23,3,0
/kaggle/working/patches/64/good/bstar_p20_patch2_0.tif,bstar_p20_patch2_0.tif,good,0,bstar_p20,1,0
/kaggle/working/patches/64/good/bstar_p8_patch3_3.tif,bstar_p8_patch3_3.tif,good,0,bstar_p8,4,0
/kaggle/working/patches/64/good/h3_patch3_3.tif,h3_patch3_3.tif,good,0,h3,3,0
/kaggle/working/patches/64/good/bstar_p19_patch1_1.tif,bstar_p19_patch1_1.tif,good,0,bstar_p19,1,0
/kaggle/working/patches/64/good/h5_patch0_2.tif,h5_patch0_2.tif,good,0,h5,4,0
/kaggle/working/patches/64/good/Bbox_tn_d2_patch3_3.tif,Bbox_tn_d2_patch3_3.tif,good,0,Bbox_tn_d2,1,0
/kaggle/working/patches/64/good/bstar_tk_d2_patch1_2.tif,bstar_tk_d2_patch1_2.tif,good,0,bstar_tk_d2,2,0
/kaggle/working/patches/64/good/p25_patch3_3.tif,p25_patch3_3.tif,good,0,p25,4,0
/kaggle/working/patches/64/good/Bbox_p15_patch2_2.tif,Bbox_p15_patch2_2.tif,good,0,Bbox_p15,4,0
/kaggle/working/patches/64/good/Bbox_p30_patch2_3.tif,Bbox_p30_patch2_3.tif,good,0,Bbox_p30,1,0
/kaggle/working/patches/64/good/Bbox_tn_d1_patch0_1.tif,Bbox_tn_d1_patch0_1.tif,good,0,Bbox_tn_d1,2,0
/kaggle/working/patches/64/good/Bbox_p25_patch1_3.tif,Bbox_p25_patch1_3.tif,good,0,Bbox_p25,3,0
/kaggle/working/patches/64/good/Bbox_p25_patch2_0.tif,Bbox_p25_patch2_0.tif,good,0,Bbox_p25,3,0
/kaggle/working/patches/64/good/Bbox_bn_d3_patch0_0.tif,Bbox_bn_d3_patch0_0.tif,good,0,Bbox_bn_d3,1,0
/kaggle/working/patches/64/good/bstar_p16_patch3_1.tif,bstar_p16_patch3_1.tif,good,0,bstar_p16,4,0
/kaggle/working/patches/64/good/Bbox_tn_d5_patch3_1.tif,Bbox_tn_d5_patch3_1.tif,good,0,Bbox_tn_d5,3,0
/kaggle/working/patches/64/good/Bbox_p4_patch2_0.tif,Bbox_p4_patch2_0.tif,good,0,Bbox_p4,0,0
/kaggle/working/patches/64/good/bstar_he_d3_patch2_3.tif,bstar_he_d3_patch2_3.tif,good,0,bstar_he_d3,0,0
/kaggle/working/patches/64/good/p23_patch1_1.tif,p23_patch1_1.tif,good,0,p23,4,0
/kaggle/working/patches/64/good/Bbox_p13_patch1_2.tif,Bbox_p13_patch1_2.tif,good,0,Bbox_p13,1,0
/kaggle/working/patches/64/good/bstar_p21_patch2_3.tif,bstar_p21_patch2_3.tif,good,0,bstar_p21,2,0
/kaggle/working/patches/64/good/k2_patch2_1.tif,k2_patch2_1.tif,good,0,k2,1,0
/kaggle/working/patches/64/good/p15_patch3_3.tif,p15_patch3_3.tif,good,0,p15,1,0
/kaggle/working/patches/64/good/Bbox_p17_patch3_2.tif,Bbox_p17_patch3_2.tif,good,0,Bbox_p17,4,0
/kaggle/working/patches/64/good/bstar_nn_d4_patch1_0.tif,bstar_nn_d4_patch1_0.tif,good,0,bstar_nn_d4,1,0
/kaggle/working/patches/64/good/p19_patch0_1.tif,p19_patch0_1.tif,good,0,p19,0,0
/kaggle/working/patches/64/good/bstar_nn_d4_patch2_3.tif,bstar_nn_d4_patch2_3.tif,good,0,bstar_nn_d4,1,0
/kaggle/working/patches/64/good/n5_patch0_1.tif,n5_patch0_1.tif,good,0,n5,2,0
/kaggle/working/patches/64/good/p9_patch0_2.tif,p9_patch0_2.tif,good,0,p9,4,0
/kaggle/working/patches/64/good/p1_patch3_2.tif,p1_patch3_2.tif,good,0,p1,4,0
/kaggle/working/patches/64/good/Bbox_p5_patch0_2.tif,Bbox_p5_patch0_2.tif,good,0,Bbox_p5,1,0
/kaggle/working/patches/64/good/Bbox_tk_d1_patch1_3.tif,Bbox_tk_d1_patch1_3.tif,good,0,Bbox_tk_d1,2,0
/kaggle/working/patches/64/good/Bbox_p13_patch3_1.tif,Bbox_p13_patch3_1.tif,good,0,Bbox_p13,1,0
/kaggle/working/patches/64/good/b1_patch1_3.tif,b1_patch1_3.tif,good,0,b1,3,0
/kaggle/working/patches/64/good/h4_patch0_2.tif,h4_patch0_2.tif,good,0,h4,1,0
/kaggle/working/patches/64/good/Bbox_tk_d4_patch0_1.tif,Bbox_tk_d4_patch0_1.tif,good,0,Bbox_tk_d4,3,0
/kaggle/working/patches/64/good/p21_patch3_2.tif,p21_patch3_2.tif,good,0,p21,1,0
/kaggle/working/patches/64/good/Bbox_he_d4_patch2_2.tif,Bbox_he_d4_patch2_2.tif,good,0,Bbox_he_d4,0,0
/kaggle/working/patches/64/good/Bbox_p14_patch0_3.tif,Bbox_p14_patch0_3.tif,good,0,Bbox_p14,3,0
/kaggle/working/patches/64/good/bstar_tk_d3_patch1_0.tif,bstar_tk_d3_patch1_0.tif,good,0,bstar_tk_d3,2,0
/kaggle/working/patches/64/good/h1_patch3_3.tif,h1_patch3_3.tif,good,0,h1,2,0
/kaggle/working/patches/64/good/Bbox_p28_patch2_2.tif,Bbox_p28_patch2_2.tif,good,0,Bbox_p28,4,0
/kaggle/working/patches/64/good/Bbox_nn_d4_patch3_1.tif,Bbox_nn_d4_patch3_1.tif,good,0,Bbox_nn_d4,2,0
/kaggle/working/patches/64/good/bstar_bn_d4_patch0_0.tif,bstar_bn_d4_patch0_0.tif,good,0,bstar_bn_d4,3,0
/kaggle/working/patches/64/good/tt5_patch1_2.tif,tt5_patch1_2.tif,good,0,tt5,0,0
/kaggle/working/patches/64/good/p27_patch2_2.tif,p27_patch2_2.tif,good,0,p27,2,0
/kaggle/working/patches/64/good/Bbox_nn_d4_patch0_2.tif,Bbox_nn_d4_patch0_2.tif,good,0,Bbox_nn_d4,2,0
/kaggle/working/patches/64/good/Bbox_p8_patch2_0.tif,Bbox_p8_patch2_0.tif,good,0,Bbox_p8,4,0
/kaggle/working/patches/64/good/Bbox_he_d2_patch3_2.tif,Bbox_he_d2_patch3_2.tif,good,0,Bbox_he_d2,3,0
/kaggle/working/patches/64/good/Bbox_p14_patch1_1.tif,Bbox_p14_patch1_1.tif,good,0,Bbox_p14,3,0
/kaggle/working/patches/64/good/Bbox_p3_patch0_3.tif,Bbox_p3_patch0_3.tif,good,0,Bbox_p3,1,0
/kaggle/working/patches/64/good/Bbox_p12_patch1_1.tif,Bbox_p12_patch1_1.tif,good,0,Bbox_p12,0,0
/kaggle/working/patches/64/good/Bbox_p4_patch0_2.tif,Bbox_p4_patch0_2.tif,good,0,Bbox_p4,0,0
/kaggle/working/patches/64/good/k2_patch0_3.tif,k2_patch0_3.tif,good,0,k2,1,0
/kaggle/working/patches/64/good/h4_patch3_2.tif,h4_patch3_2.tif,good,0,h4,1,0
/kaggle/working/patches/64/good/bstar_p20_patch1_3.tif,bstar_p20_patch1_3.tif,good,0,bstar_p20,1,0
/kaggle/working/patches/64/good/p5_patch3_1.tif,p5_patch3_1.tif,good,0,p5,4,0
/kaggle/working/patches/64/good/bstar_p22_patch1_1.tif,bstar_p22_patch1_1.tif,good,0,bstar_p22,3,0
/kaggle/working/patches/64/good/bstar_p13_patch1_2.tif,bstar_p13_patch1_2.tif,good,0,bstar_p13,1,0
/kaggle/working/patches/64/good/p7_patch3_3.tif,p7_patch3_3.tif,good,0,p7,2,0
/kaggle/working/patches/64/good/Bbox_p1_patch3_0.tif,Bbox_p1_patch3_0.tif,good,0,Bbox_p1,0,0
/kaggle/working/patches/64/good/t4_patch1_3.tif,t4_patch1_3.tif,good,0,t4,2,0
/kaggle/working/patches/64/good/bstar_tn_d5_patch2_0.tif,bstar_tn_d5_patch2_0.tif,good,0,bstar_tn_d5,0,0
/kaggle/working/patches/64/good/bstar_p17_patch0_3.tif,bstar_p17_patch0_3.tif,good,0,bstar_p17,0,0
/kaggle/working/patches/64/good/Bbox_p7_patch2_1.tif,Bbox_p7_patch2_1.tif,good,0,Bbox_p7,2,0
/kaggle/working/patches/64/good/Bbox_p26_patch0_1.tif,Bbox_p26_patch0_1.tif,good,0,Bbox_p26,3,0
/kaggle/working/patches/64/good/Bbox_he_d2_patch0_0.tif,Bbox_he_d2_patch0_0.tif,good,0,Bbox_he_d2,3,0
/kaggle/working/patches/64/good/Bbox_he_d3_patch2_2.tif,Bbox_he_d3_patch2_2.tif,good,0,Bbox_he_d3,0,0
/kaggle/working/patches/64/good/Bbox_bn_d1_patch0_3.tif,Bbox_bn_d1_patch0_3.tif,good,0,Bbox_bn_d1,0,0
/kaggle/working/patches/64/good/Bbox_p2_patch0_0.tif,Bbox_p2_patch0_0.tif,good,0,Bbox_p2,2,0
/kaggle/working/patches/64/good/b4_patch2_3.tif,b4_patch2_3.tif,good,0,b4,1,0
/kaggle/working/patches/64/good/bstar_p5_patch3_0.tif,bstar_p5_patch3_0.tif,good,0,bstar_p5,1,0
/kaggle/working/patches/64/good/k1_patch2_0.tif,k1_patch2_0.tif,good,0,k1,3,0
/kaggle/working/patches/64/good/Bbox_p2_patch2_1.tif,Bbox_p2_patch2_1.tif,good,0,Bbox_p2,2,0
/kaggle/working/patches/64/good/bstar_p12_patch1_2.tif,bstar_p12_patch1_2.tif,good,0,bstar_p12,2,0
/kaggle/working/patches/64/good/t4_patch2_3.tif,t4_patch2_3.tif,good,0,t4,2,0
/kaggle/working/patches/64/good/tt1_patch0_1.tif,tt1_patch0_1.tif,good,0,tt1,1,0
/kaggle/working/patches/64/good/bstar_p3_patch2_0.tif,bstar_p3_patch2_0.tif,good,0,bstar_p3,0,0
/kaggle/working/patches/64/good/h5_patch2_0.tif,h5_patch2_0.tif,good,0,h5,4,0
/kaggle/working/patches/64/good/p6_patch2_1.tif,p6_patch2_1.tif,good,0,p6,0,0
/kaggle/working/patches/64/good/t3_patch3_2.tif,t3_patch3_2.tif,good,0,t3,3,0
/kaggle/working/patches/64/good/p12_patch1_3.tif,p12_patch1_3.tif,good,0,p12,0,0
/kaggle/working/patches/64/good/t4_patch0_2.tif,t4_patch0_2.tif,good,0,t4,2,0
/kaggle/working/patches/64/good/bstar_p10_patch1_2.tif,bstar_p10_patch1_2.tif,good,0,bstar_p10,4,0
/kaggle/working/patches/64/good/bstar_p1_patch0_1.tif,bstar_p1_patch0_1.tif,good,0,bstar_p1,3,0
/kaggle/working/patches/64/good/Bbox_he_d5_patch1_1.tif,Bbox_he_d5_patch1_1.tif,good,0,Bbox_he_d5,0,0
/kaggle/working/patches/64/good/Bbox_tk_d5_patch0_2.tif,Bbox_tk_d5_patch0_2.tif,good,0,Bbox_tk_d5,4,0
/kaggle/working/patches/64/good/p27_patch0_2.tif,p27_patch0_2.tif,good,0,p27,2,0
/kaggle/working/patches/64/good/bstar_he_d4_patch1_3.tif,bstar_he_d4_patch1_3.tif,good,0,bstar_he_d4,0,0
/kaggle/working/patches/64/good/Bbox_p28_patch3_3.tif,Bbox_p28_patch3_3.tif,good,0,Bbox_p28,4,0
/kaggle/working/patches/64/good/Bbox_p8_patch1_3.tif,Bbox_p8_patch1_3.tif,good,0,Bbox_p8,4,0
/kaggle/working/patches/64/good/Bbox_tk_d6_patch2_2.tif,Bbox_tk_d6_patch2_2.tif,good,0,Bbox_tk_d6,0,0
/kaggle/working/patches/64/good/bstar_tk_d5_patch2_0.tif,bstar_tk_d5_patch2_0.tif,good,0,bstar_tk_d5,3,0
/kaggle/working/patches/64/good/bstar_p6_patch2_2.tif,bstar_p6_patch2_2.tif,good,0,bstar_p6,1,0
/kaggle/working/patches/64/good/p21_patch2_0.tif,p21_patch2_0.tif,good,0,p21,1,0
/kaggle/working/patches/64/good/bstar_p18_patch3_1.tif,bstar_p18_patch3_1.tif,good,0,bstar_p18,4,0
/kaggle/working/patches/64/good/bstar_p22_patch1_3.tif,bstar_p22_patch1_3.tif,good,0,bstar_p22,3,0
/kaggle/working/patches/64/good/n5_patch3_0.tif,n5_patch3_0.tif,good,0,n5,2,0
/kaggle/working/patches/64/good/bstar_p1_patch1_3.tif,bstar_p1_patch1_3.tif,good,0,bstar_p1,3,0
/kaggle/working/patches/64/good/Bbox_he_d4_patch0_0.tif,Bbox_he_d4_patch0_0.tif,good,0,Bbox_he_d4,0,0
/kaggle/working/patches/64/good/p8_patch3_3.tif,p8_patch3_3.tif,good,0,p8,2,0
/kaggle/working/patches/64/good/p24_patch0_1.tif,p24_patch0_1.tif,good,0,p24,0,0
/kaggle/working/patches/64/good/p28_patch0_0.tif,p28_patch0_0.tif,good,0,p28,1,0
/kaggle/working/patches/64/good/bstar_p25_patch3_1.tif,bstar_p25_patch3_1.tif,good,0,bstar_p25,2,0
/kaggle/working/patches/64/good/Bbox_p26_patch2_1.tif,Bbox_p26_patch2_1.tif,good,0,Bbox_p26,3,0
/kaggle/working/patches/64/good/p1_patch0_1.tif,p1_patch0_1.tif,good,0,p1,4,0
/kaggle/working/patches/64/good/tt1_patch1_1.tif,tt1_patch1_1.tif,good,0,tt1,1,0
/kaggle/working/patches/64/good/Bbox_p30_patch0_2.tif,Bbox_p30_patch0_2.tif,good,0,Bbox_p30,1,0
/kaggle/working/patches/64/good/bstar_p4_patch2_1.tif,bstar_p4_patch2_1.tif,good,0,bstar_p4,0,0
/kaggle/working/patches/64/good/bstar_p15_patch3_2.tif,bstar_p15_patch3_2.tif,good,0,bstar_p15,3,0
/kaggle/working/patches/64/good/n2_patch1_1.tif,n2_patch1_1.tif,good,0,n2,3,0
/kaggle/working/patches/64/good/t1_patch3_2.tif,t1_patch3_2.tif,good,0,t1,1,0
/kaggle/working/patches/64/good/p3_patch2_0.tif,p3_patch2_0.tif,good,0,p3,3,0
/kaggle/working/patches/64/good/h5_patch1_1.tif,h5_patch1_1.tif,good,0,h5,4,0
/kaggle/working/patches/64/good/Bbox_tk_d1_patch2_3.tif,Bbox_tk_d1_patch2_3.tif,good,0,Bbox_tk_d1,2,0
/kaggle/working/patches/64/good/bstar_bn_d2_patch2_0.tif,bstar_bn_d2_patch2_0.tif,good,0,bstar_bn_d2,3,0
/kaggle/working/patches/64/good/p26_patch0_1.tif,p26_patch0_1.tif,good,0,p26,4,0
/kaggle/working/patches/64/good/b5_patch3_3.tif,b5_patch3_3.tif,good,0,b5,2,0
/kaggle/working/patches/64/good/p16_patch2_1.tif,p16_patch2_1.tif,good,0,p16,3,0
/kaggle/working/patches/64/good/Bbox_tk_d2_patch2_2.tif,Bbox_tk_d2_patch2_2.tif,good,0,Bbox_tk_d2,1,0
/kaggle/working/patches/64/good/bstar_p5_patch3_2.tif,bstar_p5_patch3_2.tif,good,0,bstar_p5,1,0
/kaggle/working/patches/64/good/p21_patch3_1.tif,p21_patch3_1.tif,good,0,p21,1,0
/kaggle/working/patches/64/good/t2_patch1_1.tif,t2_patch1_1.tif,good,0,t2,0,0
/kaggle/working/patches/64/good/Bbox_tn_d5_patch3_0.tif,Bbox_tn_d5_patch3_0.tif,good,0,Bbox_tn_d5,3,0
/kaggle/working/patches/64/good/p5_patch2_3.tif,p5_patch2_3.tif,good,0,p5,4,0
/kaggle/working/patches/64/good/n3_patch3_3.tif,n3_patch3_3.tif,good,0,n3,0,0
/kaggle/working/patches/64/good/bstar_he_d2_patch3_1.tif,bstar_he_d2_patch3_1.tif,good,0,bstar_he_d2,0,0
/kaggle/working/patches/64/good/Bbox_p12_patch3_2.tif,Bbox_p12_patch3_2.tif,good,0,Bbox_p12,0,0
/kaggle/working/patches/64/good/Bbox_p15_patch1_1.tif,Bbox_p15_patch1_1.tif,good,0,Bbox_p15,4,0
/kaggle/working/patches/64/good/Bbox_tk_d4_patch2_3.tif,Bbox_tk_d4_patch2_3.tif,good,0,Bbox_tk_d4,3,0
/kaggle/working/patches/64/good/bstar_p9_patch2_1.tif,bstar_p9_patch2_1.tif,good,0,bstar_p9,0,0
/kaggle/working/patches/64/good/p17_patch3_1.tif,p17_patch3_1.tif,good,0,p17,1,0
/kaggle/working/patches/64/good/t1_patch2_3.tif,t1_patch2_3.tif,good,0,t1,1,0
/kaggle/working/patches/64/good/bstar_nn_d1_patch3_3.tif,bstar_nn_d1_patch3_3.tif,good,0,bstar_nn_d1,4,0
/kaggle/working/patches/64/good/p15_patch1_0.tif,p15_patch1_0.tif,good,0,p15,1,0
/kaggle/working/patches/64/good/bstar_he_d5_patch3_1.tif,bstar_he_d5_patch3_1.tif,good,0,bstar_he_d5,4,0
/kaggle/working/patches/64/good/bstar_p6_patch0_1.tif,bstar_p6_patch0_1.tif,good,0,bstar_p6,1,0
/kaggle/working/patches/64/good/p24_patch1_2.tif,p24_patch1_2.tif,good,0,p24,0,0
/kaggle/working/patches/64/good/bstar_p12_patch0_3.tif,bstar_p12_patch0_3.tif,good,0,bstar_p12,2,0
/kaggle/working/patches/64/good/n5_patch0_2.tif,n5_patch0_2.tif,good,0,n5,2,0
/kaggle/working/patches/64/good/h2_patch2_0.tif,h2_patch2_0.tif,good,0,h2,2,0
/kaggle/working/patches/64/good/h2_patch1_0.tif,h2_patch1_0.tif,good,0,h2,2,0
/kaggle/working/patches/64/good/p13_patch1_0.tif,p13_patch1_0.tif,good,0,p13,4,0
/kaggle/working/patches/64/good/bstar_bn_d3_patch1_0.tif,bstar_bn_d3_patch1_0.tif,good,0,bstar_bn_d3,4,0
/kaggle/working/patches/64/good/Bbox_p17_patch1_2.tif,Bbox_p17_patch1_2.tif,good,0,Bbox_p17,4,0
/kaggle/working/patches/64/good/b4_patch3_1.tif,b4_patch3_1.tif,good,0,b4,1,0
/kaggle/working/patches/64/good/bstar_tk_d3_patch2_1.tif,bstar_tk_d3_patch2_1.tif,good,0,bstar_tk_d3,2,0
/kaggle/working/patches/64/good/bstar_p7_patch3_3.tif,bstar_p7_patch3_3.tif,good,0,bstar_p7,0,0
/kaggle/working/patches/64/good/p21_patch0_3.tif,p21_patch0_3.tif,good,0,p21,1,0
/kaggle/working/patches/64/good/Bbox_bn_d1_patch1_0.tif,Bbox_bn_d1_patch1_0.tif,good,0,Bbox_bn_d1,0,0
/kaggle/working/patches/64/good/t1_patch1_2.tif,t1_patch1_2.tif,good,0,t1,1,0
/kaggle/working/patches/64/good/Bbox_he_d3_patch1_1.tif,Bbox_he_d3_patch1_1.tif,good,0,Bbox_he_d3,0,0
/kaggle/working/patches/64/good/Bbox_p29_patch1_2.tif,Bbox_p29_patch1_2.tif,good,0,Bbox_p29,1,0
/kaggle/working/patches/64/good/bstar_tn_d2_patch2_0.tif,bstar_tn_d2_patch2_0.tif,good,0,bstar_tn_d2,4,0
/kaggle/working/patches/64/good/bstar_nn_d4_patch3_0.tif,bstar_nn_d4_patch3_0.tif,good,0,bstar_nn_d4,1,0
/kaggle/working/patches/64/good/tt2_patch0_0.tif,tt2_patch0_0.tif,good,0,tt2,2,0
/kaggle/working/patches/64/good/p17_patch0_3.tif,p17_patch0_3.tif,good,0,p17,1,0
/kaggle/working/patches/64/good/p20_patch0_0.tif,p20_patch0_0.tif,good,0,p20,3,0
/kaggle/working/patches/64/good/Bbox_p17_patch0_1.tif,Bbox_p17_patch0_1.tif,good,0,Bbox_p17,4,0
/kaggle/working/patches/64/good/p1_patch3_0.tif,p1_patch3_0.tif,good,0,p1,4,0
/kaggle/working/patches/64/good/Bbox_he_d3_patch1_3.tif,Bbox_he_d3_patch1_3.tif,good,0,Bbox_he_d3,0,0
/kaggle/working/patches/64/good/bstar_nn_d5_patch0_2.tif,bstar_nn_d5_patch0_2.tif,good,0,bstar_nn_d5,2,0
/kaggle/working/patches/64/good/bstar_p1_patch2_3.tif,bstar_p1_patch2_3.tif,good,0,bstar_p1,3,0
/kaggle/working/patches/64/good/Bbox_he_d2_patch0_3.tif,Bbox_he_d2_patch0_3.tif,good,0,Bbox_he_d2,3,0
/kaggle/working/patches/64/good/p5_patch2_0.tif,p5_patch2_0.tif,good,0,p5,4,0
/kaggle/working/patches/64/good/Bbox_p26_patch0_0.tif,Bbox_p26_patch0_0.tif,good,0,Bbox_p26,3,0
/kaggle/working/patches/64/good/bstar_p6_patch2_1.tif,bstar_p6_patch2_1.tif,good,0,bstar_p6,1,0
/kaggle/working/patches/64/good/Bbox_p23_patch1_0.tif,Bbox_p23_patch1_0.tif,good,0,Bbox_p23,3,0
/kaggle/working/patches/64/good/bstar_p4_patch2_0.tif,bstar_p4_patch2_0.tif,good,0,bstar_p4,0,0
/kaggle/working/patches/64/good/bstar_p4_patch0_2.tif,bstar_p4_patch0_2.tif,good,0,bstar_p4,0,0
/kaggle/working/patches/64/good/Bbox_p29_patch0_1.tif,Bbox_p29_patch0_1.tif,good,0,Bbox_p29,1,0
/kaggle/working/patches/64/good/bstar_p22_patch2_1.tif,bstar_p22_patch2_1.tif,good,0,bstar_p22,3,0
/kaggle/working/patches/64/good/Bbox_he_d3_patch0_3.tif,Bbox_he_d3_patch0_3.tif,good,0,Bbox_he_d3,0,0
/kaggle/working/patches/64/good/p18_patch2_1.tif,p18_patch2_1.tif,good,0,p18,3,0
/kaggle/working/patches/64/good/b2_patch0_0.tif,b2_patch0_0.tif,good,0,b2,4,0
/kaggle/working/patches/64/good/Bbox_p28_patch2_1.tif,Bbox_p28_patch2_1.tif,good,0,Bbox_p28,4,0
/kaggle/working/patches/64/good/Bbox_p17_patch3_3.tif,Bbox_p17_patch3_3.tif,good,0,Bbox_p17,4,0
/kaggle/working/patches/64/good/p7_patch2_1.tif,p7_patch2_1.tif,good,0,p7,2,0
/kaggle/working/patches/64/good/Bbox_p27_patch2_3.tif,Bbox_p27_patch2_3.tif,good,0,Bbox_p27,3,0
/kaggle/working/patches/64/good/n4_patch0_2.tif,n4_patch0_2.tif,good,0,n4,3,0
/kaggle/working/patches/64/good/bstar_he_d4_patch0_2.tif,bstar_he_d4_patch0_2.tif,good,0,bstar_he_d4,0,0
/kaggle/working/patches/64/good/Bbox_bn_d3_patch0_1.tif,Bbox_bn_d3_patch0_1.tif,good,0,Bbox_bn_d3,1,0
/kaggle/working/patches/64/good/Bbox_p9_patch1_2.tif,Bbox_p9_patch1_2.tif,good,0,Bbox_p9,0,0
/kaggle/working/patches/64/good/Bbox_p7_patch2_0.tif,Bbox_p7_patch2_0.tif,good,0,Bbox_p7,2,0
/kaggle/working/patches/64/good/p16_patch3_2.tif,p16_patch3_2.tif,good,0,p16,3,0
/kaggle/working/patches/64/good/Bbox_bn_d5_patch0_0.tif,Bbox_bn_d5_patch0_0.tif,good,0,Bbox_bn_d5,3,0
/kaggle/working/patches/64/good/Bbox_tn_d3_patch2_3.tif,Bbox_tn_d3_patch2_3.tif,good,0,Bbox_tn_d3,0,0
/kaggle/working/patches/64/good/k5_patch0_3.tif,k5_patch0_3.tif,good,0,k5,2,0
/kaggle/working/patches/64/good/bstar_tk_d2_patch0_3.tif,bstar_tk_d2_patch0_3.tif,good,0,bstar_tk_d2,2,0
/kaggle/working/patches/64/good/bstar_bn_d2_patch3_2.tif,bstar_bn_d2_patch3_2.tif,good,0,bstar_bn_d2,3,0
/kaggle/working/patches/64/good/Bbox_bn_d5_patch3_2.tif,Bbox_bn_d5_patch3_2.tif,good,0,Bbox_bn_d5,3,0
/kaggle/working/patches/64/good/bstar_p18_patch0_0.tif,bstar_p18_patch0_0.tif,good,0,bstar_p18,4,0
/kaggle/working/patches/64/good/b5_patch2_3.tif,b5_patch2_3.tif,good,0,b5,2,0
/kaggle/working/patches/64/good/p21_patch1_3.tif,p21_patch1_3.tif,good,0,p21,1,0
/kaggle/working/patches/64/good/p6_patch1_0.tif,p6_patch1_0.tif,good,0,p6,0,0
/kaggle/working/patches/64/good/bstar_p21_patch0_2.tif,bstar_p21_patch0_2.tif,good,0,bstar_p21,2,0
/kaggle/working/patches/64/good/n1_patch1_2.tif,n1_patch1_2.tif,good,0,n1,1,0
/kaggle/working/patches/64/good/k1_patch1_3.tif,k1_patch1_3.tif,good,0,k1,3,0
/kaggle/working/patches/64/good/Bbox_he_d1_patch0_1.tif,Bbox_he_d1_patch0_1.tif,good,0,Bbox_he_d1,4,0
/kaggle/working/patches/64/good/p26_patch3_0.tif,p26_patch3_0.tif,good,0,p26,4,0
/kaggle/working/patches/64/good/Bbox_tn_d4_patch1_3.tif,Bbox_tn_d4_patch1_3.tif,good,0,Bbox_tn_d4,1,0
/kaggle/working/patches/64/good/bstar_p16_patch1_3.tif,bstar_p16_patch1_3.tif,good,0,bstar_p16,4,0
/kaggle/working/patches/64/good/Bbox_he_d1_patch2_3.tif,Bbox_he_d1_patch2_3.tif,good,0,Bbox_he_d1,4,0
/kaggle/working/patches/64/good/bstar_nn_d2_patch1_0.tif,bstar_nn_d2_patch1_0.tif,good,0,bstar_nn_d2,3,0
/kaggle/working/patches/64/good/bstar_p13_patch0_2.tif,bstar_p13_patch0_2.tif,good,0,bstar_p13,1,0
/kaggle/working/patches/64/good/bstar_p10_patch3_0.tif,bstar_p10_patch3_0.tif,good,0,bstar_p10,4,0
/kaggle/working/patches/64/good/p10_patch2_2.tif,p10_patch2_2.tif,good,0,p10,0,0
/kaggle/working/patches/64/good/Bbox_tk_d5_patch0_0.tif,Bbox_tk_d5_patch0_0.tif,good,0,Bbox_tk_d5,4,0
/kaggle/working/patches/64/good/bstar_p14_patch3_2.tif,bstar_p14_patch3_2.tif,good,0,bstar_p14,3,0
/kaggle/working/patches/64/good/Bbox_p6_patch1_2.tif,Bbox_p6_patch1_2.tif,good,0,Bbox_p6,1,0
/kaggle/working/patches/64/good/Bbox_p27_patch0_2.tif,Bbox_p27_patch0_2.tif,good,0,Bbox_p27,3,0
/kaggle/working/patches/64/good/p19_patch1_1.tif,p19_patch1_1.tif,good,0,p19,0,0
/kaggle/working/patches/64/good/bstar_p17_patch3_0.tif,bstar_p17_patch3_0.tif,good,0,bstar_p17,0,0
/kaggle/working/patches/64/good/bstar_tk_d1_patch3_1.tif,bstar_tk_d1_patch3_1.tif,good,0,bstar_tk_d1,4,0
/kaggle/working/patches/64/good/p22_patch3_3.tif,p22_patch3_3.tif,good,0,p22,2,0
/kaggle/working/patches/64/good/bstar_tk_d1_patch0_2.tif,bstar_tk_d1_patch0_2.tif,good,0,bstar_tk_d1,4,0
/kaggle/working/patches/64/good/bstar_bn_d2_patch3_3.tif,bstar_bn_d2_patch3_3.tif,good,0,bstar_bn_d2,3,0
/kaggle/working/patches/64/good/t3_patch1_1.tif,t3_patch1_1.tif,good,0,t3,3,0
/kaggle/working/patches/64/good/bstar_p10_patch1_3.tif,bstar_p10_patch1_3.tif,good,0,bstar_p10,4,0
/kaggle/working/patches/64/good/bstar_p11_patch1_2.tif,bstar_p11_patch1_2.tif,good,0,bstar_p11,0,0
/kaggle/working/patches/64/good/Bbox_tn_d4_patch3_3.tif,Bbox_tn_d4_patch3_3.tif,good,0,Bbox_tn_d4,1,0
/kaggle/working/patches/64/good/h3_patch2_0.tif,h3_patch2_0.tif,good,0,h3,3,0
/kaggle/working/patches/64/good/Bbox_p30_patch0_1.tif,Bbox_p30_patch0_1.tif,good,0,Bbox_p30,1,0
/kaggle/working/patches/64/good/Bbox_nn_d1_patch3_0.tif,Bbox_nn_d1_patch3_0.tif,good,0,Bbox_nn_d1,2,0
/kaggle/working/patches/64/good/Bbox_tn_d2_patch1_0.tif,Bbox_tn_d2_patch1_0.tif,good,0,Bbox_tn_d2,1,0
/kaggle/working/patches/64/good/p9_patch3_1.tif,p9_patch3_1.tif,good,0,p9,4,0
/kaggle/working/patches/64/good/p3_patch0_3.tif,p3_patch0_3.tif,good,0,p3,3,0
/kaggle/working/patches/64/good/t3_patch2_0.tif,t3_patch2_0.tif,good,0,t3,3,0
/kaggle/working/patches/64/good/bstar_tn_d5_patch2_3.tif,bstar_tn_d5_patch2_3.tif,good,0,bstar_tn_d5,0,0
/kaggle/working/patches/64/good/Bbox_p16_patch3_0.tif,Bbox_p16_patch3_0.tif,good,0,Bbox_p16,2,0
/kaggle/working/patches/64/good/bstar_he_d1_patch0_1.tif,bstar_he_d1_patch0_1.tif,good,0,bstar_he_d1,1,0
/kaggle/working/patches/64/good/Bbox_nn_d4_patch2_1.tif,Bbox_nn_d4_patch2_1.tif,good,0,Bbox_nn_d4,2,0
/kaggle/working/patches/64/good/t1_patch1_0.tif,t1_patch1_0.tif,good,0,t1,1,0
/kaggle/working/patches/64/good/p9_patch2_1.tif,p9_patch2_1.tif,good,0,p9,4,0
/kaggle/working/patches/64/good/Bbox_p5_patch2_1.tif,Bbox_p5_patch2_1.tif,good,0,Bbox_p5,1,0
/kaggle/working/patches/64/good/p6_patch0_3.tif,p6_patch0_3.tif,good,0,p6,0,0
/kaggle/working/patches/64/good/Bbox_p23_patch0_2.tif,Bbox_p23_patch0_2.tif,good,0,Bbox_p23,3,0
/kaggle/working/patches/64/good/Bbox_p21_patch3_0.tif,Bbox_p21_patch3_0.tif,good,0,Bbox_p21,4,0
/kaggle/working/patches/64/good/bstar_tk_d2_patch3_1.tif,bstar_tk_d2_patch3_1.tif,good,0,bstar_tk_d2,2,0
/kaggle/working/patches/64/good/Bbox_he_d5_patch0_3.tif,Bbox_he_d5_patch0_3.tif,good,0,Bbox_he_d5,0,0
/kaggle/working/patches/64/good/Bbox_p6_patch1_1.tif,Bbox_p6_patch1_1.tif,good,0,Bbox_p6,1,0
/kaggle/working/patches/64/good/bstar_p10_patch3_3.tif,bstar_p10_patch3_3.tif,good,0,bstar_p10,4,0
/kaggle/working/patches/64/good/Bbox_p6_patch2_0.tif,Bbox_p6_patch2_0.tif,good,0,Bbox_p6,1,0
/kaggle/working/patches/64/good/bstar_p13_patch1_1.tif,bstar_p13_patch1_1.tif,good,0,bstar_p13,1,0
/kaggle/working/patches/64/good/bstar_p8_patch2_1.tif,bstar_p8_patch2_1.tif,good,0,bstar_p8,4,0
/kaggle/working/patches/64/good/bstar_p3_patch1_0.tif,bstar_p3_patch1_0.tif,good,0,bstar_p3,0,0
/kaggle/working/patches/64/good/Bbox_p26_patch3_3.tif,Bbox_p26_patch3_3.tif,good,0,Bbox_p26,3,0
/kaggle/working/patches/64/good/p12_patch2_2.tif,p12_patch2_2.tif,good,0,p12,0,0
/kaggle/working/patches/64/good/bstar_p25_patch0_1.tif,bstar_p25_patch0_1.tif,good,0,bstar_p25,2,0
/kaggle/working/patches/64/good/p19_patch2_2.tif,p19_patch2_2.tif,good,0,p19,0,0
/kaggle/working/patches/64/good/tt1_patch0_2.tif,tt1_patch0_2.tif,good,0,tt1,1,0
/kaggle/working/patches/64/good/Bbox_p16_patch1_2.tif,Bbox_p16_patch1_2.tif,good,0,Bbox_p16,2,0
/kaggle/working/patches/64/good/bstar_p19_patch2_2.tif,bstar_p19_patch2_2.tif,good,0,bstar_p19,1,0
/kaggle/working/patches/64/good/b3_patch1_1.tif,b3_patch1_1.tif,good,0,b3,0,0
/kaggle/working/patches/64/good/Bbox_tk_d5_patch3_0.tif,Bbox_tk_d5_patch3_0.tif,good,0,Bbox_tk_d5,4,0
/kaggle/working/patches/64/good/Bbox_he_d1_patch3_1.tif,Bbox_he_d1_patch3_1.tif,good,0,Bbox_he_d1,4,0
/kaggle/working/patches/64/good/Bbox_nn_d5_patch3_3.tif,Bbox_nn_d5_patch3_3.tif,good,0,Bbox_nn_d5,4,0
/kaggle/working/patches/64/good/Bbox_nn_d3_patch2_3.tif,Bbox_nn_d3_patch2_3.tif,good,0,Bbox_nn_d3,3,0
/kaggle/working/patches/64/good/p23_patch0_1.tif,p23_patch0_1.tif,good,0,p23,4,0
/kaggle/working/patches/64/good/Bbox_bn_d5_patch2_1.tif,Bbox_bn_d5_patch2_1.tif,good,0,Bbox_bn_d5,3,0
/kaggle/working/patches/64/good/k1_patch3_0.tif,k1_patch3_0.tif,good,0,k1,3,0
/kaggle/working/patches/64/good/Bbox_nn_d5_patch3_0.tif,Bbox_nn_d5_patch3_0.tif,good,0,Bbox_nn_d5,4,0
/kaggle/working/patches/64/good/Bbox_tk_d4_patch2_1.tif,Bbox_tk_d4_patch2_1.tif,good,0,Bbox_tk_d4,3,0
/kaggle/working/patches/64/good/p1_patch3_1.tif,p1_patch3_1.tif,good,0,p1,4,0
/kaggle/working/patches/64/good/Bbox_p7_patch1_3.tif,Bbox_p7_patch1_3.tif,good,0,Bbox_p7,2,0
/kaggle/working/patches/64/good/p17_patch2_2.tif,p17_patch2_2.tif,good,0,p17,1,0
/kaggle/working/patches/64/good/Bbox_nn_d5_patch2_2.tif,Bbox_nn_d5_patch2_2.tif,good,0,Bbox_nn_d5,4,0
/kaggle/working/patches/64/good/Bbox_tn_d5_patch3_3.tif,Bbox_tn_d5_patch3_3.tif,good,0,Bbox_tn_d5,3,0
/kaggle/working/patches/64/good/Bbox_he_d1_patch3_3.tif,Bbox_he_d1_patch3_3.tif,good,0,Bbox_he_d1,4,0
/kaggle/working/patches/64/good/p3_patch3_1.tif,p3_patch3_1.tif,good,0,p3,3,0
/kaggle/working/patches/64/good/Bbox_p8_patch2_1.tif,Bbox_p8_patch2_1.tif,good,0,Bbox_p8,4,0
/kaggle/working/patches/64/good/p10_patch3_0.tif,p10_patch3_0.tif,good,0,p10,0,0
/kaggle/working/patches/64/good/p23_patch0_0.tif,p23_patch0_0.tif,good,0,p23,4,0
/kaggle/working/patches/64/good/bstar_p11_patch0_2.tif,bstar_p11_patch0_2.tif,good,0,bstar_p11,0,0
/kaggle/working/patches/64/good/bstar_nn_d1_patch3_1.tif,bstar_nn_d1_patch3_1.tif,good,0,bstar_nn_d1,4,0
/kaggle/working/patches/64/good/p24_patch0_0.tif,p24_patch0_0.tif,good,0,p24,0,0
/kaggle/working/patches/64/good/Bbox_p24_patch0_1.tif,Bbox_p24_patch0_1.tif,good,0,Bbox_p24,4,0
/kaggle/working/patches/64/good/bstar_he_d4_patch2_3.tif,bstar_he_d4_patch2_3.tif,good,0,bstar_he_d4,0,0
/kaggle/working/patches/64/good/bstar_he_d4_patch0_3.tif,bstar_he_d4_patch0_3.tif,good,0,bstar_he_d4,0,0
/kaggle/working/patches/64/good/p3_patch1_3.tif,p3_patch1_3.tif,good,0,p3,3,0
/kaggle/working/patches/64/good/Bbox_tn_d5_patch2_3.tif,Bbox_tn_d5_patch2_3.tif,good,0,Bbox_tn_d5,3,0
/kaggle/working/patches/64/good/p22_patch2_3.tif,p22_patch2_3.tif,good,0,p22,2,0
/kaggle/working/patches/64/good/bstar_p17_patch3_3.tif,bstar_p17_patch3_3.tif,good,0,bstar_p17,0,0
/kaggle/working/patches/64/good/p11_patch1_3.tif,p11_patch1_3.tif,good,0,p11,4,0
/kaggle/working/patches/64/good/Bbox_p16_patch2_2.tif,Bbox_p16_patch2_2.tif,good,0,Bbox_p16,2,0
/kaggle/working/patches/64/good/bstar_p14_patch0_3.tif,bstar_p14_patch0_3.tif,good,0,bstar_p14,3,0
/kaggle/working/patches/64/good/t2_patch2_0.tif,t2_patch2_0.tif,good,0,t2,0,0
/kaggle/working/patches/64/good/bstar_nn_d5_patch0_3.tif,bstar_nn_d5_patch0_3.tif,good,0,bstar_nn_d5,2,0
/kaggle/working/patches/64/good/Bbox_p5_patch3_1.tif,Bbox_p5_patch3_1.tif,good,0,Bbox_p5,1,0
/kaggle/working/patches/64/good/Bbox_p24_patch0_0.tif,Bbox_p24_patch0_0.tif,good,0,Bbox_p24,4,0
/kaggle/working/patches/64/good/p5_patch1_2.tif,p5_patch1_2.tif,good,0,p5,4,0
/kaggle/working/patches/64/good/p17_patch1_2.tif,p17_patch1_2.tif,good,0,p17,1,0
/kaggle/working/patches/64/good/bstar_nn_d3_patch1_3.tif,bstar_nn_d3_patch1_3.tif,good,0,bstar_nn_d3,0,0
/kaggle/working/patches/64/good/bstar_nn_d5_patch2_0.tif,bstar_nn_d5_patch2_0.tif,good,0,bstar_nn_d5,2,0
/kaggle/working/patches/64/good/n4_patch3_0.tif,n4_patch3_0.tif,good,0,n4,3,0
/kaggle/working/patches/64/good/p6_patch1_3.tif,p6_patch1_3.tif,good,0,p6,0,0
/kaggle/working/patches/64/good/Bbox_p24_patch2_2.tif,Bbox_p24_patch2_2.tif,good,0,Bbox_p24,4,0
/kaggle/working/patches/64/good/n4_patch3_1.tif,n4_patch3_1.tif,good,0,n4,3,0
/kaggle/working/patches/64/good/Bbox_bn_d4_patch2_0.tif,Bbox_bn_d4_patch2_0.tif,good,0,Bbox_bn_d4,2,0
/kaggle/working/patches/64/good/Bbox_he_d3_patch1_0.tif,Bbox_he_d3_patch1_0.tif,good,0,Bbox_he_d3,0,0
/kaggle/working/patches/64/good/Bbox_p19_patch3_2.tif,Bbox_p19_patch3_2.tif,good,0,Bbox_p19,3,0
/kaggle/working/patches/64/good/bstar_he_d1_patch1_3.tif,bstar_he_d1_patch1_3.tif,good,0,bstar_he_d1,1,0
/kaggle/working/patches/64/good/Bbox_p7_patch0_2.tif,Bbox_p7_patch0_2.tif,good,0,Bbox_p7,2,0
/kaggle/working/patches/64/good/p24_patch1_0.tif,p24_patch1_0.tif,good,0,p24,0,0
/kaggle/working/patches/64/good/bstar_p23_patch1_2.tif,bstar_p23_patch1_2.tif,good,0,bstar_p23,3,0
/kaggle/working/patches/64/good/p21_patch2_2.tif,p21_patch2_2.tif,good,0,p21,1,0
/kaggle/working/patches/64/good/Bbox_p6_patch2_3.tif,Bbox_p6_patch2_3.tif,good,0,Bbox_p6,1,0
/kaggle/working/patches/64/good/bstar_he_d5_patch0_1.tif,bstar_he_d5_patch0_1.tif,good,0,bstar_he_d5,4,0
/kaggle/working/patches/64/good/bstar_tn_d4_patch0_1.tif,bstar_tn_d4_patch0_1.tif,good,0,bstar_tn_d4,4,0
/kaggle/working/patches/64/good/bstar_bn_d4_patch3_3.tif,bstar_bn_d4_patch3_3.tif,good,0,bstar_bn_d4,3,0
/kaggle/working/patches/64/good/t1_patch0_2.tif,t1_patch0_2.tif,good,0,t1,1,0
/kaggle/working/patches/64/good/Bbox_p25_patch0_3.tif,Bbox_p25_patch0_3.tif,good,0,Bbox_p25,3,0
/kaggle/working/patches/64/good/Bbox_p3_patch3_0.tif,Bbox_p3_patch3_0.tif,good,0,Bbox_p3,1,0
/kaggle/working/patches/64/good/p23_patch3_3.tif,p23_patch3_3.tif,good,0,p23,4,0
/kaggle/working/patches/64/good/n5_patch1_1.tif,n5_patch1_1.tif,good,0,n5,2,0
/kaggle/working/patches/64/good/bstar_p9_patch2_0.tif,bstar_p9_patch2_0.tif,good,0,bstar_p9,0,0
/kaggle/working/patches/64/good/Bbox_p24_patch2_0.tif,Bbox_p24_patch2_0.tif,good,0,Bbox_p24,4,0
/kaggle/working/patches/64/good/Bbox_p17_patch3_1.tif,Bbox_p17_patch3_1.tif,good,0,Bbox_p17,4,0
/kaggle/working/patches/64/good/Bbox_bn_d1_patch3_1.tif,Bbox_bn_d1_patch3_1.tif,good,0,Bbox_bn_d1,0,0
/kaggle/working/patches/64/good/bstar_tk_d2_patch0_1.tif,bstar_tk_d2_patch0_1.tif,good,0,bstar_tk_d2,2,0
/kaggle/working/patches/64/good/n2_patch2_2.tif,n2_patch2_2.tif,good,0,n2,3,0
/kaggle/working/patches/64/good/h1_patch3_0.tif,h1_patch3_0.tif,good,0,h1,2,0
/kaggle/working/patches/64/good/Bbox_p4_patch1_3.tif,Bbox_p4_patch1_3.tif,good,0,Bbox_p4,0,0
/kaggle/working/patches/64/good/Bbox_tn_d4_patch0_0.tif,Bbox_tn_d4_patch0_0.tif,good,0,Bbox_tn_d4,1,0
/kaggle/working/patches/64/good/bstar_tn_d1_patch1_0.tif,bstar_tn_d1_patch1_0.tif,good,0,bstar_tn_d1,2,0
/kaggle/working/patches/64/good/t1_patch2_0.tif,t1_patch2_0.tif,good,0,t1,1,0
/kaggle/working/patches/64/good/Bbox_p24_patch2_1.tif,Bbox_p24_patch2_1.tif,good,0,Bbox_p24,4,0
/kaggle/working/patches/64/good/bstar_p2_patch3_3.tif,bstar_p2_patch3_3.tif,good,0,bstar_p2,0,0
/kaggle/working/patches/64/good/bstar_tn_d3_patch3_0.tif,bstar_tn_d3_patch3_0.tif,good,0,bstar_tn_d3,3,0
/kaggle/working/patches/64/good/Bbox_p3_patch1_2.tif,Bbox_p3_patch1_2.tif,good,0,Bbox_p3,1,0
/kaggle/working/patches/64/good/k3_patch1_3.tif,k3_patch1_3.tif,good,0,k3,4,0
/kaggle/working/patches/64/good/b2_patch3_3.tif,b2_patch3_3.tif,good,0,b2,4,0
/kaggle/working/patches/64/good/n4_patch1_3.tif,n4_patch1_3.tif,good,0,n4,3,0
/kaggle/working/patches/64/good/bstar_nn_d5_patch3_0.tif,bstar_nn_d5_patch3_0.tif,good,0,bstar_nn_d5,2,0
/kaggle/working/patches/64/good/Bbox_p28_patch0_2.tif,Bbox_p28_patch0_2.tif,good,0,Bbox_p28,4,0
/kaggle/working/patches/64/good/Bbox_nn_d3_patch2_0.tif,Bbox_nn_d3_patch2_0.tif,good,0,Bbox_nn_d3,3,0
/kaggle/working/patches/64/good/bstar_p17_patch1_3.tif,bstar_p17_patch1_3.tif,good,0,bstar_p17,0,0
/kaggle/working/patches/64/good/bstar_p12_patch2_0.tif,bstar_p12_patch2_0.tif,good,0,bstar_p12,2,0
/kaggle/working/patches/64/good/p12_patch0_1.tif,p12_patch0_1.tif,good,0,p12,0,0
/kaggle/working/patches/64/good/Bbox_p21_patch3_3.tif,Bbox_p21_patch3_3.tif,good,0,Bbox_p21,4,0
/kaggle/working/patches/64/good/p11_patch2_2.tif,p11_patch2_2.tif,good,0,p11,4,0
/kaggle/working/patches/64/good/bstar_p24_patch0_0.tif,bstar_p24_patch0_0.tif,good,0,bstar_p24,2,0
/kaggle/working/patches/64/good/bstar_p10_patch0_1.tif,bstar_p10_patch0_1.tif,good,0,bstar_p10,4,0
/kaggle/working/patches/64/good/bstar_p4_patch1_1.tif,bstar_p4_patch1_1.tif,good,0,bstar_p4,0,0
/kaggle/working/patches/64/good/Bbox_tk_d5_patch2_0.tif,Bbox_tk_d5_patch2_0.tif,good,0,Bbox_tk_d5,4,0
/kaggle/working/patches/64/good/Bbox_p11_patch2_0.tif,Bbox_p11_patch2_0.tif,good,0,Bbox_p11,1,0
/kaggle/working/patches/64/good/bstar_p12_patch3_2.tif,bstar_p12_patch3_2.tif,good,0,bstar_p12,2,0
/kaggle/working/patches/64/good/Bbox_he_d2_patch2_2.tif,Bbox_he_d2_patch2_2.tif,good,0,Bbox_he_d2,3,0
/kaggle/working/patches/64/good/bstar_bn_d2_patch3_0.tif,bstar_bn_d2_patch3_0.tif,good,0,bstar_bn_d2,3,0
/kaggle/working/patches/64/good/Bbox_bn_d4_patch3_3.tif,Bbox_bn_d4_patch3_3.tif,good,0,Bbox_bn_d4,2,0
/kaggle/working/patches/64/good/bstar_p14_patch2_1.tif,bstar_p14_patch2_1.tif,good,0,bstar_p14,3,0
/kaggle/working/patches/64/good/p22_patch1_2.tif,p22_patch1_2.tif,good,0,p22,2,0
/kaggle/working/patches/64/good/Bbox_p1_patch3_1.tif,Bbox_p1_patch3_1.tif,good,0,Bbox_p1,0,0
/kaggle/working/patches/64/good/bstar_tn_d3_patch0_3.tif,bstar_tn_d3_patch0_3.tif,good,0,bstar_tn_d3,3,0
/kaggle/working/patches/64/good/Bbox_tk_d4_patch2_0.tif,Bbox_tk_d4_patch2_0.tif,good,0,Bbox_tk_d4,3,0
/kaggle/working/patches/64/good/h3_patch1_2.tif,h3_patch1_2.tif,good,0,h3,3,0
/kaggle/working/patches/64/good/Bbox_p17_patch0_3.tif,Bbox_p17_patch0_3.tif,good,0,Bbox_p17,4,0
/kaggle/working/patches/64/good/Bbox_p29_patch2_0.tif,Bbox_p29_patch2_0.tif,good,0,Bbox_p29,1,0
/kaggle/working/patches/64/good/Bbox_tk_d2_patch3_2.tif,Bbox_tk_d2_patch3_2.tif,good,0,Bbox_tk_d2,1,0
/kaggle/working/patches/64/good/bstar_tk_d1_patch2_3.tif,bstar_tk_d1_patch2_3.tif,good,0,bstar_tk_d1,4,0
/kaggle/working/patches/64/good/bstar_p10_patch2_3.tif,bstar_p10_patch2_3.tif,good,0,bstar_p10,4,0
/kaggle/working/patches/64/good/Bbox_p6_patch0_3.tif,Bbox_p6_patch0_3.tif,good,0,Bbox_p6,1,0
/kaggle/working/patches/64/good/p30_patch1_1.tif,p30_patch1_1.tif,good,0,p30,1,0
/kaggle/working/patches/64/good/Bbox_bn_d1_patch0_1.tif,Bbox_bn_d1_patch0_1.tif,good,0,Bbox_bn_d1,0,0
/kaggle/working/patches/64/good/h1_patch2_2.tif,h1_patch2_2.tif,good,0,h1,2,0
/kaggle/working/patches/64/good/Bbox_bn_d2_patch3_2.tif,Bbox_bn_d2_patch3_2.tif,good,0,Bbox_bn_d2,2,0
/kaggle/working/patches/64/good/h2_patch1_2.tif,h2_patch1_2.tif,good,0,h2,2,0
/kaggle/working/patches/64/good/bstar_p12_patch0_0.tif,bstar_p12_patch0_0.tif,good,0,bstar_p12,2,0
/kaggle/working/patches/64/good/Bbox_p26_patch2_2.tif,Bbox_p26_patch2_2.tif,good,0,Bbox_p26,3,0
/kaggle/working/patches/64/good/Bbox_tn_d1_patch1_1.tif,Bbox_tn_d1_patch1_1.tif,good,0,Bbox_tn_d1,2,0
/kaggle/working/patches/64/good/p30_patch0_2.tif,p30_patch0_2.tif,good,0,p30,1,0
/kaggle/working/patches/64/good/Bbox_he_d4_patch0_1.tif,Bbox_he_d4_patch0_1.tif,good,0,Bbox_he_d4,0,0
/kaggle/working/patches/64/good/bstar_p24_patch0_2.tif,bstar_p24_patch0_2.tif,good,0,bstar_p24,2,0
/kaggle/working/patches/64/good/t5_patch0_2.tif,t5_patch0_2.tif,good,0,t5,3,0
/kaggle/working/patches/64/good/bstar_p6_patch0_3.tif,bstar_p6_patch0_3.tif,good,0,bstar_p6,1,0
/kaggle/working/patches/64/good/bstar_tn_d3_patch2_0.tif,bstar_tn_d3_patch2_0.tif,good,0,bstar_tn_d3,3,0
/kaggle/working/patches/64/good/Bbox_he_d1_patch2_0.tif,Bbox_he_d1_patch2_0.tif,good,0,Bbox_he_d1,4,0
/kaggle/working/patches/64/good/t3_patch1_0.tif,t3_patch1_0.tif,good,0,t3,3,0
/kaggle/working/patches/64/good/p13_patch1_3.tif,p13_patch1_3.tif,good,0,p13,4,0
/kaggle/working/patches/64/good/Bbox_nn_d3_patch3_2.tif,Bbox_nn_d3_patch3_2.tif,good,0,Bbox_nn_d3,3,0
/kaggle/working/patches/64/good/p26_patch0_3.tif,p26_patch0_3.tif,good,0,p26,4,0
/kaggle/working/patches/64/good/bstar_p9_patch2_2.tif,bstar_p9_patch2_2.tif,good,0,bstar_p9,0,0
/kaggle/working/patches/64/good/p3_patch1_2.tif,p3_patch1_2.tif,good,0,p3,3,0
/kaggle/working/patches/64/good/p10_patch3_3.tif,p10_patch3_3.tif,good,0,p10,0,0
/kaggle/working/patches/64/good/bstar_p9_patch3_0.tif,bstar_p9_patch3_0.tif,good,0,bstar_p9,0,0
/kaggle/working/patches/64/good/bstar_bn_d1_patch2_0.tif,bstar_bn_d1_patch2_0.tif,good,0,bstar_bn_d1,1,0
/kaggle/working/patches/64/good/Bbox_p25_patch3_1.tif,Bbox_p25_patch3_1.tif,good,0,Bbox_p25,3,0
/kaggle/working/patches/64/good/Bbox_p6_patch2_1.tif,Bbox_p6_patch2_1.tif,good,0,Bbox_p6,1,0
/kaggle/working/patches/64/good/Bbox_p29_patch1_1.tif,Bbox_p29_patch1_1.tif,good,0,Bbox_p29,1,0
/kaggle/working/patches/64/good/bstar_nn_d5_patch2_2.tif,bstar_nn_d5_patch2_2.tif,good,0,bstar_nn_d5,2,0
/kaggle/working/patches/64/good/p1_patch1_0.tif,p1_patch1_0.tif,good,0,p1,4,0
/kaggle/working/patches/64/good/bstar_p19_patch2_3.tif,bstar_p19_patch2_3.tif,good,0,bstar_p19,1,0
/kaggle/working/patches/64/good/bstar_bn_d1_patch0_2.tif,bstar_bn_d1_patch0_2.tif,good,0,bstar_bn_d1,1,0
/kaggle/working/patches/64/good/bstar_tn_d1_patch3_3.tif,bstar_tn_d1_patch3_3.tif,good,0,bstar_tn_d1,2,0
/kaggle/working/patches/64/good/Bbox_p12_patch0_0.tif,Bbox_p12_patch0_0.tif,good,0,Bbox_p12,0,0
/kaggle/working/patches/64/good/p23_patch1_2.tif,p23_patch1_2.tif,good,0,p23,4,0
/kaggle/working/patches/64/good/t3_patch0_0.tif,t3_patch0_0.tif,good,0,t3,3,0
/kaggle/working/patches/64/good/bstar_he_d4_patch2_0.tif,bstar_he_d4_patch2_0.tif,good,0,bstar_he_d4,0,0
/kaggle/working/patches/64/good/Bbox_he_d5_patch3_0.tif,Bbox_he_d5_patch3_0.tif,good,0,Bbox_he_d5,0,0
/kaggle/working/patches/64/good/bstar_he_d2_patch2_0.tif,bstar_he_d2_patch2_0.tif,good,0,bstar_he_d2,0,0
/kaggle/working/patches/64/good/bstar_p25_patch1_2.tif,bstar_p25_patch1_2.tif,good,0,bstar_p25,2,0
/kaggle/working/patches/64/good/Bbox_nn_d2_patch1_2.tif,Bbox_nn_d2_patch1_2.tif,good,0,Bbox_nn_d2,1,0
/kaggle/working/patches/64/good/bstar_p6_patch3_0.tif,bstar_p6_patch3_0.tif,good,0,bstar_p6,1,0
/kaggle/working/patches/64/good/tt3_patch2_2.tif,tt3_patch2_2.tif,good,0,tt3,2,0
/kaggle/working/patches/64/good/Bbox_he_d4_patch3_0.tif,Bbox_he_d4_patch3_0.tif,good,0,Bbox_he_d4,0,0
/kaggle/working/patches/64/good/p2_patch0_3.tif,p2_patch0_3.tif,good,0,p2,1,0
/kaggle/working/patches/64/good/k5_patch1_2.tif,k5_patch1_2.tif,good,0,k5,2,0
/kaggle/working/patches/64/good/Bbox_p2_patch3_0.tif,Bbox_p2_patch3_0.tif,good,0,Bbox_p2,2,0
/kaggle/working/patches/64/good/t4_patch1_2.tif,t4_patch1_2.tif,good,0,t4,2,0
/kaggle/working/patches/64/good/p10_patch0_0.tif,p10_patch0_0.tif,good,0,p10,0,0
/kaggle/working/patches/64/good/bstar_tn_d2_patch0_3.tif,bstar_tn_d2_patch0_3.tif,good,0,bstar_tn_d2,4,0
/kaggle/working/patches/64/good/Bbox_p13_patch0_0.tif,Bbox_p13_patch0_0.tif,good,0,Bbox_p13,1,0
/kaggle/working/patches/64/good/bstar_he_d2_patch1_2.tif,bstar_he_d2_patch1_2.tif,good,0,bstar_he_d2,0,0
/kaggle/working/patches/64/good/Bbox_he_d1_patch2_1.tif,Bbox_he_d1_patch2_1.tif,good,0,Bbox_he_d1,4,0
/kaggle/working/patches/64/good/p3_patch1_0.tif,p3_patch1_0.tif,good,0,p3,3,0
/kaggle/working/patches/64/good/Bbox_tn_d3_patch1_1.tif,Bbox_tn_d3_patch1_1.tif,good,0,Bbox_tn_d3,0,0
/kaggle/working/patches/64/good/p30_patch1_3.tif,p30_patch1_3.tif,good,0,p30,1,0
/kaggle/working/patches/64/good/Bbox_tk_d4_patch1_0.tif,Bbox_tk_d4_patch1_0.tif,good,0,Bbox_tk_d4,3,0
/kaggle/working/patches/64/good/p24_patch0_2.tif,p24_patch0_2.tif,good,0,p24,0,0
/kaggle/working/patches/64/good/p2_patch3_3.tif,p2_patch3_3.tif,good,0,p2,1,0
/kaggle/working/patches/64/good/Bbox_nn_d2_patch0_2.tif,Bbox_nn_d2_patch0_2.tif,good,0,Bbox_nn_d2,1,0
/kaggle/working/patches/64/good/bstar_p4_patch2_2.tif,bstar_p4_patch2_2.tif,good,0,bstar_p4,0,0
/kaggle/working/patches/64/good/Bbox_p9_patch1_3.tif,Bbox_p9_patch1_3.tif,good,0,Bbox_p9,0,0
/kaggle/working/patches/64/good/tt5_patch2_3.tif,tt5_patch2_3.tif,good,0,tt5,0,0
/kaggle/working/patches/64/good/bstar_p8_patch2_2.tif,bstar_p8_patch2_2.tif,good,0,bstar_p8,4,0
/kaggle/working/patches/64/good/Bbox_he_d2_patch3_1.tif,Bbox_he_d2_patch3_1.tif,good,0,Bbox_he_d2,3,0
/kaggle/working/patches/64/good/Bbox_p1_patch0_0.tif,Bbox_p1_patch0_0.tif,good,0,Bbox_p1,0,0
/kaggle/working/patches/64/good/p13_patch0_2.tif,p13_patch0_2.tif,good,0,p13,4,0
/kaggle/working/patches/64/good/bstar_p24_patch1_1.tif,bstar_p24_patch1_1.tif,good,0,bstar_p24,2,0
/kaggle/working/patches/64/good/p1_patch1_3.tif,p1_patch1_3.tif,good,0,p1,4,0
/kaggle/working/patches/64/good/bstar_nn_d2_patch2_2.tif,bstar_nn_d2_patch2_2.tif,good,0,bstar_nn_d2,3,0
/kaggle/working/patches/64/good/Bbox_he_d1_patch0_0.tif,Bbox_he_d1_patch0_0.tif,good,0,Bbox_he_d1,4,0
/kaggle/working/patches/64/good/p23_patch3_0.tif,p23_patch3_0.tif,good,0,p23,4,0
/kaggle/working/patches/64/good/bstar_p24_patch3_2.tif,bstar_p24_patch3_2.tif,good,0,bstar_p24,2,0
/kaggle/working/patches/64/good/Bbox_he_d4_patch2_1.tif,Bbox_he_d4_patch2_1.tif,good,0,Bbox_he_d4,0,0
/kaggle/working/patches/64/good/Bbox_bn_d4_patch3_1.tif,Bbox_bn_d4_patch3_1.tif,good,0,Bbox_bn_d4,2,0
/kaggle/working/patches/64/good/p11_patch0_1.tif,p11_patch0_1.tif,good,0,p11,4,0
/kaggle/working/patches/64/good/Bbox_tk_d1_patch0_3.tif,Bbox_tk_d1_patch0_3.tif,good,0,Bbox_tk_d1,2,0
/kaggle/working/patches/64/good/p17_patch3_3.tif,p17_patch3_3.tif,good,0,p17,1,0
/kaggle/working/patches/64/good/bstar_p7_patch0_1.tif,bstar_p7_patch0_1.tif,good,0,bstar_p7,0,0
/kaggle/working/patches/64/good/p11_patch0_3.tif,p11_patch0_3.tif,good,0,p11,4,0
/kaggle/working/patches/64/good/k1_patch3_2.tif,k1_patch3_2.tif,good,0,k1,3,0
/kaggle/working/patches/64/good/b1_patch2_1.tif,b1_patch2_1.tif,good,0,b1,3,0
/kaggle/working/patches/64/good/bstar_p12_patch1_3.tif,bstar_p12_patch1_3.tif,good,0,bstar_p12,2,0
/kaggle/working/patches/64/good/b5_patch0_1.tif,b5_patch0_1.tif,good,0,b5,2,0
/kaggle/working/patches/64/good/Bbox_p9_patch1_0.tif,Bbox_p9_patch1_0.tif,good,0,Bbox_p9,0,0
/kaggle/working/patches/64/good/bstar_tn_d4_patch2_2.tif,bstar_tn_d4_patch2_2.tif,good,0,bstar_tn_d4,4,0
/kaggle/working/patches/64/good/Bbox_he_d5_patch0_0.tif,Bbox_he_d5_patch0_0.tif,good,0,Bbox_he_d5,0,0
/kaggle/working/patches/64/good/bstar_p13_patch0_1.tif,bstar_p13_patch0_1.tif,good,0,bstar_p13,1,0
/kaggle/working/patches/64/good/Bbox_p16_patch1_3.tif,Bbox_p16_patch1_3.tif,good,0,Bbox_p16,2,0
/kaggle/working/patches/64/good/k5_patch3_3.tif,k5_patch3_3.tif,good,0,k5,2,0
/kaggle/working/patches/64/good/Bbox_p11_patch0_3.tif,Bbox_p11_patch0_3.tif,good,0,Bbox_p11,1,0
/kaggle/working/patches/64/good/Bbox_p30_patch2_0.tif,Bbox_p30_patch2_0.tif,good,0,Bbox_p30,1,0
/kaggle/working/patches/64/good/bstar_p20_patch1_2.tif,bstar_p20_patch1_2.tif,good,0,bstar_p20,1,0
/kaggle/working/patches/64/good/p11_patch0_2.tif,p11_patch0_2.tif,good,0,p11,4,0
/kaggle/working/patches/64/good/h5_patch3_0.tif,h5_patch3_0.tif,good,0,h5,4,0
/kaggle/working/patches/64/good/Bbox_tk_d2_patch1_3.tif,Bbox_tk_d2_patch1_3.tif,good,0,Bbox_tk_d2,1,0
/kaggle/working/patches/64/good/bstar_tk_d5_patch0_2.tif,bstar_tk_d5_patch0_2.tif,good,0,bstar_tk_d5,3,0
/kaggle/working/patches/64/good/Bbox_bn_d1_patch3_0.tif,Bbox_bn_d1_patch3_0.tif,good,0,Bbox_bn_d1,0,0
/kaggle/working/patches/64/good/k3_patch1_2.tif,k3_patch1_2.tif,good,0,k3,4,0
/kaggle/working/patches/64/good/bstar_bn_d4_patch2_3.tif,bstar_bn_d4_patch2_3.tif,good,0,bstar_bn_d4,3,0
/kaggle/working/patches/64/good/bstar_p25_patch1_0.tif,bstar_p25_patch1_0.tif,good,0,bstar_p25,2,0
/kaggle/working/patches/64/good/bstar_p16_patch2_3.tif,bstar_p16_patch2_3.tif,good,0,bstar_p16,4,0
/kaggle/working/patches/64/good/Bbox_p11_patch2_3.tif,Bbox_p11_patch2_3.tif,good,0,Bbox_p11,1,0
/kaggle/working/patches/64/good/Bbox_bn_d4_patch0_3.tif,Bbox_bn_d4_patch0_3.tif,good,0,Bbox_bn_d4,2,0
/kaggle/working/patches/64/good/t1_patch1_3.tif,t1_patch1_3.tif,good,0,t1,1,0
/kaggle/working/patches/64/good/k2_patch3_3.tif,k2_patch3_3.tif,good,0,k2,1,0
/kaggle/working/patches/64/good/p5_patch0_3.tif,p5_patch0_3.tif,good,0,p5,4,0
/kaggle/working/patches/64/good/Bbox_p6_patch3_3.tif,Bbox_p6_patch3_3.tif,good,0,Bbox_p6,1,0
/kaggle/working/patches/64/good/p10_patch0_1.tif,p10_patch0_1.tif,good,0,p10,0,0
/kaggle/working/patches/64/good/Bbox_bn_d3_patch0_3.tif,Bbox_bn_d3_patch0_3.tif,good,0,Bbox_bn_d3,1,0
/kaggle/working/patches/64/good/bstar_tn_d5_patch0_3.tif,bstar_tn_d5_patch0_3.tif,good,0,bstar_tn_d5,0,0
/kaggle/working/patches/64/good/Bbox_p3_patch1_0.tif,Bbox_p3_patch1_0.tif,good,0,Bbox_p3,1,0
/kaggle/working/patches/64/good/bstar_p19_patch1_0.tif,bstar_p19_patch1_0.tif,good,0,bstar_p19,1,0
/kaggle/working/patches/64/good/p22_patch3_0.tif,p22_patch3_0.tif,good,0,p22,2,0
/kaggle/working/patches/64/good/p10_patch1_0.tif,p10_patch1_0.tif,good,0,p10,0,0
/kaggle/working/patches/64/good/p7_patch3_0.tif,p7_patch3_0.tif,good,0,p7,2,0
/kaggle/working/patches/64/good/Bbox_nn_d3_patch1_3.tif,Bbox_nn_d3_patch1_3.tif,good,0,Bbox_nn_d3,3,0
/kaggle/working/patches/64/good/Bbox_p5_patch1_2.tif,Bbox_p5_patch1_2.tif,good,0,Bbox_p5,1,0
/kaggle/working/patches/64/good/bstar_nn_d3_patch3_3.tif,bstar_nn_d3_patch3_3.tif,good,0,bstar_nn_d3,0,0
/kaggle/working/patches/64/good/p14_patch3_2.tif,p14_patch3_2.tif,good,0,p14,2,0
/kaggle/working/patches/64/good/Bbox_p9_patch0_0.tif,Bbox_p9_patch0_0.tif,good,0,Bbox_p9,0,0
/kaggle/working/patches/64/good/bstar_p25_patch0_3.tif,bstar_p25_patch0_3.tif,good,0,bstar_p25,2,0
/kaggle/working/patches/64/good/b4_patch3_3.tif,b4_patch3_3.tif,good,0,b4,1,0
/kaggle/working/patches/64/good/Bbox_nn_d2_patch3_1.tif,Bbox_nn_d2_patch3_1.tif,good,0,Bbox_nn_d2,1,0
/kaggle/working/patches/64/good/bstar_p9_patch1_2.tif,bstar_p9_patch1_2.tif,good,0,bstar_p9,0,0
/kaggle/working/patches/64/good/Bbox_p1_patch2_2.tif,Bbox_p1_patch2_2.tif,good,0,Bbox_p1,0,0
/kaggle/working/patches/64/good/Bbox_p1_patch2_1.tif,Bbox_p1_patch2_1.tif,good,0,Bbox_p1,0,0
/kaggle/working/patches/64/good/Bbox_p22_patch1_2.tif,Bbox_p22_patch1_2.tif,good,0,Bbox_p22,1,0
/kaggle/working/patches/64/good/b1_patch0_3.tif,b1_patch0_3.tif,good,0,b1,3,0
/kaggle/working/patches/64/good/t1_patch2_2.tif,t1_patch2_2.tif,good,0,t1,1,0
/kaggle/working/patches/64/good/bstar_tn_d2_patch3_2.tif,bstar_tn_d2_patch3_2.tif,good,0,bstar_tn_d2,4,0
/kaggle/working/patches/64/good/Bbox_bn_d1_patch1_3.tif,Bbox_bn_d1_patch1_3.tif,good,0,Bbox_bn_d1,0,0
/kaggle/working/patches/64/good/bstar_nn_d4_patch0_1.tif,bstar_nn_d4_patch0_1.tif,good,0,bstar_nn_d4,1,0
/kaggle/working/patches/64/good/p15_patch0_2.tif,p15_patch0_2.tif,good,0,p15,1,0
/kaggle/working/patches/64/good/bstar_nn_d2_patch2_1.tif,bstar_nn_d2_patch2_1.tif,good,0,bstar_nn_d2,3,0
/kaggle/working/patches/64/good/Bbox_p2_patch3_1.tif,Bbox_p2_patch3_1.tif,good,0,Bbox_p2,2,0
/kaggle/working/patches/64/good/Bbox_tk_d5_patch0_1.tif,Bbox_tk_d5_patch0_1.tif,good,0,Bbox_tk_d5,4,0
/kaggle/working/patches/64/good/Bbox_p28_patch0_3.tif,Bbox_p28_patch0_3.tif,good,0,Bbox_p28,4,0
/kaggle/working/patches/64/good/Bbox_tk_d2_patch0_2.tif,Bbox_tk_d2_patch0_2.tif,good,0,Bbox_tk_d2,1,0
/kaggle/working/patches/64/good/bstar_p2_patch3_0.tif,bstar_p2_patch3_0.tif,good,0,bstar_p2,0,0
/kaggle/working/patches/64/good/h2_patch3_0.tif,h2_patch3_0.tif,good,0,h2,2,0
/kaggle/working/patches/64/good/Bbox_p10_patch2_0.tif,Bbox_p10_patch2_0.tif,good,0,Bbox_p10,2,0
/kaggle/working/patches/64/good/Bbox_tn_d2_patch1_2.tif,Bbox_tn_d2_patch1_2.tif,good,0,Bbox_tn_d2,1,0
/kaggle/working/patches/64/good/p9_patch3_2.tif,p9_patch3_2.tif,good,0,p9,4,0
/kaggle/working/patches/64/good/n3_patch1_1.tif,n3_patch1_1.tif,good,0,n3,0,0
/kaggle/working/patches/64/good/Bbox_p26_patch1_0.tif,Bbox_p26_patch1_0.tif,good,0,Bbox_p26,3,0
/kaggle/working/patches/64/good/bstar_p24_patch3_3.tif,bstar_p24_patch3_3.tif,good,0,bstar_p24,2,0
/kaggle/working/patches/64/good/bstar_nn_d4_patch3_3.tif,bstar_nn_d4_patch3_3.tif,good,0,bstar_nn_d4,1,0
/kaggle/working/patches/64/good/bstar_he_d3_patch2_2.tif,bstar_he_d3_patch2_2.tif,good,0,bstar_he_d3,0,0
/kaggle/working/patches/64/good/Bbox_he_d4_patch0_3.tif,Bbox_he_d4_patch0_3.tif,good,0,Bbox_he_d4,0,0
/kaggle/working/patches/64/good/Bbox_p19_patch0_0.tif,Bbox_p19_patch0_0.tif,good,0,Bbox_p19,3,0
/kaggle/working/patches/64/good/k5_patch3_0.tif,k5_patch3_0.tif,good,0,k5,2,0
/kaggle/working/patches/64/good/bstar_he_d2_patch3_3.tif,bstar_he_d2_patch3_3.tif,good,0,bstar_he_d2,0,0
/kaggle/working/patches/64/good/Bbox_he_d2_patch1_0.tif,Bbox_he_d2_patch1_0.tif,good,0,Bbox_he_d2,3,0
/kaggle/working/patches/64/good/n4_patch0_0.tif,n4_patch0_0.tif,good,0,n4,3,0
/kaggle/working/patches/64/good/p2_patch0_2.tif,p2_patch0_2.tif,good,0,p2,1,0
/kaggle/working/patches/64/good/bstar_p23_patch1_1.tif,bstar_p23_patch1_1.tif,good,0,bstar_p23,3,0
/kaggle/working/patches/64/good/bstar_p9_patch1_0.tif,bstar_p9_patch1_0.tif,good,0,bstar_p9,0,0
/kaggle/working/patches/64/good/Bbox_p9_patch3_2.tif,Bbox_p9_patch3_2.tif,good,0,Bbox_p9,0,0
/kaggle/working/patches/64/good/bstar_nn_d1_patch0_1.tif,bstar_nn_d1_patch0_1.tif,good,0,bstar_nn_d1,4,0
/kaggle/working/patches/64/good/bstar_p11_patch3_1.tif,bstar_p11_patch3_1.tif,good,0,bstar_p11,0,0
/kaggle/working/patches/64/good/p4_patch3_1.tif,p4_patch3_1.tif,good,0,p4,3,0
/kaggle/working/patches/64/good/Bbox_p29_patch3_1.tif,Bbox_p29_patch3_1.tif,good,0,Bbox_p29,1,0
/kaggle/working/patches/64/good/p21_patch1_2.tif,p21_patch1_2.tif,good,0,p21,1,0
/kaggle/working/patches/64/good/Bbox_p15_patch1_2.tif,Bbox_p15_patch1_2.tif,good,0,Bbox_p15,4,0
/kaggle/working/patches/64/good/p20_patch0_1.tif,p20_patch0_1.tif,good,0,p20,3,0
/kaggle/working/patches/64/good/Bbox_nn_d1_patch3_3.tif,Bbox_nn_d1_patch3_3.tif,good,0,Bbox_nn_d1,2,0
/kaggle/working/patches/64/good/t3_patch2_3.tif,t3_patch2_3.tif,good,0,t3,3,0
/kaggle/working/patches/64/good/Bbox_tk_d4_patch3_1.tif,Bbox_tk_d4_patch3_1.tif,good,0,Bbox_tk_d4,3,0
/kaggle/working/patches/64/good/Bbox_p11_patch1_1.tif,Bbox_p11_patch1_1.tif,good,0,Bbox_p11,1,0
/kaggle/working/patches/64/good/p15_patch0_1.tif,p15_patch0_1.tif,good,0,p15,1,0
/kaggle/working/patches/64/good/bstar_p24_patch1_3.tif,bstar_p24_patch1_3.tif,good,0,bstar_p24,2,0
/kaggle/working/patches/64/good/bstar_nn_d4_patch0_3.tif,bstar_nn_d4_patch0_3.tif,good,0,bstar_nn_d4,1,0
/kaggle/working/patches/64/good/bstar_p16_patch1_0.tif,bstar_p16_patch1_0.tif,good,0,bstar_p16,4,0
/kaggle/working/patches/64/good/Bbox_he_d2_patch0_2.tif,Bbox_he_d2_patch0_2.tif,good,0,Bbox_he_d2,3,0
/kaggle/working/patches/64/good/Bbox_p8_patch1_2.tif,Bbox_p8_patch1_2.tif,good,0,Bbox_p8,4,0
/kaggle/working/patches/64/good/bstar_p17_patch3_1.tif,bstar_p17_patch3_1.tif,good,0,bstar_p17,0,0
/kaggle/working/patches/64/good/Bbox_p23_patch1_2.tif,Bbox_p23_patch1_2.tif,good,0,Bbox_p23,3,0
/kaggle/working/patches/64/good/Bbox_p20_patch1_1.tif,Bbox_p20_patch1_1.tif,good,0,Bbox_p20,2,0
/kaggle/working/patches/64/good/Bbox_p11_patch3_1.tif,Bbox_p11_patch3_1.tif,good,0,Bbox_p11,1,0
/kaggle/working/patches/64/good/p24_patch0_3.tif,p24_patch0_3.tif,good,0,p24,0,0
/kaggle/working/patches/64/good/b3_patch2_3.tif,b3_patch2_3.tif,good,0,b3,0,0
/kaggle/working/patches/64/good/Bbox_tn_d4_patch2_0.tif,Bbox_tn_d4_patch2_0.tif,good,0,Bbox_tn_d4,1,0
/kaggle/working/patches/64/good/Bbox_p29_patch0_2.tif,Bbox_p29_patch0_2.tif,good,0,Bbox_p29,1,0
/kaggle/working/patches/64/good/Bbox_p18_patch3_3.tif,Bbox_p18_patch3_3.tif,good,0,Bbox_p18,0,0
/kaggle/working/patches/64/good/bstar_p6_patch3_3.tif,bstar_p6_patch3_3.tif,good,0,bstar_p6,1,0
/kaggle/working/patches/64/good/bstar_p19_patch0_2.tif,bstar_p19_patch0_2.tif,good,0,bstar_p19,1,0
/kaggle/working/patches/64/good/p19_patch3_1.tif,p19_patch3_1.tif,good,0,p19,0,0
/kaggle/working/patches/64/good/k4_patch3_3.tif,k4_patch3_3.tif,good,0,k4,0,0
/kaggle/working/patches/64/good/p17_patch1_0.tif,p17_patch1_0.tif,good,0,p17,1,0
/kaggle/working/patches/64/good/bstar_p17_patch1_1.tif,bstar_p17_patch1_1.tif,good,0,bstar_p17,0,0
/kaggle/working/patches/64/good/Bbox_p30_patch1_2.tif,Bbox_p30_patch1_2.tif,good,0,Bbox_p30,1,0
/kaggle/working/patches/64/good/Bbox_p12_patch3_3.tif,Bbox_p12_patch3_3.tif,good,0,Bbox_p12,0,0
/kaggle/working/patches/64/good/bstar_p7_patch1_1.tif,bstar_p7_patch1_1.tif,good,0,bstar_p7,0,0
/kaggle/working/patches/64/good/Bbox_p23_patch2_3.tif,Bbox_p23_patch2_3.tif,good,0,Bbox_p23,3,0
/kaggle/working/patches/64/good/p27_patch0_1.tif,p27_patch0_1.tif,good,0,p27,2,0
/kaggle/working/patches/64/good/bstar_he_d2_patch1_3.tif,bstar_he_d2_patch1_3.tif,good,0,bstar_he_d2,0,0
/kaggle/working/patches/64/good/Bbox_p25_patch0_2.tif,Bbox_p25_patch0_2.tif,good,0,Bbox_p25,3,0
/kaggle/working/patches/64/good/p22_patch0_3.tif,p22_patch0_3.tif,good,0,p22,2,0
/kaggle/working/patches/64/good/p6_patch3_1.tif,p6_patch3_1.tif,good,0,p6,0,0
/kaggle/working/patches/64/good/p29_patch0_3.tif,p29_patch0_3.tif,good,0,p29,2,0
/kaggle/working/patches/64/good/bstar_tn_d4_patch3_0.tif,bstar_tn_d4_patch3_0.tif,good,0,bstar_tn_d4,4,0
/kaggle/working/patches/64/good/bstar_p3_patch2_3.tif,bstar_p3_patch2_3.tif,good,0,bstar_p3,0,0
/kaggle/working/patches/64/good/h5_patch2_3.tif,h5_patch2_3.tif,good,0,h5,4,0
/kaggle/working/patches/64/good/Bbox_tn_d4_patch2_3.tif,Bbox_tn_d4_patch2_3.tif,good,0,Bbox_tn_d4,1,0
/kaggle/working/patches/64/good/Bbox_nn_d1_patch0_0.tif,Bbox_nn_d1_patch0_0.tif,good,0,Bbox_nn_d1,2,0
/kaggle/working/patches/64/good/p25_patch1_3.tif,p25_patch1_3.tif,good,0,p25,4,0
/kaggle/working/patches/64/good/Bbox_tk_d2_patch2_1.tif,Bbox_tk_d2_patch2_1.tif,good,0,Bbox_tk_d2,1,0
/kaggle/working/patches/64/good/Bbox_p26_patch2_0.tif,Bbox_p26_patch2_0.tif,good,0,Bbox_p26,3,0
/kaggle/working/patches/64/good/p10_patch0_3.tif,p10_patch0_3.tif,good,0,p10,0,0
/kaggle/working/patches/64/good/p17_patch1_1.tif,p17_patch1_1.tif,good,0,p17,1,0
/kaggle/working/patches/64/good/n2_patch1_2.tif,n2_patch1_2.tif,good,0,n2,3,0
/kaggle/working/patches/64/good/bstar_p17_patch1_0.tif,bstar_p17_patch1_0.tif,good,0,bstar_p17,0,0
/kaggle/working/patches/64/good/bstar_p20_patch0_0.tif,bstar_p20_patch0_0.tif,good,0,bstar_p20,1,0
/kaggle/working/patches/64/good/Bbox_p10_patch0_0.tif,Bbox_p10_patch0_0.tif,good,0,Bbox_p10,2,0
/kaggle/working/patches/64/good/bstar_p12_patch2_2.tif,bstar_p12_patch2_2.tif,good,0,bstar_p12,2,0
/kaggle/working/patches/64/good/p15_patch2_3.tif,p15_patch2_3.tif,good,0,p15,1,0
/kaggle/working/patches/64/good/bstar_p1_patch3_3.tif,bstar_p1_patch3_3.tif,good,0,bstar_p1,3,0
/kaggle/working/patches/64/good/bstar_tn_d5_patch0_0.tif,bstar_tn_d5_patch0_0.tif,good,0,bstar_tn_d5,0,0
/kaggle/working/patches/64/good/Bbox_tn_d2_patch0_2.tif,Bbox_tn_d2_patch0_2.tif,good,0,Bbox_tn_d2,1,0
/kaggle/working/patches/64/good/p6_patch0_1.tif,p6_patch0_1.tif,good,0,p6,0,0
/kaggle/working/patches/64/good/n1_patch0_3.tif,n1_patch0_3.tif,good,0,n1,1,0
/kaggle/working/patches/64/good/Bbox_p24_patch3_1.tif,Bbox_p24_patch3_1.tif,good,0,Bbox_p24,4,0
/kaggle/working/patches/64/good/Bbox_nn_d1_patch3_1.tif,Bbox_nn_d1_patch3_1.tif,good,0,Bbox_nn_d1,2,0
/kaggle/working/patches/64/good/b3_patch3_3.tif,b3_patch3_3.tif,good,0,b3,0,0
/kaggle/working/patches/64/good/bstar_p23_patch2_0.tif,bstar_p23_patch2_0.tif,good,0,bstar_p23,3,0
/kaggle/working/patches/64/good/Bbox_p9_patch0_2.tif,Bbox_p9_patch0_2.tif,good,0,Bbox_p9,0,0
/kaggle/working/patches/64/good/p6_patch1_2.tif,p6_patch1_2.tif,good,0,p6,0,0
/kaggle/working/patches/64/good/bstar_p22_patch2_2.tif,bstar_p22_patch2_2.tif,good,0,bstar_p22,3,0
/kaggle/working/patches/64/good/Bbox_p27_patch1_0.tif,Bbox_p27_patch1_0.tif,good,0,Bbox_p27,3,0
/kaggle/working/patches/64/good/bstar_p21_patch1_1.tif,bstar_p21_patch1_1.tif,good,0,bstar_p21,2,0
/kaggle/working/patches/64/good/bstar_tk_d1_patch3_2.tif,bstar_tk_d1_patch3_2.tif,good,0,bstar_tk_d1,4,0
/kaggle/working/patches/64/good/Bbox_bn_d2_patch3_1.tif,Bbox_bn_d2_patch3_1.tif,good,0,Bbox_bn_d2,2,0
/kaggle/working/patches/64/good/Bbox_p22_patch2_0.tif,Bbox_p22_patch2_0.tif,good,0,Bbox_p22,1,0
/kaggle/working/patches/64/good/k1_patch2_3.tif,k1_patch2_3.tif,good,0,k1,3,0
/kaggle/working/patches/64/good/n2_patch0_3.tif,n2_patch0_3.tif,good,0,n2,3,0
/kaggle/working/patches/64/good/bstar_p8_patch2_0.tif,bstar_p8_patch2_0.tif,good,0,bstar_p8,4,0
/kaggle/working/patches/64/good/Bbox_bn_d3_patch2_3.tif,Bbox_bn_d3_patch2_3.tif,good,0,Bbox_bn_d3,1,0
/kaggle/working/patches/64/good/p18_patch2_0.tif,p18_patch2_0.tif,good,0,p18,3,0
/kaggle/working/patches/64/good/Bbox_p27_patch2_2.tif,Bbox_p27_patch2_2.tif,good,0,Bbox_p27,3,0
/kaggle/working/patches/64/good/tt3_patch1_1.tif,tt3_patch1_1.tif,good,0,tt3,2,0
/kaggle/working/patches/64/good/bstar_p5_patch3_3.tif,bstar_p5_patch3_3.tif,good,0,bstar_p5,1,0
/kaggle/working/patches/64/good/p29_patch3_2.tif,p29_patch3_2.tif,good,0,p29,2,0
/kaggle/working/patches/64/good/Bbox_tk_d1_patch0_0.tif,Bbox_tk_d1_patch0_0.tif,good,0,Bbox_tk_d1,2,0
/kaggle/working/patches/64/good/p9_patch0_0.tif,p9_patch0_0.tif,good,0,p9,4,0
/kaggle/working/patches/64/good/p21_patch0_2.tif,p21_patch0_2.tif,good,0,p21,1,0
/kaggle/working/patches/64/good/Bbox_p5_patch1_1.tif,Bbox_p5_patch1_1.tif,good,0,Bbox_p5,1,0
/kaggle/working/patches/64/good/p8_patch2_1.tif,p8_patch2_1.tif,good,0,p8,2,0
/kaggle/working/patches/64/good/bstar_p17_patch2_0.tif,bstar_p17_patch2_0.tif,good,0,bstar_p17,0,0
/kaggle/working/patches/64/good/bstar_p10_patch3_2.tif,bstar_p10_patch3_2.tif,good,0,bstar_p10,4,0
/kaggle/working/patches/64/good/b5_patch0_3.tif,b5_patch0_3.tif,good,0,b5,2,0
/kaggle/working/patches/64/good/k1_patch2_2.tif,k1_patch2_2.tif,good,0,k1,3,0
/kaggle/working/patches/64/good/h1_patch0_3.tif,h1_patch0_3.tif,good,0,h1,2,0
/kaggle/working/patches/64/good/bstar_he_d2_patch3_2.tif,bstar_he_d2_patch3_2.tif,good,0,bstar_he_d2,0,0
/kaggle/working/patches/64/good/p29_patch3_3.tif,p29_patch3_3.tif,good,0,p29,2,0
/kaggle/working/patches/64/good/bstar_p18_patch2_1.tif,bstar_p18_patch2_1.tif,good,0,bstar_p18,4,0
/kaggle/working/patches/64/good/tt2_patch1_0.tif,tt2_patch1_0.tif,good,0,tt2,2,0
/kaggle/working/patches/64/good/Bbox_nn_d1_patch2_2.tif,Bbox_nn_d1_patch2_2.tif,good,0,Bbox_nn_d1,2,0
/kaggle/working/patches/64/good/bstar_p1_patch3_0.tif,bstar_p1_patch3_0.tif,good,0,bstar_p1,3,0
/kaggle/working/patches/64/good/Bbox_tk_d5_patch1_3.tif,Bbox_tk_d5_patch1_3.tif,good,0,Bbox_tk_d5,4,0
/kaggle/working/patches/64/good/bstar_p9_patch1_3.tif,bstar_p9_patch1_3.tif,good,0,bstar_p9,0,0
/kaggle/working/patches/64/good/Bbox_tk_d3_patch2_3.tif,Bbox_tk_d3_patch2_3.tif,good,0,Bbox_tk_d3,4,0
/kaggle/working/patches/64/good/Bbox_he_d5_patch2_3.tif,Bbox_he_d5_patch2_3.tif,good,0,Bbox_he_d5,0,0
/kaggle/working/patches/64/good/p24_patch2_2.tif,p24_patch2_2.tif,good,0,p24,0,0
/kaggle/working/patches/64/good/p4_patch3_0.tif,p4_patch3_0.tif,good,0,p4,3,0
/kaggle/working/patches/64/good/Bbox_p21_patch2_1.tif,Bbox_p21_patch2_1.tif,good,0,Bbox_p21,4,0
/kaggle/working/patches/64/good/Bbox_nn_d5_patch0_1.tif,Bbox_nn_d5_patch0_1.tif,good,0,Bbox_nn_d5,4,0
/kaggle/working/patches/64/good/Bbox_p2_patch3_3.tif,Bbox_p2_patch3_3.tif,good,0,Bbox_p2,2,0
/kaggle/working/patches/64/good/bstar_tk_d3_patch3_0.tif,bstar_tk_d3_patch3_0.tif,good,0,bstar_tk_d3,2,0
/kaggle/working/patches/64/good/Bbox_p25_patch0_1.tif,Bbox_p25_patch0_1.tif,good,0,Bbox_p25,3,0
/kaggle/working/patches/64/good/bstar_bn_d5_patch3_2.tif,bstar_bn_d5_patch3_2.tif,good,0,bstar_bn_d5,4,0
/kaggle/working/patches/64/good/n1_patch2_1.tif,n1_patch2_1.tif,good,0,n1,1,0
/kaggle/working/patches/64/good/Bbox_p22_patch1_0.tif,Bbox_p22_patch1_0.tif,good,0,Bbox_p22,1,0
/kaggle/working/patches/64/good/Bbox_he_d4_patch2_3.tif,Bbox_he_d4_patch2_3.tif,good,0,Bbox_he_d4,0,0
/kaggle/working/patches/64/good/t2_patch1_3.tif,t2_patch1_3.tif,good,0,t2,0,0
/kaggle/working/patches/64/good/bstar_he_d5_patch1_1.tif,bstar_he_d5_patch1_1.tif,good,0,bstar_he_d5,4,0
/kaggle/working/patches/64/good/bstar_p24_patch3_0.tif,bstar_p24_patch3_0.tif,good,0,bstar_p24,2,0
/kaggle/working/patches/64/good/bstar_p12_patch3_3.tif,bstar_p12_patch3_3.tif,good,0,bstar_p12,2,0
/kaggle/working/patches/64/good/Bbox_p14_patch0_1.tif,Bbox_p14_patch0_1.tif,good,0,Bbox_p14,3,0
/kaggle/working/patches/64/good/h4_patch2_0.tif,h4_patch2_0.tif,good,0,h4,1,0
/kaggle/working/patches/64/good/bstar_tk_d4_patch0_1.tif,bstar_tk_d4_patch0_1.tif,good,0,bstar_tk_d4,2,0
/kaggle/working/patches/64/good/bstar_tk_d3_patch0_0.tif,bstar_tk_d3_patch0_0.tif,good,0,bstar_tk_d3,2,0
/kaggle/working/patches/64/good/bstar_tk_d2_patch2_3.tif,bstar_tk_d2_patch2_3.tif,good,0,bstar_tk_d2,2,0
/kaggle/working/patches/64/good/Bbox_p22_patch3_1.tif,Bbox_p22_patch3_1.tif,good,0,Bbox_p22,1,0
/kaggle/working/patches/64/good/p23_patch2_0.tif,p23_patch2_0.tif,good,0,p23,4,0
/kaggle/working/patches/64/good/bstar_he_d2_patch3_0.tif,bstar_he_d2_patch3_0.tif,good,0,bstar_he_d2,0,0
/kaggle/working/patches/64/good/p25_patch3_2.tif,p25_patch3_2.tif,good,0,p25,4,0
/kaggle/working/patches/64/good/bstar_he_d5_patch0_0.tif,bstar_he_d5_patch0_0.tif,good,0,bstar_he_d5,4,0
/kaggle/working/patches/64/good/bstar_bn_d3_patch1_3.tif,bstar_bn_d3_patch1_3.tif,good,0,bstar_bn_d3,4,0
/kaggle/working/patches/64/good/Bbox_tk_d5_patch3_1.tif,Bbox_tk_d5_patch3_1.tif,good,0,Bbox_tk_d5,4,0
/kaggle/working/patches/64/good/p20_patch0_2.tif,p20_patch0_2.tif,good,0,p20,3,0
/kaggle/working/patches/64/good/h4_patch3_3.tif,h4_patch3_3.tif,good,0,h4,1,0
/kaggle/working/patches/64/good/bstar_bn_d1_patch1_2.tif,bstar_bn_d1_patch1_2.tif,good,0,bstar_bn_d1,1,0
/kaggle/working/patches/64/good/bstar_nn_d2_patch2_3.tif,bstar_nn_d2_patch2_3.tif,good,0,bstar_nn_d2,3,0
/kaggle/working/patches/64/good/p5_patch3_0.tif,p5_patch3_0.tif,good,0,p5,4,0
/kaggle/working/patches/64/good/p18_patch0_2.tif,p18_patch0_2.tif,good,0,p18,3,0
/kaggle/working/patches/64/good/p14_patch3_3.tif,p14_patch3_3.tif,good,0,p14,2,0
/kaggle/working/patches/64/good/bstar_tk_d4_patch0_3.tif,bstar_tk_d4_patch0_3.tif,good,0,bstar_tk_d4,2,0
/kaggle/working/patches/64/good/Bbox_p27_patch2_0.tif,Bbox_p27_patch2_0.tif,good,0,Bbox_p27,3,0
/kaggle/working/patches/64/good/bstar_tk_d2_patch0_2.tif,bstar_tk_d2_patch0_2.tif,good,0,bstar_tk_d2,2,0
/kaggle/working/patches/64/good/bstar_bn_d4_patch0_2.tif,bstar_bn_d4_patch0_2.tif,good,0,bstar_bn_d4,3,0
/kaggle/working/patches/64/good/p11_patch3_3.tif,p11_patch3_3.tif,good,0,p11,4,0
/kaggle/working/patches/64/good/bstar_nn_d2_patch3_0.tif,bstar_nn_d2_patch3_0.tif,good,0,bstar_nn_d2,3,0
/kaggle/working/patches/64/good/bstar_p20_patch2_2.tif,bstar_p20_patch2_2.tif,good,0,bstar_p20,1,0
/kaggle/working/patches/64/good/Bbox_p6_patch0_2.tif,Bbox_p6_patch0_2.tif,good,0,Bbox_p6,1,0
/kaggle/working/patches/64/good/bstar_p13_patch3_2.tif,bstar_p13_patch3_2.tif,good,0,bstar_p13,1,0
/kaggle/working/patches/64/good/Bbox_he_d4_patch3_2.tif,Bbox_he_d4_patch3_2.tif,good,0,Bbox_he_d4,0,0
/kaggle/working/patches/64/good/Bbox_p24_patch3_2.tif,Bbox_p24_patch3_2.tif,good,0,Bbox_p24,4,0
/kaggle/working/patches/64/good/Bbox_p2_patch3_2.tif,Bbox_p2_patch3_2.tif,good,0,Bbox_p2,2,0
/kaggle/working/patches/64/good/h2_patch1_3.tif,h2_patch1_3.tif,good,0,h2,2,0
/kaggle/working/patches/64/good/bstar_p2_patch3_2.tif,bstar_p2_patch3_2.tif,good,0,bstar_p2,0,0
/kaggle/working/patches/64/good/bstar_he_d5_patch3_3.tif,bstar_he_d5_patch3_3.tif,good,0,bstar_he_d5,4,0
/kaggle/working/patches/64/good/p21_patch3_0.tif,p21_patch3_0.tif,good,0,p21,1,0
/kaggle/working/patches/64/good/b3_patch1_3.tif,b3_patch1_3.tif,good,0,b3,0,0
/kaggle/working/patches/64/good/Bbox_p4_patch0_1.tif,Bbox_p4_patch0_1.tif,good,0,Bbox_p4,0,0
/kaggle/working/patches/64/good/bstar_p8_patch0_2.tif,bstar_p8_patch0_2.tif,good,0,bstar_p8,4,0
/kaggle/working/patches/64/good/Bbox_p23_patch0_0.tif,Bbox_p23_patch0_0.tif,good,0,Bbox_p23,3,0
/kaggle/working/patches/64/good/p4_patch1_2.tif,p4_patch1_2.tif,good,0,p4,3,0
/kaggle/working/patches/64/good/bstar_p25_patch0_0.tif,bstar_p25_patch0_0.tif,good,0,bstar_p25,2,0
/kaggle/working/patches/64/good/p25_patch1_1.tif,p25_patch1_1.tif,good,0,p25,4,0
/kaggle/working/patches/64/good/b1_patch0_1.tif,b1_patch0_1.tif,good,0,b1,3,0
/kaggle/working/patches/64/good/bstar_nn_d5_patch0_0.tif,bstar_nn_d5_patch0_0.tif,good,0,bstar_nn_d5,2,0
/kaggle/working/patches/64/good/Bbox_tn_d2_patch0_3.tif,Bbox_tn_d2_patch0_3.tif,good,0,Bbox_tn_d2,1,0
/kaggle/working/patches/64/good/p11_patch1_2.tif,p11_patch1_2.tif,good,0,p11,4,0
/kaggle/working/patches/64/good/bstar_p24_patch2_2.tif,bstar_p24_patch2_2.tif,good,0,bstar_p24,2,0
/kaggle/working/patches/64/good/p5_patch2_1.tif,p5_patch2_1.tif,good,0,p5,4,0
/kaggle/working/patches/64/good/bstar_p14_patch3_0.tif,bstar_p14_patch3_0.tif,good,0,bstar_p14,3,0
/kaggle/working/patches/64/good/bstar_p22_patch3_2.tif,bstar_p22_patch3_2.tif,good,0,bstar_p22,3,0
/kaggle/working/patches/64/good/p22_patch2_1.tif,p22_patch2_1.tif,good,0,p22,2,0
/kaggle/working/patches/64/good/bstar_p2_patch3_1.tif,bstar_p2_patch3_1.tif,good,0,bstar_p2,0,0
/kaggle/working/patches/64/good/p1_patch2_1.tif,p1_patch2_1.tif,good,0,p1,4,0
/kaggle/working/patches/64/good/Bbox_p21_patch0_1.tif,Bbox_p21_patch0_1.tif,good,0,Bbox_p21,4,0
/kaggle/working/patches/64/good/bstar_tk_d2_patch3_0.tif,bstar_tk_d2_patch3_0.tif,good,0,bstar_tk_d2,2,0
/kaggle/working/patches/64/good/p2_patch3_1.tif,p2_patch3_1.tif,good,0,p2,1,0
/kaggle/working/patches/64/good/p18_patch0_1.tif,p18_patch0_1.tif,good,0,p18,3,0
/kaggle/working/patches/64/good/Bbox_nn_d2_patch3_2.tif,Bbox_nn_d2_patch3_2.tif,good,0,Bbox_nn_d2,1,0
/kaggle/working/patches/64/good/tt3_patch1_3.tif,tt3_patch1_3.tif,good,0,tt3,2,0
/kaggle/working/patches/64/good/p14_patch1_0.tif,p14_patch1_0.tif,good,0,p14,2,0
/kaggle/working/patches/64/good/Bbox_p18_patch3_1.tif,Bbox_p18_patch3_1.tif,good,0,Bbox_p18,0,0
/kaggle/working/patches/64/good/n5_patch2_1.tif,n5_patch2_1.tif,good,0,n5,2,0
/kaggle/working/patches/64/good/p28_patch3_3.tif,p28_patch3_3.tif,good,0,p28,1,0
/kaggle/working/patches/64/good/Bbox_p10_patch1_0.tif,Bbox_p10_patch1_0.tif,good,0,Bbox_p10,2,0
/kaggle/working/patches/64/good/p12_patch0_3.tif,p12_patch0_3.tif,good,0,p12,0,0
/kaggle/working/patches/64/good/p30_patch2_2.tif,p30_patch2_2.tif,good,0,p30,1,0
/kaggle/working/patches/64/good/bstar_bn_d5_patch0_3.tif,bstar_bn_d5_patch0_3.tif,good,0,bstar_bn_d5,4,0
/kaggle/working/patches/64/good/bstar_p15_patch3_0.tif,bstar_p15_patch3_0.tif,good,0,bstar_p15,3,0
/kaggle/working/patches/64/good/Bbox_tk_d5_patch1_0.tif,Bbox_tk_d5_patch1_0.tif,good,0,Bbox_tk_d5,4,0
/kaggle/working/patches/64/good/bstar_p13_patch2_3.tif,bstar_p13_patch2_3.tif,good,0,bstar_p13,1,0
/kaggle/working/patches/64/good/Bbox_p18_patch0_2.tif,Bbox_p18_patch0_2.tif,good,0,Bbox_p18,0,0
/kaggle/working/patches/64/good/bstar_nn_d2_patch3_2.tif,bstar_nn_d2_patch3_2.tif,good,0,bstar_nn_d2,3,0
/kaggle/working/patches/64/good/Bbox_nn_d4_patch0_1.tif,Bbox_nn_d4_patch0_1.tif,good,0,Bbox_nn_d4,2,0
/kaggle/working/patches/64/good/p18_patch1_1.tif,p18_patch1_1.tif,good,0,p18,3,0
/kaggle/working/patches/64/good/bstar_p17_patch0_1.tif,bstar_p17_patch0_1.tif,good,0,bstar_p17,0,0
/kaggle/working/patches/64/good/Bbox_p4_patch2_3.tif,Bbox_p4_patch2_3.tif,good,0,Bbox_p4,0,0
/kaggle/working/patches/64/good/bstar_p2_patch1_2.tif,bstar_p2_patch1_2.tif,good,0,bstar_p2,0,0
/kaggle/working/patches/64/good/p7_patch3_2.tif,p7_patch3_2.tif,good,0,p7,2,0
/kaggle/working/patches/64/good/Bbox_p1_patch2_3.tif,Bbox_p1_patch2_3.tif,good,0,Bbox_p1,0,0
/kaggle/working/patches/64/good/bstar_p6_patch2_3.tif,bstar_p6_patch2_3.tif,good,0,bstar_p6,1,0
/kaggle/working/patches/64/good/p11_patch2_3.tif,p11_patch2_3.tif,good,0,p11,4,0
/kaggle/working/patches/64/good/Bbox_bn_d1_patch3_2.tif,Bbox_bn_d1_patch3_2.tif,good,0,Bbox_bn_d1,0,0
/kaggle/working/patches/64/good/Bbox_p21_patch0_0.tif,Bbox_p21_patch0_0.tif,good,0,Bbox_p21,4,0
/kaggle/working/patches/64/good/p26_patch3_2.tif,p26_patch3_2.tif,good,0,p26,4,0
/kaggle/working/patches/64/good/Bbox_tk_d1_patch3_1.tif,Bbox_tk_d1_patch3_1.tif,good,0,Bbox_tk_d1,2,0
/kaggle/working/patches/64/good/Bbox_p8_patch1_1.tif,Bbox_p8_patch1_1.tif,good,0,Bbox_p8,4,0
/kaggle/working/patches/64/good/tt3_patch1_2.tif,tt3_patch1_2.tif,good,0,tt3,2,0
/kaggle/working/patches/64/good/Bbox_p14_patch3_1.tif,Bbox_p14_patch3_1.tif,good,0,Bbox_p14,3,0
/kaggle/working/patches/64/good/p7_patch0_2.tif,p7_patch0_2.tif,good,0,p7,2,0
/kaggle/working/patches/64/good/Bbox_p20_patch2_3.tif,Bbox_p20_patch2_3.tif,good,0,Bbox_p20,2,0
/kaggle/working/patches/64/good/bstar_p15_patch2_3.tif,bstar_p15_patch2_3.tif,good,0,bstar_p15,3,0
/kaggle/working/patches/64/good/Bbox_p26_patch1_2.tif,Bbox_p26_patch1_2.tif,good,0,Bbox_p26,3,0
/kaggle/working/patches/64/good/p8_patch1_3.tif,p8_patch1_3.tif,good,0,p8,2,0
/kaggle/working/patches/64/good/bstar_nn_d3_patch2_1.tif,bstar_nn_d3_patch2_1.tif,good,0,bstar_nn_d3,0,0
/kaggle/working/patches/64/good/Bbox_p20_patch2_0.tif,Bbox_p20_patch2_0.tif,good,0,Bbox_p20,2,0
/kaggle/working/patches/64/good/Bbox_p7_patch0_0.tif,Bbox_p7_patch0_0.tif,good,0,Bbox_p7,2,0
/kaggle/working/patches/64/good/bstar_bn_d5_patch0_0.tif,bstar_bn_d5_patch0_0.tif,good,0,bstar_bn_d5,4,0
/kaggle/working/patches/64/good/Bbox_p4_patch3_1.tif,Bbox_p4_patch3_1.tif,good,0,Bbox_p4,0,0
/kaggle/working/patches/64/good/bstar_tn_d5_patch1_3.tif,bstar_tn_d5_patch1_3.tif,good,0,bstar_tn_d5,0,0
/kaggle/working/patches/64/good/bstar_p20_patch3_1.tif,bstar_p20_patch3_1.tif,good,0,bstar_p20,1,0
/kaggle/working/patches/64/good/bstar_he_d1_patch3_2.tif,bstar_he_d1_patch3_2.tif,good,0,bstar_he_d1,1,0
/kaggle/working/patches/64/good/n2_patch2_1.tif,n2_patch2_1.tif,good,0,n2,3,0
/kaggle/working/patches/64/good/Bbox_bn_d2_patch1_0.tif,Bbox_bn_d2_patch1_0.tif,good,0,Bbox_bn_d2,2,0
/kaggle/working/patches/64/good/Bbox_he_d4_patch1_3.tif,Bbox_he_d4_patch1_3.tif,good,0,Bbox_he_d4,0,0
/kaggle/working/patches/64/good/bstar_he_d5_patch2_1.tif,bstar_he_d5_patch2_1.tif,good,0,bstar_he_d5,4,0
/kaggle/working/patches/64/good/Bbox_tk_d6_patch2_3.tif,Bbox_tk_d6_patch2_3.tif,good,0,Bbox_tk_d6,0,0
/kaggle/working/patches/64/good/Bbox_p17_patch0_2.tif,Bbox_p17_patch0_2.tif,good,0,Bbox_p17,4,0
/kaggle/working/patches/64/good/Bbox_nn_d1_patch0_2.tif,Bbox_nn_d1_patch0_2.tif,good,0,Bbox_nn_d1,2,0
/kaggle/working/patches/64/good/bstar_p10_patch0_2.tif,bstar_p10_patch0_2.tif,good,0,bstar_p10,4,0
/kaggle/working/patches/64/good/p15_patch1_3.tif,p15_patch1_3.tif,good,0,p15,1,0
/kaggle/working/patches/64/good/bstar_p8_patch1_1.tif,bstar_p8_patch1_1.tif,good,0,bstar_p8,4,0
/kaggle/working/patches/64/good/bstar_p4_patch3_0.tif,bstar_p4_patch3_0.tif,good,0,bstar_p4,0,0
/kaggle/working/patches/64/good/h2_patch2_3.tif,h2_patch2_3.tif,good,0,h2,2,0
/kaggle/working/patches/64/good/bstar_p17_patch0_0.tif,bstar_p17_patch0_0.tif,good,0,bstar_p17,0,0
/kaggle/working/patches/64/good/bstar_bn_d1_patch1_3.tif,bstar_bn_d1_patch1_3.tif,good,0,bstar_bn_d1,1,0
/kaggle/working/patches/64/good/p27_patch1_1.tif,p27_patch1_1.tif,good,0,p27,2,0
/kaggle/working/patches/64/good/bstar_p7_patch2_3.tif,bstar_p7_patch2_3.tif,good,0,bstar_p7,0,0
/kaggle/working/patches/64/good/Bbox_p28_patch2_0.tif,Bbox_p28_patch2_0.tif,good,0,Bbox_p28,4,0
/kaggle/working/patches/64/good/bstar_tk_d5_patch2_2.tif,bstar_tk_d5_patch2_2.tif,good,0,bstar_tk_d5,3,0
/kaggle/working/patches/64/good/b3_patch0_0.tif,b3_patch0_0.tif,good,0,b3,0,0
/kaggle/working/patches/64/good/Bbox_p28_patch1_0.tif,Bbox_p28_patch1_0.tif,good,0,Bbox_p28,4,0
/kaggle/working/patches/64/good/bstar_bn_d5_patch3_3.tif,bstar_bn_d5_patch3_3.tif,good,0,bstar_bn_d5,4,0
/kaggle/working/patches/64/good/Bbox_he_d5_patch3_2.tif,Bbox_he_d5_patch3_2.tif,good,0,Bbox_he_d5,0,0
/kaggle/working/patches/64/good/b2_patch3_0.tif,b2_patch3_0.tif,good,0,b2,4,0
/kaggle/working/patches/64/good/p22_patch0_1.tif,p22_patch0_1.tif,good,0,p22,2,0
/kaggle/working/patches/64/good/bstar_p15_patch2_1.tif,bstar_p15_patch2_1.tif,good,0,bstar_p15,3,0
/kaggle/working/patches/64/good/bstar_tn_d1_patch2_1.tif,bstar_tn_d1_patch2_1.tif,good,0,bstar_tn_d1,2,0
/kaggle/working/patches/64/good/Bbox_p21_patch1_0.tif,Bbox_p21_patch1_0.tif,good,0,Bbox_p21,4,0
/kaggle/working/patches/64/good/Bbox_p25_patch3_2.tif,Bbox_p25_patch3_2.tif,good,0,Bbox_p25,3,0
/kaggle/working/patches/64/good/bstar_p9_patch0_2.tif,bstar_p9_patch0_2.tif,good,0,bstar_p9,0,0
/kaggle/working/patches/64/good/bstar_tn_d4_patch3_2.tif,bstar_tn_d4_patch3_2.tif,good,0,bstar_tn_d4,4,0
/kaggle/working/patches/64/good/p1_patch2_2.tif,p1_patch2_2.tif,good,0,p1,4,0
/kaggle/working/patches/64/good/bstar_p2_patch0_0.tif,bstar_p2_patch0_0.tif,good,0,bstar_p2,0,0
/kaggle/working/patches/64/good/bstar_nn_d3_patch2_2.tif,bstar_nn_d3_patch2_2.tif,good,0,bstar_nn_d3,0,0
/kaggle/working/patches/64/good/p14_patch1_1.tif,p14_patch1_1.tif,good,0,p14,2,0
/kaggle/working/patches/64/good/t4_patch2_0.tif,t4_patch2_0.tif,good,0,t4,2,0
/kaggle/working/patches/64/good/Bbox_p22_patch0_2.tif,Bbox_p22_patch0_2.tif,good,0,Bbox_p22,1,0
/kaggle/working/patches/64/good/bstar_p12_patch3_1.tif,bstar_p12_patch3_1.tif,good,0,bstar_p12,2,0
/kaggle/working/patches/64/good/Bbox_bn_d5_patch3_3.tif,Bbox_bn_d5_patch3_3.tif,good,0,Bbox_bn_d5,3,0
/kaggle/working/patches/64/good/bstar_tn_d1_patch2_2.tif,bstar_tn_d1_patch2_2.tif,good,0,bstar_tn_d1,2,0
/kaggle/working/patches/64/good/tt3_patch0_1.tif,tt3_patch0_1.tif,good,0,tt3,2,0
/kaggle/working/patches/64/good/k5_patch1_0.tif,k5_patch1_0.tif,good,0,k5,2,0
/kaggle/working/patches/64/good/n4_patch2_1.tif,n4_patch2_1.tif,good,0,n4,3,0
/kaggle/working/patches/64/good/bstar_p6_patch2_0.tif,bstar_p6_patch2_0.tif,good,0,bstar_p6,1,0
/kaggle/working/patches/64/good/bstar_bn_d2_patch1_3.tif,bstar_bn_d2_patch1_3.tif,good,0,bstar_bn_d2,3,0
/kaggle/working/patches/64/good/Bbox_p14_patch2_0.tif,Bbox_p14_patch2_0.tif,good,0,Bbox_p14,3,0
/kaggle/working/patches/64/good/bstar_tn_d2_patch1_3.tif,bstar_tn_d2_patch1_3.tif,good,0,bstar_tn_d2,4,0
/kaggle/working/patches/64/good/p28_patch1_3.tif,p28_patch1_3.tif,good,0,p28,1,0
/kaggle/working/patches/64/good/Bbox_p27_patch0_1.tif,Bbox_p27_patch0_1.tif,good,0,Bbox_p27,3,0
/kaggle/working/patches/64/good/Bbox_bn_d2_patch3_0.tif,Bbox_bn_d2_patch3_0.tif,good,0,Bbox_bn_d2,2,0
/kaggle/working/patches/64/good/bstar_tk_d4_patch0_2.tif,bstar_tk_d4_patch0_2.tif,good,0,bstar_tk_d4,2,0
/kaggle/working/patches/64/good/bstar_p23_patch3_0.tif,bstar_p23_patch3_0.tif,good,0,bstar_p23,3,0
/kaggle/working/patches/64/good/Bbox_p6_patch0_1.tif,Bbox_p6_patch0_1.tif,good,0,Bbox_p6,1,0
/kaggle/working/patches/64/good/bstar_tk_d3_patch1_1.tif,bstar_tk_d3_patch1_1.tif,good,0,bstar_tk_d3,2,0
/kaggle/working/patches/64/good/bstar_nn_d4_patch3_2.tif,bstar_nn_d4_patch3_2.tif,good,0,bstar_nn_d4,1,0
/kaggle/working/patches/64/good/bstar_p22_patch1_2.tif,bstar_p22_patch1_2.tif,good,0,bstar_p22,3,0
/kaggle/working/patches/64/good/p13_patch2_3.tif,p13_patch2_3.tif,good,0,p13,4,0
/kaggle/working/patches/64/good/bstar_p6_patch1_0.tif,bstar_p6_patch1_0.tif,good,0,bstar_p6,1,0
/kaggle/working/patches/64/good/t5_patch2_2.tif,t5_patch2_2.tif,good,0,t5,3,0
/kaggle/working/patches/64/good/Bbox_p6_patch0_0.tif,Bbox_p6_patch0_0.tif,good,0,Bbox_p6,1,0
/kaggle/working/patches/64/good/Bbox_bn_d2_patch2_0.tif,Bbox_bn_d2_patch2_0.tif,good,0,Bbox_bn_d2,2,0
/kaggle/working/patches/64/good/Bbox_p28_patch1_3.tif,Bbox_p28_patch1_3.tif,good,0,Bbox_p28,4,0
/kaggle/working/patches/64/good/p18_patch0_0.tif,p18_patch0_0.tif,good,0,p18,3,0
/kaggle/working/patches/64/good/p26_patch2_1.tif,p26_patch2_1.tif,good,0,p26,4,0
/kaggle/working/patches/64/good/p6_patch0_0.tif,p6_patch0_0.tif,good,0,p6,0,0
/kaggle/working/patches/64/good/p29_patch2_0.tif,p29_patch2_0.tif,good,0,p29,2,0
/kaggle/working/patches/64/good/p18_patch3_0.tif,p18_patch3_0.tif,good,0,p18,3,0
/kaggle/working/patches/64/good/bstar_p20_patch3_3.tif,bstar_p20_patch3_3.tif,good,0,bstar_p20,1,0
/kaggle/working/patches/64/good/bstar_he_d2_patch0_2.tif,bstar_he_d2_patch0_2.tif,good,0,bstar_he_d2,0,0
/kaggle/working/patches/64/good/Bbox_p24_patch1_3.tif,Bbox_p24_patch1_3.tif,good,0,Bbox_p24,4,0
/kaggle/working/patches/64/good/Bbox_tk_d6_patch3_1.tif,Bbox_tk_d6_patch3_1.tif,good,0,Bbox_tk_d6,0,0
/kaggle/working/patches/64/good/p22_patch3_1.tif,p22_patch3_1.tif,good,0,p22,2,0
/kaggle/working/patches/64/good/k2_patch1_2.tif,k2_patch1_2.tif,good,0,k2,1,0
/kaggle/working/patches/64/good/p24_patch3_3.tif,p24_patch3_3.tif,good,0,p24,0,0
/kaggle/working/patches/64/good/bstar_bn_d4_patch2_2.tif,bstar_bn_d4_patch2_2.tif,good,0,bstar_bn_d4,3,0
/kaggle/working/patches/64/good/Bbox_p18_patch3_0.tif,Bbox_p18_patch3_0.tif,good,0,Bbox_p18,0,0
/kaggle/working/patches/64/good/bstar_tk_d3_patch3_3.tif,bstar_tk_d3_patch3_3.tif,good,0,bstar_tk_d3,2,0
/kaggle/working/patches/64/good/p23_patch0_3.tif,p23_patch0_3.tif,good,0,p23,4,0
/kaggle/working/patches/64/good/bstar_he_d1_patch1_2.tif,bstar_he_d1_patch1_2.tif,good,0,bstar_he_d1,1,0
/kaggle/working/patches/64/good/p18_patch1_0.tif,p18_patch1_0.tif,good,0,p18,3,0
/kaggle/working/patches/64/good/Bbox_bn_d2_patch2_2.tif,Bbox_bn_d2_patch2_2.tif,good,0,Bbox_bn_d2,2,0
/kaggle/working/patches/64/good/Bbox_p11_patch1_0.tif,Bbox_p11_patch1_0.tif,good,0,Bbox_p11,1,0
/kaggle/working/patches/64/good/Bbox_p9_patch3_0.tif,Bbox_p9_patch3_0.tif,good,0,Bbox_p9,0,0
/kaggle/working/patches/64/good/k1_patch0_0.tif,k1_patch0_0.tif,good,0,k1,3,0
/kaggle/working/patches/64/good/bstar_bn_d1_patch3_1.tif,bstar_bn_d1_patch3_1.tif,good,0,bstar_bn_d1,1,0
/kaggle/working/patches/64/good/tt4_patch0_0.tif,tt4_patch0_0.tif,good,0,tt4,4,0
/kaggle/working/patches/64/good/Bbox_p20_patch3_3.tif,Bbox_p20_patch3_3.tif,good,0,Bbox_p20,2,0
/kaggle/working/patches/64/good/bstar_bn_d4_patch3_1.tif,bstar_bn_d4_patch3_1.tif,good,0,bstar_bn_d4,3,0
/kaggle/working/patches/64/good/bstar_p2_patch1_1.tif,bstar_p2_patch1_1.tif,good,0,bstar_p2,0,0
/kaggle/working/patches/64/good/Bbox_bn_d5_patch1_0.tif,Bbox_bn_d5_patch1_0.tif,good,0,Bbox_bn_d5,3,0
/kaggle/working/patches/64/good/Bbox_p12_patch1_0.tif,Bbox_p12_patch1_0.tif,good,0,Bbox_p12,0,0
/kaggle/working/patches/64/good/k4_patch1_0.tif,k4_patch1_0.tif,good,0,k4,0,0
/kaggle/working/patches/64/good/Bbox_p11_patch0_2.tif,Bbox_p11_patch0_2.tif,good,0,Bbox_p11,1,0
/kaggle/working/patches/64/good/p8_patch3_1.tif,p8_patch3_1.tif,good,0,p8,2,0
/kaggle/working/patches/64/good/tt5_patch0_0.tif,tt5_patch0_0.tif,good,0,tt5,0,0
/kaggle/working/patches/64/good/Bbox_tk_d4_patch3_2.tif,Bbox_tk_d4_patch3_2.tif,good,0,Bbox_tk_d4,3,0
/kaggle/working/patches/64/good/p20_patch3_1.tif,p20_patch3_1.tif,good,0,p20,3,0
/kaggle/working/patches/64/good/bstar_p18_patch1_1.tif,bstar_p18_patch1_1.tif,good,0,bstar_p18,4,0
/kaggle/working/patches/64/good/Bbox_p7_patch3_1.tif,Bbox_p7_patch3_1.tif,good,0,Bbox_p7,2,0
/kaggle/working/patches/64/good/p9_patch1_0.tif,p9_patch1_0.tif,good,0,p9,4,0
/kaggle/working/patches/64/good/p19_patch0_2.tif,p19_patch0_2.tif,good,0,p19,0,0
/kaggle/working/patches/64/good/Bbox_p4_patch1_1.tif,Bbox_p4_patch1_1.tif,good,0,Bbox_p4,0,0
/kaggle/working/patches/64/good/p12_patch3_3.tif,p12_patch3_3.tif,good,0,p12,0,0
/kaggle/working/patches/64/good/p21_patch3_3.tif,p21_patch3_3.tif,good,0,p21,1,0
/kaggle/working/patches/64/good/t5_patch3_3.tif,t5_patch3_3.tif,good,0,t5,3,0
/kaggle/working/patches/64/good/tt4_patch2_2.tif,tt4_patch2_2.tif,good,0,tt4,4,0
/kaggle/working/patches/64/good/Bbox_p29_patch2_2.tif,Bbox_p29_patch2_2.tif,good,0,Bbox_p29,1,0
/kaggle/working/patches/64/good/p24_patch3_0.tif,p24_patch3_0.tif,good,0,p24,0,0
/kaggle/working/patches/64/good/bstar_p18_patch0_2.tif,bstar_p18_patch0_2.tif,good,0,bstar_p18,4,0
/kaggle/working/patches/64/good/Bbox_p8_patch2_2.tif,Bbox_p8_patch2_2.tif,good,0,Bbox_p8,4,0
/kaggle/working/patches/64/good/k1_patch2_1.tif,k1_patch2_1.tif,good,0,k1,3,0
/kaggle/working/patches/64/good/bstar_p5_patch1_2.tif,bstar_p5_patch1_2.tif,good,0,bstar_p5,1,0
/kaggle/working/patches/64/good/p7_patch3_1.tif,p7_patch3_1.tif,good,0,p7,2,0
/kaggle/working/patches/64/good/k4_patch2_1.tif,k4_patch2_1.tif,good,0,k4,0,0
/kaggle/working/patches/64/good/bstar_tk_d1_patch1_0.tif,bstar_tk_d1_patch1_0.tif,good,0,bstar_tk_d1,4,0
/kaggle/working/patches/64/good/Bbox_tk_d3_patch3_2.tif,Bbox_tk_d3_patch3_2.tif,good,0,Bbox_tk_d3,4,0
/kaggle/working/patches/64/good/bstar_p16_patch3_2.tif,bstar_p16_patch3_2.tif,good,0,bstar_p16,4,0
/kaggle/working/patches/64/good/b5_patch3_1.tif,b5_patch3_1.tif,good,0,b5,2,0
/kaggle/working/patches/64/good/bstar_p7_patch3_2.tif,bstar_p7_patch3_2.tif,good,0,bstar_p7,0,0
/kaggle/working/patches/64/good/bstar_tn_d1_patch0_0.tif,bstar_tn_d1_patch0_0.tif,good,0,bstar_tn_d1,2,0
/kaggle/working/patches/64/good/bstar_p20_patch3_2.tif,bstar_p20_patch3_2.tif,good,0,bstar_p20,1,0
/kaggle/working/patches/64/good/p30_patch2_0.tif,p30_patch2_0.tif,good,0,p30,1,0
/kaggle/working/patches/64/good/bstar_p19_patch1_2.tif,bstar_p19_patch1_2.tif,good,0,bstar_p19,1,0
/kaggle/working/patches/64/good/bstar_p14_patch2_2.tif,bstar_p14_patch2_2.tif,good,0,bstar_p14,3,0
/kaggle/working/patches/64/good/bstar_p7_patch1_3.tif,bstar_p7_patch1_3.tif,good,0,bstar_p7,0,0
/kaggle/working/patches/64/good/t2_patch1_2.tif,t2_patch1_2.tif,good,0,t2,0,0
/kaggle/working/patches/64/good/bstar_p3_patch3_3.tif,bstar_p3_patch3_3.tif,good,0,bstar_p3,0,0
/kaggle/working/patches/64/good/Bbox_p29_patch1_0.tif,Bbox_p29_patch1_0.tif,good,0,Bbox_p29,1,0
/kaggle/working/patches/64/good/Bbox_tn_d4_patch3_2.tif,Bbox_tn_d4_patch3_2.tif,good,0,Bbox_tn_d4,1,0
/kaggle/working/patches/64/good/bstar_nn_d1_patch3_2.tif,bstar_nn_d1_patch3_2.tif,good,0,bstar_nn_d1,4,0
/kaggle/working/patches/64/good/bstar_bn_d3_patch0_1.tif,bstar_bn_d3_patch0_1.tif,good,0,bstar_bn_d3,4,0
/kaggle/working/patches/64/good/bstar_he_d1_patch0_2.tif,bstar_he_d1_patch0_2.tif,good,0,bstar_he_d1,1,0
/kaggle/working/patches/64/good/Bbox_p12_patch3_1.tif,Bbox_p12_patch3_1.tif,good,0,Bbox_p12,0,0
/kaggle/working/patches/64/good/b1_patch3_1.tif,b1_patch3_1.tif,good,0,b1,3,0
/kaggle/working/patches/64/good/bstar_tk_d1_patch2_2.tif,bstar_tk_d1_patch2_2.tif,good,0,bstar_tk_d1,4,0
/kaggle/working/patches/64/good/Bbox_p1_patch3_3.tif,Bbox_p1_patch3_3.tif,good,0,Bbox_p1,0,0
/kaggle/working/patches/64/good/bstar_p23_patch0_1.tif,bstar_p23_patch0_1.tif,good,0,bstar_p23,3,0
/kaggle/working/patches/64/good/bstar_bn_d4_patch0_3.tif,bstar_bn_d4_patch0_3.tif,good,0,bstar_bn_d4,3,0
/kaggle/working/patches/64/good/bstar_p19_patch3_0.tif,bstar_p19_patch3_0.tif,good,0,bstar_p19,1,0
/kaggle/working/patches/64/good/Bbox_p12_patch2_1.tif,Bbox_p12_patch2_1.tif,good,0,Bbox_p12,0,0
/kaggle/working/patches/64/good/bstar_he_d3_patch3_0.tif,bstar_he_d3_patch3_0.tif,good,0,bstar_he_d3,0,0
/kaggle/working/patches/64/good/bstar_he_d1_patch3_1.tif,bstar_he_d1_patch3_1.tif,good,0,bstar_he_d1,1,0
/kaggle/working/patches/64/good/Bbox_p29_patch3_3.tif,Bbox_p29_patch3_3.tif,good,0,Bbox_p29,1,0
/kaggle/working/patches/64/good/bstar_he_d5_patch0_2.tif,bstar_he_d5_patch0_2.tif,good,0,bstar_he_d5,4,0
/kaggle/working/patches/64/good/Bbox_p27_patch1_3.tif,Bbox_p27_patch1_3.tif,good,0,Bbox_p27,3,0
/kaggle/working/patches/64/good/Bbox_p19_patch1_2.tif,Bbox_p19_patch1_2.tif,good,0,Bbox_p19,3,0
/kaggle/working/patches/64/good/Bbox_bn_d4_patch2_2.tif,Bbox_bn_d4_patch2_2.tif,good,0,Bbox_bn_d4,2,0
/kaggle/working/patches/64/good/bstar_p12_patch2_1.tif,bstar_p12_patch2_1.tif,good,0,bstar_p12,2,0
/kaggle/working/patches/64/good/n2_patch3_2.tif,n2_patch3_2.tif,good,0,n2,3,0
/kaggle/working/patches/64/good/p20_patch1_2.tif,p20_patch1_2.tif,good,0,p20,3,0
/kaggle/working/patches/64/good/Bbox_p15_patch3_0.tif,Bbox_p15_patch3_0.tif,good,0,Bbox_p15,4,0
/kaggle/working/patches/64/good/t2_patch0_1.tif,t2_patch0_1.tif,good,0,t2,0,0
/kaggle/working/patches/64/good/bstar_p8_patch3_0.tif,bstar_p8_patch3_0.tif,good,0,bstar_p8,4,0
/kaggle/working/patches/64/good/Bbox_p20_patch1_2.tif,Bbox_p20_patch1_2.tif,good,0,Bbox_p20,2,0
/kaggle/working/patches/64/good/Bbox_he_d3_patch1_2.tif,Bbox_he_d3_patch1_2.tif,good,0,Bbox_he_d3,0,0
/kaggle/working/patches/64/good/h5_patch1_3.tif,h5_patch1_3.tif,good,0,h5,4,0
/kaggle/working/patches/64/good/Bbox_nn_d5_patch0_0.tif,Bbox_nn_d5_patch0_0.tif,good,0,Bbox_nn_d5,4,0
/kaggle/working/patches/64/good/Bbox_p10_patch1_2.tif,Bbox_p10_patch1_2.tif,good,0,Bbox_p10,2,0
/kaggle/working/patches/64/good/Bbox_tn_d3_patch1_3.tif,Bbox_tn_d3_patch1_3.tif,good,0,Bbox_tn_d3,0,0
/kaggle/working/patches/64/good/Bbox_p14_patch0_0.tif,Bbox_p14_patch0_0.tif,good,0,Bbox_p14,3,0
/kaggle/working/patches/64/good/Bbox_tk_d1_patch2_1.tif,Bbox_tk_d1_patch2_1.tif,good,0,Bbox_tk_d1,2,0
/kaggle/working/patches/64/good/bstar_p25_patch1_1.tif,bstar_p25_patch1_1.tif,good,0,bstar_p25,2,0
/kaggle/working/patches/64/good/t1_patch2_1.tif,t1_patch2_1.tif,good,0,t1,1,0
/kaggle/working/patches/64/good/bstar_p18_patch2_3.tif,bstar_p18_patch2_3.tif,good,0,bstar_p18,4,0
/kaggle/working/patches/64/good/Bbox_tk_d3_patch0_0.tif,Bbox_tk_d3_patch0_0.tif,good,0,Bbox_tk_d3,4,0
/kaggle/working/patches/64/good/Bbox_p17_patch2_2.tif,Bbox_p17_patch2_2.tif,good,0,Bbox_p17,4,0
/kaggle/working/patches/64/good/bstar_tk_d1_patch0_1.tif,bstar_tk_d1_patch0_1.tif,good,0,bstar_tk_d1,4,0
/kaggle/working/patches/64/good/k3_patch2_2.tif,k3_patch2_2.tif,good,0,k3,4,0
/kaggle/working/patches/64/good/n1_patch1_3.tif,n1_patch1_3.tif,good,0,n1,1,0
/kaggle/working/patches/64/good/bstar_bn_d4_patch0_1.tif,bstar_bn_d4_patch0_1.tif,good,0,bstar_bn_d4,3,0
/kaggle/working/patches/64/good/bstar_tk_d1_patch1_2.tif,bstar_tk_d1_patch1_2.tif,good,0,bstar_tk_d1,4,0
/kaggle/working/patches/64/good/Bbox_tk_d6_patch3_2.tif,Bbox_tk_d6_patch3_2.tif,good,0,Bbox_tk_d6,0,0
/kaggle/working/patches/64/good/n1_patch3_2.tif,n1_patch3_2.tif,good,0,n1,1,0
/kaggle/working/patches/64/good/b3_patch0_3.tif,b3_patch0_3.tif,good,0,b3,0,0
/kaggle/working/patches/64/good/bstar_p20_patch2_1.tif,bstar_p20_patch2_1.tif,good,0,bstar_p20,1,0
/kaggle/working/patches/64/good/p7_patch1_3.tif,p7_patch1_3.tif,good,0,p7,2,0
/kaggle/working/patches/64/good/p5_patch0_2.tif,p5_patch0_2.tif,good,0,p5,4,0
/kaggle/working/patches/64/good/p13_patch1_1.tif,p13_patch1_1.tif,good,0,p13,4,0
/kaggle/working/patches/64/good/Bbox_p21_patch1_3.tif,Bbox_p21_patch1_3.tif,good,0,Bbox_p21,4,0
/kaggle/working/patches/64/good/bstar_p1_patch3_1.tif,bstar_p1_patch3_1.tif,good,0,bstar_p1,3,0
/kaggle/working/patches/64/good/Bbox_bn_d3_patch3_0.tif,Bbox_bn_d3_patch3_0.tif,good,0,Bbox_bn_d3,1,0
/kaggle/working/patches/64/good/Bbox_p13_patch1_3.tif,Bbox_p13_patch1_3.tif,good,0,Bbox_p13,1,0
/kaggle/working/patches/64/good/Bbox_nn_d3_patch3_0.tif,Bbox_nn_d3_patch3_0.tif,good,0,Bbox_nn_d3,3,0
/kaggle/working/patches/64/good/Bbox_p22_patch1_1.tif,Bbox_p22_patch1_1.tif,good,0,Bbox_p22,1,0
/kaggle/working/patches/64/good/k3_patch2_1.tif,k3_patch2_1.tif,good,0,k3,4,0
/kaggle/working/patches/64/good/p14_patch2_0.tif,p14_patch2_0.tif,good,0,p14,2,0
/kaggle/working/patches/64/good/Bbox_bn_d5_patch2_3.tif,Bbox_bn_d5_patch2_3.tif,good,0,Bbox_bn_d5,3,0
/kaggle/working/patches/64/good/bstar_p14_patch1_3.tif,bstar_p14_patch1_3.tif,good,0,bstar_p14,3,0
/kaggle/working/patches/64/good/p14_patch0_2.tif,p14_patch0_2.tif,good,0,p14,2,0
/kaggle/working/patches/64/good/tt1_patch2_1.tif,tt1_patch2_1.tif,good,0,tt1,1,0
/kaggle/working/patches/64/good/bstar_p4_patch0_1.tif,bstar_p4_patch0_1.tif,good,0,bstar_p4,0,0
/kaggle/working/patches/64/good/p23_patch1_3.tif,p23_patch1_3.tif,good,0,p23,4,0
/kaggle/working/patches/64/good/Bbox_p13_patch1_1.tif,Bbox_p13_patch1_1.tif,good,0,Bbox_p13,1,0
/kaggle/working/patches/64/good/Bbox_p15_patch1_3.tif,Bbox_p15_patch1_3.tif,good,0,Bbox_p15,4,0
/kaggle/working/patches/64/good/bstar_bn_d2_patch0_0.tif,bstar_bn_d2_patch0_0.tif,good,0,bstar_bn_d2,3,0
/kaggle/working/patches/64/good/Bbox_p28_patch2_3.tif,Bbox_p28_patch2_3.tif,good,0,Bbox_p28,4,0
/kaggle/working/patches/64/good/bstar_bn_d2_patch2_3.tif,bstar_bn_d2_patch2_3.tif,good,0,bstar_bn_d2,3,0
/kaggle/working/patches/64/good/Bbox_p25_patch1_1.tif,Bbox_p25_patch1_1.tif,good,0,Bbox_p25,3,0
/kaggle/working/patches/64/good/bstar_p11_patch2_0.tif,bstar_p11_patch2_0.tif,good,0,bstar_p11,0,0
/kaggle/working/patches/64/good/bstar_p3_patch3_1.tif,bstar_p3_patch3_1.tif,good,0,bstar_p3,0,0
/kaggle/working/patches/64/good/bstar_tk_d3_patch3_2.tif,bstar_tk_d3_patch3_2.tif,good,0,bstar_tk_d3,2,0
/kaggle/working/patches/64/good/bstar_p24_patch1_2.tif,bstar_p24_patch1_2.tif,good,0,bstar_p24,2,0
/kaggle/working/patches/64/good/Bbox_bn_d2_patch0_2.tif,Bbox_bn_d2_patch0_2.tif,good,0,Bbox_bn_d2,2,0
/kaggle/working/patches/64/good/bstar_bn_d4_patch2_0.tif,bstar_bn_d4_patch2_0.tif,good,0,bstar_bn_d4,3,0
/kaggle/working/patches/64/good/h1_patch2_0.tif,h1_patch2_0.tif,good,0,h1,2,0
/kaggle/working/patches/64/good/Bbox_p17_patch0_0.tif,Bbox_p17_patch0_0.tif,good,0,Bbox_p17,4,0
/kaggle/working/patches/64/good/p20_patch0_3.tif,p20_patch0_3.tif,good,0,p20,3,0
/kaggle/working/patches/64/good/p22_patch2_0.tif,p22_patch2_0.tif,good,0,p22,2,0
/kaggle/working/patches/64/good/bstar_tk_d2_patch0_0.tif,bstar_tk_d2_patch0_0.tif,good,0,bstar_tk_d2,2,0
/kaggle/working/patches/64/good/bstar_bn_d3_patch2_1.tif,bstar_bn_d3_patch2_1.tif,good,0,bstar_bn_d3,4,0
/kaggle/working/patches/64/good/p4_patch2_0.tif,p4_patch2_0.tif,good,0,p4,3,0
/kaggle/working/patches/64/good/Bbox_p7_patch1_1.tif,Bbox_p7_patch1_1.tif,good,0,Bbox_p7,2,0
/kaggle/working/patches/64/good/Bbox_p1_patch0_1.tif,Bbox_p1_patch0_1.tif,good,0,Bbox_p1,0,0
/kaggle/working/patches/64/good/bstar_bn_d5_patch0_2.tif,bstar_bn_d5_patch0_2.tif,good,0,bstar_bn_d5,4,0
/kaggle/working/patches/64/good/p19_patch2_3.tif,p19_patch2_3.tif,good,0,p19,0,0
/kaggle/working/patches/64/good/p19_patch3_3.tif,p19_patch3_3.tif,good,0,p19,0,0
/kaggle/working/patches/64/good/p1_patch1_1.tif,p1_patch1_1.tif,good,0,p1,4,0
/kaggle/working/patches/64/good/Bbox_p26_patch2_3.tif,Bbox_p26_patch2_3.tif,good,0,Bbox_p26,3,0
/kaggle/working/patches/64/good/Bbox_p3_patch2_3.tif,Bbox_p3_patch2_3.tif,good,0,Bbox_p3,1,0
/kaggle/working/patches/64/good/n2_patch3_3.tif,n2_patch3_3.tif,good,0,n2,3,0
/kaggle/working/patches/64/good/Bbox_p3_patch2_1.tif,Bbox_p3_patch2_1.tif,good,0,Bbox_p3,1,0
/kaggle/working/patches/64/good/bstar_p14_patch1_2.tif,bstar_p14_patch1_2.tif,good,0,bstar_p14,3,0
/kaggle/working/patches/64/good/p11_patch0_0.tif,p11_patch0_0.tif,good,0,p11,4,0
/kaggle/working/patches/64/good/Bbox_p28_patch0_0.tif,Bbox_p28_patch0_0.tif,good,0,Bbox_p28,4,0
/kaggle/working/patches/64/good/Bbox_p10_patch0_2.tif,Bbox_p10_patch0_2.tif,good,0,Bbox_p10,2,0
/kaggle/working/patches/64/good/p16_patch1_1.tif,p16_patch1_1.tif,good,0,p16,3,0
/kaggle/working/patches/64/good/p6_patch3_2.tif,p6_patch3_2.tif,good,0,p6,0,0
/kaggle/working/patches/64/good/b3_patch3_2.tif,b3_patch3_2.tif,good,0,b3,0,0
/kaggle/working/patches/64/good/bstar_p19_patch3_3.tif,bstar_p19_patch3_3.tif,good,0,bstar_p19,1,0
/kaggle/working/patches/64/good/tt4_patch1_1.tif,tt4_patch1_1.tif,good,0,tt4,4,0
/kaggle/working/patches/64/good/k5_patch2_0.tif,k5_patch2_0.tif,good,0,k5,2,0
/kaggle/working/patches/64/good/h3_patch2_2.tif,h3_patch2_2.tif,good,0,h3,3,0
/kaggle/working/patches/64/good/tt4_patch1_0.tif,tt4_patch1_0.tif,good,0,tt4,4,0
/kaggle/working/patches/64/good/bstar_p22_patch2_3.tif,bstar_p22_patch2_3.tif,good,0,bstar_p22,3,0
/kaggle/working/patches/64/good/p11_patch3_0.tif,p11_patch3_0.tif,good,0,p11,4,0
/kaggle/working/patches/64/good/bstar_bn_d4_patch3_0.tif,bstar_bn_d4_patch3_0.tif,good,0,bstar_bn_d4,3,0
/kaggle/working/patches/64/good/bstar_p5_patch0_1.tif,bstar_p5_patch0_1.tif,good,0,bstar_p5,1,0
/kaggle/working/patches/64/good/bstar_tk_d5_patch3_2.tif,bstar_tk_d5_patch3_2.tif,good,0,bstar_tk_d5,3,0
/kaggle/working/patches/64/good/k5_patch1_1.tif,k5_patch1_1.tif,good,0,k5,2,0
/kaggle/working/patches/64/good/Bbox_p13_patch0_3.tif,Bbox_p13_patch0_3.tif,good,0,Bbox_p13,1,0
/kaggle/working/patches/64/good/Bbox_he_d3_patch3_1.tif,Bbox_he_d3_patch3_1.tif,good,0,Bbox_he_d3,0,0
/kaggle/working/patches/64/good/p29_patch0_0.tif,p29_patch0_0.tif,good,0,p29,2,0
/kaggle/working/patches/64/good/Bbox_p10_patch0_1.tif,Bbox_p10_patch0_1.tif,good,0,Bbox_p10,2,0
/kaggle/working/patches/64/good/Bbox_tk_d2_patch2_3.tif,Bbox_tk_d2_patch2_3.tif,good,0,Bbox_tk_d2,1,0
/kaggle/working/patches/64/good/h3_patch3_2.tif,h3_patch3_2.tif,good,0,h3,3,0
/kaggle/working/patches/64/good/n5_patch1_0.tif,n5_patch1_0.tif,good,0,n5,2,0
/kaggle/working/patches/64/good/Bbox_tk_d1_patch0_2.tif,Bbox_tk_d1_patch0_2.tif,good,0,Bbox_tk_d1,2,0
/kaggle/working/patches/64/good/Bbox_p20_patch0_2.tif,Bbox_p20_patch0_2.tif,good,0,Bbox_p20,2,0
/kaggle/working/patches/64/good/Bbox_p29_patch3_2.tif,Bbox_p29_patch3_2.tif,good,0,Bbox_p29,1,0
/kaggle/working/patches/64/good/p10_patch0_2.tif,p10_patch0_2.tif,good,0,p10,0,0
/kaggle/working/patches/64/good/t5_patch0_3.tif,t5_patch0_3.tif,good,0,t5,3,0
/kaggle/working/patches/64/good/Bbox_bn_d4_patch0_2.tif,Bbox_bn_d4_patch0_2.tif,good,0,Bbox_bn_d4,2,0
/kaggle/working/patches/64/good/bstar_p17_patch1_2.tif,bstar_p17_patch1_2.tif,good,0,bstar_p17,0,0
/kaggle/working/patches/64/good/bstar_p22_patch3_0.tif,bstar_p22_patch3_0.tif,good,0,bstar_p22,3,0
/kaggle/working/patches/64/good/p28_patch2_1.tif,p28_patch2_1.tif,good,0,p28,1,0
/kaggle/working/patches/64/good/bstar_p5_patch3_1.tif,bstar_p5_patch3_1.tif,good,0,bstar_p5,1,0
/kaggle/working/patches/64/good/Bbox_tk_d2_patch2_0.tif,Bbox_tk_d2_patch2_0.tif,good,0,Bbox_tk_d2,1,0
/kaggle/working/patches/64/good/Bbox_p19_patch2_3.tif,Bbox_p19_patch2_3.tif,good,0,Bbox_p19,3,0
/kaggle/working/patches/64/good/p14_patch1_3.tif,p14_patch1_3.tif,good,0,p14,2,0
/kaggle/working/patches/64/good/p4_patch2_2.tif,p4_patch2_2.tif,good,0,p4,3,0
/kaggle/working/patches/64/good/Bbox_nn_d4_patch2_3.tif,Bbox_nn_d4_patch2_3.tif,good,0,Bbox_nn_d4,2,0
/kaggle/working/patches/64/good/Bbox_p15_patch0_0.tif,Bbox_p15_patch0_0.tif,good,0,Bbox_p15,4,0
/kaggle/working/patches/64/good/t1_patch0_0.tif,t1_patch0_0.tif,good,0,t1,1,0
/kaggle/working/patches/64/good/bstar_p21_patch0_1.tif,bstar_p21_patch0_1.tif,good,0,bstar_p21,2,0
/kaggle/working/patches/64/good/bstar_he_d5_patch1_3.tif,bstar_he_d5_patch1_3.tif,good,0,bstar_he_d5,4,0
/kaggle/working/patches/64/good/Bbox_p7_patch3_2.tif,Bbox_p7_patch3_2.tif,good,0,Bbox_p7,2,0
/kaggle/working/patches/64/good/p16_patch0_1.tif,p16_patch0_1.tif,good,0,p16,3,0
/kaggle/working/patches/64/good/Bbox_he_d2_patch0_1.tif,Bbox_he_d2_patch0_1.tif,good,0,Bbox_he_d2,3,0
/kaggle/working/patches/64/good/n2_patch2_3.tif,n2_patch2_3.tif,good,0,n2,3,0
/kaggle/working/patches/64/good/p9_patch0_3.tif,p9_patch0_3.tif,good,0,p9,4,0
/kaggle/working/patches/64/good/n3_patch3_0.tif,n3_patch3_0.tif,good,0,n3,0,0
/kaggle/working/patches/64/good/Bbox_tk_d6_patch2_0.tif,Bbox_tk_d6_patch2_0.tif,good,0,Bbox_tk_d6,0,0
/kaggle/working/patches/64/good/bstar_p4_patch3_1.tif,bstar_p4_patch3_1.tif,good,0,bstar_p4,0,0
/kaggle/working/patches/64/good/t1_patch3_3.tif,t1_patch3_3.tif,good,0,t1,1,0
/kaggle/working/patches/64/good/p18_patch1_2.tif,p18_patch1_2.tif,good,0,p18,3,0
/kaggle/working/patches/64/good/Bbox_p7_patch2_2.tif,Bbox_p7_patch2_2.tif,good,0,Bbox_p7,2,0
/kaggle/working/patches/64/good/bstar_p19_patch2_1.tif,bstar_p19_patch2_1.tif,good,0,bstar_p19,1,0
/kaggle/working/patches/64/good/b5_patch0_0.tif,b5_patch0_0.tif,good,0,b5,2,0
/kaggle/working/patches/64/good/p24_patch1_1.tif,p24_patch1_1.tif,good,0,p24,0,0
/kaggle/working/patches/64/good/p8_patch0_3.tif,p8_patch0_3.tif,good,0,p8,2,0
/kaggle/working/patches/64/good/Bbox_p17_patch2_1.tif,Bbox_p17_patch2_1.tif,good,0,Bbox_p17,4,0
/kaggle/working/patches/64/good/bstar_p12_patch1_1.tif,bstar_p12_patch1_1.tif,good,0,bstar_p12,2,0
/kaggle/working/patches/64/good/Bbox_bn_d1_patch3_3.tif,Bbox_bn_d1_patch3_3.tif,good,0,Bbox_bn_d1,0,0
/kaggle/working/patches/64/good/p8_patch2_0.tif,p8_patch2_0.tif,good,0,p8,2,0
/kaggle/working/patches/64/good/Bbox_he_d1_patch3_0.tif,Bbox_he_d1_patch3_0.tif,good,0,Bbox_he_d1,4,0
/kaggle/working/patches/64/good/Bbox_p1_patch1_0.tif,Bbox_p1_patch1_0.tif,good,0,Bbox_p1,0,0
/kaggle/working/patches/64/good/Bbox_p26_patch0_2.tif,Bbox_p26_patch0_2.tif,good,0,Bbox_p26,3,0
/kaggle/working/patches/64/good/p25_patch0_1.tif,p25_patch0_1.tif,good,0,p25,4,0
/kaggle/working/patches/64/good/bstar_p8_patch3_1.tif,bstar_p8_patch3_1.tif,good,0,bstar_p8,4,0
/kaggle/working/patches/64/good/n3_patch0_3.tif,n3_patch0_3.tif,good,0,n3,0,0
/kaggle/working/patches/64/good/Bbox_p1_patch1_3.tif,Bbox_p1_patch1_3.tif,good,0,Bbox_p1,0,0
/kaggle/working/patches/64/good/Bbox_nn_d5_patch3_2.tif,Bbox_nn_d5_patch3_2.tif,good,0,Bbox_nn_d5,4,0
/kaggle/working/patches/64/good/n3_patch0_2.tif,n3_patch0_2.tif,good,0,n3,0,0
/kaggle/working/patches/64/good/Bbox_tk_d6_patch3_0.tif,Bbox_tk_d6_patch3_0.tif,good,0,Bbox_tk_d6,0,0
/kaggle/working/patches/64/good/bstar_p13_patch0_0.tif,bstar_p13_patch0_0.tif,good,0,bstar_p13,1,0
/kaggle/working/patches/64/good/bstar_p1_patch0_3.tif,bstar_p1_patch0_3.tif,good,0,bstar_p1,3,0
/kaggle/working/patches/64/good/bstar_tn_d4_patch2_3.tif,bstar_tn_d4_patch2_3.tif,good,0,bstar_tn_d4,4,0
/kaggle/working/patches/64/good/p25_patch2_3.tif,p25_patch2_3.tif,good,0,p25,4,0
/kaggle/working/patches/64/good/Bbox_nn_d5_patch2_1.tif,Bbox_nn_d5_patch2_1.tif,good,0,Bbox_nn_d5,4,0
/kaggle/working/patches/64/good/Bbox_he_d1_patch1_0.tif,Bbox_he_d1_patch1_0.tif,good,0,Bbox_he_d1,4,0
/kaggle/working/patches/64/good/p10_patch3_1.tif,p10_patch3_1.tif,good,0,p10,0,0
/kaggle/working/patches/64/good/Bbox_p30_patch3_1.tif,Bbox_p30_patch3_1.tif,good,0,Bbox_p30,1,0
/kaggle/working/patches/64/good/bstar_he_d3_patch0_3.tif,bstar_he_d3_patch0_3.tif,good,0,bstar_he_d3,0,0
/kaggle/working/patches/64/good/Bbox_p19_patch1_3.tif,Bbox_p19_patch1_3.tif,good,0,Bbox_p19,3,0
/kaggle/working/patches/64/good/p17_patch2_1.tif,p17_patch2_1.tif,good,0,p17,1,0
/kaggle/working/patches/64/good/Bbox_p4_patch1_2.tif,Bbox_p4_patch1_2.tif,good,0,Bbox_p4,0,0
/kaggle/working/patches/64/good/Bbox_p18_patch2_1.tif,Bbox_p18_patch2_1.tif,good,0,Bbox_p18,0,0
/kaggle/working/patches/64/good/bstar_p23_patch0_0.tif,bstar_p23_patch0_0.tif,good,0,bstar_p23,3,0
/kaggle/working/patches/64/good/Bbox_p25_patch2_2.tif,Bbox_p25_patch2_2.tif,good,0,Bbox_p25,3,0
/kaggle/working/patches/64/good/bstar_p16_patch1_1.tif,bstar_p16_patch1_1.tif,good,0,bstar_p16,4,0
/kaggle/working/patches/64/good/p8_patch2_2.tif,p8_patch2_2.tif,good,0,p8,2,0
/kaggle/working/patches/64/good/k5_patch0_0.tif,k5_patch0_0.tif,good,0,k5,2,0
/kaggle/working/patches/64/good/bstar_p23_patch2_3.tif,bstar_p23_patch2_3.tif,good,0,bstar_p23,3,0
/kaggle/working/patches/64/good/Bbox_tn_d1_patch0_0.tif,Bbox_tn_d1_patch0_0.tif,good,0,Bbox_tn_d1,2,0
/kaggle/working/patches/64/good/h2_patch0_3.tif,h2_patch0_3.tif,good,0,h2,2,0
/kaggle/working/patches/64/good/p5_patch0_1.tif,p5_patch0_1.tif,good,0,p5,4,0
/kaggle/working/patches/64/good/bstar_nn_d3_patch3_2.tif,bstar_nn_d3_patch3_2.tif,good,0,bstar_nn_d3,0,0
/kaggle/working/patches/64/good/Bbox_tk_d3_patch3_1.tif,Bbox_tk_d3_patch3_1.tif,good,0,Bbox_tk_d3,4,0
/kaggle/working/patches/64/good/tt1_patch1_2.tif,tt1_patch1_2.tif,good,0,tt1,1,0
/kaggle/working/patches/64/good/k3_patch1_1.tif,k3_patch1_1.tif,good,0,k3,4,0
/kaggle/working/patches/64/good/bstar_p18_patch3_2.tif,bstar_p18_patch3_2.tif,good,0,bstar_p18,4,0
/kaggle/working/patches/64/good/Bbox_p14_patch2_2.tif,Bbox_p14_patch2_2.tif,good,0,Bbox_p14,3,0
/kaggle/working/patches/64/good/h2_patch0_0.tif,h2_patch0_0.tif,good,0,h2,2,0
/kaggle/working/patches/64/good/n4_patch0_3.tif,n4_patch0_3.tif,good,0,n4,3,0
/kaggle/working/patches/64/good/bstar_p14_patch0_1.tif,bstar_p14_patch0_1.tif,good,0,bstar_p14,3,0
/kaggle/working/patches/64/good/Bbox_p8_patch0_1.tif,Bbox_p8_patch0_1.tif,good,0,Bbox_p8,4,0
/kaggle/working/patches/64/good/Bbox_p19_patch0_1.tif,Bbox_p19_patch0_1.tif,good,0,Bbox_p19,3,0
/kaggle/working/patches/64/good/p13_patch0_3.tif,p13_patch0_3.tif,good,0,p13,4,0
/kaggle/working/patches/64/good/bstar_tn_d5_patch1_0.tif,bstar_tn_d5_patch1_0.tif,good,0,bstar_tn_d5,0,0
/kaggle/working/patches/64/good/Bbox_nn_d1_patch0_3.tif,Bbox_nn_d1_patch0_3.tif,good,0,Bbox_nn_d1,2,0
/kaggle/working/patches/64/good/Bbox_p10_patch1_1.tif,Bbox_p10_patch1_1.tif,good,0,Bbox_p10,2,0
/kaggle/working/patches/64/good/h5_patch0_1.tif,h5_patch0_1.tif,good,0,h5,4,0
/kaggle/working/patches/64/good/p17_patch0_1.tif,p17_patch0_1.tif,good,0,p17,1,0
/kaggle/working/patches/64/good/Bbox_p12_patch1_2.tif,Bbox_p12_patch1_2.tif,good,0,Bbox_p12,0,0
/kaggle/working/patches/64/good/bstar_tk_d4_patch3_3.tif,bstar_tk_d4_patch3_3.tif,good,0,bstar_tk_d4,2,0
/kaggle/working/patches/64/good/p17_patch3_0.tif,p17_patch3_0.tif,good,0,p17,1,0
/kaggle/working/patches/64/good/p22_patch3_2.tif,p22_patch3_2.tif,good,0,p22,2,0
/kaggle/working/patches/64/good/p4_patch0_2.tif,p4_patch0_2.tif,good,0,p4,3,0
/kaggle/working/patches/64/good/p20_patch3_0.tif,p20_patch3_0.tif,good,0,p20,3,0
/kaggle/working/patches/64/good/bstar_p24_patch3_1.tif,bstar_p24_patch3_1.tif,good,0,bstar_p24,2,0
/kaggle/working/patches/64/good/bstar_p6_patch1_3.tif,bstar_p6_patch1_3.tif,good,0,bstar_p6,1,0
/kaggle/working/patches/64/good/bstar_p3_patch1_1.tif,bstar_p3_patch1_1.tif,good,0,bstar_p3,0,0
/kaggle/working/patches/64/good/Bbox_tn_d4_patch2_1.tif,Bbox_tn_d4_patch2_1.tif,good,0,Bbox_tn_d4,1,0
/kaggle/working/patches/64/good/Bbox_tn_d4_patch0_1.tif,Bbox_tn_d4_patch0_1.tif,good,0,Bbox_tn_d4,1,0
/kaggle/working/patches/64/good/Bbox_tk_d6_patch0_0.tif,Bbox_tk_d6_patch0_0.tif,good,0,Bbox_tk_d6,0,0
/kaggle/working/patches/64/good/bstar_p12_patch0_2.tif,bstar_p12_patch0_2.tif,good,0,bstar_p12,2,0
/kaggle/working/patches/64/good/bstar_p10_patch1_0.tif,bstar_p10_patch1_0.tif,good,0,bstar_p10,4,0
/kaggle/working/patches/64/good/bstar_he_d5_patch3_2.tif,bstar_he_d5_patch3_2.tif,good,0,bstar_he_d5,4,0
/kaggle/working/patches/64/good/Bbox_p5_patch3_3.tif,Bbox_p5_patch3_3.tif,good,0,Bbox_p5,1,0
/kaggle/working/patches/64/good/Bbox_p18_patch3_2.tif,Bbox_p18_patch3_2.tif,good,0,Bbox_p18,0,0
/kaggle/working/patches/64/good/bstar_p5_patch2_1.tif,bstar_p5_patch2_1.tif,good,0,bstar_p5,1,0
/kaggle/working/patches/64/good/bstar_p21_patch3_2.tif,bstar_p21_patch3_2.tif,good,0,bstar_p21,2,0
/kaggle/working/patches/64/good/bstar_p18_patch2_2.tif,bstar_p18_patch2_2.tif,good,0,bstar_p18,4,0
/kaggle/working/patches/64/good/Bbox_bn_d4_patch0_0.tif,Bbox_bn_d4_patch0_0.tif,good,0,Bbox_bn_d4,2,0
/kaggle/working/patches/64/good/Bbox_p19_patch2_1.tif,Bbox_p19_patch2_1.tif,good,0,Bbox_p19,3,0
/kaggle/working/patches/64/good/b1_patch2_3.tif,b1_patch2_3.tif,good,0,b1,3,0
/kaggle/working/patches/64/good/bstar_p11_patch1_3.tif,bstar_p11_patch1_3.tif,good,0,bstar_p11,0,0
/kaggle/working/patches/64/good/p14_patch0_3.tif,p14_patch0_3.tif,good,0,p14,2,0
/kaggle/working/patches/64/good/p7_patch1_2.tif,p7_patch1_2.tif,good,0,p7,2,0
/kaggle/working/patches/64/good/h1_patch1_2.tif,h1_patch1_2.tif,good,0,h1,2,0
/kaggle/working/patches/64/good/t2_patch3_2.tif,t2_patch3_2.tif,good,0,t2,0,0
/kaggle/working/patches/64/good/n3_patch2_3.tif,n3_patch2_3.tif,good,0,n3,0,0
/kaggle/working/patches/64/good/Bbox_bn_d2_patch2_3.tif,Bbox_bn_d2_patch2_3.tif,good,0,Bbox_bn_d2,2,0
/kaggle/working/patches/64/good/Bbox_p9_patch2_3.tif,Bbox_p9_patch2_3.tif,good,0,Bbox_p9,0,0
/kaggle/working/patches/64/good/tt2_patch1_2.tif,tt2_patch1_2.tif,good,0,tt2,2,0
/kaggle/working/patches/64/good/Bbox_nn_d4_patch3_3.tif,Bbox_nn_d4_patch3_3.tif,good,0,Bbox_nn_d4,2,0
/kaggle/working/patches/64/good/bstar_tn_d5_patch3_3.tif,bstar_tn_d5_patch3_3.tif,good,0,bstar_tn_d5,0,0
/kaggle/working/patches/64/good/n4_patch2_3.tif,n4_patch2_3.tif,good,0,n4,3,0
/kaggle/working/patches/64/good/Bbox_p20_patch3_0.tif,Bbox_p20_patch3_0.tif,good,0,Bbox_p20,2,0
/kaggle/working/patches/64/good/p14_patch2_3.tif,p14_patch2_3.tif,good,0,p14,2,0
/kaggle/working/patches/64/good/bstar_p16_patch3_0.tif,bstar_p16_patch3_0.tif,good,0,bstar_p16,4,0
/kaggle/working/patches/64/good/bstar_bn_d5_patch2_1.tif,bstar_bn_d5_patch2_1.tif,good,0,bstar_bn_d5,4,0
/kaggle/working/patches/64/good/bstar_p13_patch3_1.tif,bstar_p13_patch3_1.tif,good,0,bstar_p13,1,0
/kaggle/working/patches/64/good/bstar_tk_d5_patch0_1.tif,bstar_tk_d5_patch0_1.tif,good,0,bstar_tk_d5,3,0
/kaggle/working/patches/64/good/Bbox_bn_d3_patch1_0.tif,Bbox_bn_d3_patch1_0.tif,good,0,Bbox_bn_d3,1,0
/kaggle/working/patches/64/good/Bbox_tn_d2_patch2_2.tif,Bbox_tn_d2_patch2_2.tif,good,0,Bbox_tn_d2,1,0
/kaggle/working/patches/64/good/bstar_p12_patch1_0.tif,bstar_p12_patch1_0.tif,good,0,bstar_p12,2,0
/kaggle/working/patches/64/good/bstar_bn_d4_patch2_1.tif,bstar_bn_d4_patch2_1.tif,good,0,bstar_bn_d4,3,0
/kaggle/working/patches/64/good/Bbox_p27_patch3_3.tif,Bbox_p27_patch3_3.tif,good,0,Bbox_p27,3,0
/kaggle/working/patches/64/good/bstar_bn_d5_patch3_1.tif,bstar_bn_d5_patch3_1.tif,good,0,bstar_bn_d5,4,0
/kaggle/working/patches/64/good/bstar_bn_d4_patch3_2.tif,bstar_bn_d4_patch3_2.tif,good,0,bstar_bn_d4,3,0
/kaggle/working/patches/64/good/p8_patch2_3.tif,p8_patch2_3.tif,good,0,p8,2,0
/kaggle/working/patches/64/good/bstar_nn_d4_patch0_2.tif,bstar_nn_d4_patch0_2.tif,good,0,bstar_nn_d4,1,0
/kaggle/working/patches/64/good/bstar_nn_d4_patch3_1.tif,bstar_nn_d4_patch3_1.tif,good,0,bstar_nn_d4,1,0
/kaggle/working/patches/64/good/bstar_p8_patch0_3.tif,bstar_p8_patch0_3.tif,good,0,bstar_p8,4,0
/kaggle/working/patches/64/good/p19_patch2_1.tif,p19_patch2_1.tif,good,0,p19,0,0
/kaggle/working/patches/64/good/p12_patch2_3.tif,p12_patch2_3.tif,good,0,p12,0,0
/kaggle/working/patches/64/good/p2_patch1_2.tif,p2_patch1_2.tif,good,0,p2,1,0
/kaggle/working/patches/64/good/p21_patch1_1.tif,p21_patch1_1.tif,good,0,p21,1,0
/kaggle/working/patches/64/good/p5_patch3_3.tif,p5_patch3_3.tif,good,0,p5,4,0
/kaggle/working/patches/64/good/bstar_p21_patch0_0.tif,bstar_p21_patch0_0.tif,good,0,bstar_p21,2,0
/kaggle/working/patches/64/good/n1_patch0_2.tif,n1_patch0_2.tif,good,0,n1,1,0
/kaggle/working/patches/64/good/Bbox_tk_d6_patch3_3.tif,Bbox_tk_d6_patch3_3.tif,good,0,Bbox_tk_d6,0,0
/kaggle/working/patches/64/good/bstar_bn_d2_patch0_1.tif,bstar_bn_d2_patch0_1.tif,good,0,bstar_bn_d2,3,0
/kaggle/working/patches/64/good/Bbox_p21_patch1_1.tif,Bbox_p21_patch1_1.tif,good,0,Bbox_p21,4,0
/kaggle/working/patches/64/good/bstar_p16_patch1_2.tif,bstar_p16_patch1_2.tif,good,0,bstar_p16,4,0
/kaggle/working/patches/64/good/p26_patch0_2.tif,p26_patch0_2.tif,good,0,p26,4,0
/kaggle/working/patches/64/good/bstar_he_d1_patch0_0.tif,bstar_he_d1_patch0_0.tif,good,0,bstar_he_d1,1,0
/kaggle/working/patches/64/good/Bbox_p27_patch1_2.tif,Bbox_p27_patch1_2.tif,good,0,Bbox_p27,3,0
/kaggle/working/patches/64/good/bstar_tn_d2_patch2_3.tif,bstar_tn_d2_patch2_3.tif,good,0,bstar_tn_d2,4,0
/kaggle/working/patches/64/good/n4_patch3_3.tif,n4_patch3_3.tif,good,0,n4,3,0
/kaggle/working/patches/64/good/Bbox_tk_d3_patch1_1.tif,Bbox_tk_d3_patch1_1.tif,good,0,Bbox_tk_d3,4,0
/kaggle/working/patches/64/good/Bbox_tk_d3_patch1_0.tif,Bbox_tk_d3_patch1_0.tif,good,0,Bbox_tk_d3,4,0
/kaggle/working/patches/64/good/tt1_patch0_3.tif,tt1_patch0_3.tif,good,0,tt1,1,0
/kaggle/working/patches/64/good/Bbox_tk_d1_patch1_0.tif,Bbox_tk_d1_patch1_0.tif,good,0,Bbox_tk_d1,2,0
/kaggle/working/patches/64/good/bstar_tn_d3_patch0_2.tif,bstar_tn_d3_patch0_2.tif,good,0,bstar_tn_d3,3,0
/kaggle/working/patches/64/good/bstar_nn_d3_patch2_0.tif,bstar_nn_d3_patch2_0.tif,good,0,bstar_nn_d3,0,0
/kaggle/working/patches/64/good/bstar_p13_patch2_2.tif,bstar_p13_patch2_2.tif,good,0,bstar_p13,1,0
/kaggle/working/patches/64/good/Bbox_p20_patch2_2.tif,Bbox_p20_patch2_2.tif,good,0,Bbox_p20,2,0
/kaggle/working/patches/64/good/n1_patch0_0.tif,n1_patch0_0.tif,good,0,n1,1,0
/kaggle/working/patches/64/good/Bbox_p10_patch2_3.tif,Bbox_p10_patch2_3.tif,good,0,Bbox_p10,2,0
/kaggle/working/patches/64/good/Bbox_p14_patch2_1.tif,Bbox_p14_patch2_1.tif,good,0,Bbox_p14,3,0
/kaggle/working/patches/64/good/Bbox_he_d5_patch0_1.tif,Bbox_he_d5_patch0_1.tif,good,0,Bbox_he_d5,0,0
/kaggle/working/patches/64/good/p17_patch0_2.tif,p17_patch0_2.tif,good,0,p17,1,0
/kaggle/working/patches/64/good/p29_patch2_3.tif,p29_patch2_3.tif,good,0,p29,2,0
/kaggle/working/patches/64/good/Bbox_tk_d3_patch3_0.tif,Bbox_tk_d3_patch3_0.tif,good,0,Bbox_tk_d3,4,0
/kaggle/working/patches/64/good/Bbox_p13_patch2_0.tif,Bbox_p13_patch2_0.tif,good,0,Bbox_p13,1,0
/kaggle/working/patches/64/good/Bbox_p8_patch3_1.tif,Bbox_p8_patch3_1.tif,good,0,Bbox_p8,4,0
/kaggle/working/patches/64/good/Bbox_p15_patch0_2.tif,Bbox_p15_patch0_2.tif,good,0,Bbox_p15,4,0
/kaggle/working/patches/64/good/b2_patch2_0.tif,b2_patch2_0.tif,good,0,b2,4,0
/kaggle/working/patches/64/good/bstar_nn_d1_patch2_1.tif,bstar_nn_d1_patch2_1.tif,good,0,bstar_nn_d1,4,0
/kaggle/working/patches/64/good/Bbox_tn_d5_patch0_2.tif,Bbox_tn_d5_patch0_2.tif,good,0,Bbox_tn_d5,3,0
/kaggle/working/patches/64/good/Bbox_tn_d2_patch3_2.tif,Bbox_tn_d2_patch3_2.tif,good,0,Bbox_tn_d2,1,0
/kaggle/working/patches/64/good/Bbox_tk_d4_patch3_3.tif,Bbox_tk_d4_patch3_3.tif,good,0,Bbox_tk_d4,3,0
/kaggle/working/patches/64/good/bstar_p13_patch3_0.tif,bstar_p13_patch3_0.tif,good,0,bstar_p13,1,0
/kaggle/working/patches/64/good/p6_patch0_2.tif,p6_patch0_2.tif,good,0,p6,0,0
/kaggle/working/patches/64/good/Bbox_tk_d6_patch2_1.tif,Bbox_tk_d6_patch2_1.tif,good,0,Bbox_tk_d6,0,0
/kaggle/working/patches/64/good/bstar_tn_d2_patch2_2.tif,bstar_tn_d2_patch2_2.tif,good,0,bstar_tn_d2,4,0
/kaggle/working/patches/64/good/Bbox_bn_d1_patch2_0.tif,Bbox_bn_d1_patch2_0.tif,good,0,Bbox_bn_d1,0,0
/kaggle/working/patches/64/good/Bbox_p25_patch3_3.tif,Bbox_p25_patch3_3.tif,good,0,Bbox_p25,3,0
/kaggle/working/patches/64/good/bstar_p16_patch2_1.tif,bstar_p16_patch2_1.tif,good,0,bstar_p16,4,0
/kaggle/working/patches/64/good/Bbox_p8_patch0_2.tif,Bbox_p8_patch0_2.tif,good,0,Bbox_p8,4,0
/kaggle/working/patches/64/good/bstar_nn_d1_patch1_3.tif,bstar_nn_d1_patch1_3.tif,good,0,bstar_nn_d1,4,0
/kaggle/working/patches/64/good/p28_patch3_2.tif,p28_patch3_2.tif,good,0,p28,1,0
/kaggle/working/patches/64/good/Bbox_p25_patch3_0.tif,Bbox_p25_patch3_0.tif,good,0,Bbox_p25,3,0
/kaggle/working/patches/64/good/tt3_patch0_0.tif,tt3_patch0_0.tif,good,0,tt3,2,0
/kaggle/working/patches/64/good/p23_patch1_0.tif,p23_patch1_0.tif,good,0,p23,4,0
/kaggle/working/patches/64/good/bstar_p8_patch3_2.tif,bstar_p8_patch3_2.tif,good,0,bstar_p8,4,0
/kaggle/working/patches/64/good/p1_patch1_2.tif,p1_patch1_2.tif,good,0,p1,4,0
/kaggle/working/patches/64/good/p15_patch2_1.tif,p15_patch2_1.tif,good,0,p15,1,0
/kaggle/working/patches/64/good/Bbox_p23_patch2_2.tif,Bbox_p23_patch2_2.tif,good,0,Bbox_p23,3,0
/kaggle/working/patches/64/good/Bbox_he_d2_patch1_3.tif,Bbox_he_d2_patch1_3.tif,good,0,Bbox_he_d2,3,0
/kaggle/working/patches/64/good/Bbox_p9_patch3_1.tif,Bbox_p9_patch3_1.tif,good,0,Bbox_p9,0,0
/kaggle/working/patches/64/good/k3_patch3_2.tif,k3_patch3_2.tif,good,0,k3,4,0
/kaggle/working/patches/64/good/p14_patch3_0.tif,p14_patch3_0.tif,good,0,p14,2,0
/kaggle/working/patches/64/good/k1_patch1_2.tif,k1_patch1_2.tif,good,0,k1,3,0
/kaggle/working/patches/64/good/t2_patch2_2.tif,t2_patch2_2.tif,good,0,t2,0,0
/kaggle/working/patches/64/good/bstar_p5_patch2_3.tif,bstar_p5_patch2_3.tif,good,0,bstar_p5,1,0
/kaggle/working/patches/64/good/p4_patch3_2.tif,p4_patch3_2.tif,good,0,p4,3,0
/kaggle/working/patches/64/good/n3_patch3_1.tif,n3_patch3_1.tif,good,0,n3,0,0
/kaggle/working/patches/64/good/Bbox_bn_d3_patch3_3.tif,Bbox_bn_d3_patch3_3.tif,good,0,Bbox_bn_d3,1,0
/kaggle/working/patches/64/good/bstar_tk_d5_patch0_3.tif,bstar_tk_d5_patch0_3.tif,good,0,bstar_tk_d5,3,0
/kaggle/working/patches/64/good/Bbox_p3_patch1_3.tif,Bbox_p3_patch1_3.tif,good,0,Bbox_p3,1,0
/kaggle/working/patches/64/good/p20_patch2_3.tif,p20_patch2_3.tif,good,0,p20,3,0
/kaggle/working/patches/64/good/p28_patch1_1.tif,p28_patch1_1.tif,good,0,p28,1,0
/kaggle/working/patches/64/good/bstar_tk_d4_patch3_0.tif,bstar_tk_d4_patch3_0.tif,good,0,bstar_tk_d4,2,0
/kaggle/working/patches/64/good/n5_patch1_3.tif,n5_patch1_3.tif,good,0,n5,2,0
/kaggle/working/patches/64/good/Bbox_p4_patch2_2.tif,Bbox_p4_patch2_2.tif,good,0,Bbox_p4,0,0
/kaggle/working/patches/64/good/Bbox_p20_patch1_3.tif,Bbox_p20_patch1_3.tif,good,0,Bbox_p20,2,0
/kaggle/working/patches/64/good/Bbox_p6_patch1_0.tif,Bbox_p6_patch1_0.tif,good,0,Bbox_p6,1,0
/kaggle/working/patches/64/good/tt2_patch2_2.tif,tt2_patch2_2.tif,good,0,tt2,2,0
/kaggle/working/patches/64/good/bstar_p1_patch0_2.tif,bstar_p1_patch0_2.tif,good,0,bstar_p1,3,0
/kaggle/working/patches/64/good/bstar_tn_d3_patch0_0.tif,bstar_tn_d3_patch0_0.tif,good,0,bstar_tn_d3,3,0
/kaggle/working/patches/64/good/p22_patch0_2.tif,p22_patch0_2.tif,good,0,p22,2,0
/kaggle/working/patches/64/good/bstar_tn_d4_patch1_3.tif,bstar_tn_d4_patch1_3.tif,good,0,bstar_tn_d4,4,0
/kaggle/working/patches/64/good/Bbox_p23_patch2_1.tif,Bbox_p23_patch2_1.tif,good,0,Bbox_p23,3,0
/kaggle/working/patches/64/good/Bbox_p10_patch3_3.tif,Bbox_p10_patch3_3.tif,good,0,Bbox_p10,2,0
/kaggle/working/patches/64/good/Bbox_he_d2_patch3_0.tif,Bbox_he_d2_patch3_0.tif,good,0,Bbox_he_d2,3,0
/kaggle/working/patches/64/good/Bbox_tn_d3_patch3_2.tif,Bbox_tn_d3_patch3_2.tif,good,0,Bbox_tn_d3,0,0
/kaggle/working/patches/64/good/Bbox_p23_patch1_3.tif,Bbox_p23_patch1_3.tif,good,0,Bbox_p23,3,0
/kaggle/working/patches/64/good/Bbox_nn_d5_patch1_3.tif,Bbox_nn_d5_patch1_3.tif,good,0,Bbox_nn_d5,4,0
/kaggle/working/patches/64/good/Bbox_p3_patch2_0.tif,Bbox_p3_patch2_0.tif,good,0,Bbox_p3,1,0
/kaggle/working/patches/64/good/p18_patch3_3.tif,p18_patch3_3.tif,good,0,p18,3,0
/kaggle/working/patches/64/good/bstar_p5_patch1_0.tif,bstar_p5_patch1_0.tif,good,0,bstar_p5,1,0
/kaggle/working/patches/64/good/p15_patch2_2.tif,p15_patch2_2.tif,good,0,p15,1,0
/kaggle/working/patches/64/good/p10_patch1_3.tif,p10_patch1_3.tif,good,0,p10,0,0
/kaggle/working/patches/64/good/Bbox_p24_patch2_3.tif,Bbox_p24_patch2_3.tif,good,0,Bbox_p24,4,0
/kaggle/working/patches/64/good/bstar_tn_d3_patch1_3.tif,bstar_tn_d3_patch1_3.tif,good,0,bstar_tn_d3,3,0
/kaggle/working/patches/64/good/p22_patch0_0.tif,p22_patch0_0.tif,good,0,p22,2,0
/kaggle/working/patches/64/good/bstar_tk_d2_patch3_3.tif,bstar_tk_d2_patch3_3.tif,good,0,bstar_tk_d2,2,0
/kaggle/working/patches/64/good/bstar_p22_patch0_2.tif,bstar_p22_patch0_2.tif,good,0,bstar_p22,3,0
/kaggle/working/patches/64/good/bstar_p16_patch0_3.tif,bstar_p16_patch0_3.tif,good,0,bstar_p16,4,0
/kaggle/working/patches/64/good/k2_patch3_2.tif,k2_patch3_2.tif,good,0,k2,1,0
/kaggle/working/patches/64/good/Bbox_p21_patch3_2.tif,Bbox_p21_patch3_2.tif,good,0,Bbox_p21,4,0
/kaggle/working/patches/64/good/bstar_p18_patch1_0.tif,bstar_p18_patch1_0.tif,good,0,bstar_p18,4,0
/kaggle/working/patches/64/good/p24_patch3_2.tif,p24_patch3_2.tif,good,0,p24,0,0
/kaggle/working/patches/64/good/bstar_p18_patch0_1.tif,bstar_p18_patch0_1.tif,good,0,bstar_p18,4,0
/kaggle/working/patches/64/good/p25_patch0_2.tif,p25_patch0_2.tif,good,0,p25,4,0
/kaggle/working/patches/64/good/Bbox_p13_patch1_0.tif,Bbox_p13_patch1_0.tif,good,0,Bbox_p13,1,0
/kaggle/working/patches/64/good/bstar_p3_patch1_3.tif,bstar_p3_patch1_3.tif,good,0,bstar_p3,0,0
/kaggle/working/patches/64/good/h2_patch0_2.tif,h2_patch0_2.tif,good,0,h2,2,0
/kaggle/working/patches/64/good/p30_patch2_1.tif,p30_patch2_1.tif,good,0,p30,1,0
/kaggle/working/patches/64/good/bstar_he_d3_patch2_1.tif,bstar_he_d3_patch2_1.tif,good,0,bstar_he_d3,0,0
/kaggle/working/patches/64/good/Bbox_p30_patch3_3.tif,Bbox_p30_patch3_3.tif,good,0,Bbox_p30,1,0
/kaggle/working/patches/64/good/Bbox_p27_patch3_2.tif,Bbox_p27_patch3_2.tif,good,0,Bbox_p27,3,0
/kaggle/working/patches/64/good/tt2_patch2_1.tif,tt2_patch2_1.tif,good,0,tt2,2,0
/kaggle/working/patches/64/good/t2_patch0_0.tif,t2_patch0_0.tif,good,0,t2,0,0
/kaggle/working/patches/64/good/bstar_p2_patch2_2.tif,bstar_p2_patch2_2.tif,good,0,bstar_p2,0,0
/kaggle/working/patches/64/good/p2_patch2_2.tif,p2_patch2_2.tif,good,0,p2,1,0
/kaggle/working/patches/64/good/p9_patch3_0.tif,p9_patch3_0.tif,good,0,p9,4,0
/kaggle/working/patches/64/good/Bbox_p2_patch1_2.tif,Bbox_p2_patch1_2.tif,good,0,Bbox_p2,2,0
/kaggle/working/patches/64/good/bstar_p15_patch1_1.tif,bstar_p15_patch1_1.tif,good,0,bstar_p15,3,0
/kaggle/working/patches/64/good/bstar_p2_patch2_3.tif,bstar_p2_patch2_3.tif,good,0,bstar_p2,0,0
/kaggle/working/patches/64/good/p30_patch3_0.tif,p30_patch3_0.tif,good,0,p30,1,0
/kaggle/working/patches/64/good/bstar_p18_patch1_3.tif,bstar_p18_patch1_3.tif,good,0,bstar_p18,4,0
/kaggle/working/patches/64/good/h1_patch0_1.tif,h1_patch0_1.tif,good,0,h1,2,0
/kaggle/working/patches/64/good/Bbox_p20_patch0_1.tif,Bbox_p20_patch0_1.tif,good,0,Bbox_p20,2,0
/kaggle/working/patches/64/good/Bbox_p30_patch1_0.tif,Bbox_p30_patch1_0.tif,good,0,Bbox_p30,1,0
/kaggle/working/patches/64/good/p12_patch0_2.tif,p12_patch0_2.tif,good,0,p12,0,0
/kaggle/working/patches/64/good/Bbox_p22_patch1_3.tif,Bbox_p22_patch1_3.tif,good,0,Bbox_p22,1,0
/kaggle/working/patches/64/good/Bbox_p24_patch0_3.tif,Bbox_p24_patch0_3.tif,good,0,Bbox_p24,4,0
/kaggle/working/patches/64/good/p2_patch2_3.tif,p2_patch2_3.tif,good,0,p2,1,0
/kaggle/working/patches/64/good/Bbox_p6_patch1_3.tif,Bbox_p6_patch1_3.tif,good,0,Bbox_p6,1,0
/kaggle/working/patches/64/good/bstar_nn_d3_patch3_1.tif,bstar_nn_d3_patch3_1.tif,good,0,bstar_nn_d3,0,0
/kaggle/working/patches/64/good/Bbox_p23_patch0_3.tif,Bbox_p23_patch0_3.tif,good,0,Bbox_p23,3,0
/kaggle/working/patches/64/good/Bbox_bn_d5_patch3_0.tif,Bbox_bn_d5_patch3_0.tif,good,0,Bbox_bn_d5,3,0
/kaggle/working/patches/64/good/n2_patch0_0.tif,n2_patch0_0.tif,good,0,n2,3,0
/kaggle/working/patches/64/good/b5_patch1_1.tif,b5_patch1_1.tif,good,0,b5,2,0
/kaggle/working/patches/64/good/bstar_p23_patch3_3.tif,bstar_p23_patch3_3.tif,good,0,bstar_p23,3,0
/kaggle/working/patches/64/good/p11_patch1_0.tif,p11_patch1_0.tif,good,0,p11,4,0
/kaggle/working/patches/64/good/p30_patch0_0.tif,p30_patch0_0.tif,good,0,p30,1,0
/kaggle/working/patches/64/good/bstar_bn_d5_patch2_3.tif,bstar_bn_d5_patch2_3.tif,good,0,bstar_bn_d5,4,0
/kaggle/working/patches/64/good/bstar_tn_d1_patch3_1.tif,bstar_tn_d1_patch3_1.tif,good,0,bstar_tn_d1,2,0
/kaggle/working/patches/64/good/Bbox_p25_patch0_0.tif,Bbox_p25_patch0_0.tif,good,0,Bbox_p25,3,0
/kaggle/working/patches/64/good/bstar_p24_patch2_0.tif,bstar_p24_patch2_0.tif,good,0,bstar_p24,2,0
/kaggle/working/patches/64/good/bstar_p21_patch1_2.tif,bstar_p21_patch1_2.tif,good,0,bstar_p21,2,0
/kaggle/working/patches/64/good/Bbox_tk_d1_patch0_1.tif,Bbox_tk_d1_patch0_1.tif,good,0,Bbox_tk_d1,2,0
/kaggle/working/patches/64/good/Bbox_p30_patch3_2.tif,Bbox_p30_patch3_2.tif,good,0,Bbox_p30,1,0
/kaggle/working/patches/64/good/b5_patch1_3.tif,b5_patch1_3.tif,good,0,b5,2,0
/kaggle/working/patches/64/good/bstar_p18_patch2_0.tif,bstar_p18_patch2_0.tif,good,0,bstar_p18,4,0
/kaggle/working/patches/64/good/p29_patch1_3.tif,p29_patch1_3.tif,good,0,p29,2,0
/kaggle/working/patches/64/good/p9_patch1_1.tif,p9_patch1_1.tif,good,0,p9,4,0
/kaggle/working/patches/64/good/bstar_p22_patch3_3.tif,bstar_p22_patch3_3.tif,good,0,bstar_p22,3,0
/kaggle/working/patches/64/good/h5_patch0_0.tif,h5_patch0_0.tif,good,0,h5,4,0
/kaggle/working/patches/64/good/p17_patch0_0.tif,p17_patch0_0.tif,good,0,p17,1,0
/kaggle/working/patches/64/good/p7_patch1_0.tif,p7_patch1_0.tif,good,0,p7,2,0
/kaggle/working/patches/64/good/bstar_bn_d2_patch1_2.tif,bstar_bn_d2_patch1_2.tif,good,0,bstar_bn_d2,3,0
/kaggle/working/patches/64/good/p27_patch2_1.tif,p27_patch2_1.tif,good,0,p27,2,0
/kaggle/working/patches/64/good/bstar_p1_patch2_2.tif,bstar_p1_patch2_2.tif,good,0,bstar_p1,3,0
/kaggle/working/patches/64/good/t3_patch1_3.tif,t3_patch1_3.tif,good,0,t3,3,0
/kaggle/working/patches/64/good/bstar_p9_patch0_3.tif,bstar_p9_patch0_3.tif,good,0,bstar_p9,0,0
/kaggle/working/patches/64/good/Bbox_nn_d4_patch0_0.tif,Bbox_nn_d4_patch0_0.tif,good,0,Bbox_nn_d4,2,0
/kaggle/working/patches/64/good/Bbox_he_d5_patch3_3.tif,Bbox_he_d5_patch3_3.tif,good,0,Bbox_he_d5,0,0
/kaggle/working/patches/64/good/p13_patch3_2.tif,p13_patch3_2.tif,good,0,p13,4,0
/kaggle/working/patches/64/good/p20_patch3_3.tif,p20_patch3_3.tif,good,0,p20,3,0
/kaggle/working/patches/64/good/bstar_tn_d3_patch3_3.tif,bstar_tn_d3_patch3_3.tif,good,0,bstar_tn_d3,3,0
/kaggle/working/patches/64/good/Bbox_p20_patch3_1.tif,Bbox_p20_patch3_1.tif,good,0,Bbox_p20,2,0
/kaggle/working/patches/64/good/Bbox_p15_patch1_0.tif,Bbox_p15_patch1_0.tif,good,0,Bbox_p15,4,0
/kaggle/working/patches/64/good/p27_patch1_3.tif,p27_patch1_3.tif,good,0,p27,2,0
/kaggle/working/patches/64/good/tt4_patch2_3.tif,tt4_patch2_3.tif,good,0,tt4,4,0
/kaggle/working/patches/64/good/bstar_p25_patch0_2.tif,bstar_p25_patch0_2.tif,good,0,bstar_p25,2,0
/kaggle/working/patches/64/good/tt3_patch1_0.tif,tt3_patch1_0.tif,good,0,tt3,2,0
/kaggle/working/patches/64/good/t1_patch0_1.tif,t1_patch0_1.tif,good,0,t1,1,0
/kaggle/working/patches/64/good/tt5_patch2_1.tif,tt5_patch2_1.tif,good,0,tt5,0,0
/kaggle/working/patches/64/good/Bbox_p27_patch0_0.tif,Bbox_p27_patch0_0.tif,good,0,Bbox_p27,3,0
/kaggle/working/patches/64/good/bstar_p23_patch1_0.tif,bstar_p23_patch1_0.tif,good,0,bstar_p23,3,0
/kaggle/working/patches/64/good/Bbox_tk_d4_patch0_2.tif,Bbox_tk_d4_patch0_2.tif,good,0,Bbox_tk_d4,3,0
/kaggle/working/patches/64/good/k4_patch3_1.tif,k4_patch3_1.tif,good,0,k4,0,0
/kaggle/working/patches/64/good/p29_patch1_0.tif,p29_patch1_0.tif,good,0,p29,2,0
/kaggle/working/patches/64/good/bstar_tn_d2_patch3_3.tif,bstar_tn_d2_patch3_3.tif,good,0,bstar_tn_d2,4,0
/kaggle/working/patches/64/good/bstar_bn_d2_patch0_3.tif,bstar_bn_d2_patch0_3.tif,good,0,bstar_bn_d2,3,0
/kaggle/working/patches/64/good/b1_patch0_0.tif,b1_patch0_0.tif,good,0,b1,3,0
/kaggle/working/patches/64/good/Bbox_p24_patch0_2.tif,Bbox_p24_patch0_2.tif,good,0,Bbox_p24,4,0
/kaggle/working/patches/64/good/Bbox_p4_patch0_0.tif,Bbox_p4_patch0_0.tif,good,0,Bbox_p4,0,0
/kaggle/working/patches/64/good/n5_patch0_0.tif,n5_patch0_0.tif,good,0,n5,2,0
/kaggle/working/patches/64/good/tt4_patch1_3.tif,tt4_patch1_3.tif,good,0,tt4,4,0
/kaggle/working/patches/64/good/p4_patch1_0.tif,p4_patch1_0.tif,good,0,p4,3,0
/kaggle/working/patches/64/good/bstar_p22_patch0_3.tif,bstar_p22_patch0_3.tif,good,0,bstar_p22,3,0
/kaggle/working/patches/64/good/p13_patch0_0.tif,p13_patch0_0.tif,good,0,p13,4,0
/kaggle/working/patches/64/good/Bbox_he_d3_patch3_0.tif,Bbox_he_d3_patch3_0.tif,good,0,Bbox_he_d3,0,0
/kaggle/working/patches/64/good/t4_patch1_1.tif,t4_patch1_1.tif,good,0,t4,2,0
/kaggle/working/patches/64/good/Bbox_nn_d2_patch3_3.tif,Bbox_nn_d2_patch3_3.tif,good,0,Bbox_nn_d2,1,0
/kaggle/working/patches/64/good/bstar_he_d3_patch0_0.tif,bstar_he_d3_patch0_0.tif,good,0,bstar_he_d3,0,0
/kaggle/working/patches/64/good/Bbox_he_d3_patch0_0.tif,Bbox_he_d3_patch0_0.tif,good,0,Bbox_he_d3,0,0
/kaggle/working/patches/64/good/bstar_tn_d5_patch0_2.tif,bstar_tn_d5_patch0_2.tif,good,0,bstar_tn_d5,0,0
/kaggle/working/patches/64/good/Bbox_he_d4_patch2_0.tif,Bbox_he_d4_patch2_0.tif,good,0,Bbox_he_d4,0,0
/kaggle/working/patches/64/good/Bbox_nn_d4_patch1_0.tif,Bbox_nn_d4_patch1_0.tif,good,0,Bbox_nn_d4,2,0
/kaggle/working/patches/64/good/p9_patch2_0.tif,p9_patch2_0.tif,good,0,p9,4,0
/kaggle/working/patches/64/good/p19_patch1_0.tif,p19_patch1_0.tif,good,0,p19,0,0
/kaggle/working/patches/64/good/Bbox_tn_d2_patch2_0.tif,Bbox_tn_d2_patch2_0.tif,good,0,Bbox_tn_d2,1,0
/kaggle/working/patches/64/good/Bbox_he_d5_patch1_0.tif,Bbox_he_d5_patch1_0.tif,good,0,Bbox_he_d5,0,0
/kaggle/working/patches/64/good/p2_patch1_0.tif,p2_patch1_0.tif,good,0,p2,1,0
/kaggle/working/patches/64/good/bstar_tn_d4_patch3_1.tif,bstar_tn_d4_patch3_1.tif,good,0,bstar_tn_d4,4,0
/kaggle/working/patches/64/good/bstar_tk_d1_patch2_1.tif,bstar_tk_d1_patch2_1.tif,good,0,bstar_tk_d1,4,0
/kaggle/working/patches/64/good/Bbox_tn_d4_patch0_3.tif,Bbox_tn_d4_patch0_3.tif,good,0,Bbox_tn_d4,1,0
/kaggle/working/patches/64/good/Bbox_p15_patch0_3.tif,Bbox_p15_patch0_3.tif,good,0,Bbox_p15,4,0
/kaggle/working/patches/64/good/Bbox_tn_d3_patch0_3.tif,Bbox_tn_d3_patch0_3.tif,good,0,Bbox_tn_d3,0,0
/kaggle/working/patches/64/good/Bbox_p8_patch0_3.tif,Bbox_p8_patch0_3.tif,good,0,Bbox_p8,4,0
/kaggle/working/patches/64/good/Bbox_p11_patch3_2.tif,Bbox_p11_patch3_2.tif,good,0,Bbox_p11,1,0
/kaggle/working/patches/64/good/bstar_p13_patch2_0.tif,bstar_p13_patch2_0.tif,good,0,bstar_p13,1,0
/kaggle/working/patches/64/good/h2_patch0_1.tif,h2_patch0_1.tif,good,0,h2,2,0
/kaggle/working/patches/64/good/t3_patch2_1.tif,t3_patch2_1.tif,good,0,t3,3,0
/kaggle/working/patches/64/good/Bbox_bn_d5_patch0_3.tif,Bbox_bn_d5_patch0_3.tif,good,0,Bbox_bn_d5,3,0
/kaggle/working/patches/64/good/Bbox_p9_patch3_3.tif,Bbox_p9_patch3_3.tif,good,0,Bbox_p9,0,0
/kaggle/working/patches/64/good/p29_patch2_1.tif,p29_patch2_1.tif,good,0,p29,2,0
/kaggle/working/patches/64/good/p27_patch0_3.tif,p27_patch0_3.tif,good,0,p27,2,0
/kaggle/working/patches/64/good/p17_patch3_2.tif,p17_patch3_2.tif,good,0,p17,1,0
/kaggle/working/patches/64/good/Bbox_tn_d5_patch0_0.tif,Bbox_tn_d5_patch0_0.tif,good,0,Bbox_tn_d5,3,0
/kaggle/working/patches/64/good/Bbox_bn_d2_patch2_1.tif,Bbox_bn_d2_patch2_1.tif,good,0,Bbox_bn_d2,2,0
/kaggle/working/patches/64/good/p5_patch1_1.tif,p5_patch1_1.tif,good,0,p5,4,0
/kaggle/working/patches/64/good/p16_patch1_2.tif,p16_patch1_2.tif,good,0,p16,3,0
/kaggle/working/patches/64/good/Bbox_p27_patch3_0.tif,Bbox_p27_patch3_0.tif,good,0,Bbox_p27,3,0
/kaggle/working/patches/64/good/p11_patch1_1.tif,p11_patch1_1.tif,good,0,p11,4,0
/kaggle/working/patches/64/good/Bbox_p30_patch0_3.tif,Bbox_p30_patch0_3.tif,good,0,Bbox_p30,1,0
/kaggle/working/patches/64/good/bstar_p18_patch3_3.tif,bstar_p18_patch3_3.tif,good,0,bstar_p18,4,0
/kaggle/working/patches/64/good/t4_patch3_2.tif,t4_patch3_2.tif,good,0,t4,2,0
/kaggle/working/patches/64/good/p30_patch2_3.tif,p30_patch2_3.tif,good,0,p30,1,0
/kaggle/working/patches/64/good/b3_patch0_1.tif,b3_patch0_1.tif,good,0,b3,0,0
/kaggle/working/patches/64/good/Bbox_p10_patch1_3.tif,Bbox_p10_patch1_3.tif,good,0,Bbox_p10,2,0
/kaggle/working/patches/64/good/Bbox_p25_patch2_3.tif,Bbox_p25_patch2_3.tif,good,0,Bbox_p25,3,0
/kaggle/working/patches/64/good/Bbox_p15_patch3_3.tif,Bbox_p15_patch3_3.tif,good,0,Bbox_p15,4,0
/kaggle/working/patches/64/good/bstar_p15_patch1_3.tif,bstar_p15_patch1_3.tif,good,0,bstar_p15,3,0
/kaggle/working/patches/64/good/bstar_p17_patch2_3.tif,bstar_p17_patch2_3.tif,good,0,bstar_p17,0,0
/kaggle/working/patches/64/good/bstar_p8_patch1_0.tif,bstar_p8_patch1_0.tif,good,0,bstar_p8,4,0
/kaggle/working/patches/64/good/p30_patch1_2.tif,p30_patch1_2.tif,good,0,p30,1,0
/kaggle/working/patches/64/good/p4_patch2_3.tif,p4_patch2_3.tif,good,0,p4,3,0
/kaggle/working/patches/64/good/bstar_tn_d3_patch2_2.tif,bstar_tn_d3_patch2_2.tif,good,0,bstar_tn_d3,3,0
/kaggle/working/patches/64/good/Bbox_tn_d5_patch2_2.tif,Bbox_tn_d5_patch2_2.tif,good,0,Bbox_tn_d5,3,0
/kaggle/working/patches/64/good/Bbox_he_d1_patch1_3.tif,Bbox_he_d1_patch1_3.tif,good,0,Bbox_he_d1,4,0
/kaggle/working/patches/64/good/bstar_tk_d2_patch2_2.tif,bstar_tk_d2_patch2_2.tif,good,0,bstar_tk_d2,2,0
/kaggle/working/patches/64/good/bstar_bn_d1_patch0_3.tif,bstar_bn_d1_patch0_3.tif,good,0,bstar_bn_d1,1,0
/kaggle/working/patches/64/good/t4_patch3_3.tif,t4_patch3_3.tif,good,0,t4,2,0
/kaggle/working/patches/64/good/Bbox_p19_patch2_2.tif,Bbox_p19_patch2_2.tif,good,0,Bbox_p19,3,0
/kaggle/working/patches/64/good/bstar_bn_d2_patch1_0.tif,bstar_bn_d2_patch1_0.tif,good,0,bstar_bn_d2,3,0
/kaggle/working/patches/64/good/Bbox_p11_patch3_0.tif,Bbox_p11_patch3_0.tif,good,0,Bbox_p11,1,0
/kaggle/working/patches/64/good/b5_patch2_1.tif,b5_patch2_1.tif,good,0,b5,2,0
/kaggle/working/patches/64/good/Bbox_nn_d3_patch3_3.tif,Bbox_nn_d3_patch3_3.tif,good,0,Bbox_nn_d3,3,0
/kaggle/working/patches/64/good/Bbox_p21_patch1_2.tif,Bbox_p21_patch1_2.tif,good,0,Bbox_p21,4,0
/kaggle/working/patches/64/good/p26_patch3_1.tif,p26_patch3_1.tif,good,0,p26,4,0
/kaggle/working/patches/64/good/Bbox_nn_d2_patch2_0.tif,Bbox_nn_d2_patch2_0.tif,good,0,Bbox_nn_d2,1,0
/kaggle/working/patches/64/good/bstar_tn_d2_patch3_1.tif,bstar_tn_d2_patch3_1.tif,good,0,bstar_tn_d2,4,0
/kaggle/working/patches/64/good/bstar_p10_patch2_2.tif,bstar_p10_patch2_2.tif,good,0,bstar_p10,4,0
/kaggle/working/patches/64/good/bstar_p9_patch1_1.tif,bstar_p9_patch1_1.tif,good,0,bstar_p9,0,0
/kaggle/working/patches/64/good/p22_patch1_3.tif,p22_patch1_3.tif,good,0,p22,2,0
/kaggle/working/patches/64/good/Bbox_tn_d1_patch2_3.tif,Bbox_tn_d1_patch2_3.tif,good,0,Bbox_tn_d1,2,0
/kaggle/working/patches/64/good/Bbox_nn_d2_patch2_2.tif,Bbox_nn_d2_patch2_2.tif,good,0,Bbox_nn_d2,1,0
/kaggle/working/patches/64/good/bstar_tk_d2_patch1_3.tif,bstar_tk_d2_patch1_3.tif,good,0,bstar_tk_d2,2,0
/kaggle/working/patches/64/good/bstar_tn_d2_patch1_2.tif,bstar_tn_d2_patch1_2.tif,good,0,bstar_tn_d2,4,0
/kaggle/working/patches/64/good/p17_patch1_3.tif,p17_patch1_3.tif,good,0,p17,1,0
/kaggle/working/patches/64/good/p8_patch1_0.tif,p8_patch1_0.tif,good,0,p8,2,0
/kaggle/working/patches/64/good/p27_patch3_0.tif,p27_patch3_0.tif,good,0,p27,2,0
/kaggle/working/patches/64/good/bstar_nn_d2_patch3_1.tif,bstar_nn_d2_patch3_1.tif,good,0,bstar_nn_d2,3,0
/kaggle/working/patches/64/good/bstar_nn_d3_patch3_0.tif,bstar_nn_d3_patch3_0.tif,good,0,bstar_nn_d3,0,0
/kaggle/working/patches/64/good/bstar_p7_patch2_0.tif,bstar_p7_patch2_0.tif,good,0,bstar_p7,0,0
/kaggle/working/patches/64/good/p16_patch2_2.tif,p16_patch2_2.tif,good,0,p16,3,0
/kaggle/working/patches/64/good/bstar_bn_d3_patch2_3.tif,bstar_bn_d3_patch2_3.tif,good,0,bstar_bn_d3,4,0
/kaggle/working/patches/64/good/p28_patch2_3.tif,p28_patch2_3.tif,good,0,p28,1,0
/kaggle/working/patches/64/good/Bbox_p5_patch3_2.tif,Bbox_p5_patch3_2.tif,good,0,Bbox_p5,1,0
/kaggle/working/patches/64/good/bstar_nn_d2_patch0_2.tif,bstar_nn_d2_patch0_2.tif,good,0,bstar_nn_d2,3,0
/kaggle/working/patches/64/good/p15_patch0_3.tif,p15_patch0_3.tif,good,0,p15,1,0
/kaggle/working/patches/64/good/bstar_he_d1_patch2_0.tif,bstar_he_d1_patch2_0.tif,good,0,bstar_he_d1,1,0
/kaggle/working/patches/64/good/bstar_nn_d1_patch0_3.tif,bstar_nn_d1_patch0_3.tif,good,0,bstar_nn_d1,4,0
/kaggle/working/patches/64/good/tt3_patch2_3.tif,tt3_patch2_3.tif,good,0,tt3,2,0
/kaggle/working/patches/64/good/h1_patch1_1.tif,h1_patch1_1.tif,good,0,h1,2,0
/kaggle/working/patches/64/good/p4_patch2_1.tif,p4_patch2_1.tif,good,0,p4,3,0
/kaggle/working/patches/64/good/p26_patch1_1.tif,p26_patch1_1.tif,good,0,p26,4,0
/kaggle/working/patches/64/good/bstar_p3_patch2_1.tif,bstar_p3_patch2_1.tif,good,0,bstar_p3,0,0
/kaggle/working/patches/64/good/bstar_p16_patch2_2.tif,bstar_p16_patch2_2.tif,good,0,bstar_p16,4,0
/kaggle/working/patches/64/good/Bbox_nn_d3_patch3_1.tif,Bbox_nn_d3_patch3_1.tif,good,0,Bbox_nn_d3,3,0
/kaggle/working/patches/64/good/Bbox_bn_d1_patch0_0.tif,Bbox_bn_d1_patch0_0.tif,good,0,Bbox_bn_d1,0,0
/kaggle/working/patches/64/good/Bbox_p29_patch2_1.tif,Bbox_p29_patch2_1.tif,good,0,Bbox_p29,1,0
/kaggle/working/patches/64/good/Bbox_p1_patch2_0.tif,Bbox_p1_patch2_0.tif,good,0,Bbox_p1,0,0
/kaggle/working/patches/64/good/p19_patch1_3.tif,p19_patch1_3.tif,good,0,p19,0,0
/kaggle/working/patches/64/good/Bbox_he_d4_patch0_2.tif,Bbox_he_d4_patch0_2.tif,good,0,Bbox_he_d4,0,0
/kaggle/working/patches/64/good/bstar_p15_patch2_2.tif,bstar_p15_patch2_2.tif,good,0,bstar_p15,3,0
/kaggle/working/patches/64/good/p15_patch3_1.tif,p15_patch3_1.tif,good,0,p15,1,0
/kaggle/working/patches/64/good/n2_patch3_1.tif,n2_patch3_1.tif,good,0,n2,3,0
/kaggle/working/patches/64/good/Bbox_p6_patch3_1.tif,Bbox_p6_patch3_1.tif,good,0,Bbox_p6,1,0
/kaggle/working/patches/64/good/Bbox_bn_d4_patch1_0.tif,Bbox_bn_d4_patch1_0.tif,good,0,Bbox_bn_d4,2,0
/kaggle/working/patches/64/good/bstar_he_d1_patch2_2.tif,bstar_he_d1_patch2_2.tif,good,0,bstar_he_d1,1,0
/kaggle/working/patches/64/good/bstar_p3_patch3_2.tif,bstar_p3_patch3_2.tif,good,0,bstar_p3,0,0
/kaggle/working/patches/64/good/t3_patch3_3.tif,t3_patch3_3.tif,good,0,t3,3,0
/kaggle/working/patches/64/good/p12_patch1_2.tif,p12_patch1_2.tif,good,0,p12,0,0
/kaggle/working/patches/64/good/bstar_he_d2_patch2_1.tif,bstar_he_d2_patch2_1.tif,good,0,bstar_he_d2,0,0
/kaggle/working/patches/64/good/bstar_p6_patch0_0.tif,bstar_p6_patch0_0.tif,good,0,bstar_p6,1,0
/kaggle/working/patches/64/good/Bbox_he_d4_patch3_1.tif,Bbox_he_d4_patch3_1.tif,good,0,Bbox_he_d4,0,0
/kaggle/working/patches/64/good/bstar_tn_d3_patch0_1.tif,bstar_tn_d3_patch0_1.tif,good,0,bstar_tn_d3,3,0
/kaggle/working/patches/64/good/bstar_he_d3_patch3_1.tif,bstar_he_d3_patch3_1.tif,good,0,bstar_he_d3,0,0
/kaggle/working/patches/64/good/p15_patch0_0.tif,p15_patch0_0.tif,good,0,p15,1,0
/kaggle/working/patches/64/good/bstar_tn_d3_patch1_0.tif,bstar_tn_d3_patch1_0.tif,good,0,bstar_tn_d3,3,0
/kaggle/working/patches/64/good/Bbox_p3_patch3_3.tif,Bbox_p3_patch3_3.tif,good,0,Bbox_p3,1,0
/kaggle/working/patches/64/good/p3_patch2_3.tif,p3_patch2_3.tif,good,0,p3,3,0
/kaggle/working/patches/64/good/Bbox_p28_patch1_1.tif,Bbox_p28_patch1_1.tif,good,0,Bbox_p28,4,0
/kaggle/working/patches/64/good/p29_patch1_1.tif,p29_patch1_1.tif,good,0,p29,2,0
/kaggle/working/patches/64/good/bstar_p11_patch0_0.tif,bstar_p11_patch0_0.tif,good,0,bstar_p11,0,0
/kaggle/working/patches/64/good/h2_patch2_2.tif,h2_patch2_2.tif,good,0,h2,2,0
/kaggle/working/patches/64/good/bstar_he_d2_patch2_3.tif,bstar_he_d2_patch2_3.tif,good,0,bstar_he_d2,0,0
/kaggle/working/patches/64/good/bstar_bn_d5_patch3_0.tif,bstar_bn_d5_patch3_0.tif,good,0,bstar_bn_d5,4,0
/kaggle/working/patches/64/good/bstar_bn_d3_patch3_2.tif,bstar_bn_d3_patch3_2.tif,good,0,bstar_bn_d3,4,0
/kaggle/working/patches/64/good/bstar_p10_patch2_0.tif,bstar_p10_patch2_0.tif,good,0,bstar_p10,4,0
/kaggle/working/patches/64/good/bstar_tn_d1_patch2_3.tif,bstar_tn_d1_patch2_3.tif,good,0,bstar_tn_d1,2,0
/kaggle/working/patches/64/good/Bbox_p13_patch2_3.tif,Bbox_p13_patch2_3.tif,good,0,Bbox_p13,1,0
/kaggle/working/patches/64/good/h4_patch2_3.tif,h4_patch2_3.tif,good,0,h4,1,0
/kaggle/working/patches/64/good/bstar_p11_patch1_0.tif,bstar_p11_patch1_0.tif,good,0,bstar_p11,0,0
/kaggle/working/patches/64/good/bstar_bn_d1_patch3_0.tif,bstar_bn_d1_patch3_0.tif,good,0,bstar_bn_d1,1,0
/kaggle/working/patches/64/good/Bbox_bn_d4_patch1_3.tif,Bbox_bn_d4_patch1_3.tif,good,0,Bbox_bn_d4,2,0
/kaggle/working/patches/64/good/k5_patch3_1.tif,k5_patch3_1.tif,good,0,k5,2,0
/kaggle/working/patches/64/good/p19_patch0_0.tif,p19_patch0_0.tif,good,0,p19,0,0
/kaggle/working/patches/64/good/Bbox_p16_patch3_2.tif,Bbox_p16_patch3_2.tif,good,0,Bbox_p16,2,0
/kaggle/working/patches/64/good/t2_patch1_0.tif,t2_patch1_0.tif,good,0,t2,0,0
/kaggle/working/patches/64/good/p11_patch2_1.tif,p11_patch2_1.tif,good,0,p11,4,0
/kaggle/working/patches/64/good/p3_patch1_1.tif,p3_patch1_1.tif,good,0,p3,3,0
/kaggle/working/patches/64/good/Bbox_tk_d5_patch2_3.tif,Bbox_tk_d5_patch2_3.tif,good,0,Bbox_tk_d5,4,0
/kaggle/working/patches/64/good/p1_patch3_3.tif,p1_patch3_3.tif,good,0,p1,4,0
/kaggle/working/patches/64/good/Bbox_tn_d1_patch3_2.tif,Bbox_tn_d1_patch3_2.tif,good,0,Bbox_tn_d1,2,0
/kaggle/working/patches/64/good/Bbox_p6_patch3_0.tif,Bbox_p6_patch3_0.tif,good,0,Bbox_p6,1,0
/kaggle/working/patches/64/good/bstar_p23_patch0_3.tif,bstar_p23_patch0_3.tif,good,0,bstar_p23,3,0
/kaggle/working/patches/64/good/bstar_nn_d2_patch0_1.tif,bstar_nn_d2_patch0_1.tif,good,0,bstar_nn_d2,3,0
/kaggle/working/patches/64/good/p16_patch3_1.tif,p16_patch3_1.tif,good,0,p16,3,0
/kaggle/working/patches/64/good/p25_patch1_0.tif,p25_patch1_0.tif,good,0,p25,4,0
/kaggle/working/patches/64/good/Bbox_p10_patch0_3.tif,Bbox_p10_patch0_3.tif,good,0,Bbox_p10,2,0
/kaggle/working/patches/64/good/Bbox_nn_d4_patch3_0.tif,Bbox_nn_d4_patch3_0.tif,good,0,Bbox_nn_d4,2,0
/kaggle/working/patches/64/good/n3_patch3_2.tif,n3_patch3_2.tif,good,0,n3,0,0
/kaggle/working/patches/64/good/p24_patch3_1.tif,p24_patch3_1.tif,good,0,p24,0,0
/kaggle/working/patches/64/good/Bbox_bn_d4_patch2_1.tif,Bbox_bn_d4_patch2_1.tif,good,0,Bbox_bn_d4,2,0
/kaggle/working/patches/64/good/bstar_tk_d5_patch3_0.tif,bstar_tk_d5_patch3_0.tif,good,0,bstar_tk_d5,3,0
/kaggle/working/patches/64/good/p26_patch1_2.tif,p26_patch1_2.tif,good,0,p26,4,0
/kaggle/working/patches/64/good/p26_patch1_3.tif,p26_patch1_3.tif,good,0,p26,4,0
/kaggle/working/patches/64/good/Bbox_tk_d2_patch3_3.tif,Bbox_tk_d2_patch3_3.tif,good,0,Bbox_tk_d2,1,0
/kaggle/working/patches/64/good/bstar_p25_patch2_2.tif,bstar_p25_patch2_2.tif,good,0,bstar_p25,2,0
/kaggle/working/patches/64/good/Bbox_p29_patch0_3.tif,Bbox_p29_patch0_3.tif,good,0,Bbox_p29,1,0
/kaggle/working/patches/64/good/p9_patch2_2.tif,p9_patch2_2.tif,good,0,p9,4,0
/kaggle/working/patches/64/good/h4_patch3_0.tif,h4_patch3_0.tif,good,0,h4,1,0
/kaggle/working/patches/64/good/p25_patch2_0.tif,p25_patch2_0.tif,good,0,p25,4,0
/kaggle/working/patches/64/good/Bbox_he_d3_patch3_3.tif,Bbox_he_d3_patch3_3.tif,good,0,Bbox_he_d3,0,0
/kaggle/working/patches/64/good/tt1_patch1_3.tif,tt1_patch1_3.tif,good,0,tt1,1,0
/kaggle/working/patches/64/good/b2_patch3_2.tif,b2_patch3_2.tif,good,0,b2,4,0
/kaggle/working/patches/64/good/p2_patch1_3.tif,p2_patch1_3.tif,good,0,p2,1,0
/kaggle/working/patches/64/good/Bbox_p24_patch3_0.tif,Bbox_p24_patch3_0.tif,good,0,Bbox_p24,4,0
/kaggle/working/patches/64/good/bstar_p22_patch2_0.tif,bstar_p22_patch2_0.tif,good,0,bstar_p22,3,0
/kaggle/working/patches/64/good/p8_patch1_2.tif,p8_patch1_2.tif,good,0,p8,2,0
/kaggle/working/patches/64/good/Bbox_nn_d3_patch2_1.tif,Bbox_nn_d3_patch2_1.tif,good,0,Bbox_nn_d3,3,0
/kaggle/working/patches/64/good/n4_patch1_1.tif,n4_patch1_1.tif,good,0,n4,3,0
/kaggle/working/patches/64/good/Bbox_p27_patch0_3.tif,Bbox_p27_patch0_3.tif,good,0,Bbox_p27,3,0
/kaggle/working/patches/64/good/bstar_p18_patch0_3.tif,bstar_p18_patch0_3.tif,good,0,bstar_p18,4,0
/kaggle/working/patches/64/good/p10_patch2_3.tif,p10_patch2_3.tif,good,0,p10,0,0
/kaggle/working/patches/64/good/bstar_p5_patch2_2.tif,bstar_p5_patch2_2.tif,good,0,bstar_p5,1,0
/kaggle/working/patches/64/good/t3_patch2_2.tif,t3_patch2_2.tif,good,0,t3,3,0
/kaggle/working/patches/64/good/p16_patch1_0.tif,p16_patch1_0.tif,good,0,p16,3,0
/kaggle/working/patches/64/good/bstar_p11_patch2_3.tif,bstar_p11_patch2_3.tif,good,0,bstar_p11,0,0
/kaggle/working/patches/64/good/p12_patch2_1.tif,p12_patch2_1.tif,good,0,p12,0,0
/kaggle/working/patches/64/good/Bbox_p12_patch0_1.tif,Bbox_p12_patch0_1.tif,good,0,Bbox_p12,0,0
/kaggle/working/patches/64/good/h1_patch1_3.tif,h1_patch1_3.tif,good,0,h1,2,0
/kaggle/working/patches/64/good/p19_patch2_0.tif,p19_patch2_0.tif,good,0,p19,0,0
/kaggle/working/patches/64/good/Bbox_p7_patch2_3.tif,Bbox_p7_patch2_3.tif,good,0,Bbox_p7,2,0
/kaggle/working/patches/64/good/bstar_tn_d4_patch2_1.tif,bstar_tn_d4_patch2_1.tif,good,0,bstar_tn_d4,4,0
/kaggle/working/patches/64/good/Bbox_tn_d3_patch3_1.tif,Bbox_tn_d3_patch3_1.tif,good,0,Bbox_tn_d3,0,0
/kaggle/working/patches/64/good/Bbox_tk_d2_patch3_1.tif,Bbox_tk_d2_patch3_1.tif,good,0,Bbox_tk_d2,1,0
/kaggle/working/patches/64/good/bstar_he_d1_patch3_3.tif,bstar_he_d1_patch3_3.tif,good,0,bstar_he_d1,1,0
/kaggle/working/patches/64/good/bstar_p8_patch2_3.tif,bstar_p8_patch2_3.tif,good,0,bstar_p8,4,0
/kaggle/working/patches/64/good/bstar_p16_patch0_0.tif,bstar_p16_patch0_0.tif,good,0,bstar_p16,4,0
/kaggle/working/patches/64/good/p8_patch0_1.tif,p8_patch0_1.tif,good,0,p8,2,0
/kaggle/working/patches/64/good/bstar_p6_patch1_2.tif,bstar_p6_patch1_2.tif,good,0,bstar_p6,1,0
/kaggle/working/patches/64/good/Bbox_nn_d5_patch0_3.tif,Bbox_nn_d5_patch0_3.tif,good,0,Bbox_nn_d5,4,0
/kaggle/working/patches/64/good/Bbox_nn_d3_patch0_0.tif,Bbox_nn_d3_patch0_0.tif,good,0,Bbox_nn_d3,3,0
/kaggle/working/patches/64/good/bstar_bn_d1_patch0_0.tif,bstar_bn_d1_patch0_0.tif,good,0,bstar_bn_d1,1,0
/kaggle/working/patches/64/good/n4_patch0_1.tif,n4_patch0_1.tif,good,0,n4,3,0
/kaggle/working/patches/64/good/bstar_tk_d3_patch0_1.tif,bstar_tk_d3_patch0_1.tif,good,0,bstar_tk_d3,2,0
/kaggle/working/patches/64/good/Bbox_p30_patch0_0.tif,Bbox_p30_patch0_0.tif,good,0,Bbox_p30,1,0
/kaggle/working/patches/64/good/bstar_p16_patch0_2.tif,bstar_p16_patch0_2.tif,good,0,bstar_p16,4,0
/kaggle/working/patches/64/good/Bbox_he_d3_patch3_2.tif,Bbox_he_d3_patch3_2.tif,good,0,Bbox_he_d3,0,0
/kaggle/working/patches/64/good/bstar_nn_d4_patch2_0.tif,bstar_nn_d4_patch2_0.tif,good,0,bstar_nn_d4,1,0
/kaggle/working/patches/64/good/p8_patch1_1.tif,p8_patch1_1.tif,good,0,p8,2,0
/kaggle/working/patches/64/good/bstar_tk_d5_patch0_0.tif,bstar_tk_d5_patch0_0.tif,good,0,bstar_tk_d5,3,0
/kaggle/working/patches/64/good/Bbox_tn_d1_patch0_3.tif,Bbox_tn_d1_patch0_3.tif,good,0,Bbox_tn_d1,2,0
/kaggle/working/patches/64/good/h2_patch1_1.tif,h2_patch1_1.tif,good,0,h2,2,0
/kaggle/working/patches/64/good/h4_patch2_2.tif,h4_patch2_2.tif,good,0,h4,1,0
/kaggle/working/patches/64/good/bstar_nn_d4_patch1_2.tif,bstar_nn_d4_patch1_2.tif,good,0,bstar_nn_d4,1,0
/kaggle/working/patches/64/good/Bbox_tk_d2_patch3_0.tif,Bbox_tk_d2_patch3_0.tif,good,0,Bbox_tk_d2,1,0
/kaggle/working/patches/64/good/Bbox_p3_patch3_2.tif,Bbox_p3_patch3_2.tif,good,0,Bbox_p3,1,0
/kaggle/working/patches/64/good/Bbox_p20_patch2_1.tif,Bbox_p20_patch2_1.tif,good,0,Bbox_p20,2,0
/kaggle/working/patches/64/good/bstar_bn_d1_patch2_2.tif,bstar_bn_d1_patch2_2.tif,good,0,bstar_bn_d1,1,0
/kaggle/working/patches/64/good/Bbox_tn_d2_patch3_0.tif,Bbox_tn_d2_patch3_0.tif,good,0,Bbox_tn_d2,1,0
/kaggle/working/patches/64/good/t5_patch2_3.tif,t5_patch2_3.tif,good,0,t5,3,0
/kaggle/working/patches/64/good/Bbox_p22_patch0_0.tif,Bbox_p22_patch0_0.tif,good,0,Bbox_p22,1,0
/kaggle/working/patches/64/good/p21_patch1_0.tif,p21_patch1_0.tif,good,0,p21,1,0
/kaggle/working/patches/64/good/p2_patch3_2.tif,p2_patch3_2.tif,good,0,p2,1,0
/kaggle/working/patches/64/good/Bbox_bn_d2_patch1_1.tif,Bbox_bn_d2_patch1_1.tif,good,0,Bbox_bn_d2,2,0
/kaggle/working/patches/64/good/k3_patch0_0.tif,k3_patch0_0.tif,good,0,k3,4,0
/kaggle/working/patches/64/good/Bbox_nn_d3_patch0_1.tif,Bbox_nn_d3_patch0_1.tif,good,0,Bbox_nn_d3,3,0
/kaggle/working/patches/64/good/Bbox_p16_patch0_3.tif,Bbox_p16_patch0_3.tif,good,0,Bbox_p16,2,0
/kaggle/working/patches/64/good/Bbox_p4_patch3_0.tif,Bbox_p4_patch3_0.tif,good,0,Bbox_p4,0,0
/kaggle/working/patches/64/good/p4_patch0_3.tif,p4_patch0_3.tif,good,0,p4,3,0
/kaggle/working/patches/64/good/Bbox_bn_d1_patch2_3.tif,Bbox_bn_d1_patch2_3.tif,good,0,Bbox_bn_d1,0,0
/kaggle/working/patches/64/good/bstar_p15_patch3_3.tif,bstar_p15_patch3_3.tif,good,0,bstar_p15,3,0
/kaggle/working/patches/64/good/p25_patch2_1.tif,p25_patch2_1.tif,good,0,p25,4,0
/kaggle/working/patches/64/good/Bbox_p30_patch2_2.tif,Bbox_p30_patch2_2.tif,good,0,Bbox_p30,1,0
/kaggle/working/patches/64/good/Bbox_p19_patch3_0.tif,Bbox_p19_patch3_0.tif,good,0,Bbox_p19,3,0
/kaggle/working/patches/64/good/Bbox_tn_d3_patch0_2.tif,Bbox_tn_d3_patch0_2.tif,good,0,Bbox_tn_d3,0,0
/kaggle/working/patches/64/good/tt2_patch1_1.tif,tt2_patch1_1.tif,good,0,tt2,2,0
/kaggle/working/patches/64/good/Bbox_tk_d5_patch3_2.tif,Bbox_tk_d5_patch3_2.tif,good,0,Bbox_tk_d5,4,0
/kaggle/working/patches/64/good/Bbox_p7_patch3_0.tif,Bbox_p7_patch3_0.tif,good,0,Bbox_p7,2,0
/kaggle/working/patches/64/good/Bbox_p5_patch2_3.tif,Bbox_p5_patch2_3.tif,good,0,Bbox_p5,1,0
/kaggle/working/patches/64/good/Bbox_p23_patch3_0.tif,Bbox_p23_patch3_0.tif,good,0,Bbox_p23,3,0
/kaggle/working/patches/64/good/p25_patch3_1.tif,p25_patch3_1.tif,good,0,p25,4,0
/kaggle/working/patches/64/good/Bbox_p21_patch2_0.tif,Bbox_p21_patch2_0.tif,good,0,Bbox_p21,4,0
/kaggle/working/patches/64/good/Bbox_p15_patch3_1.tif,Bbox_p15_patch3_1.tif,good,0,Bbox_p15,4,0
/kaggle/working/patches/64/good/Bbox_p17_patch2_3.tif,Bbox_p17_patch2_3.tif,good,0,Bbox_p17,4,0
/kaggle/working/patches/64/good/Bbox_tk_d1_patch1_1.tif,Bbox_tk_d1_patch1_1.tif,good,0,Bbox_tk_d1,2,0
/kaggle/working/patches/64/good/bstar_p19_patch0_0.tif,bstar_p19_patch0_0.tif,good,0,bstar_p19,1,0
/kaggle/working/patches/64/good/Bbox_he_d4_patch3_3.tif,Bbox_he_d4_patch3_3.tif,good,0,Bbox_he_d4,0,0
/kaggle/working/patches/64/good/p14_patch0_1.tif,p14_patch0_1.tif,good,0,p14,2,0
/kaggle/working/patches/64/good/p26_patch2_2.tif,p26_patch2_2.tif,good,0,p26,4,0
/kaggle/working/patches/64/good/Bbox_p4_patch2_1.tif,Bbox_p4_patch2_1.tif,good,0,Bbox_p4,0,0
/kaggle/working/patches/64/good/Bbox_nn_d1_patch2_1.tif,Bbox_nn_d1_patch2_1.tif,good,0,Bbox_nn_d1,2,0
/kaggle/working/patches/64/good/bstar_p15_patch3_1.tif,bstar_p15_patch3_1.tif,good,0,bstar_p15,3,0
/kaggle/working/patches/64/good/bstar_bn_d5_patch1_0.tif,bstar_bn_d5_patch1_0.tif,good,0,bstar_bn_d5,4,0
/kaggle/working/patches/64/good/bstar_bn_d1_patch0_1.tif,bstar_bn_d1_patch0_1.tif,good,0,bstar_bn_d1,1,0
/kaggle/working/patches/64/good/bstar_p8_patch0_0.tif,bstar_p8_patch0_0.tif,good,0,bstar_p8,4,0
/kaggle/working/patches/64/good/Bbox_he_d1_patch0_3.tif,Bbox_he_d1_patch0_3.tif,good,0,Bbox_he_d1,4,0
/kaggle/working/patches/64/good/p2_patch1_1.tif,p2_patch1_1.tif,good,0,p2,1,0
/kaggle/working/patches/64/good/p9_patch3_3.tif,p9_patch3_3.tif,good,0,p9,4,0
/kaggle/working/patches/64/good/p3_patch0_1.tif,p3_patch0_1.tif,good,0,p3,3,0
/kaggle/working/patches/64/good/bstar_p20_patch2_3.tif,bstar_p20_patch2_3.tif,good,0,bstar_p20,1,0
/kaggle/working/patches/64/good/bstar_p20_patch0_3.tif,bstar_p20_patch0_3.tif,good,0,bstar_p20,1,0
/kaggle/working/patches/64/good/p7_patch2_2.tif,p7_patch2_2.tif,good,0,p7,2,0
/kaggle/working/patches/64/good/p13_patch2_1.tif,p13_patch2_1.tif,good,0,p13,4,0
/kaggle/working/patches/64/good/Bbox_p11_patch2_1.tif,Bbox_p11_patch2_1.tif,good,0,Bbox_p11,1,0
/kaggle/working/patches/64/good/tt2_patch2_3.tif,tt2_patch2_3.tif,good,0,tt2,2,0
/kaggle/working/patches/64/good/p28_patch1_2.tif,p28_patch1_2.tif,good,0,p28,1,0
/kaggle/working/patches/64/good/Bbox_p18_patch1_0.tif,Bbox_p18_patch1_0.tif,good,0,Bbox_p18,0,0
/kaggle/working/patches/64/good/p3_patch0_0.tif,p3_patch0_0.tif,good,0,p3,3,0
/kaggle/working/patches/64/good/p1_patch0_3.tif,p1_patch0_3.tif,good,0,p1,4,0
/kaggle/working/patches/64/good/Bbox_p28_patch0_1.tif,Bbox_p28_patch0_1.tif,good,0,Bbox_p28,4,0
/kaggle/working/patches/64/good/bstar_p9_patch3_3.tif,bstar_p9_patch3_3.tif,good,0,bstar_p9,0,0
/kaggle/working/patches/64/good/Bbox_p13_patch0_2.tif,Bbox_p13_patch0_2.tif,good,0,Bbox_p13,1,0
/kaggle/working/patches/64/good/Bbox_tn_d5_patch2_0.tif,Bbox_tn_d5_patch2_0.tif,good,0,Bbox_tn_d5,3,0
/kaggle/working/patches/64/good/p21_patch2_1.tif,p21_patch2_1.tif,good,0,p21,1,0
/kaggle/working/patches/64/good/k2_patch3_1.tif,k2_patch3_1.tif,good,0,k2,1,0
/kaggle/working/patches/64/good/b1_patch1_1.tif,b1_patch1_1.tif,good,0,b1,3,0
/kaggle/working/patches/64/good/t5_patch2_0.tif,t5_patch2_0.tif,good,0,t5,3,0
/kaggle/working/patches/64/good/bstar_bn_d3_patch3_3.tif,bstar_bn_d3_patch3_3.tif,good,0,bstar_bn_d3,4,0
/kaggle/working/patches/64/good/bstar_nn_d2_patch2_0.tif,bstar_nn_d2_patch2_0.tif,good,0,bstar_nn_d2,3,0
/kaggle/working/patches/64/good/b2_patch0_1.tif,b2_patch0_1.tif,good,0,b2,4,0
/kaggle/working/patches/64/good/bstar_p17_patch3_2.tif,bstar_p17_patch3_2.tif,good,0,bstar_p17,0,0
/kaggle/working/patches/64/good/p11_patch2_0.tif,p11_patch2_0.tif,good,0,p11,4,0
/kaggle/working/patches/64/good/bstar_p6_patch3_1.tif,bstar_p6_patch3_1.tif,good,0,bstar_p6,1,0
/kaggle/working/patches/64/good/Bbox_bn_d3_patch2_0.tif,Bbox_bn_d3_patch2_0.tif,good,0,Bbox_bn_d3,1,0
/kaggle/working/patches/64/good/bstar_tn_d4_patch0_3.tif,bstar_tn_d4_patch0_3.tif,good,0,bstar_tn_d4,4,0
/kaggle/working/patches/64/good/bstar_nn_d1_patch2_2.tif,bstar_nn_d1_patch2_2.tif,good,0,bstar_nn_d1,4,0
/kaggle/working/patches/64/good/k1_patch3_3.tif,k1_patch3_3.tif,good,0,k1,3,0
/kaggle/working/patches/64/good/bstar_tk_d3_patch2_0.tif,bstar_tk_d3_patch2_0.tif,good,0,bstar_tk_d3,2,0
/kaggle/working/patches/64/good/b4_patch3_0.tif,b4_patch3_0.tif,good,0,b4,1,0
/kaggle/working/patches/64/good/bstar_p3_patch3_0.tif,bstar_p3_patch3_0.tif,good,0,bstar_p3,0,0
/kaggle/working/patches/64/good/tt1_patch0_0.tif,tt1_patch0_0.tif,good,0,tt1,1,0
/kaggle/working/patches/64/good/Bbox_nn_d5_patch2_0.tif,Bbox_nn_d5_patch2_0.tif,good,0,Bbox_nn_d5,4,0
/kaggle/working/patches/64/good/bstar_nn_d1_patch1_0.tif,bstar_nn_d1_patch1_0.tif,good,0,bstar_nn_d1,4,0
/kaggle/working/patches/64/good/bstar_p20_patch1_1.tif,bstar_p20_patch1_1.tif,good,0,bstar_p20,1,0
/kaggle/working/patches/64/good/Bbox_p30_patch1_1.tif,Bbox_p30_patch1_1.tif,good,0,Bbox_p30,1,0
/kaggle/working/patches/64/good/Bbox_p15_patch2_0.tif,Bbox_p15_patch2_0.tif,good,0,Bbox_p15,4,0
/kaggle/working/patches/64/good/Bbox_tn_d1_patch2_0.tif,Bbox_tn_d1_patch2_0.tif,good,0,Bbox_tn_d1,2,0
/kaggle/working/patches/64/good/p28_patch0_1.tif,p28_patch0_1.tif,good,0,p28,1,0
/kaggle/working/patches/64/good/h3_patch3_0.tif,h3_patch3_0.tif,good,0,h3,3,0
/kaggle/working/patches/64/good/Bbox_tk_d4_patch0_3.tif,Bbox_tk_d4_patch0_3.tif,good,0,Bbox_tk_d4,3,0
/kaggle/working/patches/64/good/p10_patch1_1.tif,p10_patch1_1.tif,good,0,p10,0,0
/kaggle/working/patches/64/good/Bbox_p14_patch0_2.tif,Bbox_p14_patch0_2.tif,good,0,Bbox_p14,3,0
/kaggle/working/patches/64/good/p9_patch0_1.tif,p9_patch0_1.tif,good,0,p9,4,0
/kaggle/working/patches/64/good/bstar_p8_patch1_2.tif,bstar_p8_patch1_2.tif,good,0,bstar_p8,4,0
/kaggle/working/patches/64/good/p5_patch1_0.tif,p5_patch1_0.tif,good,0,p5,4,0
/kaggle/working/patches/64/good/b1_patch3_2.tif,b1_patch3_2.tif,good,0,b1,3,0
/kaggle/working/patches/64/good/bstar_he_d3_patch1_3.tif,bstar_he_d3_patch1_3.tif,good,0,bstar_he_d3,0,0
/kaggle/working/patches/64/good/p4_patch1_1.tif,p4_patch1_1.tif,good,0,p4,3,0
/kaggle/working/patches/64/good/bstar_he_d1_patch2_3.tif,bstar_he_d1_patch2_3.tif,good,0,bstar_he_d1,1,0
/kaggle/working/patches/64/good/Bbox_p27_patch2_1.tif,Bbox_p27_patch2_1.tif,good,0,Bbox_p27,3,0
/kaggle/working/patches/64/good/Bbox_p27_patch3_1.tif,Bbox_p27_patch3_1.tif,good,0,Bbox_p27,3,0
/kaggle/working/patches/64/good/Bbox_tn_d4_patch2_2.tif,Bbox_tn_d4_patch2_2.tif,good,0,Bbox_tn_d4,1,0
/kaggle/working/patches/64/good/p25_patch0_3.tif,p25_patch0_3.tif,good,0,p25,4,0
/kaggle/working/patches/64/good/bstar_nn_d2_patch0_3.tif,bstar_nn_d2_patch0_3.tif,good,0,bstar_nn_d2,3,0
/kaggle/working/patches/64/good/Bbox_tn_d4_patch3_0.tif,Bbox_tn_d4_patch3_0.tif,good,0,Bbox_tn_d4,1,0
/kaggle/working/patches/64/good/Bbox_p12_patch3_0.tif,Bbox_p12_patch3_0.tif,good,0,Bbox_p12,0,0
/kaggle/working/patches/64/good/Bbox_he_d3_patch2_3.tif,Bbox_he_d3_patch2_3.tif,good,0,Bbox_he_d3,0,0
/kaggle/working/patches/64/good/Bbox_nn_d1_patch2_3.tif,Bbox_nn_d1_patch2_3.tif,good,0,Bbox_nn_d1,2,0
/kaggle/working/patches/64/good/bstar_p23_patch1_3.tif,bstar_p23_patch1_3.tif,good,0,bstar_p23,3,0
/kaggle/working/patches/64/good/p22_patch1_0.tif,p22_patch1_0.tif,good,0,p22,2,0
/kaggle/working/patches/64/good/Bbox_nn_d2_patch3_0.tif,Bbox_nn_d2_patch3_0.tif,good,0,Bbox_nn_d2,1,0
/kaggle/working/patches/64/good/Bbox_p2_patch2_3.tif,Bbox_p2_patch2_3.tif,good,0,Bbox_p2,2,0
/kaggle/working/patches/64/good/bstar_p1_patch3_2.tif,bstar_p1_patch3_2.tif,good,0,bstar_p1,3,0
/kaggle/working/patches/64/good/bstar_tk_d3_patch0_2.tif,bstar_tk_d3_patch0_2.tif,good,0,bstar_tk_d3,2,0
/kaggle/working/patches/64/good/p16_patch1_3.tif,p16_patch1_3.tif,good,0,p16,3,0
/kaggle/working/patches/64/good/bstar_nn_d1_patch0_2.tif,bstar_nn_d1_patch0_2.tif,good,0,bstar_nn_d1,4,0
/kaggle/working/patches/64/good/Bbox_p18_patch1_2.tif,Bbox_p18_patch1_2.tif,good,0,Bbox_p18,0,0
/kaggle/working/patches/64/good/bstar_he_d4_patch3_3.tif,bstar_he_d4_patch3_3.tif,good,0,bstar_he_d4,0,0
/kaggle/working/patches/64/good/Bbox_p23_patch0_1.tif,Bbox_p23_patch0_1.tif,good,0,Bbox_p23,3,0
/kaggle/working/patches/64/good/Bbox_tn_d2_patch1_3.tif,Bbox_tn_d2_patch1_3.tif,good,0,Bbox_tn_d2,1,0
/kaggle/working/patches/64/good/bstar_tn_d2_patch0_2.tif,bstar_tn_d2_patch0_2.tif,good,0,bstar_tn_d2,4,0
/kaggle/working/patches/64/good/p13_patch3_3.tif,p13_patch3_3.tif,good,0,p13,4,0
/kaggle/working/patches/64/good/p6_patch3_3.tif,p6_patch3_3.tif,good,0,p6,0,0
/kaggle/working/patches/64/good/p15_patch3_2.tif,p15_patch3_2.tif,good,0,p15,1,0
/kaggle/working/patches/64/good/Bbox_tk_d5_patch0_3.tif,Bbox_tk_d5_patch0_3.tif,good,0,Bbox_tk_d5,4,0
/kaggle/working/patches/64/good/h3_patch0_2.tif,h3_patch0_2.tif,good,0,h3,3,0
/kaggle/working/patches/64/good/Bbox_p20_patch1_0.tif,Bbox_p20_patch1_0.tif,good,0,Bbox_p20,2,0
/kaggle/working/patches/64/good/bstar_bn_d3_patch0_3.tif,bstar_bn_d3_patch0_3.tif,good,0,bstar_bn_d3,4,0
/kaggle/working/patches/64/good/Bbox_p22_patch3_2.tif,Bbox_p22_patch3_2.tif,good,0,Bbox_p22,1,0
/kaggle/working/patches/64/good/bstar_p25_patch1_3.tif,bstar_p25_patch1_3.tif,good,0,bstar_p25,2,0
/kaggle/working/patches/64/good/Bbox_p22_patch3_0.tif,Bbox_p22_patch3_0.tif,good,0,Bbox_p22,1,0
/kaggle/working/patches/64/good/bstar_bn_d1_patch2_3.tif,bstar_bn_d1_patch2_3.tif,good,0,bstar_bn_d1,1,0
/kaggle/working/patches/64/good/bstar_p9_patch2_3.tif,bstar_p9_patch2_3.tif,good,0,bstar_p9,0,0
/kaggle/working/patches/64/good/bstar_p2_patch2_1.tif,bstar_p2_patch2_1.tif,good,0,bstar_p2,0,0
/kaggle/working/patches/64/good/bstar_tk_d1_patch1_1.tif,bstar_tk_d1_patch1_1.tif,good,0,bstar_tk_d1,4,0
/kaggle/working/patches/64/good/Bbox_he_d4_patch1_0.tif,Bbox_he_d4_patch1_0.tif,good,0,Bbox_he_d4,0,0
/kaggle/working/patches/64/good/Bbox_tk_d4_patch3_0.tif,Bbox_tk_d4_patch3_0.tif,good,0,Bbox_tk_d4,3,0
/kaggle/working/patches/64/good/bstar_he_d4_patch0_0.tif,bstar_he_d4_patch0_0.tif,good,0,bstar_he_d4,0,0
/kaggle/working/patches/64/good/Bbox_tk_d5_patch3_3.tif,Bbox_tk_d5_patch3_3.tif,good,0,Bbox_tk_d5,4,0
/kaggle/working/patches/64/good/bstar_p17_patch0_2.tif,bstar_p17_patch0_2.tif,good,0,bstar_p17,0,0
/kaggle/working/patches/64/good/p15_patch1_1.tif,p15_patch1_1.tif,good,0,p15,1,0
/kaggle/working/patches/64/good/bstar_nn_d1_patch3_0.tif,bstar_nn_d1_patch3_0.tif,good,0,bstar_nn_d1,4,0
/kaggle/working/patches/64/good/Bbox_p3_patch0_1.tif,Bbox_p3_patch0_1.tif,good,0,Bbox_p3,1,0
/kaggle/working/patches/64/good/Bbox_tk_d3_patch3_3.tif,Bbox_tk_d3_patch3_3.tif,good,0,Bbox_tk_d3,4,0
/kaggle/working/patches/64/good/p23_patch0_2.tif,p23_patch0_2.tif,good,0,p23,4,0
/kaggle/working/patches/64/good/Bbox_nn_d5_patch1_0.tif,Bbox_nn_d5_patch1_0.tif,good,0,Bbox_nn_d5,4,0
/kaggle/working/patches/64/good/p22_patch1_1.tif,p22_patch1_1.tif,good,0,p22,2,0
/kaggle/working/patches/64/good/bstar_nn_d5_patch3_3.tif,bstar_nn_d5_patch3_3.tif,good,0,bstar_nn_d5,2,0
/kaggle/working/patches/64/good/Bbox_he_d3_patch0_1.tif,Bbox_he_d3_patch0_1.tif,good,0,Bbox_he_d3,0,0
/kaggle/working/patches/64/good/bstar_bn_d3_patch3_1.tif,bstar_bn_d3_patch3_1.tif,good,0,bstar_bn_d3,4,0
/kaggle/working/patches/64/good/bstar_bn_d1_patch3_2.tif,bstar_bn_d1_patch3_2.tif,good,0,bstar_bn_d1,1,0
/kaggle/working/patches/64/good/Bbox_p8_patch2_3.tif,Bbox_p8_patch2_3.tif,good,0,Bbox_p8,4,0
/kaggle/working/patches/64/good/bstar_nn_d2_patch1_3.tif,bstar_nn_d2_patch1_3.tif,good,0,bstar_nn_d2,3,0
/kaggle/working/patches/64/good/bstar_p2_patch2_0.tif,bstar_p2_patch2_0.tif,good,0,bstar_p2,0,0
/kaggle/working/patches/64/good/tt5_patch2_2.tif,tt5_patch2_2.tif,good,0,tt5,0,0
/kaggle/working/patches/64/good/Bbox_p9_patch1_1.tif,Bbox_p9_patch1_1.tif,good,0,Bbox_p9,0,0
/kaggle/working/patches/64/good/b1_patch3_0.tif,b1_patch3_0.tif,good,0,b1,3,0
/kaggle/working/patches/64/good/bstar_tn_d4_patch2_0.tif,bstar_tn_d4_patch2_0.tif,good,0,bstar_tn_d4,4,0
/kaggle/working/patches/64/good/bstar_he_d4_patch3_2.tif,bstar_he_d4_patch3_2.tif,good,0,bstar_he_d4,0,0
/kaggle/working/patches/64/good/p18_patch3_1.tif,p18_patch3_1.tif,good,0,p18,3,0
/kaggle/working/patches/64/good/Bbox_bn_d3_patch1_1.tif,Bbox_bn_d3_patch1_1.tif,good,0,Bbox_bn_d3,1,0
/kaggle/working/patches/64/good/n3_patch0_0.tif,n3_patch0_0.tif,good,0,n3,0,0
/kaggle/working/patches/64/good/p18_patch0_3.tif,p18_patch0_3.tif,good,0,p18,3,0
/kaggle/working/patches/64/good/p27_patch3_2.tif,p27_patch3_2.tif,good,0,p27,2,0
/kaggle/working/patches/64/good/p28_patch0_2.tif,p28_patch0_2.tif,good,0,p28,1,0
/kaggle/working/patches/64/good/bstar_p25_patch2_1.tif,bstar_p25_patch2_1.tif,good,0,bstar_p25,2,0
/kaggle/working/patches/64/good/bstar_p13_patch2_1.tif,bstar_p13_patch2_1.tif,good,0,bstar_p13,1,0
/kaggle/working/patches/64/good/bstar_nn_d3_patch0_3.tif,bstar_nn_d3_patch0_3.tif,good,0,bstar_nn_d3,0,0
/kaggle/working/patches/64/good/p7_patch0_0.tif,p7_patch0_0.tif,good,0,p7,2,0
/kaggle/working/patches/64/good/p13_patch3_0.tif,p13_patch3_0.tif,good,0,p13,4,0
/kaggle/working/patches/64/good/bstar_tk_d2_patch3_2.tif,bstar_tk_d2_patch3_2.tif,good,0,bstar_tk_d2,2,0
/kaggle/working/patches/64/good/bstar_p1_patch0_0.tif,bstar_p1_patch0_0.tif,good,0,bstar_p1,3,0
/kaggle/working/patches/64/good/n5_patch0_3.tif,n5_patch0_3.tif,good,0,n5,2,0
/kaggle/working/patches/64/good/bstar_p24_patch2_3.tif,bstar_p24_patch2_3.tif,good,0,bstar_p24,2,0
/kaggle/working/patches/64/good/Bbox_nn_d5_patch3_1.tif,Bbox_nn_d5_patch3_1.tif,good,0,Bbox_nn_d5,4,0
/kaggle/working/patches/64/good/n1_patch3_1.tif,n1_patch3_1.tif,good,0,n1,1,0
/kaggle/working/patches/64/good/bstar_p11_patch0_3.tif,bstar_p11_patch0_3.tif,good,0,bstar_p11,0,0
/kaggle/working/patches/64/good/Bbox_bn_d4_patch2_3.tif,Bbox_bn_d4_patch2_3.tif,good,0,Bbox_bn_d4,2,0
/kaggle/working/patches/64/good/p27_patch1_0.tif,p27_patch1_0.tif,good,0,p27,2,0
/kaggle/working/patches/64/good/tt5_patch1_3.tif,tt5_patch1_3.tif,good,0,tt5,0,0
/kaggle/working/patches/64/good/p13_patch2_0.tif,p13_patch2_0.tif,good,0,p13,4,0
/kaggle/working/patches/64/good/h3_patch2_3.tif,h3_patch2_3.tif,good,0,h3,3,0
/kaggle/working/patches/64/good/p29_patch2_2.tif,p29_patch2_2.tif,good,0,p29,2,0
/kaggle/working/patches/64/good/p7_patch2_3.tif,p7_patch2_3.tif,good,0,p7,2,0
/kaggle/working/patches/64/good/bstar_tk_d4_patch3_1.tif,bstar_tk_d4_patch3_1.tif,good,0,bstar_tk_d4,2,0
/kaggle/working/patches/64/good/n5_patch2_0.tif,n5_patch2_0.tif,good,0,n5,2,0
/kaggle/working/patches/64/good/Bbox_p12_patch0_3.tif,Bbox_p12_patch0_3.tif,good,0,Bbox_p12,0,0
/kaggle/working/patches/64/good/bstar_bn_d4_patch1_0.tif,bstar_bn_d4_patch1_0.tif,good,0,bstar_bn_d4,3,0
/kaggle/working/patches/64/good/bstar_tk_d4_patch2_1.tif,bstar_tk_d4_patch2_1.tif,good,0,bstar_tk_d4,2,0
/kaggle/working/patches/64/good/Bbox_p16_patch3_1.tif,Bbox_p16_patch3_1.tif,good,0,Bbox_p16,2,0
/kaggle/working/patches/64/good/bstar_tn_d4_patch3_3.tif,bstar_tn_d4_patch3_3.tif,good,0,bstar_tn_d4,4,0
/kaggle/working/patches/64/good/Bbox_p22_patch0_3.tif,Bbox_p22_patch0_3.tif,good,0,Bbox_p22,1,0
/kaggle/working/patches/64/good/p26_patch0_0.tif,p26_patch0_0.tif,good,0,p26,4,0
/kaggle/working/patches/64/good/bstar_nn_d4_patch1_3.tif,bstar_nn_d4_patch1_3.tif,good,0,bstar_nn_d4,1,0
/kaggle/working/patches/64/good/tt1_patch1_0.tif,tt1_patch1_0.tif,good,0,tt1,1,0
/kaggle/working/patches/64/good/h4_patch2_1.tif,h4_patch2_1.tif,good,0,h4,1,0
/kaggle/working/patches/64/good/Bbox_bn_d4_patch0_1.tif,Bbox_bn_d4_patch0_1.tif,good,0,Bbox_bn_d4,2,0
/kaggle/working/patches/64/good/bstar_tn_d3_patch3_1.tif,bstar_tn_d3_patch3_1.tif,good,0,bstar_tn_d3,3,0
/kaggle/working/patches/64/good/Bbox_p16_patch1_1.tif,Bbox_p16_patch1_1.tif,good,0,Bbox_p16,2,0
/kaggle/working/patches/64/good/bstar_p13_patch3_3.tif,bstar_p13_patch3_3.tif,good,0,bstar_p13,1,0
/kaggle/working/patches/64/good/Bbox_p14_patch1_2.tif,Bbox_p14_patch1_2.tif,good,0,Bbox_p14,3,0
/kaggle/working/patches/64/good/p12_patch3_0.tif,p12_patch3_0.tif,good,0,p12,0,0
/kaggle/working/patches/64/good/bstar_p4_patch1_0.tif,bstar_p4_patch1_0.tif,good,0,bstar_p4,0,0
/kaggle/working/patches/64/good/Bbox_p5_patch0_1.tif,Bbox_p5_patch0_1.tif,good,0,Bbox_p5,1,0
/kaggle/working/patches/64/good/p20_patch1_3.tif,p20_patch1_3.tif,good,0,p20,3,0
/kaggle/working/patches/64/good/bstar_p3_patch0_3.tif,bstar_p3_patch0_3.tif,good,0,bstar_p3,0,0
/kaggle/working/patches/64/good/bstar_nn_d1_patch2_3.tif,bstar_nn_d1_patch2_3.tif,good,0,bstar_nn_d1,4,0
/kaggle/working/patches/64/good/bstar_tn_d1_patch3_0.tif,bstar_tn_d1_patch3_0.tif,good,0,bstar_tn_d1,2,0
/kaggle/working/patches/64/good/Bbox_p17_patch2_0.tif,Bbox_p17_patch2_0.tif,good,0,Bbox_p17,4,0
/kaggle/working/patches/64/good/Bbox_bn_d4_patch3_0.tif,Bbox_bn_d4_patch3_0.tif,good,0,Bbox_bn_d4,2,0
/kaggle/working/patches/64/good/bstar_tk_d3_patch0_3.tif,bstar_tk_d3_patch0_3.tif,good,0,bstar_tk_d3,2,0
/kaggle/working/patches/64/good/bstar_he_d1_patch2_1.tif,bstar_he_d1_patch2_1.tif,good,0,bstar_he_d1,1,0
/kaggle/working/patches/64/good/Bbox_p7_patch0_1.tif,Bbox_p7_patch0_1.tif,good,0,Bbox_p7,2,0
/kaggle/working/patches/64/good/bstar_tk_d4_patch0_0.tif,bstar_tk_d4_patch0_0.tif,good,0,bstar_tk_d4,2,0
/kaggle/working/patches/64/good/Bbox_p2_patch0_2.tif,Bbox_p2_patch0_2.tif,good,0,Bbox_p2,2,0
/kaggle/working/patches/64/good/Bbox_p8_patch3_2.tif,Bbox_p8_patch3_2.tif,good,0,Bbox_p8,4,0
/kaggle/working/patches/64/good/bstar_he_d3_patch3_2.tif,bstar_he_d3_patch3_2.tif,good,0,bstar_he_d3,0,0
/kaggle/working/patches/64/good/bstar_tk_d4_patch2_3.tif,bstar_tk_d4_patch2_3.tif,good,0,bstar_tk_d4,2,0
/kaggle/working/patches/64/good/Bbox_p16_patch3_3.tif,Bbox_p16_patch3_3.tif,good,0,Bbox_p16,2,0
/kaggle/working/patches/64/good/t2_patch3_3.tif,t2_patch3_3.tif,good,0,t2,0,0
/kaggle/working/patches/64/good/bstar_tn_d1_patch3_2.tif,bstar_tn_d1_patch3_2.tif,good,0,bstar_tn_d1,2,0
/kaggle/working/patches/64/good/n2_patch0_2.tif,n2_patch0_2.tif,good,0,n2,3,0
/kaggle/working/patches/64/good/bstar_nn_d3_patch2_3.tif,bstar_nn_d3_patch2_3.tif,good,0,bstar_nn_d3,0,0
/kaggle/working/patches/64/good/bstar_p24_patch0_3.tif,bstar_p24_patch0_3.tif,good,0,bstar_p24,2,0
/kaggle/working/patches/64/good/Bbox_p22_patch2_2.tif,Bbox_p22_patch2_2.tif,good,0,Bbox_p22,1,0
/kaggle/working/patches/64/good/bstar_tk_d1_patch3_3.tif,bstar_tk_d1_patch3_3.tif,good,0,bstar_tk_d1,4,0
/kaggle/working/patches/64/good/k4_patch3_2.tif,k4_patch3_2.tif,good,0,k4,0,0
/kaggle/working/patches/64/good/Bbox_tk_d2_patch0_1.tif,Bbox_tk_d2_patch0_1.tif,good,0,Bbox_tk_d2,1,0
/kaggle/working/patches/64/good/bstar_p7_patch1_0.tif,bstar_p7_patch1_0.tif,good,0,bstar_p7,0,0
/kaggle/working/patches/64/good/bstar_p15_patch1_2.tif,bstar_p15_patch1_2.tif,good,0,bstar_p15,3,0
/kaggle/working/patches/64/good/p30_patch0_1.tif,p30_patch0_1.tif,good,0,p30,1,0
/kaggle/working/patches/64/good/tt2_patch0_3.tif,tt2_patch0_3.tif,good,0,tt2,2,0
/kaggle/working/patches/64/good/Bbox_p8_patch3_0.tif,Bbox_p8_patch3_0.tif,good,0,Bbox_p8,4,0
/kaggle/working/patches/64/good/bstar_p25_patch2_3.tif,bstar_p25_patch2_3.tif,good,0,bstar_p25,2,0
/kaggle/working/patches/64/good/bstar_p7_patch2_2.tif,bstar_p7_patch2_2.tif,good,0,bstar_p7,0,0
/kaggle/working/patches/64/good/bstar_p11_patch3_2.tif,bstar_p11_patch3_2.tif,good,0,bstar_p11,0,0
/kaggle/working/patches/64/good/bstar_tn_d2_patch0_0.tif,bstar_tn_d2_patch0_0.tif,good,0,bstar_tn_d2,4,0
/kaggle/working/patches/64/good/Bbox_tn_d1_patch1_3.tif,Bbox_tn_d1_patch1_3.tif,good,0,Bbox_tn_d1,2,0
/kaggle/working/patches/64/good/p30_patch0_3.tif,p30_patch0_3.tif,good,0,p30,1,0
/kaggle/working/patches/64/good/bstar_p5_patch0_2.tif,bstar_p5_patch0_2.tif,good,0,bstar_p5,1,0
/kaggle/working/patches/64/good/bstar_p15_patch2_0.tif,bstar_p15_patch2_0.tif,good,0,bstar_p15,3,0
/kaggle/working/patches/64/good/bstar_p5_patch0_3.tif,bstar_p5_patch0_3.tif,good,0,bstar_p5,1,0
/kaggle/working/patches/64/good/p6_patch2_3.tif,p6_patch2_3.tif,good,0,p6,0,0
/kaggle/working/patches/64/good/t4_patch2_1.tif,t4_patch2_1.tif,good,0,t4,2,0
/kaggle/working/patches/64/good/bstar_p2_patch1_0.tif,bstar_p2_patch1_0.tif,good,0,bstar_p2,0,0
/kaggle/working/patches/64/good/bstar_p14_patch1_1.tif,bstar_p14_patch1_1.tif,good,0,bstar_p14,3,0
/kaggle/working/patches/64/good/Bbox_tk_d6_patch0_3.tif,Bbox_tk_d6_patch0_3.tif,good,0,Bbox_tk_d6,0,0
/kaggle/working/patches/64/good/bstar_tk_d5_patch3_1.tif,bstar_tk_d5_patch3_1.tif,good,0,bstar_tk_d5,3,0
/kaggle/working/patches/64/good/bstar_tn_d1_patch2_0.tif,bstar_tn_d1_patch2_0.tif,good,0,bstar_tn_d1,2,0
/kaggle/working/patches/64/good/p11_patch3_1.tif,p11_patch3_1.tif,good,0,p11,4,0
/kaggle/working/patches/64/good/p4_patch1_3.tif,p4_patch1_3.tif,good,0,p4,3,0
/kaggle/working/patches/64/good/bstar_he_d5_patch0_3.tif,bstar_he_d5_patch0_3.tif,good,0,bstar_he_d5,4,0
/kaggle/working/patches/64/good/bstar_he_d4_patch3_1.tif,bstar_he_d4_patch3_1.tif,good,0,bstar_he_d4,0,0
/kaggle/working/patches/64/good/Bbox_p13_patch0_1.tif,Bbox_p13_patch0_1.tif,good,0,Bbox_p13,1,0
/kaggle/working/patches/64/good/Bbox_tk_d4_patch1_3.tif,Bbox_tk_d4_patch1_3.tif,good,0,Bbox_tk_d4,3,0
/kaggle/working/patches/64/good/bstar_p23_patch3_1.tif,bstar_p23_patch3_1.tif,good,0,bstar_p23,3,0
/kaggle/working/patches/64/good/Bbox_tn_d2_patch0_0.tif,Bbox_tn_d2_patch0_0.tif,good,0,Bbox_tn_d2,1,0
/kaggle/working/patches/64/good/bstar_nn_d5_patch3_1.tif,bstar_nn_d5_patch3_1.tif,good,0,bstar_nn_d5,2,0
/kaggle/working/patches/64/good/t5_patch2_1.tif,t5_patch2_1.tif,good,0,t5,3,0
/kaggle/working/patches/64/good/Bbox_tn_d1_patch1_0.tif,Bbox_tn_d1_patch1_0.tif,good,0,Bbox_tn_d1,2,0
/kaggle/working/patches/64/good/Bbox_he_d5_patch2_0.tif,Bbox_he_d5_patch2_0.tif,good,0,Bbox_he_d5,0,0
/kaggle/working/patches/64/good/p24_patch1_3.tif,p24_patch1_3.tif,good,0,p24,0,0
/kaggle/working/patches/64/good/p20_patch2_0.tif,p20_patch2_0.tif,good,0,p20,3,0
/kaggle/working/patches/64/good/Bbox_he_d2_patch3_3.tif,Bbox_he_d2_patch3_3.tif,good,0,Bbox_he_d2,3,0
/kaggle/working/patches/64/good/Bbox_p19_patch3_1.tif,Bbox_p19_patch3_1.tif,good,0,Bbox_p19,3,0
/kaggle/working/patches/64/good/p6_patch3_0.tif,p6_patch3_0.tif,good,0,p6,0,0
/kaggle/working/patches/64/good/p1_patch2_3.tif,p1_patch2_3.tif,good,0,p1,4,0
/kaggle/working/patches/64/good/p26_patch1_0.tif,p26_patch1_0.tif,good,0,p26,4,0
/kaggle/working/patches/64/good/bstar_p18_patch3_0.tif,bstar_p18_patch3_0.tif,good,0,bstar_p18,4,0
/kaggle/working/patches/64/good/p23_patch2_1.tif,p23_patch2_1.tif,good,0,p23,4,0
/kaggle/working/patches/64/good/bstar_p3_patch0_1.tif,bstar_p3_patch0_1.tif,good,0,bstar_p3,0,0
/kaggle/working/patches/64/good/bstar_bn_d1_patch3_3.tif,bstar_bn_d1_patch3_3.tif,good,0,bstar_bn_d1,1,0
/kaggle/working/patches/64/good/p9_patch1_2.tif,p9_patch1_2.tif,good,0,p9,4,0
/kaggle/working/patches/64/good/p23_patch3_1.tif,p23_patch3_1.tif,good,0,p23,4,0
/kaggle/working/patches/64/good/n2_patch1_3.tif,n2_patch1_3.tif,good,0,n2,3,0
/kaggle/working/patches/64/good/bstar_p14_patch0_2.tif,bstar_p14_patch0_2.tif,good,0,bstar_p14,3,0
/kaggle/working/patches/64/good/k5_patch2_1.tif,k5_patch2_1.tif,good,0,k5,2,0
/kaggle/working/patches/64/good/b1_patch1_0.tif,b1_patch1_0.tif,good,0,b1,3,0
/kaggle/working/patches/64/good/p7_patch0_1.tif,p7_patch0_1.tif,good,0,p7,2,0
/kaggle/working/patches/64/good/bstar_p4_patch2_3.tif,bstar_p4_patch2_3.tif,good,0,bstar_p4,0,0
/kaggle/working/patches/64/good/bstar_bn_d5_patch2_0.tif,bstar_bn_d5_patch2_0.tif,good,0,bstar_bn_d5,4,0
/kaggle/working/patches/64/good/n5_patch3_1.tif,n5_patch3_1.tif,good,0,n5,2,0
/kaggle/working/patches/64/good/p28_patch0_3.tif,p28_patch0_3.tif,good,0,p28,1,0
/kaggle/working/patches/64/good/p25_patch3_0.tif,p25_patch3_0.tif,good,0,p25,4,0
/kaggle/working/patches/64/good/p29_patch0_2.tif,p29_patch0_2.tif,good,0,p29,2,0
/kaggle/working/patches/64/good/Bbox_p19_patch2_0.tif,Bbox_p19_patch2_0.tif,good,0,Bbox_p19,3,0
/kaggle/working/patches/64/good/Bbox_p20_patch0_3.tif,Bbox_p20_patch0_3.tif,good,0,Bbox_p20,2,0
/kaggle/working/patches/64/good/Bbox_p18_patch1_1.tif,Bbox_p18_patch1_1.tif,good,0,Bbox_p18,0,0
/kaggle/working/patches/64/good/p7_patch0_3.tif,p7_patch0_3.tif,good,0,p7,2,0
/kaggle/working/patches/64/good/k4_patch1_2.tif,k4_patch1_2.tif,good,0,k4,0,0
/kaggle/working/patches/64/good/Bbox_p28_patch3_2.tif,Bbox_p28_patch3_2.tif,good,0,Bbox_p28,4,0
/kaggle/working/patches/64/good/t5_patch1_3.tif,t5_patch1_3.tif,good,0,t5,3,0
/kaggle/working/patches/64/good/tt5_patch2_0.tif,tt5_patch2_0.tif,good,0,tt5,0,0
/kaggle/working/patches/64/good/p10_patch2_0.tif,p10_patch2_0.tif,good,0,p10,0,0
/kaggle/working/patches/64/good/p28_patch3_0.tif,p28_patch3_0.tif,good,0,p28,1,0
/kaggle/working/patches/64/good/p10_patch2_1.tif,p10_patch2_1.tif,good,0,p10,0,0
/kaggle/working/patches/64/good/bstar_p5_patch1_1.tif,bstar_p5_patch1_1.tif,good,0,bstar_p5,1,0
/kaggle/working/patches/64/good/Bbox_p4_patch3_3.tif,Bbox_p4_patch3_3.tif,good,0,Bbox_p4,0,0
/kaggle/working/patches/64/good/p27_patch1_2.tif,p27_patch1_2.tif,good,0,p27,2,0
/kaggle/working/patches/64/good/Bbox_p4_patch3_2.tif,Bbox_p4_patch3_2.tif,good,0,Bbox_p4,0,0
/kaggle/working/patches/64/good/Bbox_p6_patch2_2.tif,Bbox_p6_patch2_2.tif,good,0,Bbox_p6,1,0
/kaggle/working/patches/64/good/h3_patch0_3.tif,h3_patch0_3.tif,good,0,h3,3,0
/kaggle/working/patches/64/good/bstar_p21_patch2_2.tif,bstar_p21_patch2_2.tif,good,0,bstar_p21,2,0
/kaggle/working/patches/64/good/p3_patch3_0.tif,p3_patch3_0.tif,good,0,p3,3,0
/kaggle/working/patches/64/good/Bbox_p5_patch0_3.tif,Bbox_p5_patch0_3.tif,good,0,Bbox_p5,1,0
/kaggle/working/patches/64/good/Bbox_p10_patch3_2.tif,Bbox_p10_patch3_2.tif,good,0,Bbox_p10,2,0
/kaggle/working/patches/64/good/p27_patch2_0.tif,p27_patch2_0.tif,good,0,p27,2,0
/kaggle/working/patches/64/good/bstar_p24_patch0_1.tif,bstar_p24_patch0_1.tif,good,0,bstar_p24,2,0
/kaggle/working/patches/64/good/Bbox_p27_patch1_1.tif,Bbox_p27_patch1_1.tif,good,0,Bbox_p27,3,0
/kaggle/working/patches/64/good/bstar_p4_patch3_2.tif,bstar_p4_patch3_2.tif,good,0,bstar_p4,0,0
/kaggle/working/patches/64/good/Bbox_p18_patch0_3.tif,Bbox_p18_patch0_3.tif,good,0,Bbox_p18,0,0
/kaggle/working/patches/64/good/bstar_he_d4_patch3_0.tif,bstar_he_d4_patch3_0.tif,good,0,bstar_he_d4,0,0
/kaggle/working/patches/64/good/Bbox_p5_patch1_3.tif,Bbox_p5_patch1_3.tif,good,0,Bbox_p5,1,0
/kaggle/working/patches/64/good/p20_patch3_2.tif,p20_patch3_2.tif,good,0,p20,3,0
/kaggle/working/patches/64/good/Bbox_p23_patch1_1.tif,Bbox_p23_patch1_1.tif,good,0,Bbox_p23,3,0
/kaggle/working/patches/64/good/Bbox_tk_d3_patch2_0.tif,Bbox_tk_d3_patch2_0.tif,good,0,Bbox_tk_d3,4,0
/kaggle/working/patches/64/good/p26_patch2_0.tif,p26_patch2_0.tif,good,0,p26,4,0
/kaggle/working/patches/64/good/bstar_p3_patch2_2.tif,bstar_p3_patch2_2.tif,good,0,bstar_p3,0,0
/kaggle/working/patches/64/good/p15_patch2_0.tif,p15_patch2_0.tif,good,0,p15,1,0
/kaggle/working/patches/64/good/bstar_he_d3_patch0_1.tif,bstar_he_d3_patch0_1.tif,good,0,bstar_he_d3,0,0
/kaggle/working/patches/64/good/h5_patch3_3.tif,h5_patch3_3.tif,good,0,h5,4,0
/kaggle/working/patches/64/good/Bbox_p22_patch3_3.tif,Bbox_p22_patch3_3.tif,good,0,Bbox_p22,1,0
/kaggle/working/patches/64/good/bstar_p7_patch1_2.tif,bstar_p7_patch1_2.tif,good,0,bstar_p7,0,0
/kaggle/working/patches/64/good/p24_patch2_3.tif,p24_patch2_3.tif,good,0,p24,0,0
/kaggle/working/patches/64/good/k5_patch2_2.tif,k5_patch2_2.tif,good,0,k5,2,0
/kaggle/working/patches/64/good/Bbox_p18_patch2_3.tif,Bbox_p18_patch2_3.tif,good,0,Bbox_p18,0,0
/kaggle/working/patches/64/good/bstar_p19_patch2_0.tif,bstar_p19_patch2_0.tif,good,0,bstar_p19,1,0
/kaggle/working/patches/64/good/p12_patch0_0.tif,p12_patch0_0.tif,good,0,p12,0,0
/kaggle/working/patches/64/good/bstar_tk_d5_patch1_0.tif,bstar_tk_d5_patch1_0.tif,good,0,bstar_tk_d5,3,0
/kaggle/working/patches/64/good/bstar_bn_d3_patch2_0.tif,bstar_bn_d3_patch2_0.tif,good,0,bstar_bn_d3,4,0
/kaggle/working/patches/64/good/k3_patch0_3.tif,k3_patch0_3.tif,good,0,k3,4,0
/kaggle/working/patches/64/good/p1_patch0_2.tif,p1_patch0_2.tif,good,0,p1,4,0
/kaggle/working/patches/64/good/bstar_p4_patch3_3.tif,bstar_p4_patch3_3.tif,good,0,bstar_p4,0,0
/kaggle/working/patches/64/good/p13_patch2_2.tif,p13_patch2_2.tif,good,0,p13,4,0
/kaggle/working/patches/64/good/Bbox_p8_patch0_0.tif,Bbox_p8_patch0_0.tif,good,0,Bbox_p8,4,0
/kaggle/working/patches/64/good/Bbox_p14_patch3_0.tif,Bbox_p14_patch3_0.tif,good,0,Bbox_p14,3,0
/kaggle/working/patches/64/good/bstar_tn_d5_patch3_1.tif,bstar_tn_d5_patch3_1.tif,good,0,bstar_tn_d5,0,0
/kaggle/working/patches/64/good/tt1_patch2_0.tif,tt1_patch2_0.tif,good,0,tt1,1,0
/kaggle/working/patches/64/good/p8_patch0_0.tif,p8_patch0_0.tif,good,0,p8,2,0
/kaggle/working/patches/64/good/p29_patch3_1.tif,p29_patch3_1.tif,good,0,p29,2,0
/kaggle/working/patches/64/good/bstar_tk_d1_patch2_0.tif,bstar_tk_d1_patch2_0.tif,good,0,bstar_tk_d1,4,0
/kaggle/working/patches/64/good/p11_patch3_2.tif,p11_patch3_2.tif,good,0,p11,4,0
/kaggle/working/patches/64/good/Bbox_p21_patch3_1.tif,Bbox_p21_patch3_1.tif,good,0,Bbox_p21,4,0
/kaggle/working/patches/64/good/bstar_p1_patch2_1.tif,bstar_p1_patch2_1.tif,good,0,bstar_p1,3,0
/kaggle/working/patches/64/good/bstar_p6_patch3_2.tif,bstar_p6_patch3_2.tif,good,0,bstar_p6,1,0
/kaggle/working/patches/64/good/bstar_tn_d2_patch3_0.tif,bstar_tn_d2_patch3_0.tif,good,0,bstar_tn_d2,4,0
/kaggle/working/patches/64/good/Bbox_p23_patch3_1.tif,Bbox_p23_patch3_1.tif,good,0,Bbox_p23,3,0
/kaggle/working/patches/64/good/bstar_p14_patch3_3.tif,bstar_p14_patch3_3.tif,good,0,bstar_p14,3,0
/kaggle/working/patches/64/good/Bbox_tn_d2_patch2_3.tif,Bbox_tn_d2_patch2_3.tif,good,0,Bbox_tn_d2,1,0
/kaggle/working/patches/64/good/bstar_p7_patch0_2.tif,bstar_p7_patch0_2.tif,good,0,bstar_p7,0,0
/kaggle/working/patches/64/good/Bbox_p19_patch1_1.tif,Bbox_p19_patch1_1.tif,good,0,Bbox_p19,3,0
/kaggle/working/patches/64/good/bstar_p3_patch1_2.tif,bstar_p3_patch1_2.tif,good,0,bstar_p3,0,0
/kaggle/working/patches/64/good/Bbox_nn_d2_patch0_3.tif,Bbox_nn_d2_patch0_3.tif,good,0,Bbox_nn_d2,1,0
/kaggle/working/patches/64/good/p8_patch0_2.tif,p8_patch0_2.tif,good,0,p8,2,0
/kaggle/working/patches/64/good/bstar_p12_patch3_0.tif,bstar_p12_patch3_0.tif,good,0,bstar_p12,2,0
/kaggle/working/patches/64/good/bstar_p9_patch0_1.tif,bstar_p9_patch0_1.tif,good,0,bstar_p9,0,0
/kaggle/working/patches/64/good/p6_patch1_1.tif,p6_patch1_1.tif,good,0,p6,0,0
/kaggle/working/patches/64/good/bstar_bn_d3_patch2_2.tif,bstar_bn_d3_patch2_2.tif,good,0,bstar_bn_d3,4,0
/kaggle/working/patches/64/good/Bbox_p5_patch2_0.tif,Bbox_p5_patch2_0.tif,good,0,Bbox_p5,1,0
/kaggle/working/patches/64/good/bstar_p2_patch0_3.tif,bstar_p2_patch0_3.tif,good,0,bstar_p2,0,0
/kaggle/working/patches/64/good/Bbox_p16_patch2_0.tif,Bbox_p16_patch2_0.tif,good,0,Bbox_p16,2,0
/kaggle/working/patches/64/good/bstar_p8_patch1_3.tif,bstar_p8_patch1_3.tif,good,0,bstar_p8,4,0
/kaggle/working/patches/64/good/Bbox_tn_d4_patch3_1.tif,Bbox_tn_d4_patch3_1.tif,good,0,Bbox_tn_d4,1,0
/kaggle/working/patches/64/good/p14_patch3_1.tif,p14_patch3_1.tif,good,0,p14,2,0
/kaggle/working/patches/64/good/p3_patch3_3.tif,p3_patch3_3.tif,good,0,p3,3,0
/kaggle/working/patches/64/good/bstar_p2_patch1_3.tif,bstar_p2_patch1_3.tif,good,0,bstar_p2,0,0
/kaggle/working/patches/64/good/Bbox_p18_patch2_2.tif,Bbox_p18_patch2_2.tif,good,0,Bbox_p18,0,0
/kaggle/working/patches/64/good/Bbox_p5_patch0_0.tif,Bbox_p5_patch0_0.tif,good,0,Bbox_p5,1,0
/kaggle/working/patches/64/good/p28_patch2_2.tif,p28_patch2_2.tif,good,0,p28,1,0
/kaggle/working/patches/64/good/Bbox_tk_d3_patch0_1.tif,Bbox_tk_d3_patch0_1.tif,good,0,Bbox_tk_d3,4,0
/kaggle/working/patches/64/good/bstar_p9_patch3_1.tif,bstar_p9_patch3_1.tif,good,0,bstar_p9,0,0
/kaggle/working/patches/64/good/bstar_p10_patch1_1.tif,bstar_p10_patch1_1.tif,good,0,bstar_p10,4,0
/kaggle/working/patches/64/good/bstar_bn_d1_patch2_1.tif,bstar_bn_d1_patch2_1.tif,good,0,bstar_bn_d1,1,0
/kaggle/working/patches/64/good/bstar_p9_patch3_2.tif,bstar_p9_patch3_2.tif,good,0,bstar_p9,0,0
/kaggle/working/patches/64/good/bstar_p7_patch3_1.tif,bstar_p7_patch3_1.tif,good,0,bstar_p7,0,0
/kaggle/working/patches/64/good/bstar_p10_patch0_0.tif,bstar_p10_patch0_0.tif,good,0,bstar_p10,4,0
/kaggle/working/patches/64/good/bstar_p25_patch3_3.tif,bstar_p25_patch3_3.tif,good,0,bstar_p25,2,0
/kaggle/working/patches/64/good/bstar_he_d2_patch0_0.tif,bstar_he_d2_patch0_0.tif,good,0,bstar_he_d2,0,0
/kaggle/working/patches/64/good/p5_patch2_2.tif,p5_patch2_2.tif,good,0,p5,4,0
/kaggle/working/patches/64/good/p10_patch1_2.tif,p10_patch1_2.tif,good,0,p10,0,0
/kaggle/working/patches/64/good/Bbox_p21_patch2_3.tif,Bbox_p21_patch2_3.tif,good,0,Bbox_p21,4,0
/kaggle/working/patches/64/good/bstar_p25_patch3_2.tif,bstar_p25_patch3_2.tif,good,0,bstar_p25,2,0
/kaggle/working/patches/64/good/bstar_p15_patch0_2.tif,bstar_p15_patch0_2.tif,good,0,bstar_p15,3,0
/kaggle/working/patches/64/good/p21_patch2_3.tif,p21_patch2_3.tif,good,0,p21,1,0
/kaggle/working/patches/64/good/bstar_p16_patch0_1.tif,bstar_p16_patch0_1.tif,good,0,bstar_p16,4,0
/kaggle/working/patches/64/good/Bbox_bn_d5_patch1_3.tif,Bbox_bn_d5_patch1_3.tif,good,0,Bbox_bn_d5,3,0
/kaggle/working/patches/64/good/p18_patch1_3.tif,p18_patch1_3.tif,good,0,p18,3,0
/kaggle/working/patches/64/good/bstar_p5_patch2_0.tif,bstar_p5_patch2_0.tif,good,0,bstar_p5,1,0
/kaggle/working/patches/64/good/bstar_nn_d5_patch3_2.tif,bstar_nn_d5_patch3_2.tif,good,0,bstar_nn_d5,2,0
/kaggle/working/patches/64/good/p28_patch1_0.tif,p28_patch1_0.tif,good,0,p28,1,0
/kaggle/working/patches/64/good/Bbox_p15_patch3_2.tif,Bbox_p15_patch3_2.tif,good,0,Bbox_p15,4,0
/kaggle/working/patches/64/good/bstar_p20_patch0_1.tif,bstar_p20_patch0_1.tif,good,0,bstar_p20,1,0
/kaggle/working/patches/64/good/p16_patch0_3.tif,p16_patch0_3.tif,good,0,p16,3,0
/kaggle/working/patches/64/good/k4_patch1_1.tif,k4_patch1_1.tif,good,0,k4,0,0
/kaggle/working/patches/64/good/Bbox_p19_patch0_2.tif,Bbox_p19_patch0_2.tif,good,0,Bbox_p19,3,0
/kaggle/working/patches/64/good/bstar_p14_patch2_3.tif,bstar_p14_patch2_3.tif,good,0,bstar_p14,3,0
/kaggle/working/patches/64/good/Bbox_p16_patch0_2.tif,Bbox_p16_patch0_2.tif,good,0,Bbox_p16,2,0
/kaggle/working/patches/64/good/Bbox_tn_d5_patch3_2.tif,Bbox_tn_d5_patch3_2.tif,good,0,Bbox_tn_d5,3,0
/kaggle/working/patches/64/good/bstar_nn_d2_patch0_0.tif,bstar_nn_d2_patch0_0.tif,good,0,bstar_nn_d2,3,0
/kaggle/working/patches/64/good/t2_patch0_3.tif,t2_patch0_3.tif,good,0,t2,0,0
/kaggle/working/patches/64/good/Bbox_p13_patch3_2.tif,Bbox_p13_patch3_2.tif,good,0,Bbox_p13,1,0
/kaggle/working/patches/64/good/p21_patch0_1.tif,p21_patch0_1.tif,good,0,p21,1,0
/kaggle/working/patches/64/good/bstar_nn_d4_patch0_0.tif,bstar_nn_d4_patch0_0.tif,good,0,bstar_nn_d4,1,0
/kaggle/working/patches/64/good/bstar_p14_patch1_0.tif,bstar_p14_patch1_0.tif,good,0,bstar_p14,3,0
/kaggle/working/patches/64/good/bstar_bn_d3_patch0_2.tif,bstar_bn_d3_patch0_2.tif,good,0,bstar_bn_d3,4,0
/kaggle/working/patches/64/good/tt1_patch2_3.tif,tt1_patch2_3.tif,good,0,tt1,1,0
/kaggle/working/patches/64/good/Bbox_p16_patch2_3.tif,Bbox_p16_patch2_3.tif,good,0,Bbox_p16,2,0
/kaggle/working/patches/64/good/bstar_p2_patch0_2.tif,bstar_p2_patch0_2.tif,good,0,bstar_p2,0,0
/kaggle/working/patches/64/good/p2_patch0_1.tif,p2_patch0_1.tif,good,0,p2,1,0
/kaggle/working/patches/64/good/h3_patch1_0.tif,h3_patch1_0.tif,good,0,h3,3,0
/kaggle/working/patches/64/good/bstar_p21_patch1_0.tif,bstar_p21_patch1_0.tif,good,0,bstar_p21,2,0
/kaggle/working/patches/64/good/p3_patch0_2.tif,p3_patch0_2.tif,good,0,p3,3,0
/kaggle/working/patches/64/good/bstar_p9_patch0_0.tif,bstar_p9_patch0_0.tif,good,0,bstar_p9,0,0
/kaggle/working/patches/64/good/Bbox_tk_d1_patch3_3.tif,Bbox_tk_d1_patch3_3.tif,good,0,Bbox_tk_d1,2,0
/kaggle/working/patches/64/good/k1_patch1_1.tif,k1_patch1_1.tif,good,0,k1,3,0
/kaggle/working/patches/64/good/p20_patch2_2.tif,p20_patch2_2.tif,good,0,p20,3,0
/kaggle/working/patches/64/good/Bbox_p2_patch1_0.tif,Bbox_p2_patch1_0.tif,good,0,Bbox_p2,2,0
/kaggle/working/patches/64/good/bstar_he_d4_patch2_2.tif,bstar_he_d4_patch2_2.tif,good,0,bstar_he_d4,0,0
/kaggle/working/patches/64/good/Bbox_p2_patch2_0.tif,Bbox_p2_patch2_0.tif,good,0,Bbox_p2,2,0
/kaggle/working/patches/64/good/Bbox_tn_d5_patch0_3.tif,Bbox_tn_d5_patch0_3.tif,good,0,Bbox_tn_d5,3,0
/kaggle/working/patches/64/good/Bbox_tn_d3_patch0_1.tif,Bbox_tn_d3_patch0_1.tif,good,0,Bbox_tn_d3,0,0
/kaggle/working/patches/64/good/p30_patch1_0.tif,p30_patch1_0.tif,good,0,p30,1,0
/kaggle/working/patches/64/good/Bbox_tn_d2_patch3_1.tif,Bbox_tn_d2_patch3_1.tif,good,0,Bbox_tn_d2,1,0
/kaggle/working/patches/64/good/p15_patch3_0.tif,p15_patch3_0.tif,good,0,p15,1,0
/kaggle/working/patches/64/good/p17_patch2_3.tif,p17_patch2_3.tif,good,0,p17,1,0
/kaggle/working/patches/64/good/p24_patch2_1.tif,p24_patch2_1.tif,good,0,p24,0,0
/kaggle/working/patches/64/good/p18_patch2_2.tif,p18_patch2_2.tif,good,0,p18,3,0
/kaggle/working/patches/64/good/Bbox_p19_patch3_3.tif,Bbox_p19_patch3_3.tif,good,0,Bbox_p19,3,0
/kaggle/working/patches/64/good/Bbox_p20_patch3_2.tif,Bbox_p20_patch3_2.tif,good,0,Bbox_p20,2,0
/kaggle/working/patches/64/good/bstar_tk_d4_patch3_2.tif,bstar_tk_d4_patch3_2.tif,good,0,bstar_tk_d4,2,0
/kaggle/working/patches/64/good/n3_patch1_3.tif,n3_patch1_3.tif,good,0,n3,0,0
/kaggle/working/patches/64/good/Bbox_p15_patch2_1.tif,Bbox_p15_patch2_1.tif,good,0,Bbox_p15,4,0
/kaggle/working/patches/64/good/Bbox_tn_d1_patch3_3.tif,Bbox_tn_d1_patch3_3.tif,good,0,Bbox_tn_d1,2,0
/kaggle/working/patches/64/good/Bbox_nn_d4_patch0_3.tif,Bbox_nn_d4_patch0_3.tif,good,0,Bbox_nn_d4,2,0
/kaggle/working/patches/64/good/p12_patch3_2.tif,p12_patch3_2.tif,good,0,p12,0,0
/kaggle/working/patches/64/good/Bbox_he_d3_patch2_0.tif,Bbox_he_d3_patch2_0.tif,good,0,Bbox_he_d3,0,0
/kaggle/working/patches/64/good/Bbox_p23_patch3_2.tif,Bbox_p23_patch3_2.tif,good,0,Bbox_p23,3,0
/kaggle/working/patches/64/good/Bbox_p13_patch3_3.tif,Bbox_p13_patch3_3.tif,good,0,Bbox_p13,1,0
/kaggle/working/patches/64/good/k5_patch2_3.tif,k5_patch2_3.tif,good,0,k5,2,0
/kaggle/working/patches/64/good/bstar_tk_d1_patch0_3.tif,bstar_tk_d1_patch0_3.tif,good,0,bstar_tk_d1,4,0
/kaggle/working/patches/64/good/t4_patch0_3.tif,t4_patch0_3.tif,good,0,t4,2,0
/kaggle/working/patches/64/good/p26_patch3_3.tif,p26_patch3_3.tif,good,0,p26,4,0
/kaggle/working/patches/64/good/Bbox_he_d2_patch2_3.tif,Bbox_he_d2_patch2_3.tif,good,0,Bbox_he_d2,3,0
/kaggle/working/patches/64/good/Bbox_p2_patch1_1.tif,Bbox_p2_patch1_1.tif,good,0,Bbox_p2,2,0
/kaggle/working/patches/64/good/bstar_p5_patch1_3.tif,bstar_p5_patch1_3.tif,good,0,bstar_p5,1,0
/kaggle/working/patches/64/good/Bbox_p12_patch2_2.tif,Bbox_p12_patch2_2.tif,good,0,Bbox_p12,0,0
/kaggle/working/patches/64/good/n1_patch2_2.tif,n1_patch2_2.tif,good,0,n1,1,0
/kaggle/working/patches/64/good/p30_patch3_1.tif,p30_patch3_1.tif,good,0,p30,1,0
/kaggle/working/patches/64/good/Bbox_p7_patch1_0.tif,Bbox_p7_patch1_0.tif,good,0,Bbox_p7,2,0
/kaggle/working/patches/64/good/Bbox_bn_d2_patch3_3.tif,Bbox_bn_d2_patch3_3.tif,good,0,Bbox_bn_d2,2,0
/kaggle/working/patches/64/good/bstar_p12_patch2_3.tif,bstar_p12_patch2_3.tif,good,0,bstar_p12,2,0
/kaggle/working/patches/64/good/Bbox_p26_patch3_1.tif,Bbox_p26_patch3_1.tif,good,0,Bbox_p26,3,0
/kaggle/working/patches/64/good/p13_patch1_2.tif,p13_patch1_2.tif,good,0,p13,4,0
/kaggle/working/patches/64/good/Bbox_p1_patch1_2.tif,Bbox_p1_patch1_2.tif,good,0,Bbox_p1,0,0
/kaggle/working/patches/64/good/Bbox_p13_patch3_0.tif,Bbox_p13_patch3_0.tif,good,0,Bbox_p13,1,0
/kaggle/working/patches/64/good/p20_patch1_0.tif,p20_patch1_0.tif,good,0,p20,3,0
/kaggle/working/patches/64/good/Bbox_bn_d5_patch2_2.tif,Bbox_bn_d5_patch2_2.tif,good,0,Bbox_bn_d5,3,0
/kaggle/working/patches/64/good/p1_patch2_0.tif,p1_patch2_0.tif,good,0,p1,4,0
/kaggle/working/patches/64/good/tt1_patch2_2.tif,tt1_patch2_2.tif,good,0,tt1,1,0
/kaggle/working/patches/64/good/h1_patch0_2.tif,h1_patch0_2.tif,good,0,h1,2,0
/kaggle/working/patches/64/good/Bbox_p2_patch2_2.tif,Bbox_p2_patch2_2.tif,good,0,Bbox_p2,2,0
/kaggle/working/patches/64/good/bstar_p7_patch2_1.tif,bstar_p7_patch2_1.tif,good,0,bstar_p7,0,0
/kaggle/working/patches/64/good/Bbox_p3_patch2_2.tif,Bbox_p3_patch2_2.tif,good,0,Bbox_p3,1,0
/kaggle/working/patches/64/good/p13_patch0_1.tif,p13_patch0_1.tif,good,0,p13,4,0
/kaggle/working/patches/64/good/Bbox_p18_patch2_0.tif,Bbox_p18_patch2_0.tif,good,0,Bbox_p18,0,0
/kaggle/working/patches/64/good/Bbox_p1_patch3_2.tif,Bbox_p1_patch3_2.tif,good,0,Bbox_p1,0,0
/kaggle/working/patches/64/good/bstar_bn_d5_patch0_1.tif,bstar_bn_d5_patch0_1.tif,good,0,bstar_bn_d5,4,0
/kaggle/working/patches/64/good/Bbox_p18_patch0_1.tif,Bbox_p18_patch0_1.tif,good,0,Bbox_p18,0,0
/kaggle/working/patches/64/good/n5_patch3_3.tif,n5_patch3_3.tif,good,0,n5,2,0
/kaggle/working/patches/64/good/Bbox_p5_patch1_0.tif,Bbox_p5_patch1_0.tif,good,0,Bbox_p5,1,0
/kaggle/working/patches/64/good/bstar_he_d3_patch0_2.tif,bstar_he_d3_patch0_2.tif,good,0,bstar_he_d3,0,0
/kaggle/working/patches/64/good/k3_patch3_3.tif,k3_patch3_3.tif,good,0,k3,4,0
/kaggle/working/patches/64/good/Bbox_p11_patch0_1.tif,Bbox_p11_patch0_1.tif,good,0,Bbox_p11,1,0
/kaggle/working/patches/64/good/Bbox_nn_d4_patch1_3.tif,Bbox_nn_d4_patch1_3.tif,good,0,Bbox_nn_d4,2,0
/kaggle/working/patches/64/good/Bbox_p9_patch0_3.tif,Bbox_p9_patch0_3.tif,good,0,Bbox_p9,0,0
/kaggle/working/patches/64/good/bstar_nn_d1_patch0_0.tif,bstar_nn_d1_patch0_0.tif,good,0,bstar_nn_d1,4,0
/kaggle/working/patches/64/good/Bbox_p10_patch3_0.tif,Bbox_p10_patch3_0.tif,good,0,Bbox_p10,2,0
/kaggle/working/patches/64/good/n3_patch2_1.tif,n3_patch2_1.tif,good,0,n3,0,0
/kaggle/working/patches/64/good/p21_patch0_0.tif,p21_patch0_0.tif,good,0,p21,1,0
/kaggle/working/patches/64/good/t3_patch1_2.tif,t3_patch1_2.tif,good,0,t3,3,0
/kaggle/working/patches/64/good/p27_patch3_1.tif,p27_patch3_1.tif,good,0,p27,2,0
/kaggle/working/patches/64/good/bstar_nn_d5_patch2_1.tif,bstar_nn_d5_patch2_1.tif,good,0,bstar_nn_d5,2,0
/kaggle/working/patches/64/good/bstar_tk_d5_patch2_3.tif,bstar_tk_d5_patch2_3.tif,good,0,bstar_tk_d5,3,0
/kaggle/working/patches/64/good/p8_patch3_0.tif,p8_patch3_0.tif,good,0,p8,2,0
/kaggle/working/patches/64/good/Bbox_p17_patch1_3.tif,Bbox_p17_patch1_3.tif,good,0,Bbox_p17,4,0
/kaggle/working/patches/64/good/bstar_p18_patch1_2.tif,bstar_p18_patch1_2.tif,good,0,bstar_p18,4,0
/kaggle/working/patches/64/good/p18_patch2_3.tif,p18_patch2_3.tif,good,0,p18,3,0
/kaggle/working/patches/64/good/b2_patch2_3.tif,b2_patch2_3.tif,good,0,b2,4,0
/kaggle/working/patches/64/good/n1_patch3_0.tif,n1_patch3_0.tif,good,0,n1,1,0
/kaggle/working/patches/64/good/Bbox_he_d5_patch1_3.tif,Bbox_he_d5_patch1_3.tif,good,0,Bbox_he_d5,0,0
/kaggle/working/patches/64/good/bstar_p3_patch0_0.tif,bstar_p3_patch0_0.tif,good,0,bstar_p3,0,0
/kaggle/working/patches/64/good/Bbox_p7_patch0_3.tif,Bbox_p7_patch0_3.tif,good,0,Bbox_p7,2,0
/kaggle/working/patches/64/good/Bbox_p2_patch1_3.tif,Bbox_p2_patch1_3.tif,good,0,Bbox_p2,2,0
/kaggle/working/patches/64/good/bstar_tn_d2_patch1_0.tif,bstar_tn_d2_patch1_0.tif,good,0,bstar_tn_d2,4,0
/kaggle/working/patches/64/good/Bbox_he_d2_patch2_1.tif,Bbox_he_d2_patch2_1.tif,good,0,Bbox_he_d2,3,0
/kaggle/working/patches/64/good/bstar_p21_patch3_3.tif,bstar_p21_patch3_3.tif,good,0,bstar_p21,2,0
/kaggle/working/patches/64/good/bstar_p15_patch0_3.tif,bstar_p15_patch0_3.tif,good,0,bstar_p15,3,0
/kaggle/working/patches/64/good/bstar_he_d3_patch2_0.tif,bstar_he_d3_patch2_0.tif,good,0,bstar_he_d3,0,0
/kaggle/working/patches/64/good/k5_patch1_3.tif,k5_patch1_3.tif,good,0,k5,2,0
/kaggle/working/patches/64/good/Bbox_bn_d3_patch3_2.tif,Bbox_bn_d3_patch3_2.tif,good,0,Bbox_bn_d3,1,0
/kaggle/working/patches/64/good/bstar_tk_d1_patch0_0.tif,bstar_tk_d1_patch0_0.tif,good,0,bstar_tk_d1,4,0
/kaggle/working/patches/64/good/bstar_he_d3_patch1_1.tif,bstar_he_d3_patch1_1.tif,good,0,bstar_he_d3,0,0
/kaggle/working/patches/64/good/bstar_tk_d4_patch1_0.tif,bstar_tk_d4_patch1_0.tif,good,0,bstar_tk_d4,2,0
/kaggle/working/patches/64/good/p25_patch2_2.tif,p25_patch2_2.tif,good,0,p25,4,0
/kaggle/working/patches/64/good/bstar_p13_patch1_0.tif,bstar_p13_patch1_0.tif,good,0,bstar_p13,1,0
/kaggle/working/patches/64/good/p16_patch2_0.tif,p16_patch2_0.tif,good,0,p16,3,0
/kaggle/working/patches/64/good/bstar_tk_d5_patch3_3.tif,bstar_tk_d5_patch3_3.tif,good,0,bstar_tk_d5,3,0
/kaggle/working/patches/64/good/p3_patch2_1.tif,p3_patch2_1.tif,good,0,p3,3,0
/kaggle/working/patches/64/good/bstar_p11_patch1_1.tif,bstar_p11_patch1_1.tif,good,0,bstar_p11,0,0
/kaggle/working/patches/64/good/Bbox_p9_patch0_1.tif,Bbox_p9_patch0_1.tif,good,0,Bbox_p9,0,0
/kaggle/working/patches/64/good/p24_patch2_0.tif,p24_patch2_0.tif,good,0,p24,0,0
/kaggle/working/patches/64/good/Bbox_p7_patch3_3.tif,Bbox_p7_patch3_3.tif,good,0,Bbox_p7,2,0
/kaggle/working/patches/64/good/p3_patch2_2.tif,p3_patch2_2.tif,good,0,p3,3,0
/kaggle/working/patches/64/good/p16_patch0_2.tif,p16_patch0_2.tif,good,0,p16,3,0
/kaggle/working/patches/64/good/p7_patch2_0.tif,p7_patch2_0.tif,good,0,p7,2,0
/kaggle/working/patches/64/good/Bbox_p28_patch1_2.tif,Bbox_p28_patch1_2.tif,good,0,Bbox_p28,4,0
/kaggle/working/patches/64/good/p28_patch3_1.tif,p28_patch3_1.tif,good,0,p28,1,0
/kaggle/working/patches/64/good/bstar_p22_patch0_0.tif,bstar_p22_patch0_0.tif,good,0,bstar_p22,3,0
/kaggle/working/patches/64/good/p18_patch3_2.tif,p18_patch3_2.tif,good,0,p18,3,0
/kaggle/working/patches/64/good/tt3_patch2_1.tif,tt3_patch2_1.tif,good,0,tt3,2,0
/kaggle/working/patches/64/good/p9_patch2_3.tif,p9_patch2_3.tif,good,0,p9,4,0
/kaggle/working/patches/64/good/bstar_p10_patch0_3.tif,bstar_p10_patch0_3.tif,good,0,bstar_p10,4,0
/kaggle/working/patches/64/good/bstar_nn_d3_patch0_0.tif,bstar_nn_d3_patch0_0.tif,good,0,bstar_nn_d3,0,0
/kaggle/working/patches/64/good/p13_patch3_1.tif,p13_patch3_1.tif,good,0,p13,4,0
/kaggle/working/patches/64/good/bstar_he_d5_patch3_0.tif,bstar_he_d5_patch3_0.tif,good,0,bstar_he_d5,4,0
/kaggle/working/patches/64/good/n1_patch3_3.tif,n1_patch3_3.tif,good,0,n1,1,0
/kaggle/working/patches/64/good/bstar_bn_d2_patch2_2.tif,bstar_bn_d2_patch2_2.tif,good,0,bstar_bn_d2,3,0
/kaggle/working/patches/64/good/bstar_p20_patch1_0.tif,bstar_p20_patch1_0.tif,good,0,bstar_p20,1,0
/kaggle/working/patches/64/good/Bbox_p26_patch0_3.tif,Bbox_p26_patch0_3.tif,good,0,Bbox_p26,3,0
/kaggle/working/patches/64/good/Bbox_nn_d1_patch1_3.tif,Bbox_nn_d1_patch1_3.tif,good,0,Bbox_nn_d1,2,0
/kaggle/working/patches/64/good/h5_patch1_0.tif,h5_patch1_0.tif,good,0,h5,4,0
/kaggle/working/patches/64/good/Bbox_tn_d5_patch2_1.tif,Bbox_tn_d5_patch2_1.tif,good,0,Bbox_tn_d5,3,0
/kaggle/working/patches/64/good/bstar_p22_patch3_1.tif,bstar_p22_patch3_1.tif,good,0,bstar_p22,3,0
/kaggle/working/patches/64/good/bstar_he_d5_patch2_3.tif,bstar_he_d5_patch2_3.tif,good,0,bstar_he_d5,4,0
/kaggle/working/patches/64/good/Bbox_tk_d1_patch3_0.tif,Bbox_tk_d1_patch3_0.tif,good,0,Bbox_tk_d1,2,0
/kaggle/working/patches/64/good/Bbox_p24_patch1_1.tif,Bbox_p24_patch1_1.tif,good,0,Bbox_p24,4,0
/kaggle/working/patches/64/good/Bbox_he_d3_patch0_2.tif,Bbox_he_d3_patch0_2.tif,good,0,Bbox_he_d3,0,0
/kaggle/working/patches/64/good/p19_patch1_2.tif,p19_patch1_2.tif,good,0,p19,0,0
/kaggle/working/patches/64/good/Bbox_tk_d2_patch1_0.tif,Bbox_tk_d2_patch1_0.tif,good,0,Bbox_tk_d2,1,0
/kaggle/working/patches/64/good/Bbox_p19_patch1_0.tif,Bbox_p19_patch1_0.tif,good,0,Bbox_p19,3,0
/kaggle/working/patches/64/good/p29_patch1_2.tif,p29_patch1_2.tif,good,0,p29,2,0
/kaggle/working/patches/64/good/bstar_p15_patch1_0.tif,bstar_p15_patch1_0.tif,good,0,bstar_p15,3,0
/kaggle/working/patches/64/good/Bbox_p25_patch1_0.tif,Bbox_p25_patch1_0.tif,good,0,Bbox_p25,3,0
/kaggle/working/patches/64/good/bstar_p4_patch1_2.tif,bstar_p4_patch1_2.tif,good,0,bstar_p4,0,0
/kaggle/working/patches/64/good/Bbox_p18_patch1_3.tif,Bbox_p18_patch1_3.tif,good,0,Bbox_p18,0,0
/kaggle/working/patches/64/good/p27_patch3_3.tif,p27_patch3_3.tif,good,0,p27,2,0
/kaggle/working/patches/64/good/p14_patch1_2.tif,p14_patch1_2.tif,good,0,p14,2,0
/kaggle/working/patches/64/good/p4_patch3_3.tif,p4_patch3_3.tif,good,0,p4,3,0
/kaggle/working/patches/64/good/bstar_p16_patch3_3.tif,bstar_p16_patch3_3.tif,good,0,bstar_p16,4,0
/kaggle/working/patches/64/good/p30_patch3_3.tif,p30_patch3_3.tif,good,0,p30,1,0
/kaggle/working/patches/64/good/Bbox_tn_d1_patch2_1.tif,Bbox_tn_d1_patch2_1.tif,good,0,Bbox_tn_d1,2,0
/kaggle/working/patches/64/good/bstar_p6_patch0_2.tif,bstar_p6_patch0_2.tif,good,0,bstar_p6,1,0
/kaggle/working/patches/64/good/Bbox_p30_patch3_0.tif,Bbox_p30_patch3_0.tif,good,0,Bbox_p30,1,0
/kaggle/working/patches/64/good/k1_patch1_0.tif,k1_patch1_0.tif,good,0,k1,3,0
/kaggle/working/patches/64/good/n1_patch2_3.tif,n1_patch2_3.tif,good,0,n1,1,0
/kaggle/working/patches/64/good/p19_patch3_2.tif,p19_patch3_2.tif,good,0,p19,0,0
/kaggle/working/patches/64/good/Bbox_p12_patch2_0.tif,Bbox_p12_patch2_0.tif,good,0,Bbox_p12,0,0
/kaggle/working/patches/64/good/Bbox_p17_patch3_0.tif,Bbox_p17_patch3_0.tif,good,0,Bbox_p17,4,0
/kaggle/working/patches/64/good/bstar_nn_d5_patch2_3.tif,bstar_nn_d5_patch2_3.tif,good,0,bstar_nn_d5,2,0
/kaggle/working/patches/64/good/p6_patch2_0.tif,p6_patch2_0.tif,good,0,p6,0,0
/kaggle/working/patches/64/good/h2_patch3_3.tif,h2_patch3_3.tif,good,0,h2,2,0
/kaggle/working/patches/64/good/Bbox_p26_patch3_0.tif,Bbox_p26_patch3_0.tif,good,0,Bbox_p26,3,0
/kaggle/working/patches/64/good/Bbox_nn_d3_patch0_3.tif,Bbox_nn_d3_patch0_3.tif,good,0,Bbox_nn_d3,3,0
/kaggle/working/patches/64/good/bstar_nn_d1_patch2_0.tif,bstar_nn_d1_patch2_0.tif,good,0,bstar_nn_d1,4,0
/kaggle/working/patches/64/good/Bbox_he_d1_patch3_2.tif,Bbox_he_d1_patch3_2.tif,good,0,Bbox_he_d1,4,0
/kaggle/working/patches/64/good/bstar_p15_patch0_1.tif,bstar_p15_patch0_1.tif,good,0,bstar_p15,3,0
/kaggle/working/patches/64/good/Bbox_p24_patch1_0.tif,Bbox_p24_patch1_0.tif,good,0,Bbox_p24,4,0
/kaggle/working/patches/64/good/Bbox_p16_patch0_0.tif,Bbox_p16_patch0_0.tif,good,0,Bbox_p16,2,0
/kaggle/working/patches/64/good/p8_patch3_2.tif,p8_patch3_2.tif,good,0,p8,2,0
/kaggle/working/patches/64/good/t5_patch3_2.tif,t5_patch3_2.tif,good,0,t5,3,0
/kaggle/working/patches/64/good/bstar_tn_d3_patch1_2.tif,bstar_tn_d3_patch1_2.tif,good,0,bstar_tn_d3,3,0
/kaggle/working/patches/64/good/bstar_tk_d4_patch2_2.tif,bstar_tk_d4_patch2_2.tif,good,0,bstar_tk_d4,2,0
/kaggle/working/patches/64/good/h4_patch0_3.tif,h4_patch0_3.tif,good,0,h4,1,0
/kaggle/working/patches/64/good/Bbox_p24_patch1_2.tif,Bbox_p24_patch1_2.tif,good,0,Bbox_p24,4,0
/kaggle/working/patches/64/good/h3_patch1_3.tif,h3_patch1_3.tif,good,0,h3,3,0
/kaggle/working/patches/64/good/bstar_he_d2_patch2_2.tif,bstar_he_d2_patch2_2.tif,good,0,bstar_he_d2,0,0
/kaggle/working/patches/64/good/bstar_p19_patch3_1.tif,bstar_p19_patch3_1.tif,good,0,bstar_p19,1,0
/kaggle/working/patches/64/good/Bbox_nn_d2_patch2_3.tif,Bbox_nn_d2_patch2_3.tif,good,0,Bbox_nn_d2,1,0
/kaggle/working/patches/64/good/Bbox_bn_d3_patch2_1.tif,Bbox_bn_d3_patch2_1.tif,good,0,Bbox_bn_d3,1,0
/kaggle/working/patches/64/good/Bbox_p10_patch2_1.tif,Bbox_p10_patch2_1.tif,good,0,Bbox_p10,2,0
/kaggle/working/patches/64/good/k2_patch1_0.tif,k2_patch1_0.tif,good,0,k2,1,0
/kaggle/working/patches/64/good/p12_patch1_1.tif,p12_patch1_1.tif,good,0,p12,0,0
/kaggle/working/patches/64/good/t1_patch0_3.tif,t1_patch0_3.tif,good,0,t1,1,0
/kaggle/working/patches/64/good/Bbox_p28_patch3_1.tif,Bbox_p28_patch3_1.tif,good,0,Bbox_p28,4,0
/kaggle/working/patches/64/good/n1_patch1_1.tif,n1_patch1_1.tif,good,0,n1,1,0
/kaggle/working/patches/64/good/bstar_p19_patch0_3.tif,bstar_p19_patch0_3.tif,good,0,bstar_p19,1,0
/kaggle/working/patches/64/good/Bbox_p15_patch2_3.tif,Bbox_p15_patch2_3.tif,good,0,Bbox_p15,4,0
/kaggle/working/patches/64/good/Bbox_p14_patch3_3.tif,Bbox_p14_patch3_3.tif,good,0,Bbox_p14,3,0
/kaggle/working/patches/64/good/p5_patch3_2.tif,p5_patch3_2.tif,good,0,p5,4,0
/kaggle/working/patches/64/good/bstar_p11_patch2_1.tif,bstar_p11_patch2_1.tif,good,0,bstar_p11,0,0
/kaggle/working/patches/64/good/bstar_p1_patch1_1.tif,bstar_p1_patch1_1.tif,good,0,bstar_p1,3,0
/kaggle/working/patches/64/good/k4_patch0_0.tif,k4_patch0_0.tif,good,0,k4,0,0
/kaggle/working/patches/64/good/p19_patch3_0.tif,p19_patch3_0.tif,good,0,p19,0,0
/kaggle/working/patches/64/good/bstar_p1_patch1_2.tif,bstar_p1_patch1_2.tif,good,0,bstar_p1,3,0
/kaggle/working/patches/64/good/Bbox_p26_patch3_2.tif,Bbox_p26_patch3_2.tif,good,0,Bbox_p26,3,0
/kaggle/working/patches/64/good/tt2_patch0_1.tif,tt2_patch0_1.tif,good,0,tt2,2,0
/kaggle/working/patches/64/good/bstar_p16_patch2_0.tif,bstar_p16_patch2_0.tif,good,0,bstar_p16,4,0
/kaggle/working/patches/64/good/bstar_p17_patch2_1.tif,bstar_p17_patch2_1.tif,good,0,bstar_p17,0,0
/kaggle/working/patches/64/good/p12_patch3_1.tif,p12_patch3_1.tif,good,0,p12,0,0
/kaggle/working/patches/64/good/Bbox_tn_d1_patch3_1.tif,Bbox_tn_d1_patch3_1.tif,good,0,Bbox_tn_d1,2,0
/kaggle/working/patches/64/good/Bbox_p2_patch0_1.tif,Bbox_p2_patch0_1.tif,good,0,Bbox_p2,2,0
/kaggle/working/patches/64/good/Bbox_p17_patch1_1.tif,Bbox_p17_patch1_1.tif,good,0,Bbox_p17,4,0
/kaggle/working/patches/64/good/Bbox_p3_patch3_1.tif,Bbox_p3_patch3_1.tif,good,0,Bbox_p3,1,0
/kaggle/working/patches/64/good/Bbox_he_d1_patch2_2.tif,Bbox_he_d1_patch2_2.tif,good,0,Bbox_he_d1,4,0
/kaggle/working/patches/64/good/bstar_tn_d3_patch2_3.tif,bstar_tn_d3_patch2_3.tif,good,0,bstar_tn_d3,3,0
/kaggle/working/patches/64/good/p15_patch1_2.tif,p15_patch1_2.tif,good,0,p15,1,0
/kaggle/working/patches/64/good/p27_patch0_0.tif,p27_patch0_0.tif,good,0,p27,2,0
/kaggle/working/patches/64/good/Bbox_p21_patch0_2.tif,Bbox_p21_patch0_2.tif,good,0,Bbox_p21,4,0
/kaggle/working/patches/64/good/Bbox_p15_patch0_1.tif,Bbox_p15_patch0_1.tif,good,0,Bbox_p15,4,0
/kaggle/working/patches/64/good/Bbox_p9_patch2_0.tif,Bbox_p9_patch2_0.tif,good,0,Bbox_p9,0,0
/kaggle/working/patches/64/good/Bbox_p24_patch3_3.tif,Bbox_p24_patch3_3.tif,good,0,Bbox_p24,4,0
/kaggle/working/patches/64/good/Bbox_p29_patch3_0.tif,Bbox_p29_patch3_0.tif,good,0,Bbox_p29,1,0
/kaggle/working/patches/64/good/bstar_tk_d1_patch3_0.tif,bstar_tk_d1_patch3_0.tif,good,0,bstar_tk_d1,4,0
/kaggle/working/patches/64/good/tt4_patch1_2.tif,tt4_patch1_2.tif,good,0,tt4,4,0
/kaggle/working/patches/64/good/Bbox_p4_patch0_3.tif,Bbox_p4_patch0_3.tif,good,0,Bbox_p4,0,0
/kaggle/working/patches/64/good/p23_patch2_2.tif,p23_patch2_2.tif,good,0,p23,4,0
/kaggle/working/patches/64/good/Bbox_nn_d2_patch1_3.tif,Bbox_nn_d2_patch1_3.tif,good,0,Bbox_nn_d2,1,0
/kaggle/working/patches/64/good/Bbox_p12_patch1_3.tif,Bbox_p12_patch1_3.tif,good,0,Bbox_p12,0,0
/kaggle/working/patches/64/good/bstar_p20_patch0_2.tif,bstar_p20_patch0_2.tif,good,0,bstar_p20,1,0
/kaggle/working/patches/64/good/Bbox_bn_d2_patch0_0.tif,Bbox_bn_d2_patch0_0.tif,good,0,Bbox_bn_d2,2,0
/kaggle/working/patches/64/good/Bbox_tk_d3_patch2_1.tif,Bbox_tk_d3_patch2_1.tif,good,0,Bbox_tk_d3,4,0
/kaggle/working/patches/64/good/n2_patch0_1.tif,n2_patch0_1.tif,good,0,n2,3,0
/kaggle/working/patches/64/good/bstar_p22_patch1_0.tif,bstar_p22_patch1_0.tif,good,0,bstar_p22,3,0
/kaggle/working/patches/64/good/t4_patch2_2.tif,t4_patch2_2.tif,good,0,t4,2,0
/kaggle/working/patches/64/good/Bbox_bn_d2_patch0_1.tif,Bbox_bn_d2_patch0_1.tif,good,0,Bbox_bn_d2,2,0
/kaggle/working/patches/64/good/Bbox_bn_d5_patch3_1.tif,Bbox_bn_d5_patch3_1.tif,good,0,Bbox_bn_d5,3,0
/kaggle/working/patches/64/good/Bbox_p19_patch0_3.tif,Bbox_p19_patch0_3.tif,good,0,Bbox_p19,3,0
/kaggle/working/patches/64/good/Bbox_tn_d5_patch0_1.tif,Bbox_tn_d5_patch0_1.tif,good,0,Bbox_tn_d5,3,0
/kaggle/working/patches/64/good/bstar_p21_patch2_1.tif,bstar_p21_patch2_1.tif,good,0,bstar_p21,2,0
/kaggle/working/patches/64/good/bstar_tk_d5_patch2_1.tif,bstar_tk_d5_patch2_1.tif,good,0,bstar_tk_d5,3,0
/kaggle/working/patches/64/good/Bbox_he_d5_patch0_2.tif,Bbox_he_d5_patch0_2.tif,good,0,Bbox_he_d5,0,0
/kaggle/working/patches/64/good/bstar_p23_patch2_2.tif,bstar_p23_patch2_2.tif,good,0,bstar_p23,3,0
/kaggle/working/patches/64/good/bstar_p11_patch0_1.tif,bstar_p11_patch0_1.tif,good,0,bstar_p11,0,0
/kaggle/working/patches/64/good/Bbox_bn_d3_patch3_1.tif,Bbox_bn_d3_patch3_1.tif,good,0,Bbox_bn_d3,1,0
/kaggle/working/patches/64/good/Bbox_p16_patch1_0.tif,Bbox_p16_patch1_0.tif,good,0,Bbox_p16,2,0
/kaggle/working/patches/64/good/Bbox_p1_patch0_3.tif,Bbox_p1_patch0_3.tif,good,0,Bbox_p1,0,0
/kaggle/working/patches/64/good/tt4_patch2_1.tif,tt4_patch2_1.tif,good,0,tt4,4,0
/kaggle/working/patches/64/good/bstar_bn_d3_patch0_0.tif,bstar_bn_d3_patch0_0.tif,good,0,bstar_bn_d3,4,0
/kaggle/working/patches/64/good/bstar_p20_patch3_0.tif,bstar_p20_patch3_0.tif,good,0,bstar_p20,1,0
/kaggle/working/patches/64/good/Bbox_bn_d5_patch2_0.tif,Bbox_bn_d5_patch2_0.tif,good,0,Bbox_bn_d5,3,0
/kaggle/working/patches/64/good/Bbox_p22_patch0_1.tif,Bbox_p22_patch0_1.tif,good,0,Bbox_p22,1,0
/kaggle/working/patches/64/good/bstar_p25_patch2_0.tif,bstar_p25_patch2_0.tif,good,0,bstar_p25,2,0
/kaggle/working/patches/64/good/bstar_he_d3_patch1_0.tif,bstar_he_d3_patch1_0.tif,good,0,bstar_he_d3,0,0
/kaggle/working/patches/64/good/bstar_he_d2_patch0_3.tif,bstar_he_d2_patch0_3.tif,good,0,bstar_he_d2,0,0
/kaggle/working/patches/64/good/p27_patch2_3.tif,p27_patch2_3.tif,good,0,p27,2,0
/kaggle/working/patches/64/good/bstar_nn_d3_patch1_0.tif,bstar_nn_d3_patch1_0.tif,good,0,bstar_nn_d3,0,0
/kaggle/working/patches/64/good/Bbox_p5_patch2_2.tif,Bbox_p5_patch2_2.tif,good,0,Bbox_p5,1,0
/kaggle/working/patches/64/good/Bbox_p21_patch2_2.tif,Bbox_p21_patch2_2.tif,good,0,Bbox_p21,4,0
/kaggle/working/patches/64/good/Bbox_nn_d2_patch2_1.tif,Bbox_nn_d2_patch2_1.tif,good,0,Bbox_nn_d2,1,0
/kaggle/working/patches/64/good/bstar_p10_patch2_1.tif,bstar_p10_patch2_1.tif,good,0,bstar_p10,4,0
/kaggle/working/patches/64/good/p22_patch2_2.tif,p22_patch2_2.tif,good,0,p22,2,0
/kaggle/working/patches/64/good/Bbox_tk_d2_patch0_3.tif,Bbox_tk_d2_patch0_3.tif,good,0,Bbox_tk_d2,1,0
/kaggle/working/patches/64/good/Bbox_tk_d2_patch1_1.tif,Bbox_tk_d2_patch1_1.tif,good,0,Bbox_tk_d2,1,0
/kaggle/working/patches/64/good/Bbox_p9_patch2_2.tif,Bbox_p9_patch2_2.tif,good,0,Bbox_p9,0,0
/kaggle/working/patches/64/good/bstar_nn_d5_patch0_1.tif,bstar_nn_d5_patch0_1.tif,good,0,bstar_nn_d5,2,0
/kaggle/working/patches/64/good/p28_patch2_0.tif,p28_patch2_0.tif,good,0,p28,1,0
/kaggle/working/patches/64/good/Bbox_he_d1_patch1_1.tif,Bbox_he_d1_patch1_1.tif,good,0,Bbox_he_d1,4,0
/kaggle/working/patches/64/good/Bbox_bn_d3_patch0_2.tif,Bbox_bn_d3_patch0_2.tif,good,0,Bbox_bn_d3,1,0
/kaggle/working/patches/64/good/bstar_he_d1_patch3_0.tif,bstar_he_d1_patch3_0.tif,good,0,bstar_he_d1,1,0
/kaggle/working/patches/64/good/h5_patch2_2.tif,h5_patch2_2.tif,good,0,h5,4,0
/kaggle/working/patches/64/good/bstar_p21_patch0_3.tif,bstar_p21_patch0_3.tif,good,0,bstar_p21,2,0
/kaggle/working/patches/64/good/b1_patch2_0.tif,b1_patch2_0.tif,good,0,b1,3,0
/kaggle/working/patches/64/good/Bbox_tk_d1_patch2_0.tif,Bbox_tk_d1_patch2_0.tif,good,0,Bbox_tk_d1,2,0
/kaggle/working/patches/64/good/p16_patch2_3.tif,p16_patch2_3.tif,good,0,p16,3,0
/kaggle/working/patches/64/good/Bbox_nn_d5_patch2_3.tif,Bbox_nn_d5_patch2_3.tif,good,0,Bbox_nn_d5,4,0
/kaggle/working/patches/64/good/p26_patch2_3.tif,p26_patch2_3.tif,good,0,p26,4,0
/kaggle/working/patches/64/good/Bbox_p18_patch0_0.tif,Bbox_p18_patch0_0.tif,good,0,Bbox_p18,0,0
/kaggle/working/patches/64/good/tt2_patch0_2.tif,tt2_patch0_2.tif,good,0,tt2,2,0
/kaggle/working/patches/64/good/Bbox_he_d5_patch1_2.tif,Bbox_he_d5_patch1_2.tif,good,0,Bbox_he_d5,0,0
/kaggle/working/patches/64/good/Bbox_p16_patch0_1.tif,Bbox_p16_patch0_1.tif,good,0,Bbox_p16,2,0
/kaggle/working/patches/64/good/Bbox_tn_d3_patch0_0.tif,Bbox_tn_d3_patch0_0.tif,good,0,Bbox_tn_d3,0,0
/kaggle/working/patches/64/good/Bbox_p21_patch0_3.tif,Bbox_p21_patch0_3.tif,good,0,Bbox_p21,4,0
/kaggle/working/patches/64/good/p10_patch3_2.tif,p10_patch3_2.tif,good,0,p10,0,0
/kaggle/working/patches/64/good/Bbox_tk_d2_patch0_0.tif,Bbox_tk_d2_patch0_0.tif,good,0,Bbox_tk_d2,1,0
/kaggle/working/patches/64/good/bstar_he_d5_patch1_0.tif,bstar_he_d5_patch1_0.tif,good,0,bstar_he_d5,4,0
/kaggle/working/patches/64/good/Bbox_tn_d3_patch3_3.tif,Bbox_tn_d3_patch3_3.tif,good,0,Bbox_tn_d3,0,0
/kaggle/working/patches/64/good/bstar_p24_patch2_1.tif,bstar_p24_patch2_1.tif,good,0,bstar_p24,2,0
/kaggle/working/patches/64/good/h5_patch1_2.tif,h5_patch1_2.tif,good,0,h5,4,0
/kaggle/working/patches/64/good/Bbox_bn_d1_patch2_1.tif,Bbox_bn_d1_patch2_1.tif,good,0,Bbox_bn_d1,0,0
/kaggle/working/patches/64/good/bstar_tn_d5_patch3_2.tif,bstar_tn_d5_patch3_2.tif,good,0,bstar_tn_d5,0,0
/kaggle/working/patches/64/good/Bbox_p26_patch1_3.tif,Bbox_p26_patch1_3.tif,good,0,Bbox_p26,3,0
/kaggle/working/patches/64/good/bstar_p11_patch3_3.tif,bstar_p11_patch3_3.tif,good,0,bstar_p11,0,0
/kaggle/working/patches/64/good/bstar_he_d4_patch1_2.tif,bstar_he_d4_patch1_2.tif,good,0,bstar_he_d4,0,0
/kaggle/working/patches/64/good/k2_patch0_0.tif,k2_patch0_0.tif,good,0,k2,1,0
/kaggle/working/patches/64/good/bstar_p21_patch3_1.tif,bstar_p21_patch3_1.tif,good,0,bstar_p21,2,0
/kaggle/working/patches/64/good/bstar_p8_patch0_1.tif,bstar_p8_patch0_1.tif,good,0,bstar_p8,4,0
/kaggle/working/patches/64/good/bstar_p11_patch3_0.tif,bstar_p11_patch3_0.tif,good,0,bstar_p11,0,0
/kaggle/working/patches/64/good/bstar_p14_patch0_0.tif,bstar_p14_patch0_0.tif,good,0,bstar_p14,3,0
/kaggle/working/patches/64/good/Bbox_p8_patch1_0.tif,Bbox_p8_patch1_0.tif,good,0,Bbox_p8,4,0
/kaggle/working/patches/64/good/Bbox_p14_patch2_3.tif,Bbox_p14_patch2_3.tif,good,0,Bbox_p14,3,0
/kaggle/working/patches/64/good/p29_patch0_1.tif,p29_patch0_1.tif,good,0,p29,2,0
/kaggle/working/patches/64/good/Bbox_p29_patch0_0.tif,Bbox_p29_patch0_0.tif,good,0,Bbox_p29,1,0
/kaggle/working/patches/64/good/Bbox_p9_patch2_1.tif,Bbox_p9_patch2_1.tif,good,0,Bbox_p9,0,0
/kaggle/working/patches/64/good/Bbox_p13_patch2_1.tif,Bbox_p13_patch2_1.tif,good,0,Bbox_p13,1,0
/kaggle/working/patches/64/good/Bbox_tk_d4_patch0_0.tif,Bbox_tk_d4_patch0_0.tif,good,0,Bbox_tk_d4,3,0
/kaggle/working/patches/64/good/Bbox_p22_patch2_3.tif,Bbox_p22_patch2_3.tif,good,0,Bbox_p22,1,0
/kaggle/working/patches/64/good/p25_patch1_2.tif,p25_patch1_2.tif,good,0,p25,4,0
/kaggle/working/patches/64/good/Bbox_tn_d3_patch1_2.tif,Bbox_tn_d3_patch1_2.tif,good,0,Bbox_tn_d3,0,0
/kaggle/working/patches/64/good/p23_patch3_2.tif,p23_patch3_2.tif,good,0,p23,4,0
/kaggle/working/patches/64/good/Bbox_p26_patch1_1.tif,Bbox_p26_patch1_1.tif,good,0,Bbox_p26,3,0
/kaggle/working/patches/64/good/t4_patch1_0.tif,t4_patch1_0.tif,good,0,t4,2,0
/kaggle/working/patches/64/good/Bbox_p12_patch2_3.tif,Bbox_p12_patch2_3.tif,good,0,Bbox_p12,0,0
/kaggle/working/patches/64/good/p4_patch0_0.tif,p4_patch0_0.tif,good,0,p4,3,0
/kaggle/working/patches/64/good/Bbox_bn_d1_patch1_1.tif,Bbox_bn_d1_patch1_1.tif,good,0,Bbox_bn_d1,0,0
/kaggle/working/patches/64/good/t2_patch2_1.tif,t2_patch2_1.tif,good,0,t2,0,0
/kaggle/working/patches/64/good/p14_patch2_2.tif,p14_patch2_2.tif,good,0,p14,2,0
/kaggle/working/patches/64/good/Bbox_p17_patch1_0.tif,Bbox_p17_patch1_0.tif,good,0,Bbox_p17,4,0
/kaggle/working/patches/64/good/bstar_p5_patch0_0.tif,bstar_p5_patch0_0.tif,good,0,bstar_p5,1,0
/kaggle/working/patches/64/good/bstar_tn_d3_patch3_2.tif,bstar_tn_d3_patch3_2.tif,good,0,bstar_tn_d3,3,0
/kaggle/working/patches/64/good/p3_patch3_2.tif,p3_patch3_2.tif,good,0,p3,3,0
/kaggle/working/patches/64/good/bstar_p14_patch3_1.tif,bstar_p14_patch3_1.tif,good,0,bstar_p14,3,0
/kaggle/working/patches/64/good/bstar_p21_patch2_0.tif,bstar_p21_patch2_0.tif,good,0,bstar_p21,2,0
/kaggle/working/patches/64/good/bstar_p7_patch3_0.tif,bstar_p7_patch3_0.tif,good,0,bstar_p7,0,0
/kaggle/working/patches/64/good/p14_patch2_1.tif,p14_patch2_1.tif,good,0,p14,2,0
/kaggle/working/patches/64/good/bstar_he_d2_patch1_0.tif,bstar_he_d2_patch1_0.tif,good,0,bstar_he_d2,0,0
/kaggle/working/patches/64/good/Bbox_p13_patch2_2.tif,Bbox_p13_patch2_2.tif,good,0,Bbox_p13,1,0
/kaggle/working/patches/64/good/bstar_bn_d2_patch3_1.tif,bstar_bn_d2_patch3_1.tif,good,0,bstar_bn_d2,3,0
/kaggle/working/patches/64/good/p5_patch1_3.tif,p5_patch1_3.tif,good,0,p5,4,0
/kaggle/working/patches/64/good/t1_patch1_1.tif,t1_patch1_1.tif,good,0,t1,1,0
/kaggle/working/patches/64/good/n3_patch0_1.tif,n3_patch0_1.tif,good,0,n3,0,0
/kaggle/working/patches/64/good/Bbox_p12_patch0_2.tif,Bbox_p12_patch0_2.tif,good,0,Bbox_p12,0,0
/kaggle/working/patches/64/good/n5_patch2_3.tif,n5_patch2_3.tif,good,0,n5,2,0
/kaggle/working/patches/64/good/Bbox_p3_patch1_1.tif,Bbox_p3_patch1_1.tif,good,0,Bbox_p3,1,0
/kaggle/working/patches/64/good/t2_patch0_2.tif,t2_patch0_2.tif,good,0,t2,0,0
/kaggle/working/patches/64/good/Bbox_bn_d3_patch1_3.tif,Bbox_bn_d3_patch1_3.tif,good,0,Bbox_bn_d3,1,0
/kaggle/working/patches/64/good/bstar_he_d1_patch0_3.tif,bstar_he_d1_patch0_3.tif,good,0,bstar_he_d1,1,0
/kaggle/working/patches/64/good/bstar_tk_d4_patch2_0.tif,bstar_tk_d4_patch2_0.tif,good,0,bstar_tk_d4,2,0
/kaggle/working/patches/64/good/bstar_p10_patch3_1.tif,bstar_p10_patch3_1.tif,good,0,bstar_p10,4,0
/kaggle/working/patches/64/good/bstar_p23_patch3_2.tif,bstar_p23_patch3_2.tif,good,0,bstar_p23,3,0
/kaggle/working/patches/64/good/bstar_p23_patch2_1.tif,bstar_p23_patch2_1.tif,good,0,bstar_p23,3,0
/kaggle/working/patches/64/good/Bbox_p30_patch2_1.tif,Bbox_p30_patch2_1.tif,good,0,Bbox_p30,1,0
/kaggle/working/patches/64/good/bstar_p21_patch3_0.tif,bstar_p21_patch3_0.tif,good,0,bstar_p21,2,0
/kaggle/working/patches/64/good/bstar_p22_patch0_1.tif,bstar_p22_patch0_1.tif,good,0,bstar_p22,3,0
/kaggle/working/patches/64/good/bstar_he_d3_patch3_3.tif,bstar_he_d3_patch3_3.tif,good,0,bstar_he_d3,0,0
/kaggle/working/patches/64/good/h1_patch2_3.tif,h1_patch2_3.tif,good,0,h1,2,0
/kaggle/working/patches/64/good/Bbox_tk_d1_patch3_2.tif,Bbox_tk_d1_patch3_2.tif,good,0,Bbox_tk_d1,2,0
/kaggle/working/patches/64/good/bstar_p24_patch1_0.tif,bstar_p24_patch1_0.tif,good,0,bstar_p24,2,0
/kaggle/working/patches/64/good/Bbox_p30_patch1_3.tif,Bbox_p30_patch1_3.tif,good,0,Bbox_p30,1,0
/kaggle/working/patches/64/good/bstar_tn_d4_patch0_0.tif,bstar_tn_d4_patch0_0.tif,good,0,bstar_tn_d4,4,0
/kaggle/working/patches/64/good/p19_patch0_3.tif,p19_patch0_3.tif,good,0,p19,0,0
/kaggle/working/patches/64/good/p9_patch1_3.tif,p9_patch1_3.tif,good,0,p9,4,0
/kaggle/working/patches/64/good/Bbox_bn_d2_patch0_3.tif,Bbox_bn_d2_patch0_3.tif,good,0,Bbox_bn_d2,2,0
/kaggle/working/patches/64/good/Bbox_p1_patch0_2.tif,Bbox_p1_patch0_2.tif,good,0,Bbox_p1,0,0
/kaggle/working/patches/64/good/p2_patch3_0.tif,p2_patch3_0.tif,good,0,p2,1,0
/kaggle/working/patches/64/good/Bbox_nn_d3_patch0_2.tif,Bbox_nn_d3_patch0_2.tif,good,0,Bbox_nn_d3,3,0
/kaggle/working/patches/64/good/p2_patch2_1.tif,p2_patch2_1.tif,good,0,p2,1,0
/kaggle/working/patches/64/good/p14_patch0_0.tif,p14_patch0_0.tif,good,0,p14,2,0
/kaggle/working/patches/64/good/Bbox_p4_patch1_0.tif,Bbox_p4_patch1_0.tif,good,0,Bbox_p4,0,0
/kaggle/working/patches/64/good/p12_patch1_0.tif,p12_patch1_0.tif,good,0,p12,0,0
/kaggle/working/patches/64/good/bstar_p19_patch3_2.tif,bstar_p19_patch3_2.tif,good,0,bstar_p19,1,0
/kaggle/working/patches/64/good/bstar_p6_patch1_1.tif,bstar_p6_patch1_1.tif,good,0,bstar_p6,1,0
/kaggle/working/patches/64/good/p2_patch0_0.tif,p2_patch0_0.tif,good,0,p2,1,0
/kaggle/working/patches/64/good/t2_patch2_3.tif,t2_patch2_3.tif,good,0,t2,0,0
/kaggle/working/patches/64/good/h5_patch3_2.tif,h5_patch3_2.tif,good,0,h5,4,0
/kaggle/working/patches/64/good/b2_patch1_1.tif,b2_patch1_1.tif,good,0,b2,4,0
/kaggle/working/patches/64/good/bstar_p4_patch0_3.tif,bstar_p4_patch0_3.tif,good,0,bstar_p4,0,0
/kaggle/working/patches/64/good/bstar_p17_patch2_2.tif,bstar_p17_patch2_2.tif,good,0,bstar_p17,0,0
/kaggle/working/patches/64/good/bstar_bn_d3_patch3_0.tif,bstar_bn_d3_patch3_0.tif,good,0,bstar_bn_d3,4,0
/kaggle/working/patches/64/good/p4_patch0_1.tif,p4_patch0_1.tif,good,0,p4,3,0
/kaggle/working/patches/64/good/Bbox_tn_d4_patch0_2.tif,Bbox_tn_d4_patch0_2.tif,good,0,Bbox_tn_d4,1,0
/kaggle/working/patches/64/good/bstar_tn_d1_patch0_3.tif,bstar_tn_d1_patch0_3.tif,good,0,bstar_tn_d1,2,0
/kaggle/working/patches/64/good/p29_patch3_0.tif,p29_patch3_0.tif,good,0,p29,2,0
/kaggle/working/patches/64/good/bstar_p13_patch1_3.tif,bstar_p13_patch1_3.tif,good,0,bstar_p13,1,0
/kaggle/working/patches/64/good/tt2_patch2_0.tif,tt2_patch2_0.tif,good,0,tt2,2,0
/kaggle/working/patches/64/good/bstar_p14_patch2_0.tif,bstar_p14_patch2_0.tif,good,0,bstar_p14,3,0
/kaggle/working/patches/64/good/bstar_p7_patch0_3.tif,bstar_p7_patch0_3.tif,good,0,bstar_p7,0,0
/kaggle/working/patches/64/good/Bbox_nn_d3_patch2_2.tif,Bbox_nn_d3_patch2_2.tif,good,0,Bbox_nn_d3,3,0
/kaggle/working/patches/64/good/Bbox_p7_patch1_2.tif,Bbox_p7_patch1_2.tif,good,0,Bbox_p7,2,0
/kaggle/working/patches/64/good/tt4_patch2_0.tif,tt4_patch2_0.tif,good,0,tt4,4,0
/kaggle/working/patches/64/good/Bbox_p29_patch2_3.tif,Bbox_p29_patch2_3.tif,good,0,Bbox_p29,1,0
/kaggle/working/patches/64/good/k2_patch1_1.tif,k2_patch1_1.tif,good,0,k2,1,0
/kaggle/working/patches/64/good/bstar_p1_patch2_0.tif,bstar_p1_patch2_0.tif,good,0,bstar_p1,3,0
/kaggle/working/patches/64/good/p5_patch0_0.tif,p5_patch0_0.tif,good,0,p5,4,0
/kaggle/working/patches/64/good/Bbox_p6_patch3_2.tif,Bbox_p6_patch3_2.tif,good,0,Bbox_p6,1,0
/kaggle/working/patches/64/good/Bbox_nn_d4_patch3_2.tif,Bbox_nn_d4_patch3_2.tif,good,0,Bbox_nn_d4,2,0
/kaggle/working/patches/64/good/p12_patch2_0.tif,p12_patch2_0.tif,good,0,p12,0,0
/kaggle/working/patches/64/good/Bbox_p5_patch3_0.tif,Bbox_p5_patch3_0.tif,good,0,Bbox_p5,1,0
/kaggle/working/patches/64/good/bstar_p21_patch1_3.tif,bstar_p21_patch1_3.tif,good,0,bstar_p21,2,0
/kaggle/working/patches/64/good/Bbox_p22_patch2_1.tif,Bbox_p22_patch2_1.tif,good,0,Bbox_p22,1,0
/kaggle/working/patches/64/good/p23_patch2_3.tif,p23_patch2_3.tif,good,0,p23,4,0
/kaggle/working/patches/64/good/bstar_p13_patch0_3.tif,bstar_p13_patch0_3.tif,good,0,bstar_p13,1,0
/kaggle/working/patches/64/good/Bbox_tn_d3_patch1_0.tif,Bbox_tn_d3_patch1_0.tif,good,0,Bbox_tn_d3,0,0
/kaggle/working/patches/64/good/b2_patch3_1.tif,b2_patch3_1.tif,good,0,b2,4,0
/kaggle/working/patches/64/good/Bbox_p11_patch1_3.tif,Bbox_p11_patch1_3.tif,good,0,Bbox_p11,1,0
/kaggle/working/patches/64/good/Bbox_p11_patch3_3.tif,Bbox_p11_patch3_3.tif,good,0,Bbox_p11,1,0
/kaggle/working/patches/64/good/Bbox_p1_patch1_1.tif,Bbox_p1_patch1_1.tif,good,0,Bbox_p1,0,0
/kaggle/working/patches/64/good/Bbox_p16_patch2_1.tif,Bbox_p16_patch2_1.tif,good,0,Bbox_p16,2,0
/kaggle/working/patches/64/good/Bbox_p11_patch2_2.tif,Bbox_p11_patch2_2.tif,good,0,Bbox_p11,1,0
/kaggle/working/patches/64/good/Bbox_p14_patch3_2.tif,Bbox_p14_patch3_2.tif,good,0,Bbox_p14,3,0
/kaggle/working/patches/64/good/Bbox_p10_patch2_2.tif,Bbox_p10_patch2_2.tif,good,0,Bbox_p10,2,0
/kaggle/working/patches/64/good/bstar_nn_d2_patch3_3.tif,bstar_nn_d2_patch3_3.tif,good,0,bstar_nn_d2,3,0
/kaggle/working/patches/64/good/bstar_p12_patch0_1.tif,bstar_p12_patch0_1.tif,good,0,bstar_p12,2,0
/kaggle/working/patches/64/good/Bbox_p2_patch0_3.tif,Bbox_p2_patch0_3.tif,good,0,Bbox_p2,2,0
/kaggle/working/patches/64/good/bstar_tn_d4_patch0_2.tif,bstar_tn_d4_patch0_2.tif,good,0,bstar_tn_d4,4,0
/kaggle/working/patches/64/good/p1_patch0_0.tif,p1_patch0_0.tif,good,0,p1,4,0
/kaggle/working/patches/64/good/Bbox_nn_d1_patch3_2.tif,Bbox_nn_d1_patch3_2.tif,good,0,Bbox_nn_d1,2,0
/kaggle/working/patches/64/BrokenEnd/bstar_bn_d5_patch1_2.tif,bstar_bn_d5_patch1_2.tif,BrokenEnd,1,bstar_bn_d5,4,1
/kaggle/working/patches/64/BrokenEnd/b3_patch0_2.tif,b3_patch0_2.tif,BrokenEnd,1,b3,0,1
/kaggle/working/patches/64/BrokenEnd/b3_patch2_1.tif,b3_patch2_1.tif,BrokenEnd,1,b3,0,1
/kaggle/working/patches/64/BrokenEnd/bstar_bn_d5_patch2_2.tif,bstar_bn_d5_patch2_2.tif,BrokenEnd,1,bstar_bn_d5,4,1
/kaggle/working/patches/64/BrokenEnd/b3_patch2_2.tif,b3_patch2_2.tif,BrokenEnd,1,b3,0,1
/kaggle/working/patches/64/BrokenEnd/bstar_bn_d5_patch1_1.tif,bstar_bn_d5_patch1_1.tif,BrokenEnd,1,bstar_bn_d5,4,1
/kaggle/working/patches/64/BrokenEnd/b5_patch0_2.tif,b5_patch0_2.tif,BrokenEnd,1,b5,2,1
/kaggle/working/patches/64/BrokenEnd/b4_patch0_3.tif,b4_patch0_3.tif,BrokenEnd,1,b4,1,1
/kaggle/working/patches/64/BrokenEnd/Bbox_bn_d2_patch1_3.tif,Bbox_bn_d2_patch1_3.tif,BrokenEnd,1,Bbox_bn_d2,2,1
/kaggle/working/patches/64/BrokenEnd/Bbox_bn_d5_patch0_2.tif,Bbox_bn_d5_patch0_2.tif,BrokenEnd,1,Bbox_bn_d5,3,1
/kaggle/working/patches/64/BrokenEnd/Bbox_bn_d5_patch1_1.tif,Bbox_bn_d5_patch1_1.tif,BrokenEnd,1,Bbox_bn_d5,3,1
/kaggle/working/patches/64/BrokenEnd/b1_patch0_2.tif,b1_patch0_2.tif,BrokenEnd,1,b1,3,1
/kaggle/working/patches/64/BrokenEnd/Bbox_bn_d3_patch2_2.tif,Bbox_bn_d3_patch2_2.tif,BrokenEnd,1,Bbox_bn_d3,1,1
/kaggle/working/patches/64/BrokenEnd/Bbox_bn_d4_patch1_2.tif,Bbox_bn_d4_patch1_2.tif,BrokenEnd,1,Bbox_bn_d4,2,1
/kaggle/working/patches/64/BrokenEnd/b5_patch1_2.tif,b5_patch1_2.tif,BrokenEnd,1,b5,2,1
/kaggle/working/patches/64/BrokenEnd/b4_patch1_0.tif,b4_patch1_0.tif,BrokenEnd,1,b4,1,1
/kaggle/working/patches/64/BrokenEnd/b5_patch2_0.tif,b5_patch2_0.tif,BrokenEnd,1,b5,2,1
/kaggle/working/patches/64/BrokenEnd/bstar_bn_d3_patch1_2.tif,bstar_bn_d3_patch1_2.tif,BrokenEnd,1,bstar_bn_d3,4,1
/kaggle/working/patches/64/BrokenEnd/b3_patch2_0.tif,b3_patch2_0.tif,BrokenEnd,1,b3,0,1
/kaggle/working/patches/64/BrokenEnd/b4_patch2_0.tif,b4_patch2_0.tif,BrokenEnd,1,b4,1,1
/kaggle/working/patches/64/BrokenEnd/Bbox_bn_d3_patch1_2.tif,Bbox_bn_d3_patch1_2.tif,BrokenEnd,1,Bbox_bn_d3,1,1
/kaggle/working/patches/64/BrokenEnd/bstar_bn_d4_patch1_2.tif,bstar_bn_d4_patch1_2.tif,BrokenEnd,1,bstar_bn_d4,3,1
/kaggle/working/patches/64/BrokenEnd/b5_patch2_2.tif,b5_patch2_2.tif,BrokenEnd,1,b5,2,1
/kaggle/working/patches/64/BrokenEnd/b3_patch1_2.tif,b3_patch1_2.tif,BrokenEnd,1,b3,0,1
/kaggle/working/patches/64/BrokenEnd/bstar_bn_d2_patch1_1.tif,bstar_bn_d2_patch1_1.tif,BrokenEnd,1,bstar_bn_d2,3,1
/kaggle/working/patches/64/BrokenEnd/Bbox_bn_d1_patch0_2.tif,Bbox_bn_d1_patch0_2.tif,BrokenEnd,1,Bbox_bn_d1,0,1
/kaggle/working/patches/64/BrokenEnd/b2_patch0_3.tif,b2_patch0_3.tif,BrokenEnd,1,b2,4,1
/kaggle/working/patches/64/BrokenEnd/b4_patch0_0.tif,b4_patch0_0.tif,BrokenEnd,1,b4,1,1
/kaggle/working/patches/64/BrokenEnd/bstar_bn_d1_patch1_0.tif,bstar_bn_d1_patch1_0.tif,BrokenEnd,1,bstar_bn_d1,1,1
/kaggle/working/patches/64/BrokenEnd/bstar_bn_d2_patch2_1.tif,bstar_bn_d2_patch2_1.tif,BrokenEnd,1,bstar_bn_d2,3,1
/kaggle/working/patches/64/BrokenEnd/b2_patch1_3.tif,b2_patch1_3.tif,BrokenEnd,1,b2,4,1
/kaggle/working/patches/64/BrokenEnd/Bbox_bn_d4_patch1_1.tif,Bbox_bn_d4_patch1_1.tif,BrokenEnd,1,Bbox_bn_d4,2,1
/kaggle/working/patches/64/BrokenEnd/bstar_bn_d1_patch1_1.tif,bstar_bn_d1_patch1_1.tif,BrokenEnd,1,bstar_bn_d1,1,1
/kaggle/working/patches/64/BrokenEnd/b3_patch3_0.tif,b3_patch3_0.tif,BrokenEnd,1,b3,0,1
/kaggle/working/patches/64/BrokenEnd/Bbox_bn_d5_patch0_1.tif,Bbox_bn_d5_patch0_1.tif,BrokenEnd,1,Bbox_bn_d5,3,1
/kaggle/working/patches/64/BrokenEnd/b4_patch2_2.tif,b4_patch2_2.tif,BrokenEnd,1,b4,1,1
/kaggle/working/patches/64/BrokenEnd/bstar_bn_d5_patch1_3.tif,bstar_bn_d5_patch1_3.tif,BrokenEnd,1,bstar_bn_d5,4,1
/kaggle/working/patches/64/BrokenEnd/b4_patch0_1.tif,b4_patch0_1.tif,BrokenEnd,1,b4,1,1
/kaggle/working/patches/64/BrokenEnd/b5_patch3_0.tif,b5_patch3_0.tif,BrokenEnd,1,b5,2,1
/kaggle/working/patches/64/BrokenEnd/b3_patch3_1.tif,b3_patch3_1.tif,BrokenEnd,1,b3,0,1
/kaggle/working/patches/64/BrokenEnd/b4_patch1_3.tif,b4_patch1_3.tif,BrokenEnd,1,b4,1,1
/kaggle/working/patches/64/BrokenEnd/b2_patch2_2.tif,b2_patch2_2.tif,BrokenEnd,1,b2,4,1
/kaggle/working/patches/64/BrokenEnd/b2_patch0_2.tif,b2_patch0_2.tif,BrokenEnd,1,b2,4,1
/kaggle/working/patches/64/BrokenEnd/b4_patch1_1.tif,b4_patch1_1.tif,BrokenEnd,1,b4,1,1
/kaggle/working/patches/64/BrokenEnd/b1_patch2_2.tif,b1_patch2_2.tif,BrokenEnd,1,b1,3,1
/kaggle/working/patches/64/BrokenEnd/b4_patch2_1.tif,b4_patch2_1.tif,BrokenEnd,1,b4,1,1
/kaggle/working/patches/64/BrokenEnd/b3_patch1_0.tif,b3_patch1_0.tif,BrokenEnd,1,b3,0,1
/kaggle/working/patches/64/BrokenEnd/bstar_bn_d4_patch1_3.tif,bstar_bn_d4_patch1_3.tif,BrokenEnd,1,bstar_bn_d4,3,1
/kaggle/working/patches/64/BrokenEnd/bstar_bn_d4_patch1_1.tif,bstar_bn_d4_patch1_1.tif,BrokenEnd,1,bstar_bn_d4,3,1
/kaggle/working/patches/64/BrokenEnd/b1_patch1_2.tif,b1_patch1_2.tif,BrokenEnd,1,b1,3,1
/kaggle/working/patches/64/BrokenEnd/Bbox_bn_d2_patch1_2.tif,Bbox_bn_d2_patch1_2.tif,BrokenEnd,1,Bbox_bn_d2,2,1
/kaggle/working/patches/64/BrokenEnd/b2_patch1_2.tif,b2_patch1_2.tif,BrokenEnd,1,b2,4,1
/kaggle/working/patches/64/BrokenEnd/Bbox_bn_d1_patch1_2.tif,Bbox_bn_d1_patch1_2.tif,BrokenEnd,1,Bbox_bn_d1,0,1
/kaggle/working/patches/64/BrokenEnd/bstar_bn_d3_patch1_1.tif,bstar_bn_d3_patch1_1.tif,BrokenEnd,1,bstar_bn_d3,4,1
/kaggle/working/patches/64/BrokenEnd/Bbox_bn_d5_patch1_2.tif,Bbox_bn_d5_patch1_2.tif,BrokenEnd,1,Bbox_bn_d5,3,1
/kaggle/working/patches/64/BrokenEnd/b5_patch1_0.tif,b5_patch1_0.tif,BrokenEnd,1,b5,2,1
/kaggle/working/patches/64/BrokenEnd/b4_patch0_2.tif,b4_patch0_2.tif,BrokenEnd,1,b4,1,1
/kaggle/working/patches/64/BrokenEnd/b4_patch1_2.tif,b4_patch1_2.tif,BrokenEnd,1,b4,1,1
/kaggle/working/patches/64/BrokenEnd/Bbox_bn_d1_patch2_2.tif,Bbox_bn_d1_patch2_2.tif,BrokenEnd,1,Bbox_bn_d1,0,1
/kaggle/working/patches/64/Hole/h4_patch3_1.tif,h4_patch3_1.tif,Hole,1,h4,1,2
/kaggle/working/patches/64/Hole/bstar_he_d5_patch1_2.tif,bstar_he_d5_patch1_2.tif,Hole,1,bstar_he_d5,4,2
/kaggle/working/patches/64/Hole/Bbox_he_d3_patch2_1.tif,Bbox_he_d3_patch2_1.tif,Hole,1,Bbox_he_d3,0,2
/kaggle/working/patches/64/Hole/h3_patch2_1.tif,h3_patch2_1.tif,Hole,1,h3,3,2
/kaggle/working/patches/64/Hole/h4_patch1_2.tif,h4_patch1_2.tif,Hole,1,h4,1,2
/kaggle/working/patches/64/Hole/h4_patch0_0.tif,h4_patch0_0.tif,Hole,1,h4,1,2
/kaggle/working/patches/64/Hole/h2_patch3_2.tif,h2_patch3_2.tif,Hole,1,h2,2,2
/kaggle/working/patches/64/Hole/Bbox_he_d5_patch2_2.tif,Bbox_he_d5_patch2_2.tif,Hole,1,Bbox_he_d5,0,2
/kaggle/working/patches/64/Hole/Bbox_he_d5_patch3_1.tif,Bbox_he_d5_patch3_1.tif,Hole,1,Bbox_he_d5,0,2
/kaggle/working/patches/64/Hole/bstar_he_d1_patch1_0.tif,bstar_he_d1_patch1_0.tif,Hole,1,bstar_he_d1,1,2
/kaggle/working/patches/64/Hole/h2_patch2_1.tif,h2_patch2_1.tif,Hole,1,h2,2,2
/kaggle/working/patches/64/Hole/bstar_he_d4_patch1_0.tif,bstar_he_d4_patch1_0.tif,Hole,1,bstar_he_d4,0,2
/kaggle/working/patches/64/Hole/h1_patch3_1.tif,h1_patch3_1.tif,Hole,1,h1,2,2
/kaggle/working/patches/64/Hole/h5_patch0_3.tif,h5_patch0_3.tif,Hole,1,h5,4,2
/kaggle/working/patches/64/Hole/Bbox_he_d1_patch1_2.tif,Bbox_he_d1_patch1_2.tif,Hole,1,Bbox_he_d1,4,2
/kaggle/working/patches/64/Hole/bstar_he_d2_patch0_1.tif,bstar_he_d2_patch0_1.tif,Hole,1,bstar_he_d2,0,2
/kaggle/working/patches/64/Hole/h3_patch3_1.tif,h3_patch3_1.tif,Hole,1,h3,3,2
/kaggle/working/patches/64/Hole/bstar_he_d4_patch1_1.tif,bstar_he_d4_patch1_1.tif,Hole,1,bstar_he_d4,0,2
/kaggle/working/patches/64/Hole/Bbox_he_d4_patch1_2.tif,Bbox_he_d4_patch1_2.tif,Hole,1,Bbox_he_d4,0,2
/kaggle/working/patches/64/Hole/Bbox_he_d2_patch1_2.tif,Bbox_he_d2_patch1_2.tif,Hole,1,Bbox_he_d2,3,2
/kaggle/working/patches/64/Hole/Bbox_he_d5_patch2_1.tif,Bbox_he_d5_patch2_1.tif,Hole,1,Bbox_he_d5,0,2
/kaggle/working/patches/64/Hole/h3_patch0_0.tif,h3_patch0_0.tif,Hole,1,h3,3,2
/kaggle/working/patches/64/Hole/h3_patch0_1.tif,h3_patch0_1.tif,Hole,1,h3,3,2
/kaggle/working/patches/64/Hole/h1_patch2_1.tif,h1_patch2_1.tif,Hole,1,h1,2,2
/kaggle/working/patches/64/Hole/h4_patch1_3.tif,h4_patch1_3.tif,Hole,1,h4,1,2
/kaggle/working/patches/64/Hole/h3_patch1_1.tif,h3_patch1_1.tif,Hole,1,h3,3,2
/kaggle/working/patches/64/Hole/Bbox_he_d2_patch1_1.tif,Bbox_he_d2_patch1_1.tif,Hole,1,Bbox_he_d2,3,2
/kaggle/working/patches/64/Hole/bstar_he_d1_patch1_1.tif,bstar_he_d1_patch1_1.tif,Hole,1,bstar_he_d1,1,2
/kaggle/working/patches/64/Hole/h5_patch2_1.tif,h5_patch2_1.tif,Hole,1,h5,4,2
/kaggle/working/patches/64/Hole/h4_patch1_1.tif,h4_patch1_1.tif,Hole,1,h4,1,2
/kaggle/working/patches/64/Hole/Bbox_he_d1_patch0_2.tif,Bbox_he_d1_patch0_2.tif,Hole,1,Bbox_he_d1,4,2
/kaggle/working/patches/64/Hole/h5_patch3_1.tif,h5_patch3_1.tif,Hole,1,h5,4,2
/kaggle/working/patches/64/Hole/bstar_he_d3_patch1_2.tif,bstar_he_d3_patch1_2.tif,Hole,1,bstar_he_d3,0,2
/kaggle/working/patches/64/Hole/h4_patch0_1.tif,h4_patch0_1.tif,Hole,1,h4,1,2
/kaggle/working/patches/64/Hole/bstar_he_d2_patch1_1.tif,bstar_he_d2_patch1_1.tif,Hole,1,bstar_he_d2,0,2
/kaggle/working/patches/64/Hole/h2_patch3_1.tif,h2_patch3_1.tif,Hole,1,h2,2,2
/kaggle/working/patches/64/Hole/Bbox_he_d4_patch1_1.tif,Bbox_he_d4_patch1_1.tif,Hole,1,Bbox_he_d4,0,2
/kaggle/working/patches/64/NettingMultiple/bstar_nn_d3_patch0_2.tif,bstar_nn_d3_patch0_2.tif,NettingMultiple,1,bstar_nn_d3,0,3
/kaggle/working/patches/64/NettingMultiple/Bbox_nn_d1_patch0_1.tif,Bbox_nn_d1_patch0_1.tif,NettingMultiple,1,Bbox_nn_d1,2,3
/kaggle/working/patches/64/NettingMultiple/bstar_nn_d3_patch1_2.tif,bstar_nn_d3_patch1_2.tif,NettingMultiple,1,bstar_nn_d3,0,3
/kaggle/working/patches/64/NettingMultiple/n3_patch2_0.tif,n3_patch2_0.tif,NettingMultiple,1,n3,0,3
/kaggle/working/patches/64/NettingMultiple/Bbox_nn_d1_patch1_1.tif,Bbox_nn_d1_patch1_1.tif,NettingMultiple,1,Bbox_nn_d1,2,3
/kaggle/working/patches/64/NettingMultiple/Bbox_nn_d1_patch1_2.tif,Bbox_nn_d1_patch1_2.tif,NettingMultiple,1,Bbox_nn_d1,2,3
/kaggle/working/patches/64/NettingMultiple/Bbox_nn_d5_patch1_1.tif,Bbox_nn_d5_patch1_1.tif,NettingMultiple,1,Bbox_nn_d5,4,3
/kaggle/working/patches/64/NettingMultiple/Bbox_nn_d4_patch1_2.tif,Bbox_nn_d4_patch1_2.tif,NettingMultiple,1,Bbox_nn_d4,2,3
/kaggle/working/patches/64/NettingMultiple/bstar_nn_d5_patch1_1.tif,bstar_nn_d5_patch1_1.tif,NettingMultiple,1,bstar_nn_d5,2,3
/kaggle/working/patches/64/NettingMultiple/bstar_nn_d1_patch1_1.tif,bstar_nn_d1_patch1_1.tif,NettingMultiple,1,bstar_nn_d1,4,3
/kaggle/working/patches/64/NettingMultiple/n2_patch1_0.tif,n2_patch1_0.tif,NettingMultiple,1,n2,3,3
/kaggle/working/patches/64/NettingMultiple/n2_patch3_0.tif,n2_patch3_0.tif,NettingMultiple,1,n2,3,3
/kaggle/working/patches/64/NettingMultiple/n4_patch2_0.tif,n4_patch2_0.tif,NettingMultiple,1,n4,3,3
/kaggle/working/patches/64/NettingMultiple/n5_patch2_2.tif,n5_patch2_2.tif,NettingMultiple,1,n5,2,3
/kaggle/working/patches/64/NettingMultiple/n4_patch1_2.tif,n4_patch1_2.tif,NettingMultiple,1,n4,3,3
/kaggle/working/patches/64/NettingMultiple/Bbox_nn_d2_patch1_0.tif,Bbox_nn_d2_patch1_0.tif,NettingMultiple,1,Bbox_nn_d2,1,3
/kaggle/working/patches/64/NettingMultiple/Bbox_nn_d5_patch0_2.tif,Bbox_nn_d5_patch0_2.tif,NettingMultiple,1,Bbox_nn_d5,4,3
/kaggle/working/patches/64/NettingMultiple/n4_patch3_2.tif,n4_patch3_2.tif,NettingMultiple,1,n4,3,3
/kaggle/working/patches/64/NettingMultiple/n2_patch2_0.tif,n2_patch2_0.tif,NettingMultiple,1,n2,3,3
/kaggle/working/patches/64/NettingMultiple/n3_patch1_2.tif,n3_patch1_2.tif,NettingMultiple,1,n3,0,3
/kaggle/working/patches/64/NettingMultiple/Bbox_nn_d2_patch1_1.tif,Bbox_nn_d2_patch1_1.tif,NettingMultiple,1,Bbox_nn_d2,1,3
/kaggle/working/patches/64/NettingMultiple/bstar_nn_d3_patch1_1.tif,bstar_nn_d3_patch1_1.tif,NettingMultiple,1,bstar_nn_d3,0,3
/kaggle/working/patches/64/NettingMultiple/Bbox_nn_d3_patch1_1.tif,Bbox_nn_d3_patch1_1.tif,NettingMultiple,1,Bbox_nn_d3,3,3
/kaggle/working/patches/64/NettingMultiple/Bbox_nn_d2_patch0_0.tif,Bbox_nn_d2_patch0_0.tif,NettingMultiple,1,Bbox_nn_d2,1,3
/kaggle/working/patches/64/NettingMultiple/n1_patch2_0.tif,n1_patch2_0.tif,NettingMultiple,1,n1,1,3
/kaggle/working/patches/64/NettingMultiple/n4_patch2_2.tif,n4_patch2_2.tif,NettingMultiple,1,n4,3,3
/kaggle/working/patches/64/NettingMultiple/Bbox_nn_d3_patch1_2.tif,Bbox_nn_d3_patch1_2.tif,NettingMultiple,1,Bbox_nn_d3,3,3
/kaggle/working/patches/64/NettingMultiple/Bbox_nn_d1_patch1_0.tif,Bbox_nn_d1_patch1_0.tif,NettingMultiple,1,Bbox_nn_d1,2,3
/kaggle/working/patches/64/NettingMultiple/bstar_nn_d4_patch1_1.tif,bstar_nn_d4_patch1_1.tif,NettingMultiple,1,bstar_nn_d4,1,3
/kaggle/working/patches/64/NettingMultiple/bstar_nn_d2_patch1_2.tif,bstar_nn_d2_patch1_2.tif,NettingMultiple,1,bstar_nn_d2,3,3
/kaggle/working/patches/64/NettingMultiple/bstar_nn_d4_patch2_1.tif,bstar_nn_d4_patch2_1.tif,NettingMultiple,1,bstar_nn_d4,1,3
/kaggle/working/patches/64/NettingMultiple/n4_patch1_0.tif,n4_patch1_0.tif,NettingMultiple,1,n4,3,3
/kaggle/working/patches/64/NettingMultiple/Bbox_nn_d4_patch2_2.tif,Bbox_nn_d4_patch2_2.tif,NettingMultiple,1,Bbox_nn_d4,2,3
/kaggle/working/patches/64/NettingMultiple/Bbox_nn_d3_patch1_0.tif,Bbox_nn_d3_patch1_0.tif,NettingMultiple,1,Bbox_nn_d3,3,3
/kaggle/working/patches/64/NettingMultiple/bstar_nn_d5_patch1_0.tif,bstar_nn_d5_patch1_0.tif,NettingMultiple,1,bstar_nn_d5,2,3
/kaggle/working/patches/64/NettingMultiple/n5_patch1_2.tif,n5_patch1_2.tif,NettingMultiple,1,n5,2,3
/kaggle/working/patches/64/NettingMultiple/bstar_nn_d3_patch0_1.tif,bstar_nn_d3_patch0_1.tif,NettingMultiple,1,bstar_nn_d3,0,3
/kaggle/working/patches/64/NettingMultiple/n1_patch0_1.tif,n1_patch0_1.tif,NettingMultiple,1,n1,1,3
/kaggle/working/patches/64/NettingMultiple/Bbox_nn_d2_patch0_1.tif,Bbox_nn_d2_patch0_1.tif,NettingMultiple,1,Bbox_nn_d2,1,3
/kaggle/working/patches/64/NettingMultiple/bstar_nn_d2_patch1_1.tif,bstar_nn_d2_patch1_1.tif,NettingMultiple,1,bstar_nn_d2,3,3
/kaggle/working/patches/64/NettingMultiple/n1_patch1_0.tif,n1_patch1_0.tif,NettingMultiple,1,n1,1,3
/kaggle/working/patches/64/NettingMultiple/bstar_nn_d5_patch1_2.tif,bstar_nn_d5_patch1_2.tif,NettingMultiple,1,bstar_nn_d5,2,3
/kaggle/working/patches/64/NettingMultiple/bstar_nn_d1_patch1_2.tif,bstar_nn_d1_patch1_2.tif,NettingMultiple,1,bstar_nn_d1,4,3
/kaggle/working/patches/64/NettingMultiple/n5_patch3_2.tif,n5_patch3_2.tif,NettingMultiple,1,n5,2,3
/kaggle/working/patches/64/NettingMultiple/Bbox_nn_d5_patch1_2.tif,Bbox_nn_d5_patch1_2.tif,NettingMultiple,1,Bbox_nn_d5,4,3
/kaggle/working/patches/64/NettingMultiple/Bbox_nn_d4_patch1_1.tif,Bbox_nn_d4_patch1_1.tif,NettingMultiple,1,Bbox_nn_d4,2,3
/kaggle/working/patches/64/NettingMultiple/n3_patch1_0.tif,n3_patch1_0.tif,NettingMultiple,1,n3,0,3
/kaggle/working/patches/64/NettingMultiple/n3_patch2_2.tif,n3_patch2_2.tif,NettingMultiple,1,n3,0,3
/kaggle/working/patches/64/ThickBar/Bbox_tk_d1_patch1_2.tif,Bbox_tk_d1_patch1_2.tif,ThickBar,1,Bbox_tk_d1,2,4
/kaggle/working/patches/64/ThickBar/tt3_patch0_3.tif,tt3_patch0_3.tif,ThickBar,1,tt3,2,4
/kaggle/working/patches/64/ThickBar/tt5_patch0_1.tif,tt5_patch0_1.tif,ThickBar,1,tt5,0,4
/kaggle/working/patches/64/ThickBar/tt1_patch3_0.tif,tt1_patch3_0.tif,ThickBar,1,tt1,1,4
/kaggle/working/patches/64/ThickBar/Bbox_tk_d6_patch1_1.tif,Bbox_tk_d6_patch1_1.tif,ThickBar,1,Bbox_tk_d6,0,4
/kaggle/working/patches/64/ThickBar/tt5_patch3_0.tif,tt5_patch3_0.tif,ThickBar,1,tt5,0,4
/kaggle/working/patches/64/ThickBar/tt5_patch1_1.tif,tt5_patch1_1.tif,ThickBar,1,tt5,0,4
/kaggle/working/patches/64/ThickBar/tt3_patch3_0.tif,tt3_patch3_0.tif,ThickBar,1,tt3,2,4
/kaggle/working/patches/64/ThickBar/tt4_patch3_2.tif,tt4_patch3_2.tif,ThickBar,1,tt4,4,4
/kaggle/working/patches/64/ThickBar/tt3_patch3_2.tif,tt3_patch3_2.tif,ThickBar,1,tt3,2,4
/kaggle/working/patches/64/ThickBar/Bbox_tk_d4_patch1_2.tif,Bbox_tk_d4_patch1_2.tif,ThickBar,1,Bbox_tk_d4,3,4
/kaggle/working/patches/64/ThickBar/tt2_patch3_2.tif,tt2_patch3_2.tif,ThickBar,1,tt2,2,4
/kaggle/working/patches/64/ThickBar/Bbox_tk_d2_patch1_2.tif,Bbox_tk_d2_patch1_2.tif,ThickBar,1,Bbox_tk_d2,1,4
/kaggle/working/patches/64/ThickBar/bstar_tk_d5_patch1_1.tif,bstar_tk_d5_patch1_1.tif,ThickBar,1,bstar_tk_d5,3,4
/kaggle/working/patches/64/ThickBar/tt5_patch3_1.tif,tt5_patch3_1.tif,ThickBar,1,tt5,0,4
/kaggle/working/patches/64/ThickBar/bstar_tk_d5_patch1_3.tif,bstar_tk_d5_patch1_3.tif,ThickBar,1,bstar_tk_d5,3,4
/kaggle/working/patches/64/ThickBar/tt2_patch3_3.tif,tt2_patch3_3.tif,ThickBar,1,tt2,2,4
/kaggle/working/patches/64/ThickBar/Bbox_tk_d5_patch1_2.tif,Bbox_tk_d5_patch1_2.tif,ThickBar,1,Bbox_tk_d5,4,4
/kaggle/working/patches/64/ThickBar/tt5_patch1_0.tif,tt5_patch1_0.tif,ThickBar,1,tt5,0,4
/kaggle/working/patches/64/ThickBar/bstar_tk_d3_patch1_2.tif,bstar_tk_d3_patch1_2.tif,ThickBar,1,bstar_tk_d3,2,4
/kaggle/working/patches/64/ThickBar/bstar_tk_d3_patch2_3.tif,bstar_tk_d3_patch2_3.tif,ThickBar,1,bstar_tk_d3,2,4
/kaggle/working/patches/64/ThickBar/Bbox_tk_d6_patch0_2.tif,Bbox_tk_d6_patch0_2.tif,ThickBar,1,Bbox_tk_d6,0,4
/kaggle/working/patches/64/ThickBar/bstar_tk_d3_patch1_3.tif,bstar_tk_d3_patch1_3.tif,ThickBar,1,bstar_tk_d3,2,4
/kaggle/working/patches/64/ThickBar/tt1_patch3_1.tif,tt1_patch3_1.tif,ThickBar,1,tt1,1,4
/kaggle/working/patches/64/ThickBar/tt4_patch3_3.tif,tt4_patch3_3.tif,ThickBar,1,tt4,4,4
/kaggle/working/patches/64/ThickBar/tt4_patch0_1.tif,tt4_patch0_1.tif,ThickBar,1,tt4,4,4
/kaggle/working/patches/64/ThickBar/Bbox_tk_d5_patch2_1.tif,Bbox_tk_d5_patch2_1.tif,ThickBar,1,Bbox_tk_d5,4,4
/kaggle/working/patches/64/ThickBar/Bbox_tk_d6_patch1_2.tif,Bbox_tk_d6_patch1_2.tif,ThickBar,1,Bbox_tk_d6,0,4
/kaggle/working/patches/64/ThickBar/tt2_patch3_0.tif,tt2_patch3_0.tif,ThickBar,1,tt2,2,4
/kaggle/working/patches/64/ThickBar/tt4_patch3_0.tif,tt4_patch3_0.tif,ThickBar,1,tt4,4,4
/kaggle/working/patches/64/ThickBar/bstar_tk_d2_patch1_0.tif,bstar_tk_d2_patch1_0.tif,ThickBar,1,bstar_tk_d2,2,4
/kaggle/working/patches/64/ThickBar/bstar_tk_d2_patch2_1.tif,bstar_tk_d2_patch2_1.tif,ThickBar,1,bstar_tk_d2,2,4
/kaggle/working/patches/64/ThickBar/Bbox_tk_d5_patch1_1.tif,Bbox_tk_d5_patch1_1.tif,ThickBar,1,Bbox_tk_d5,4,4
/kaggle/working/patches/64/ThickBar/Bbox_tk_d5_patch2_2.tif,Bbox_tk_d5_patch2_2.tif,ThickBar,1,Bbox_tk_d5,4,4
/kaggle/working/patches/64/ThickBar/tt3_patch0_2.tif,tt3_patch0_2.tif,ThickBar,1,tt3,2,4
/kaggle/working/patches/64/ThickBar/bstar_tk_d1_patch1_3.tif,bstar_tk_d1_patch1_3.tif,ThickBar,1,bstar_tk_d1,4,4
/kaggle/working/patches/64/ThickBar/bstar_tk_d3_patch2_2.tif,bstar_tk_d3_patch2_2.tif,ThickBar,1,bstar_tk_d3,2,4
/kaggle/working/patches/64/ThickBar/tt5_patch3_2.tif,tt5_patch3_2.tif,ThickBar,1,tt5,0,4
/kaggle/working/patches/64/ThickBar/tt5_patch3_3.tif,tt5_patch3_3.tif,ThickBar,1,tt5,0,4
/kaggle/working/patches/64/ThickBar/Bbox_tk_d4_patch1_1.tif,Bbox_tk_d4_patch1_1.tif,ThickBar,1,Bbox_tk_d4,3,4
/kaggle/working/patches/64/ThickBar/tt4_patch0_2.tif,tt4_patch0_2.tif,ThickBar,1,tt4,4,4
/kaggle/working/patches/64/ThickBar/bstar_tk_d5_patch1_2.tif,bstar_tk_d5_patch1_2.tif,ThickBar,1,bstar_tk_d5,3,4
/kaggle/working/patches/64/ThickBar/Bbox_tk_d6_patch1_3.tif,Bbox_tk_d6_patch1_3.tif,ThickBar,1,Bbox_tk_d6,0,4
/kaggle/working/patches/64/ThickBar/tt3_patch3_1.tif,tt3_patch3_1.tif,ThickBar,1,tt3,2,4
/kaggle/working/patches/64/ThickBar/tt1_patch3_2.tif,tt1_patch3_2.tif,ThickBar,1,tt1,1,4
/kaggle/working/patches/64/ThickBar/bstar_tk_d2_patch2_0.tif,bstar_tk_d2_patch2_0.tif,ThickBar,1,bstar_tk_d2,2,4
/kaggle/working/patches/64/ThickBar/Bbox_tk_d6_patch1_0.tif,Bbox_tk_d6_patch1_0.tif,ThickBar,1,Bbox_tk_d6,0,4
/kaggle/working/patches/64/ThickBar/tt4_patch3_1.tif,tt4_patch3_1.tif,ThickBar,1,tt4,4,4
/kaggle/working/patches/64/ThickBar/tt1_patch3_3.tif,tt1_patch3_3.tif,ThickBar,1,tt1,1,4
/kaggle/working/patches/64/ThickBar/Bbox_tk_d6_patch0_1.tif,Bbox_tk_d6_patch0_1.tif,ThickBar,1,Bbox_tk_d6,0,4
/kaggle/working/patches/64/ThickBar/Bbox_tk_d1_patch2_2.tif,Bbox_tk_d1_patch2_2.tif,ThickBar,1,Bbox_tk_d1,2,4
/kaggle/working/patches/64/ThickBar/Bbox_tk_d4_patch2_2.tif,Bbox_tk_d4_patch2_2.tif,ThickBar,1,Bbox_tk_d4,3,4
/kaggle/working/patches/64/ThickBar/bstar_tk_d2_patch1_1.tif,bstar_tk_d2_patch1_1.tif,ThickBar,1,bstar_tk_d2,2,4
/kaggle/working/patches/64/ThickBar/tt5_patch0_3.tif,tt5_patch0_3.tif,ThickBar,1,tt5,0,4
/kaggle/working/patches/64/ThickBar/bstar_tk_d4_patch1_3.tif,bstar_tk_d4_patch1_3.tif,ThickBar,1,bstar_tk_d4,2,4
/kaggle/working/patches/64/ThickBar/tt2_patch3_1.tif,tt2_patch3_1.tif,ThickBar,1,tt2,2,4
/kaggle/working/patches/64/ThickBar/bstar_tk_d4_patch1_2.tif,bstar_tk_d4_patch1_2.tif,ThickBar,1,bstar_tk_d4,2,4
/kaggle/working/patches/64/ThickBar/tt4_patch0_3.tif,tt4_patch0_3.tif,ThickBar,1,tt4,4,4
/kaggle/working/patches/64/ThickBar/bstar_tk_d4_patch1_1.tif,bstar_tk_d4_patch1_1.tif,ThickBar,1,bstar_tk_d4,2,4
/kaggle/working/patches/64/ThickBar/Bbox_tk_d3_patch0_2.tif,Bbox_tk_d3_patch0_2.tif,ThickBar,1,Bbox_tk_d3,4,4
/kaggle/working/patches/64/ThickBar/Bbox_tk_d3_patch1_2.tif,Bbox_tk_d3_patch1_2.tif,ThickBar,1,Bbox_tk_d3,4,4
/kaggle/working/patches/64/ThickBar/Bbox_tk_d3_patch1_3.tif,Bbox_tk_d3_patch1_3.tif,ThickBar,1,Bbox_tk_d3,4,4
/kaggle/working/patches/64/ThickBar/tt3_patch3_3.tif,tt3_patch3_3.tif,ThickBar,1,tt3,2,4
/kaggle/working/patches/64/ThickBar/tt5_patch0_2.tif,tt5_patch0_2.tif,ThickBar,1,tt5,0,4
/kaggle/working/patches/64/ThickBar/Bbox_tk_d3_patch0_3.tif,Bbox_tk_d3_patch0_3.tif,ThickBar,1,Bbox_tk_d3,4,4
/kaggle/working/patches/64/ThinBar/Bbox_tn_d1_patch2_2.tif,Bbox_tn_d1_patch2_2.tif,ThinBar,1,Bbox_tn_d1,2,5
/kaggle/working/patches/64/ThinBar/Bbox_tn_d4_patch1_2.tif,Bbox_tn_d4_patch1_2.tif,ThinBar,1,Bbox_tn_d4,1,5
/kaggle/working/patches/64/ThinBar/t5_patch0_0.tif,t5_patch0_0.tif,ThinBar,1,t5,3,5
/kaggle/working/patches/64/ThinBar/t5_patch1_1.tif,t5_patch1_1.tif,ThinBar,1,t5,3,5
/kaggle/working/patches/64/ThinBar/Bbox_tn_d2_patch0_1.tif,Bbox_tn_d2_patch0_1.tif,ThinBar,1,Bbox_tn_d2,1,5
/kaggle/working/patches/64/ThinBar/bstar_tn_d5_patch2_2.tif,bstar_tn_d5_patch2_2.tif,ThinBar,1,bstar_tn_d5,0,5
/kaggle/working/patches/64/ThinBar/bstar_tn_d2_patch0_1.tif,bstar_tn_d2_patch0_1.tif,ThinBar,1,bstar_tn_d2,4,5
/kaggle/working/patches/64/ThinBar/Bbox_tn_d4_patch1_1.tif,Bbox_tn_d4_patch1_1.tif,ThinBar,1,Bbox_tn_d4,1,5
/kaggle/working/patches/64/ThinBar/bstar_tn_d5_patch2_1.tif,bstar_tn_d5_patch2_1.tif,ThinBar,1,bstar_tn_d5,0,5
/kaggle/working/patches/64/ThinBar/bstar_tn_d5_patch1_2.tif,bstar_tn_d5_patch1_2.tif,ThinBar,1,bstar_tn_d5,0,5
/kaggle/working/patches/64/ThinBar/Bbox_tn_d4_patch1_0.tif,Bbox_tn_d4_patch1_0.tif,ThinBar,1,Bbox_tn_d4,1,5
/kaggle/working/patches/64/ThinBar/t5_patch3_1.tif,t5_patch3_1.tif,ThinBar,1,t5,3,5
/kaggle/working/patches/64/ThinBar/bstar_tn_d3_patch2_1.tif,bstar_tn_d3_patch2_1.tif,ThinBar,1,bstar_tn_d3,3,5
/kaggle/working/patches/64/ThinBar/t5_patch3_0.tif,t5_patch3_0.tif,ThinBar,1,t5,3,5
/kaggle/working/patches/64/ThinBar/bstar_tn_d1_patch1_2.tif,bstar_tn_d1_patch1_2.tif,ThinBar,1,bstar_tn_d1,2,5
/kaggle/working/patches/64/ThinBar/bstar_tn_d4_patch1_0.tif,bstar_tn_d4_patch1_0.tif,ThinBar,1,bstar_tn_d4,4,5
/kaggle/working/patches/64/ThinBar/bstar_tn_d1_patch0_1.tif,bstar_tn_d1_patch0_1.tif,ThinBar,1,bstar_tn_d1,2,5
/kaggle/working/patches/64/ThinBar/bstar_tn_d4_patch1_1.tif,bstar_tn_d4_patch1_1.tif,ThinBar,1,bstar_tn_d4,4,5
/kaggle/working/patches/64/ThinBar/Bbox_tn_d5_patch1_0.tif,Bbox_tn_d5_patch1_0.tif,ThinBar,1,Bbox_tn_d5,3,5
/kaggle/working/patches/64/ThinBar/t4_patch0_0.tif,t4_patch0_0.tif,ThinBar,1,t4,2,5
/kaggle/working/patches/64/ThinBar/bstar_tn_d2_patch1_1.tif,bstar_tn_d2_patch1_1.tif,ThinBar,1,bstar_tn_d2,4,5
/kaggle/working/patches/64/ThinBar/Bbox_tn_d2_patch2_1.tif,Bbox_tn_d2_patch2_1.tif,ThinBar,1,Bbox_tn_d2,1,5
/kaggle/working/patches/64/ThinBar/Bbox_tn_d5_patch1_1.tif,Bbox_tn_d5_patch1_1.tif,ThinBar,1,Bbox_tn_d5,3,5
/kaggle/working/patches/64/ThinBar/bstar_tn_d3_patch1_1.tif,bstar_tn_d3_patch1_1.tif,ThinBar,1,bstar_tn_d3,3,5
/kaggle/working/patches/64/ThinBar/t5_patch0_1.tif,t5_patch0_1.tif,ThinBar,1,t5,3,5
/kaggle/working/patches/64/ThinBar/Bbox_tn_d5_patch1_3.tif,Bbox_tn_d5_patch1_3.tif,ThinBar,1,Bbox_tn_d5,3,5
/kaggle/working/patches/64/ThinBar/t3_patch0_1.tif,t3_patch0_1.tif,ThinBar,1,t3,3,5
/kaggle/working/patches/64/ThinBar/Bbox_tn_d1_patch1_2.tif,Bbox_tn_d1_patch1_2.tif,ThinBar,1,Bbox_tn_d1,2,5
/kaggle/working/patches/64/ThinBar/t1_patch3_0.tif,t1_patch3_0.tif,ThinBar,1,t1,1,5
/kaggle/working/patches/64/ThinBar/bstar_tn_d5_patch1_1.tif,bstar_tn_d5_patch1_1.tif,ThinBar,1,bstar_tn_d5,0,5
/kaggle/working/patches/64/ThinBar/Bbox_tn_d3_patch2_1.tif,Bbox_tn_d3_patch2_1.tif,ThinBar,1,Bbox_tn_d3,0,5
/kaggle/working/patches/64/ThinBar/bstar_tn_d1_patch1_1.tif,bstar_tn_d1_patch1_1.tif,ThinBar,1,bstar_tn_d1,2,5
/kaggle/working/patches/64/ThinBar/t2_patch3_1.tif,t2_patch3_1.tif,ThinBar,1,t2,0,5
/kaggle/working/patches/64/ThinBar/t2_patch3_0.tif,t2_patch3_0.tif,ThinBar,1,t2,0,5
/kaggle/working/patches/64/ThinBar/bstar_tn_d4_patch1_2.tif,bstar_tn_d4_patch1_2.tif,ThinBar,1,bstar_tn_d4,4,5
/kaggle/working/patches/64/ThinBar/t3_patch0_2.tif,t3_patch0_2.tif,ThinBar,1,t3,3,5
/kaggle/working/patches/64/ThinBar/t3_patch0_3.tif,t3_patch0_3.tif,ThinBar,1,t3,3,5
/kaggle/working/patches/64/ThinBar/Bbox_tn_d3_patch2_0.tif,Bbox_tn_d3_patch2_0.tif,ThinBar,1,Bbox_tn_d3,0,5
/kaggle/working/patches/64/ThinBar/Bbox_tn_d5_patch1_2.tif,Bbox_tn_d5_patch1_2.tif,ThinBar,1,Bbox_tn_d5,3,5
/kaggle/working/patches/64/ThinBar/bstar_tn_d5_patch0_1.tif,bstar_tn_d5_patch0_1.tif,ThinBar,1,bstar_tn_d5,0,5
/kaggle/working/patches/64/ThinBar/t4_patch0_1.tif,t4_patch0_1.tif,ThinBar,1,t4,2,5
/kaggle/working/patches/64/ThinBar/t4_patch3_1.tif,t4_patch3_1.tif,ThinBar,1,t4,2,5
/kaggle/working/patches/64/ThinBar/t1_patch3_1.tif,t1_patch3_1.tif,ThinBar,1,t1,1,5
/kaggle/working/patches/64/ThinBar/Bbox_tn_d2_patch1_1.tif,Bbox_tn_d2_patch1_1.tif,ThinBar,1,Bbox_tn_d2,1,5
/kaggle/working/patches/64/ThinBar/Bbox_tn_d3_patch2_2.tif,Bbox_tn_d3_patch2_2.tif,ThinBar,1,Bbox_tn_d3,0,5
/kaggle/working/patches/64/ThinBar/bstar_tn_d1_patch1_3.tif,bstar_tn_d1_patch1_3.tif,ThinBar,1,bstar_tn_d1,2,5
/kaggle/working/patches/64/ThinBar/bstar_tn_d1_patch0_2.tif,bstar_tn_d1_patch0_2.tif,ThinBar,1,bstar_tn_d1,2,5
/kaggle/working/patches/64/ThinBar/t3_patch3_1.tif,t3_patch3_1.tif,ThinBar,1,t3,3,5
/kaggle/working/patches/64/ThinBar/bstar_tn_d2_patch2_1.tif,bstar_tn_d2_patch2_1.tif,ThinBar,1,bstar_tn_d2,4,5
/kaggle/working/patches/64/ThinBar/t3_patch3_0.tif,t3_patch3_0.tif,ThinBar,1,t3,3,5
/kaggle/working/patches/64/ThinBar/t4_patch3_0.tif,t4_patch3_0.tif,ThinBar,1,t4,2,5
/kaggle/working/patches/64/ThinBar/t5_patch1_2.tif,t5_patch1_2.tif,ThinBar,1,t5,3,5
/kaggle/working/patches/64/Knots/k3_patch1_0.tif,k3_patch1_0.tif,Knots,1,k3,4,6
/kaggle/working/patches/64/Knots/k2_patch2_3.tif,k2_patch2_3.tif,Knots,1,k2,1,6
/kaggle/working/patches/64/Knots/k3_patch0_2.tif,k3_patch0_2.tif,Knots,1,k3,4,6
/kaggle/working/patches/64/Knots/k5_patch3_2.tif,k5_patch3_2.tif,Knots,1,k5,2,6
/kaggle/working/patches/64/Knots/k2_patch3_0.tif,k2_patch3_0.tif,Knots,1,k2,1,6
/kaggle/working/patches/64/Knots/k4_patch0_3.tif,k4_patch0_3.tif,Knots,1,k4,0,6
/kaggle/working/patches/64/Knots/k1_patch0_1.tif,k1_patch0_1.tif,Knots,1,k1,3,6
/kaggle/working/patches/64/Knots/k3_patch3_1.tif,k3_patch3_1.tif,Knots,1,k3,4,6
/kaggle/working/patches/64/Knots/k2_patch2_0.tif,k2_patch2_0.tif,Knots,1,k2,1,6
/kaggle/working/patches/64/Knots/k4_patch2_0.tif,k4_patch2_0.tif,Knots,1,k4,0,6
/kaggle/working/patches/64/Knots/k2_patch1_3.tif,k2_patch1_3.tif,Knots,1,k2,1,6
/kaggle/working/patches/64/Knots/k3_patch2_3.tif,k3_patch2_3.tif,Knots,1,k3,4,6
/kaggle/working/patches/64/Knots/k4_patch0_1.tif,k4_patch0_1.tif,Knots,1,k4,0,6
/kaggle/working/patches/64/Knots/k2_patch0_2.tif,k2_patch0_2.tif,Knots,1,k2,1,6
/kaggle/working/patches/64/Knots/k4_patch3_0.tif,k4_patch3_0.tif,Knots,1,k4,0,6
/kaggle/working/patches/64/Knots/k5_patch0_2.tif,k5_patch0_2.tif,Knots,1,k5,2,6
/kaggle/working/patches/64/Knots/k5_patch0_1.tif,k5_patch0_1.tif,Knots,1,k5,2,6
/kaggle/working/patches/64/Knots/k3_patch3_0.tif,k3_patch3_0.tif,Knots,1,k3,4,6
/kaggle/working/patches/64/Knots/k1_patch0_2.tif,k1_patch0_2.tif,Knots,1,k1,3,6
/kaggle/working/patches/64/Knots/k4_patch2_3.tif,k4_patch2_3.tif,Knots,1,k4,0,6
/kaggle/working/patches/64/Knots/k4_patch1_3.tif,k4_patch1_3.tif,Knots,1,k4,0,6
/kaggle/working/patches/64/Knots/k2_patch0_1.tif,k2_patch0_1.tif,Knots,1,k2,1,6
/kaggle/working/patches/64/Knots/k2_patch2_2.tif,k2_patch2_2.tif,Knots,1,k2,1,6
/kaggle/working/patches/64/Knots/k4_patch2_2.tif,k4_patch2_2.tif,Knots,1,k4,0,6
/kaggle/working/patches/64/Knots/k3_patch2_0.tif,k3_patch2_0.tif,Knots,1,k3,4,6
/kaggle/working/patches/64/Knots/k4_patch0_2.tif,k4_patch0_2.tif,Knots,1,k4,0,6
/kaggle/working/patches/64/Knots/k3_patch0_1.tif,k3_patch0_1.tif,Knots,1,k3,4,6
