tau_1,tau_2,patch_acc_multi,patch_f1_macro,patch_pre_macro,patch_rec_macro,patch_f1_weighted,patch_pre_weighted,patch_rec_weighted,patch_f1_micro,patch_acc_bin,patch_f1_bin,patch_pre_bin,patch_rec_bin
0.0,0.0,0.9678,0.8509,0.8961,0.8201,0.9665,0.9676,0.9678,0.9678,0.9754,0.8908,0.9464,0.8413
0.01,0.0,0.9678,0.8509,0.8961,0.8201,0.9665,0.9676,0.9678,0.9678,0.9754,0.8908,0.9464,0.8413
0.01,0.01,0.8788,0.6803,0.6142,0.8367,0.9002,0.9384,0.8788,0.8788,0.8902,0.6667,0.5225,0.9206
0.02,0.0,0.9678,0.8509,0.8961,0.8201,0.9665,0.9676,0.9678,0.9678,0.9754,0.8908,0.9464,0.8413
0.02,0.01,0.8788,0.6803,0.6142,0.8367,0.9002,0.9384,0.8788,0.8788,0.8902,0.6667,0.5225,0.9206
0.02,0.02,0.9299,0.7504,0.6913,0.845,0.937,0.9495,0.9299,0.9299,0.9413,0.7891,0.6905,0.9206
0.03,0.0,0.9678,0.8509,0.8961,0.8201,0.9665,0.9676,0.9678,0.9678,0.9754,0.8908,0.9464,0.8413
0.03,0.01,0.8788,0.6803,0.6142,0.8367,0.9002,0.9384,0.8788,0.8788,0.8902,0.6667,0.5225,0.9206
0.03,0.02,0.9299,0.7504,0.6913,0.845,0.937,0.9495,0.9299,0.9299,0.9413,0.7891,0.6905,0.9206
0.03,0.03,0.9508,0.7951,0.7546,0.8484,0.9535,0.958,0.9508,0.9508,0.9621,0.8529,0.7945,0.9206
0.04,0.0,0.9678,0.8509,0.8961,0.8201,0.9665,0.9676,0.9678,0.9678,0.9754,0.8908,0.9464,0.8413
0.04,0.01,0.8788,0.6803,0.6142,0.8367,0.9002,0.9384,0.8788,0.8788,0.8902,0.6667,0.5225,0.9206
0.04,0.02,0.9299,0.7504,0.6913,0.845,0.937,0.9495,0.9299,0.9299,0.9413,0.7891,0.6905,0.9206
0.04,0.03,0.9508,0.7951,0.7546,0.8484,0.9535,0.958,0.9508,0.9508,0.9621,0.8529,0.7945,0.9206
0.04,0.04,0.9564,0.8071,0.7849,0.8367,0.9578,0.9601,0.9564,0.9564,0.9678,0.8702,0.8382,0.9048
0.05,0.0,0.9678,0.8509,0.8961,0.8201,0.9665,0.9676,0.9678,0.9678,0.9754,0.8908,0.9464,0.8413
0.05,0.01,0.8788,0.6803,0.6142,0.8367,0.9002,0.9384,0.8788,0.8788,0.8902,0.6667,0.5225,0.9206
0.05,0.02,0.9299,0.7504,0.6913,0.845,0.937,0.9495,0.9299,0.9299,0.9413,0.7891,0.6905,0.9206
0.05,0.03,0.9508,0.7951,0.7546,0.8484,0.9535,0.958,0.9508,0.9508,0.9621,0.8529,0.7945,0.9206
0.05,0.04,0.9564,0.8071,0.7849,0.8367,0.9578,0.9601,0.9564,0.9564,0.9678,0.8702,0.8382,0.9048
0.05,0.05,0.9621,0.8235,0.8277,0.8376,0.963,0.9664,0.9621,0.9621,0.9735,0.8906,0.8769,0.9048
0.06,0.0,0.9678,0.8509,0.8961,0.8201,0.9665,0.9676,0.9678,0.9678,0.9754,0.8908,0.9464,0.8413
0.06,0.01,0.8788,0.6803,0.6142,0.8367,0.9002,0.9384,0.8788,0.8788,0.8902,0.6667,0.5225,0.9206
0.06,0.02,0.9299,0.7504,0.6913,0.845,0.937,0.9495,0.9299,0.9299,0.9413,0.7891,0.6905,0.9206
0.06,0.03,0.9508,0.7951,0.7546,0.8484,0.9535,0.958,0.9508,0.9508,0.9621,0.8529,0.7945,0.9206
0.06,0.04,0.9564,0.8071,0.7849,0.8367,0.9578,0.9601,0.9564,0.9564,0.9678,0.8702,0.8382,0.9048
0.06,0.05,0.9621,0.8235,0.8277,0.8376,0.963,0.9664,0.9621,0.9621,0.9735,0.8906,0.8769,0.9048
0.06,0.06,0.9659,0.8493,0.8597,0.8557,0.9661,0.9686,0.9659,0.9659,0.9735,0.8889,0.8889,0.8889
0.07,0.0,0.9678,0.8509,0.8961,0.8201,0.9665,0.9676,0.9678,0.9678,0.9754,0.8908,0.9464,0.8413
0.07,0.01,0.8788,0.6803,0.6142,0.8367,0.9002,0.9384,0.8788,0.8788,0.8902,0.6667,0.5225,0.9206
0.07,0.02,0.9299,0.7504,0.6913,0.845,0.937,0.9495,0.9299,0.9299,0.9413,0.7891,0.6905,0.9206
0.07,0.03,0.9508,0.7951,0.7546,0.8484,0.9535,0.958,0.9508,0.9508,0.9621,0.8529,0.7945,0.9206
0.07,0.04,0.9564,0.8071,0.7849,0.8367,0.9578,0.9601,0.9564,0.9564,0.9678,0.8702,0.8382,0.9048
0.07,0.05,0.9621,0.8235,0.8277,0.8376,0.963,0.9664,0.9621,0.9621,0.9735,0.8906,0.8769,0.9048
0.07,0.06,0.9659,0.8493,0.8597,0.8557,0.9661,0.9686,0.9659,0.9659,0.9735,0.8889,0.8889,0.8889
0.07,0.07,0.9678,0.856,0.8708,0.8561,0.9677,0.9698,0.9678,0.9678,0.9754,0.896,0.9032,0.8889
0.08,0.0,0.9678,0.8509,0.8961,0.8201,0.9665,0.9676,0.9678,0.9678,0.9754,0.8908,0.9464,0.8413
0.08,0.01,0.8788,0.6803,0.6142,0.8367,0.9002,0.9384,0.8788,0.8788,0.8902,0.6667,0.5225,0.9206
0.08,0.02,0.9299,0.7504,0.6913,0.845,0.937,0.9495,0.9299,0.9299,0.9413,0.7891,0.6905,0.9206
0.08,0.03,0.9508,0.7951,0.7546,0.8484,0.9535,0.958,0.9508,0.9508,0.9621,0.8529,0.7945,0.9206
0.08,0.04,0.9564,0.8071,0.7849,0.8367,0.9578,0.9601,0.9564,0.9564,0.9678,0.8702,0.8382,0.9048
0.08,0.05,0.9621,0.8235,0.8277,0.8376,0.963,0.9664,0.9621,0.9621,0.9735,0.8906,0.8769,0.9048
0.08,0.06,0.9659,0.8493,0.8597,0.8557,0.9661,0.9686,0.9659,0.9659,0.9735,0.8889,0.8889,0.8889
0.08,0.07,0.9678,0.856,0.8708,0.8561,0.9677,0.9698,0.9678,0.9678,0.9754,0.896,0.9032,0.8889
0.08,0.08,0.9697,0.8645,0.8867,0.8564,0.9696,0.9715,0.9697,0.9697,0.9773,0.9032,0.918,0.8889
0.09,0.0,0.9678,0.8509,0.8961,0.8201,0.9665,0.9676,0.9678,0.9678,0.9754,0.8908,0.9464,0.8413
0.09,0.01,0.8788,0.6803,0.6142,0.8367,0.9002,0.9384,0.8788,0.8788,0.8902,0.6667,0.5225,0.9206
0.09,0.02,0.9299,0.7504,0.6913,0.845,0.937,0.9495,0.9299,0.9299,0.9413,0.7891,0.6905,0.9206
0.09,0.03,0.9508,0.7951,0.7546,0.8484,0.9535,0.958,0.9508,0.9508,0.9621,0.8529,0.7945,0.9206
0.09,0.04,0.9564,0.8071,0.7849,0.8367,0.9578,0.9601,0.9564,0.9564,0.9678,0.8702,0.8382,0.9048
0.09,0.05,0.9621,0.8235,0.8277,0.8376,0.963,0.9664,0.9621,0.9621,0.9735,0.8906,0.8769,0.9048
0.09,0.06,0.9659,0.8493,0.8597,0.8557,0.9661,0.9686,0.9659,0.9659,0.9735,0.8889,0.8889,0.8889
0.09,0.07,0.9678,0.856,0.8708,0.8561,0.9677,0.9698,0.9678,0.9678,0.9754,0.896,0.9032,0.8889
0.09,0.08,0.9697,0.8645,0.8867,0.8564,0.9696,0.9715,0.9697,0.9697,0.9773,0.9032,0.918,0.8889
0.09,0.09,0.9697,0.8645,0.8867,0.8564,0.9696,0.9715,0.9697,0.9697,0.9773,0.9032,0.918,0.8889
0.1,0.0,0.9678,0.8509,0.8961,0.8201,0.9665,0.9676,0.9678,0.9678,0.9754,0.8908,0.9464,0.8413
0.1,0.01,0.8788,0.6803,0.6142,0.8367,0.9002,0.9384,0.8788,0.8788,0.8902,0.6667,0.5225,0.9206
0.1,0.02,0.9299,0.7504,0.6913,0.845,0.937,0.9495,0.9299,0.9299,0.9413,0.7891,0.6905,0.9206
0.1,0.03,0.9508,0.7951,0.7546,0.8484,0.9535,0.958,0.9508,0.9508,0.9621,0.8529,0.7945,0.9206
0.1,0.04,0.9564,0.8071,0.7849,0.8367,0.9578,0.9601,0.9564,0.9564,0.9678,0.8702,0.8382,0.9048
0.1,0.05,0.9621,0.8235,0.8277,0.8376,0.963,0.9664,0.9621,0.9621,0.9735,0.8906,0.8769,0.9048
0.1,0.06,0.9659,0.8493,0.8597,0.8557,0.9661,0.9686,0.9659,0.9659,0.9735,0.8889,0.8889,0.8889
0.1,0.07,0.9678,0.856,0.8708,0.8561,0.9677,0.9698,0.9678,0.9678,0.9754,0.896,0.9032,0.8889
0.1,0.08,0.9697,0.8645,0.8867,0.8564,0.9696,0.9715,0.9697,0.9697,0.9773,0.9032,0.918,0.8889
0.1,0.09,0.9697,0.8645,0.8867,0.8564,0.9696,0.9715,0.9697,0.9697,0.9773,0.9032,0.918,0.8889
0.1,0.1,0.9678,0.8539,0.8824,0.8385,0.9675,0.9692,0.9678,0.9678,0.9754,0.8943,0.9167,0.873
0.11,0.0,0.9678,0.8509,0.8961,0.8201,0.9665,0.9676,0.9678,0.9678,0.9754,0.8908,0.9464,0.8413
0.11,0.01,0.8788,0.6803,0.6142,0.8367,0.9002,0.9384,0.8788,0.8788,0.8902,0.6667,0.5225,0.9206
0.11,0.02,0.9299,0.7504,0.6913,0.845,0.937,0.9495,0.9299,0.9299,0.9413,0.7891,0.6905,0.9206
0.11,0.03,0.9508,0.7951,0.7546,0.8484,0.9535,0.958,0.9508,0.9508,0.9621,0.8529,0.7945,0.9206
0.11,0.04,0.9564,0.8071,0.7849,0.8367,0.9578,0.9601,0.9564,0.9564,0.9678,0.8702,0.8382,0.9048
0.11,0.05,0.9621,0.8235,0.8277,0.8376,0.963,0.9664,0.9621,0.9621,0.9735,0.8906,0.8769,0.9048
0.11,0.06,0.9659,0.8493,0.8597,0.8557,0.9661,0.9686,0.9659,0.9659,0.9735,0.8889,0.8889,0.8889
0.11,0.07,0.9678,0.856,0.8708,0.8561,0.9677,0.9698,0.9678,0.9678,0.9754,0.896,0.9032,0.8889
0.11,0.08,0.9697,0.8645,0.8867,0.8564,0.9696,0.9715,0.9697,0.9697,0.9773,0.9032,0.918,0.8889
0.11,0.09,0.9697,0.8645,0.8867,0.8564,0.9696,0.9715,0.9697,0.9697,0.9773,0.9032,0.918,0.8889
0.11,0.1,0.9678,0.8539,0.8824,0.8385,0.9675,0.9692,0.9678,0.9678,0.9754,0.8943,0.9167,0.873
0.11,0.11,0.9659,0.8481,0.8813,0.829,0.9655,0.9672,0.9659,0.9659,0.9735,0.8852,0.9153,0.8571
0.12,0.0,0.9678,0.8509,0.8961,0.8201,0.9665,0.9676,0.9678,0.9678,0.9754,0.8908,0.9464,0.8413
0.12,0.01,0.8788,0.6803,0.6142,0.8367,0.9002,0.9384,0.8788,0.8788,0.8902,0.6667,0.5225,0.9206
0.12,0.02,0.9299,0.7504,0.6913,0.845,0.937,0.9495,0.9299,0.9299,0.9413,0.7891,0.6905,0.9206
0.12,0.03,0.9508,0.7951,0.7546,0.8484,0.9535,0.958,0.9508,0.9508,0.9621,0.8529,0.7945,0.9206
0.12,0.04,0.9564,0.8071,0.7849,0.8367,0.9578,0.9601,0.9564,0.9564,0.9678,0.8702,0.8382,0.9048
0.12,0.05,0.9621,0.8235,0.8277,0.8376,0.963,0.9664,0.9621,0.9621,0.9735,0.8906,0.8769,0.9048
0.12,0.06,0.9659,0.8493,0.8597,0.8557,0.9661,0.9686,0.9659,0.9659,0.9735,0.8889,0.8889,0.8889
0.12,0.07,0.9678,0.856,0.8708,0.8561,0.9677,0.9698,0.9678,0.9678,0.9754,0.896,0.9032,0.8889
0.12,0.08,0.9697,0.8645,0.8867,0.8564,0.9696,0.9715,0.9697,0.9697,0.9773,0.9032,0.918,0.8889
0.12,0.09,0.9697,0.8645,0.8867,0.8564,0.9696,0.9715,0.9697,0.9697,0.9773,0.9032,0.918,0.8889
0.12,0.1,0.9678,0.8539,0.8824,0.8385,0.9675,0.9692,0.9678,0.9678,0.9754,0.8943,0.9167,0.873
0.12,0.11,0.9659,0.8481,0.8813,0.829,0.9655,0.9672,0.9659,0.9659,0.9735,0.8852,0.9153,0.8571
0.12,0.12,0.9659,0.8481,0.8813,0.829,0.9655,0.9672,0.9659,0.9659,0.9735,0.8852,0.9153,0.8571
0.13,0.0,0.9678,0.8509,0.8961,0.8201,0.9665,0.9676,0.9678,0.9678,0.9754,0.8908,0.9464,0.8413
0.13,0.01,0.8788,0.6803,0.6142,0.8367,0.9002,0.9384,0.8788,0.8788,0.8902,0.6667,0.5225,0.9206
0.13,0.02,0.9299,0.7504,0.6913,0.845,0.937,0.9495,0.9299,0.9299,0.9413,0.7891,0.6905,0.9206
0.13,0.03,0.9508,0.7951,0.7546,0.8484,0.9535,0.958,0.9508,0.9508,0.9621,0.8529,0.7945,0.9206
0.13,0.04,0.9564,0.8071,0.7849,0.8367,0.9578,0.9601,0.9564,0.9564,0.9678,0.8702,0.8382,0.9048
0.13,0.05,0.9621,0.8235,0.8277,0.8376,0.963,0.9664,0.9621,0.9621,0.9735,0.8906,0.8769,0.9048
0.13,0.06,0.9659,0.8493,0.8597,0.8557,0.9661,0.9686,0.9659,0.9659,0.9735,0.8889,0.8889,0.8889
0.13,0.07,0.9678,0.856,0.8708,0.8561,0.9677,0.9698,0.9678,0.9678,0.9754,0.896,0.9032,0.8889
0.13,0.08,0.9697,0.8645,0.8867,0.8564,0.9696,0.9715,0.9697,0.9697,0.9773,0.9032,0.918,0.8889
0.13,0.09,0.9697,0.8645,0.8867,0.8564,0.9696,0.9715,0.9697,0.9697,0.9773,0.9032,0.918,0.8889
0.13,0.1,0.9678,0.8539,0.8824,0.8385,0.9675,0.9692,0.9678,0.9678,0.9754,0.8943,0.9167,0.873
0.13,0.11,0.9659,0.8481,0.8813,0.829,0.9655,0.9672,0.9659,0.9659,0.9735,0.8852,0.9153,0.8571
0.13,0.12,0.9659,0.8481,0.8813,0.829,0.9655,0.9672,0.9659,0.9659,0.9735,0.8852,0.9153,0.8571
0.13,0.13,0.9678,0.8524,0.8887,0.8293,0.967,0.9683,0.9678,0.9678,0.9754,0.8926,0.931,0.8571
0.14,0.0,0.9678,0.8509,0.8961,0.8201,0.9665,0.9676,0.9678,0.9678,0.9754,0.8908,0.9464,0.8413
0.14,0.01,0.8788,0.6803,0.6142,0.8367,0.9002,0.9384,0.8788,0.8788,0.8902,0.6667,0.5225,0.9206
0.14,0.02,0.9299,0.7504,0.6913,0.845,0.937,0.9495,0.9299,0.9299,0.9413,0.7891,0.6905,0.9206
0.14,0.03,0.9508,0.7951,0.7546,0.8484,0.9535,0.958,0.9508,0.9508,0.9621,0.8529,0.7945,0.9206
0.14,0.04,0.9564,0.8071,0.7849,0.8367,0.9578,0.9601,0.9564,0.9564,0.9678,0.8702,0.8382,0.9048
0.14,0.05,0.9621,0.8235,0.8277,0.8376,0.963,0.9664,0.9621,0.9621,0.9735,0.8906,0.8769,0.9048
0.14,0.06,0.9659,0.8493,0.8597,0.8557,0.9661,0.9686,0.9659,0.9659,0.9735,0.8889,0.8889,0.8889
0.14,0.07,0.9678,0.856,0.8708,0.8561,0.9677,0.9698,0.9678,0.9678,0.9754,0.896,0.9032,0.8889
0.14,0.08,0.9697,0.8645,0.8867,0.8564,0.9696,0.9715,0.9697,0.9697,0.9773,0.9032,0.918,0.8889
0.14,0.09,0.9697,0.8645,0.8867,0.8564,0.9696,0.9715,0.9697,0.9697,0.9773,0.9032,0.918,0.8889
0.14,0.1,0.9678,0.8539,0.8824,0.8385,0.9675,0.9692,0.9678,0.9678,0.9754,0.8943,0.9167,0.873
0.14,0.11,0.9659,0.8481,0.8813,0.829,0.9655,0.9672,0.9659,0.9659,0.9735,0.8852,0.9153,0.8571
0.14,0.12,0.9659,0.8481,0.8813,0.829,0.9655,0.9672,0.9659,0.9659,0.9735,0.8852,0.9153,0.8571
0.14,0.13,0.9678,0.8524,0.8887,0.8293,0.967,0.9683,0.9678,0.9678,0.9754,0.8926,0.931,0.8571
0.14,0.14,0.9678,0.8524,0.8887,0.8293,0.967,0.9683,0.9678,0.9678,0.9754,0.8926,0.931,0.8571
0.15,0.0,0.9678,0.8509,0.8961,0.8201,0.9665,0.9676,0.9678,0.9678,0.9754,0.8908,0.9464,0.8413
0.15,0.01,0.8788,0.6803,0.6142,0.8367,0.9002,0.9384,0.8788,0.8788,0.8902,0.6667,0.5225,0.9206
0.15,0.02,0.9299,0.7504,0.6913,0.845,0.937,0.9495,0.9299,0.9299,0.9413,0.7891,0.6905,0.9206
0.15,0.03,0.9508,0.7951,0.7546,0.8484,0.9535,0.958,0.9508,0.9508,0.9621,0.8529,0.7945,0.9206
0.15,0.04,0.9564,0.8071,0.7849,0.8367,0.9578,0.9601,0.9564,0.9564,0.9678,0.8702,0.8382,0.9048
0.15,0.05,0.9621,0.8235,0.8277,0.8376,0.963,0.9664,0.9621,0.9621,0.9735,0.8906,0.8769,0.9048
0.15,0.06,0.9659,0.8493,0.8597,0.8557,0.9661,0.9686,0.9659,0.9659,0.9735,0.8889,0.8889,0.8889
0.15,0.07,0.9678,0.856,0.8708,0.8561,0.9677,0.9698,0.9678,0.9678,0.9754,0.896,0.9032,0.8889
0.15,0.08,0.9697,0.8645,0.8867,0.8564,0.9696,0.9715,0.9697,0.9697,0.9773,0.9032,0.918,0.8889
0.15,0.09,0.9697,0.8645,0.8867,0.8564,0.9696,0.9715,0.9697,0.9697,0.9773,0.9032,0.918,0.8889
0.15,0.1,0.9678,0.8539,0.8824,0.8385,0.9675,0.9692,0.9678,0.9678,0.9754,0.8943,0.9167,0.873
0.15,0.11,0.9659,0.8481,0.8813,0.829,0.9655,0.9672,0.9659,0.9659,0.9735,0.8852,0.9153,0.8571
0.15,0.12,0.9659,0.8481,0.8813,0.829,0.9655,0.9672,0.9659,0.9659,0.9735,0.8852,0.9153,0.8571
0.15,0.13,0.9678,0.8524,0.8887,0.8293,0.967,0.9683,0.9678,0.9678,0.9754,0.8926,0.931,0.8571
0.15,0.14,0.9678,0.8524,0.8887,0.8293,0.967,0.9683,0.9678,0.9678,0.9754,0.8926,0.931,0.8571
0.15,0.15,0.9678,0.8524,0.8887,0.8293,0.967,0.9683,0.9678,0.9678,0.9754,0.8926,0.931,0.8571
0.16,0.0,0.9678,0.8509,0.8961,0.8201,0.9665,0.9676,0.9678,0.9678,0.9754,0.8908,0.9464,0.8413
0.16,0.01,0.8788,0.6803,0.6142,0.8367,0.9002,0.9384,0.8788,0.8788,0.8902,0.6667,0.5225,0.9206
0.16,0.02,0.9299,0.7504,0.6913,0.845,0.937,0.9495,0.9299,0.9299,0.9413,0.7891,0.6905,0.9206
0.16,0.03,0.9508,0.7951,0.7546,0.8484,0.9535,0.958,0.9508,0.9508,0.9621,0.8529,0.7945,0.9206
0.16,0.04,0.9564,0.8071,0.7849,0.8367,0.9578,0.9601,0.9564,0.9564,0.9678,0.8702,0.8382,0.9048
0.16,0.05,0.9621,0.8235,0.8277,0.8376,0.963,0.9664,0.9621,0.9621,0.9735,0.8906,0.8769,0.9048
0.16,0.06,0.9659,0.8493,0.8597,0.8557,0.9661,0.9686,0.9659,0.9659,0.9735,0.8889,0.8889,0.8889
0.16,0.07,0.9678,0.856,0.8708,0.8561,0.9677,0.9698,0.9678,0.9678,0.9754,0.896,0.9032,0.8889
0.16,0.08,0.9697,0.8645,0.8867,0.8564,0.9696,0.9715,0.9697,0.9697,0.9773,0.9032,0.918,0.8889
0.16,0.09,0.9697,0.8645,0.8867,0.8564,0.9696,0.9715,0.9697,0.9697,0.9773,0.9032,0.918,0.8889
0.16,0.1,0.9678,0.8539,0.8824,0.8385,0.9675,0.9692,0.9678,0.9678,0.9754,0.8943,0.9167,0.873
0.16,0.11,0.9659,0.8481,0.8813,0.829,0.9655,0.9672,0.9659,0.9659,0.9735,0.8852,0.9153,0.8571
0.16,0.12,0.9659,0.8481,0.8813,0.829,0.9655,0.9672,0.9659,0.9659,0.9735,0.8852,0.9153,0.8571
0.16,0.13,0.9678,0.8524,0.8887,0.8293,0.967,0.9683,0.9678,0.9678,0.9754,0.8926,0.931,0.8571
0.16,0.14,0.9678,0.8524,0.8887,0.8293,0.967,0.9683,0.9678,0.9678,0.9754,0.8926,0.931,0.8571
0.16,0.15,0.9678,0.8524,0.8887,0.8293,0.967,0.9683,0.9678,0.9678,0.9754,0.8926,0.931,0.8571
0.16,0.16,0.9678,0.8524,0.8887,0.8293,0.967,0.9683,0.9678,0.9678,0.9754,0.8926,0.931,0.8571
0.17,0.0,0.9678,0.8509,0.8961,0.8201,0.9665,0.9676,0.9678,0.9678,0.9754,0.8908,0.9464,0.8413
0.17,0.01,0.8788,0.6803,0.6142,0.8367,0.9002,0.9384,0.8788,0.8788,0.8902,0.6667,0.5225,0.9206
0.17,0.02,0.9299,0.7504,0.6913,0.845,0.937,0.9495,0.9299,0.9299,0.9413,0.7891,0.6905,0.9206
0.17,0.03,0.9508,0.7951,0.7546,0.8484,0.9535,0.958,0.9508,0.9508,0.9621,0.8529,0.7945,0.9206
0.17,0.04,0.9564,0.8071,0.7849,0.8367,0.9578,0.9601,0.9564,0.9564,0.9678,0.8702,0.8382,0.9048
0.17,0.05,0.9621,0.8235,0.8277,0.8376,0.963,0.9664,0.9621,0.9621,0.9735,0.8906,0.8769,0.9048
0.17,0.06,0.9659,0.8493,0.8597,0.8557,0.9661,0.9686,0.9659,0.9659,0.9735,0.8889,0.8889,0.8889
0.17,0.07,0.9678,0.856,0.8708,0.8561,0.9677,0.9698,0.9678,0.9678,0.9754,0.896,0.9032,0.8889
0.17,0.08,0.9697,0.8645,0.8867,0.8564,0.9696,0.9715,0.9697,0.9697,0.9773,0.9032,0.918,0.8889
0.17,0.09,0.9697,0.8645,0.8867,0.8564,0.9696,0.9715,0.9697,0.9697,0.9773,0.9032,0.918,0.8889
0.17,0.1,0.9678,0.8539,0.8824,0.8385,0.9675,0.9692,0.9678,0.9678,0.9754,0.8943,0.9167,0.873
0.17,0.11,0.9659,0.8481,0.8813,0.829,0.9655,0.9672,0.9659,0.9659,0.9735,0.8852,0.9153,0.8571
0.17,0.12,0.9659,0.8481,0.8813,0.829,0.9655,0.9672,0.9659,0.9659,0.9735,0.8852,0.9153,0.8571
0.17,0.13,0.9678,0.8524,0.8887,0.8293,0.967,0.9683,0.9678,0.9678,0.9754,0.8926,0.931,0.8571
0.17,0.14,0.9678,0.8524,0.8887,0.8293,0.967,0.9683,0.9678,0.9678,0.9754,0.8926,0.931,0.8571
0.17,0.15,0.9678,0.8524,0.8887,0.8293,0.967,0.9683,0.9678,0.9678,0.9754,0.8926,0.931,0.8571
0.17,0.16,0.9678,0.8524,0.8887,0.8293,0.967,0.9683,0.9678,0.9678,0.9754,0.8926,0.931,0.8571
0.17,0.17,0.9678,0.8524,0.8887,0.8293,0.967,0.9683,0.9678,0.9678,0.9754,0.8926,0.931,0.8571
0.18,0.0,0.9678,0.8509,0.8961,0.8201,0.9665,0.9676,0.9678,0.9678,0.9754,0.8908,0.9464,0.8413
0.18,0.01,0.8788,0.6803,0.6142,0.8367,0.9002,0.9384,0.8788,0.8788,0.8902,0.6667,0.5225,0.9206
0.18,0.02,0.9299,0.7504,0.6913,0.845,0.937,0.9495,0.9299,0.9299,0.9413,0.7891,0.6905,0.9206
0.18,0.03,0.9508,0.7951,0.7546,0.8484,0.9535,0.958,0.9508,0.9508,0.9621,0.8529,0.7945,0.9206
0.18,0.04,0.9564,0.8071,0.7849,0.8367,0.9578,0.9601,0.9564,0.9564,0.9678,0.8702,0.8382,0.9048
0.18,0.05,0.9621,0.8235,0.8277,0.8376,0.963,0.9664,0.9621,0.9621,0.9735,0.8906,0.8769,0.9048
0.18,0.06,0.9659,0.8493,0.8597,0.8557,0.9661,0.9686,0.9659,0.9659,0.9735,0.8889,0.8889,0.8889
0.18,0.07,0.9678,0.856,0.8708,0.8561,0.9677,0.9698,0.9678,0.9678,0.9754,0.896,0.9032,0.8889
0.18,0.08,0.9697,0.8645,0.8867,0.8564,0.9696,0.9715,0.9697,0.9697,0.9773,0.9032,0.918,0.8889
0.18,0.09,0.9697,0.8645,0.8867,0.8564,0.9696,0.9715,0.9697,0.9697,0.9773,0.9032,0.918,0.8889
0.18,0.1,0.9678,0.8539,0.8824,0.8385,0.9675,0.9692,0.9678,0.9678,0.9754,0.8943,0.9167,0.873
0.18,0.11,0.9659,0.8481,0.8813,0.829,0.9655,0.9672,0.9659,0.9659,0.9735,0.8852,0.9153,0.8571
0.18,0.12,0.9659,0.8481,0.8813,0.829,0.9655,0.9672,0.9659,0.9659,0.9735,0.8852,0.9153,0.8571
0.18,0.13,0.9678,0.8524,0.8887,0.8293,0.967,0.9683,0.9678,0.9678,0.9754,0.8926,0.931,0.8571
0.18,0.14,0.9678,0.8524,0.8887,0.8293,0.967,0.9683,0.9678,0.9678,0.9754,0.8926,0.931,0.8571
0.18,0.15,0.9678,0.8524,0.8887,0.8293,0.967,0.9683,0.9678,0.9678,0.9754,0.8926,0.931,0.8571
0.18,0.16,0.9678,0.8524,0.8887,0.8293,0.967,0.9683,0.9678,0.9678,0.9754,0.8926,0.931,0.8571
0.18,0.17,0.9678,0.8524,0.8887,0.8293,0.967,0.9683,0.9678,0.9678,0.9754,0.8926,0.931,0.8571
0.18,0.18,0.9678,0.8524,0.8887,0.8293,0.967,0.9683,0.9678,0.9678,0.9754,0.8926,0.931,0.8571
0.19,0.0,0.9678,0.8509,0.8961,0.8201,0.9665,0.9676,0.9678,0.9678,0.9754,0.8908,0.9464,0.8413
0.19,0.01,0.8788,0.6803,0.6142,0.8367,0.9002,0.9384,0.8788,0.8788,0.8902,0.6667,0.5225,0.9206
0.19,0.02,0.9299,0.7504,0.6913,0.845,0.937,0.9495,0.9299,0.9299,0.9413,0.7891,0.6905,0.9206
0.19,0.03,0.9508,0.7951,0.7546,0.8484,0.9535,0.958,0.9508,0.9508,0.9621,0.8529,0.7945,0.9206
0.19,0.04,0.9564,0.8071,0.7849,0.8367,0.9578,0.9601,0.9564,0.9564,0.9678,0.8702,0.8382,0.9048
0.19,0.05,0.9621,0.8235,0.8277,0.8376,0.963,0.9664,0.9621,0.9621,0.9735,0.8906,0.8769,0.9048
0.19,0.06,0.9659,0.8493,0.8597,0.8557,0.9661,0.9686,0.9659,0.9659,0.9735,0.8889,0.8889,0.8889
0.19,0.07,0.9678,0.856,0.8708,0.8561,0.9677,0.9698,0.9678,0.9678,0.9754,0.896,0.9032,0.8889
0.19,0.08,0.9697,0.8645,0.8867,0.8564,0.9696,0.9715,0.9697,0.9697,0.9773,0.9032,0.918,0.8889
0.19,0.09,0.9697,0.8645,0.8867,0.8564,0.9696,0.9715,0.9697,0.9697,0.9773,0.9032,0.918,0.8889
0.19,0.1,0.9678,0.8539,0.8824,0.8385,0.9675,0.9692,0.9678,0.9678,0.9754,0.8943,0.9167,0.873
0.19,0.11,0.9659,0.8481,0.8813,0.829,0.9655,0.9672,0.9659,0.9659,0.9735,0.8852,0.9153,0.8571
0.19,0.12,0.9659,0.8481,0.8813,0.829,0.9655,0.9672,0.9659,0.9659,0.9735,0.8852,0.9153,0.8571
0.19,0.13,0.9678,0.8524,0.8887,0.8293,0.967,0.9683,0.9678,0.9678,0.9754,0.8926,0.931,0.8571
0.19,0.14,0.9678,0.8524,0.8887,0.8293,0.967,0.9683,0.9678,0.9678,0.9754,0.8926,0.931,0.8571
0.19,0.15,0.9678,0.8524,0.8887,0.8293,0.967,0.9683,0.9678,0.9678,0.9754,0.8926,0.931,0.8571
0.19,0.16,0.9678,0.8524,0.8887,0.8293,0.967,0.9683,0.9678,0.9678,0.9754,0.8926,0.931,0.8571
0.19,0.17,0.9678,0.8524,0.8887,0.8293,0.967,0.9683,0.9678,0.9678,0.9754,0.8926,0.931,0.8571
0.19,0.18,0.9678,0.8524,0.8887,0.8293,0.967,0.9683,0.9678,0.9678,0.9754,0.8926,0.931,0.8571
0.19,0.19,0.9678,0.8524,0.8887,0.8293,0.967,0.9683,0.9678,0.9678,0.9754,0.8926,0.931,0.8571
0.2,0.0,0.9678,0.8509,0.8961,0.8201,0.9665,0.9676,0.9678,0.9678,0.9754,0.8908,0.9464,0.8413
0.2,0.01,0.8788,0.6803,0.6142,0.8367,0.9002,0.9384,0.8788,0.8788,0.8902,0.6667,0.5225,0.9206
0.2,0.02,0.9299,0.7504,0.6913,0.845,0.937,0.9495,0.9299,0.9299,0.9413,0.7891,0.6905,0.9206
0.2,0.03,0.9508,0.7951,0.7546,0.8484,0.9535,0.958,0.9508,0.9508,0.9621,0.8529,0.7945,0.9206
0.2,0.04,0.9564,0.8071,0.7849,0.8367,0.9578,0.9601,0.9564,0.9564,0.9678,0.8702,0.8382,0.9048
0.2,0.05,0.9621,0.8235,0.8277,0.8376,0.963,0.9664,0.9621,0.9621,0.9735,0.8906,0.8769,0.9048
0.2,0.06,0.9659,0.8493,0.8597,0.8557,0.9661,0.9686,0.9659,0.9659,0.9735,0.8889,0.8889,0.8889
0.2,0.07,0.9678,0.856,0.8708,0.8561,0.9677,0.9698,0.9678,0.9678,0.9754,0.896,0.9032,0.8889
0.2,0.08,0.9697,0.8645,0.8867,0.8564,0.9696,0.9715,0.9697,0.9697,0.9773,0.9032,0.918,0.8889
0.2,0.09,0.9697,0.8645,0.8867,0.8564,0.9696,0.9715,0.9697,0.9697,0.9773,0.9032,0.918,0.8889
0.2,0.1,0.9678,0.8539,0.8824,0.8385,0.9675,0.9692,0.9678,0.9678,0.9754,0.8943,0.9167,0.873
0.2,0.11,0.9659,0.8481,0.8813,0.829,0.9655,0.9672,0.9659,0.9659,0.9735,0.8852,0.9153,0.8571
0.2,0.12,0.9659,0.8481,0.8813,0.829,0.9655,0.9672,0.9659,0.9659,0.9735,0.8852,0.9153,0.8571
0.2,0.13,0.9678,0.8524,0.8887,0.8293,0.967,0.9683,0.9678,0.9678,0.9754,0.8926,0.931,0.8571
0.2,0.14,0.9678,0.8524,0.8887,0.8293,0.967,0.9683,0.9678,0.9678,0.9754,0.8926,0.931,0.8571
0.2,0.15,0.9678,0.8524,0.8887,0.8293,0.967,0.9683,0.9678,0.9678,0.9754,0.8926,0.931,0.8571
0.2,0.16,0.9678,0.8524,0.8887,0.8293,0.967,0.9683,0.9678,0.9678,0.9754,0.8926,0.931,0.8571
0.2,0.17,0.9678,0.8524,0.8887,0.8293,0.967,0.9683,0.9678,0.9678,0.9754,0.8926,0.931,0.8571
0.2,0.18,0.9678,0.8524,0.8887,0.8293,0.967,0.9683,0.9678,0.9678,0.9754,0.8926,0.931,0.8571
0.2,0.19,0.9678,0.8524,0.8887,0.8293,0.967,0.9683,0.9678,0.9678,0.9754,0.8926,0.931,0.8571
0.2,0.2,0.9678,0.8524,0.8887,0.8293,0.967,0.9683,0.9678,0.9678,0.9754,0.8926,0.931,0.8571
0.21,0.0,0.9678,0.8509,0.8961,0.8201,0.9665,0.9676,0.9678,0.9678,0.9754,0.8908,0.9464,0.8413
0.21,0.01,0.8788,0.6803,0.6142,0.8367,0.9002,0.9384,0.8788,0.8788,0.8902,0.6667,0.5225,0.9206
0.21,0.02,0.9299,0.7504,0.6913,0.845,0.937,0.9495,0.9299,0.9299,0.9413,0.7891,0.6905,0.9206
0.21,0.03,0.9508,0.7951,0.7546,0.8484,0.9535,0.958,0.9508,0.9508,0.9621,0.8529,0.7945,0.9206
0.21,0.04,0.9564,0.8071,0.7849,0.8367,0.9578,0.9601,0.9564,0.9564,0.9678,0.8702,0.8382,0.9048
0.21,0.05,0.9621,0.8235,0.8277,0.8376,0.963,0.9664,0.9621,0.9621,0.9735,0.8906,0.8769,0.9048
0.21,0.06,0.9659,0.8493,0.8597,0.8557,0.9661,0.9686,0.9659,0.9659,0.9735,0.8889,0.8889,0.8889
0.21,0.07,0.9678,0.856,0.8708,0.8561,0.9677,0.9698,0.9678,0.9678,0.9754,0.896,0.9032,0.8889
0.21,0.08,0.9697,0.8645,0.8867,0.8564,0.9696,0.9715,0.9697,0.9697,0.9773,0.9032,0.918,0.8889
0.21,0.09,0.9697,0.8645,0.8867,0.8564,0.9696,0.9715,0.9697,0.9697,0.9773,0.9032,0.918,0.8889
0.21,0.1,0.9678,0.8539,0.8824,0.8385,0.9675,0.9692,0.9678,0.9678,0.9754,0.8943,0.9167,0.873
0.21,0.11,0.9659,0.8481,0.8813,0.829,0.9655,0.9672,0.9659,0.9659,0.9735,0.8852,0.9153,0.8571
0.21,0.12,0.9659,0.8481,0.8813,0.829,0.9655,0.9672,0.9659,0.9659,0.9735,0.8852,0.9153,0.8571
0.21,0.13,0.9678,0.8524,0.8887,0.8293,0.967,0.9683,0.9678,0.9678,0.9754,0.8926,0.931,0.8571
0.21,0.14,0.9678,0.8524,0.8887,0.8293,0.967,0.9683,0.9678,0.9678,0.9754,0.8926,0.931,0.8571
0.21,0.15,0.9678,0.8524,0.8887,0.8293,0.967,0.9683,0.9678,0.9678,0.9754,0.8926,0.931,0.8571
0.21,0.16,0.9678,0.8524,0.8887,0.8293,0.967,0.9683,0.9678,0.9678,0.9754,0.8926,0.931,0.8571
0.21,0.17,0.9678,0.8524,0.8887,0.8293,0.967,0.9683,0.9678,0.9678,0.9754,0.8926,0.931,0.8571
0.21,0.18,0.9678,0.8524,0.8887,0.8293,0.967,0.9683,0.9678,0.9678,0.9754,0.8926,0.931,0.8571
0.21,0.19,0.9678,0.8524,0.8887,0.8293,0.967,0.9683,0.9678,0.9678,0.9754,0.8926,0.931,0.8571
0.21,0.2,0.9678,0.8524,0.8887,0.8293,0.967,0.9683,0.9678,0.9678,0.9754,0.8926,0.931,0.8571
0.21,0.21,0.9678,0.8524,0.8887,0.8293,0.967,0.9683,0.9678,0.9678,0.9754,0.8926,0.931,0.8571
0.22,0.0,0.9678,0.8509,0.8961,0.8201,0.9665,0.9676,0.9678,0.9678,0.9754,0.8908,0.9464,0.8413
0.22,0.01,0.8788,0.6803,0.6142,0.8367,0.9002,0.9384,0.8788,0.8788,0.8902,0.6667,0.5225,0.9206
0.22,0.02,0.9299,0.7504,0.6913,0.845,0.937,0.9495,0.9299,0.9299,0.9413,0.7891,0.6905,0.9206
0.22,0.03,0.9508,0.7951,0.7546,0.8484,0.9535,0.958,0.9508,0.9508,0.9621,0.8529,0.7945,0.9206
0.22,0.04,0.9564,0.8071,0.7849,0.8367,0.9578,0.9601,0.9564,0.9564,0.9678,0.8702,0.8382,0.9048
0.22,0.05,0.9621,0.8235,0.8277,0.8376,0.963,0.9664,0.9621,0.9621,0.9735,0.8906,0.8769,0.9048
0.22,0.06,0.9659,0.8493,0.8597,0.8557,0.9661,0.9686,0.9659,0.9659,0.9735,0.8889,0.8889,0.8889
0.22,0.07,0.9678,0.856,0.8708,0.8561,0.9677,0.9698,0.9678,0.9678,0.9754,0.896,0.9032,0.8889
0.22,0.08,0.9697,0.8645,0.8867,0.8564,0.9696,0.9715,0.9697,0.9697,0.9773,0.9032,0.918,0.8889
0.22,0.09,0.9697,0.8645,0.8867,0.8564,0.9696,0.9715,0.9697,0.9697,0.9773,0.9032,0.918,0.8889
0.22,0.1,0.9678,0.8539,0.8824,0.8385,0.9675,0.9692,0.9678,0.9678,0.9754,0.8943,0.9167,0.873
0.22,0.11,0.9659,0.8481,0.8813,0.829,0.9655,0.9672,0.9659,0.9659,0.9735,0.8852,0.9153,0.8571
0.22,0.12,0.9659,0.8481,0.8813,0.829,0.9655,0.9672,0.9659,0.9659,0.9735,0.8852,0.9153,0.8571
0.22,0.13,0.9678,0.8524,0.8887,0.8293,0.967,0.9683,0.9678,0.9678,0.9754,0.8926,0.931,0.8571
0.22,0.14,0.9678,0.8524,0.8887,0.8293,0.967,0.9683,0.9678,0.9678,0.9754,0.8926,0.931,0.8571
0.22,0.15,0.9678,0.8524,0.8887,0.8293,0.967,0.9683,0.9678,0.9678,0.9754,0.8926,0.931,0.8571
0.22,0.16,0.9678,0.8524,0.8887,0.8293,0.967,0.9683,0.9678,0.9678,0.9754,0.8926,0.931,0.8571
0.22,0.17,0.9678,0.8524,0.8887,0.8293,0.967,0.9683,0.9678,0.9678,0.9754,0.8926,0.931,0.8571
0.22,0.18,0.9678,0.8524,0.8887,0.8293,0.967,0.9683,0.9678,0.9678,0.9754,0.8926,0.931,0.8571
0.22,0.19,0.9678,0.8524,0.8887,0.8293,0.967,0.9683,0.9678,0.9678,0.9754,0.8926,0.931,0.8571
0.22,0.2,0.9678,0.8524,0.8887,0.8293,0.967,0.9683,0.9678,0.9678,0.9754,0.8926,0.931,0.8571
0.22,0.21,0.9678,0.8524,0.8887,0.8293,0.967,0.9683,0.9678,0.9678,0.9754,0.8926,0.931,0.8571
0.22,0.22,0.9678,0.8524,0.8887,0.8293,0.967,0.9683,0.9678,0.9678,0.9754,0.8926,0.931,0.8571
0.23,0.0,0.9678,0.8509,0.8961,0.8201,0.9665,0.9676,0.9678,0.9678,0.9754,0.8908,0.9464,0.8413
0.23,0.01,0.8788,0.6803,0.6142,0.8367,0.9002,0.9384,0.8788,0.8788,0.8902,0.6667,0.5225,0.9206
0.23,0.02,0.9299,0.7504,0.6913,0.845,0.937,0.9495,0.9299,0.9299,0.9413,0.7891,0.6905,0.9206
0.23,0.03,0.9508,0.7951,0.7546,0.8484,0.9535,0.958,0.9508,0.9508,0.9621,0.8529,0.7945,0.9206
0.23,0.04,0.9564,0.8071,0.7849,0.8367,0.9578,0.9601,0.9564,0.9564,0.9678,0.8702,0.8382,0.9048
0.23,0.05,0.9621,0.8235,0.8277,0.8376,0.963,0.9664,0.9621,0.9621,0.9735,0.8906,0.8769,0.9048
0.23,0.06,0.9659,0.8493,0.8597,0.8557,0.9661,0.9686,0.9659,0.9659,0.9735,0.8889,0.8889,0.8889
0.23,0.07,0.9678,0.856,0.8708,0.8561,0.9677,0.9698,0.9678,0.9678,0.9754,0.896,0.9032,0.8889
0.23,0.08,0.9697,0.8645,0.8867,0.8564,0.9696,0.9715,0.9697,0.9697,0.9773,0.9032,0.918,0.8889
0.23,0.09,0.9697,0.8645,0.8867,0.8564,0.9696,0.9715,0.9697,0.9697,0.9773,0.9032,0.918,0.8889
0.23,0.1,0.9678,0.8539,0.8824,0.8385,0.9675,0.9692,0.9678,0.9678,0.9754,0.8943,0.9167,0.873
0.23,0.11,0.9659,0.8481,0.8813,0.829,0.9655,0.9672,0.9659,0.9659,0.9735,0.8852,0.9153,0.8571
0.23,0.12,0.9659,0.8481,0.8813,0.829,0.9655,0.9672,0.9659,0.9659,0.9735,0.8852,0.9153,0.8571
0.23,0.13,0.9678,0.8524,0.8887,0.8293,0.967,0.9683,0.9678,0.9678,0.9754,0.8926,0.931,0.8571
0.23,0.14,0.9678,0.8524,0.8887,0.8293,0.967,0.9683,0.9678,0.9678,0.9754,0.8926,0.931,0.8571
0.23,0.15,0.9678,0.8524,0.8887,0.8293,0.967,0.9683,0.9678,0.9678,0.9754,0.8926,0.931,0.8571
0.23,0.16,0.9678,0.8524,0.8887,0.8293,0.967,0.9683,0.9678,0.9678,0.9754,0.8926,0.931,0.8571
0.23,0.17,0.9678,0.8524,0.8887,0.8293,0.967,0.9683,0.9678,0.9678,0.9754,0.8926,0.931,0.8571
0.23,0.18,0.9678,0.8524,0.8887,0.8293,0.967,0.9683,0.9678,0.9678,0.9754,0.8926,0.931,0.8571
0.23,0.19,0.9678,0.8524,0.8887,0.8293,0.967,0.9683,0.9678,0.9678,0.9754,0.8926,0.931,0.8571
0.23,0.2,0.9678,0.8524,0.8887,0.8293,0.967,0.9683,0.9678,0.9678,0.9754,0.8926,0.931,0.8571
0.23,0.21,0.9678,0.8524,0.8887,0.8293,0.967,0.9683,0.9678,0.9678,0.9754,0.8926,0.931,0.8571
0.23,0.22,0.9678,0.8524,0.8887,0.8293,0.967,0.9683,0.9678,0.9678,0.9754,0.8926,0.931,0.8571
0.23,0.23,0.9678,0.8524,0.8887,0.8293,0.967,0.9683,0.9678,0.9678,0.9754,0.8926,0.931,0.8571
0.24,0.0,0.9678,0.8509,0.8961,0.8201,0.9665,0.9676,0.9678,0.9678,0.9754,0.8908,0.9464,0.8413
0.24,0.01,0.8788,0.6803,0.6142,0.8367,0.9002,0.9384,0.8788,0.8788,0.8902,0.6667,0.5225,0.9206
0.24,0.02,0.9299,0.7504,0.6913,0.845,0.937,0.9495,0.9299,0.9299,0.9413,0.7891,0.6905,0.9206
0.24,0.03,0.9508,0.7951,0.7546,0.8484,0.9535,0.958,0.9508,0.9508,0.9621,0.8529,0.7945,0.9206
0.24,0.04,0.9564,0.8071,0.7849,0.8367,0.9578,0.9601,0.9564,0.9564,0.9678,0.8702,0.8382,0.9048
0.24,0.05,0.9621,0.8235,0.8277,0.8376,0.963,0.9664,0.9621,0.9621,0.9735,0.8906,0.8769,0.9048
0.24,0.06,0.9659,0.8493,0.8597,0.8557,0.9661,0.9686,0.9659,0.9659,0.9735,0.8889,0.8889,0.8889
0.24,0.07,0.9678,0.856,0.8708,0.8561,0.9677,0.9698,0.9678,0.9678,0.9754,0.896,0.9032,0.8889
0.24,0.08,0.9697,0.8645,0.8867,0.8564,0.9696,0.9715,0.9697,0.9697,0.9773,0.9032,0.918,0.8889
0.24,0.09,0.9697,0.8645,0.8867,0.8564,0.9696,0.9715,0.9697,0.9697,0.9773,0.9032,0.918,0.8889
0.24,0.1,0.9678,0.8539,0.8824,0.8385,0.9675,0.9692,0.9678,0.9678,0.9754,0.8943,0.9167,0.873
0.24,0.11,0.9659,0.8481,0.8813,0.829,0.9655,0.9672,0.9659,0.9659,0.9735,0.8852,0.9153,0.8571
0.24,0.12,0.9659,0.8481,0.8813,0.829,0.9655,0.9672,0.9659,0.9659,0.9735,0.8852,0.9153,0.8571
0.24,0.13,0.9678,0.8524,0.8887,0.8293,0.967,0.9683,0.9678,0.9678,0.9754,0.8926,0.931,0.8571
0.24,0.14,0.9678,0.8524,0.8887,0.8293,0.967,0.9683,0.9678,0.9678,0.9754,0.8926,0.931,0.8571
0.24,0.15,0.9678,0.8524,0.8887,0.8293,0.967,0.9683,0.9678,0.9678,0.9754,0.8926,0.931,0.8571
0.24,0.16,0.9678,0.8524,0.8887,0.8293,0.967,0.9683,0.9678,0.9678,0.9754,0.8926,0.931,0.8571
0.24,0.17,0.9678,0.8524,0.8887,0.8293,0.967,0.9683,0.9678,0.9678,0.9754,0.8926,0.931,0.8571
0.24,0.18,0.9678,0.8524,0.8887,0.8293,0.967,0.9683,0.9678,0.9678,0.9754,0.8926,0.931,0.8571
0.24,0.19,0.9678,0.8524,0.8887,0.8293,0.967,0.9683,0.9678,0.9678,0.9754,0.8926,0.931,0.8571
0.24,0.2,0.9678,0.8524,0.8887,0.8293,0.967,0.9683,0.9678,0.9678,0.9754,0.8926,0.931,0.8571
0.24,0.21,0.9678,0.8524,0.8887,0.8293,0.967,0.9683,0.9678,0.9678,0.9754,0.8926,0.931,0.8571
0.24,0.22,0.9678,0.8524,0.8887,0.8293,0.967,0.9683,0.9678,0.9678,0.9754,0.8926,0.931,0.8571
0.24,0.23,0.9678,0.8524,0.8887,0.8293,0.967,0.9683,0.9678,0.9678,0.9754,0.8926,0.931,0.8571
0.24,0.24,0.9697,0.8571,0.8973,0.8296,0.9687,0.9696,0.9697,0.9697,0.9773,0.9,0.9474,0.8571
0.25,0.0,0.9678,0.8509,0.8961,0.8201,0.9665,0.9676,0.9678,0.9678,0.9754,0.8908,0.9464,0.8413
0.25,0.01,0.8788,0.6803,0.6142,0.8367,0.9002,0.9384,0.8788,0.8788,0.8902,0.6667,0.5225,0.9206
0.25,0.02,0.9299,0.7504,0.6913,0.845,0.937,0.9495,0.9299,0.9299,0.9413,0.7891,0.6905,0.9206
0.25,0.03,0.9508,0.7951,0.7546,0.8484,0.9535,0.958,0.9508,0.9508,0.9621,0.8529,0.7945,0.9206
0.25,0.04,0.9564,0.8071,0.7849,0.8367,0.9578,0.9601,0.9564,0.9564,0.9678,0.8702,0.8382,0.9048
0.25,0.05,0.9621,0.8235,0.8277,0.8376,0.963,0.9664,0.9621,0.9621,0.9735,0.8906,0.8769,0.9048
0.25,0.06,0.9659,0.8493,0.8597,0.8557,0.9661,0.9686,0.9659,0.9659,0.9735,0.8889,0.8889,0.8889
0.25,0.07,0.9678,0.856,0.8708,0.8561,0.9677,0.9698,0.9678,0.9678,0.9754,0.896,0.9032,0.8889
0.25,0.08,0.9697,0.8645,0.8867,0.8564,0.9696,0.9715,0.9697,0.9697,0.9773,0.9032,0.918,0.8889
0.25,0.09,0.9697,0.8645,0.8867,0.8564,0.9696,0.9715,0.9697,0.9697,0.9773,0.9032,0.918,0.8889
0.25,0.1,0.9678,0.8539,0.8824,0.8385,0.9675,0.9692,0.9678,0.9678,0.9754,0.8943,0.9167,0.873
0.25,0.11,0.9659,0.8481,0.8813,0.829,0.9655,0.9672,0.9659,0.9659,0.9735,0.8852,0.9153,0.8571
0.25,0.12,0.9659,0.8481,0.8813,0.829,0.9655,0.9672,0.9659,0.9659,0.9735,0.8852,0.9153,0.8571
0.25,0.13,0.9678,0.8524,0.8887,0.8293,0.967,0.9683,0.9678,0.9678,0.9754,0.8926,0.931,0.8571
0.25,0.14,0.9678,0.8524,0.8887,0.8293,0.967,0.9683,0.9678,0.9678,0.9754,0.8926,0.931,0.8571
0.25,0.15,0.9678,0.8524,0.8887,0.8293,0.967,0.9683,0.9678,0.9678,0.9754,0.8926,0.931,0.8571
0.25,0.16,0.9678,0.8524,0.8887,0.8293,0.967,0.9683,0.9678,0.9678,0.9754,0.8926,0.931,0.8571
0.25,0.17,0.9678,0.8524,0.8887,0.8293,0.967,0.9683,0.9678,0.9678,0.9754,0.8926,0.931,0.8571
0.25,0.18,0.9678,0.8524,0.8887,0.8293,0.967,0.9683,0.9678,0.9678,0.9754,0.8926,0.931,0.8571
0.25,0.19,0.9678,0.8524,0.8887,0.8293,0.967,0.9683,0.9678,0.9678,0.9754,0.8926,0.931,0.8571
0.25,0.2,0.9678,0.8524,0.8887,0.8293,0.967,0.9683,0.9678,0.9678,0.9754,0.8926,0.931,0.8571
0.25,0.21,0.9678,0.8524,0.8887,0.8293,0.967,0.9683,0.9678,0.9678,0.9754,0.8926,0.931,0.8571
0.25,0.22,0.9678,0.8524,0.8887,0.8293,0.967,0.9683,0.9678,0.9678,0.9754,0.8926,0.931,0.8571
0.25,0.23,0.9678,0.8524,0.8887,0.8293,0.967,0.9683,0.9678,0.9678,0.9754,0.8926,0.931,0.8571
0.25,0.24,0.9697,0.8571,0.8973,0.8296,0.9687,0.9696,0.9697,0.9697,0.9773,0.9,0.9474,0.8571
0.25,0.25,0.9678,0.8509,0.8961,0.8201,0.9665,0.9676,0.9678,0.9678,0.9754,0.8908,0.9464,0.8413
0.26,0.0,0.9678,0.8509,0.8961,0.8201,0.9665,0.9676,0.9678,0.9678,0.9754,0.8908,0.9464,0.8413
0.26,0.01,0.8788,0.6803,0.6142,0.8367,0.9002,0.9384,0.8788,0.8788,0.8902,0.6667,0.5225,0.9206
0.26,0.02,0.9299,0.7504,0.6913,0.845,0.937,0.9495,0.9299,0.9299,0.9413,0.7891,0.6905,0.9206
0.26,0.03,0.9508,0.7951,0.7546,0.8484,0.9535,0.958,0.9508,0.9508,0.9621,0.8529,0.7945,0.9206
0.26,0.04,0.9564,0.8071,0.7849,0.8367,0.9578,0.9601,0.9564,0.9564,0.9678,0.8702,0.8382,0.9048
0.26,0.05,0.9621,0.8235,0.8277,0.8376,0.963,0.9664,0.9621,0.9621,0.9735,0.8906,0.8769,0.9048
0.26,0.06,0.9659,0.8493,0.8597,0.8557,0.9661,0.9686,0.9659,0.9659,0.9735,0.8889,0.8889,0.8889
0.26,0.07,0.9678,0.856,0.8708,0.8561,0.9677,0.9698,0.9678,0.9678,0.9754,0.896,0.9032,0.8889
0.26,0.08,0.9697,0.8645,0.8867,0.8564,0.9696,0.9715,0.9697,0.9697,0.9773,0.9032,0.918,0.8889
0.26,0.09,0.9697,0.8645,0.8867,0.8564,0.9696,0.9715,0.9697,0.9697,0.9773,0.9032,0.918,0.8889
0.26,0.1,0.9678,0.8539,0.8824,0.8385,0.9675,0.9692,0.9678,0.9678,0.9754,0.8943,0.9167,0.873
0.26,0.11,0.9659,0.8481,0.8813,0.829,0.9655,0.9672,0.9659,0.9659,0.9735,0.8852,0.9153,0.8571
0.26,0.12,0.9659,0.8481,0.8813,0.829,0.9655,0.9672,0.9659,0.9659,0.9735,0.8852,0.9153,0.8571
0.26,0.13,0.9678,0.8524,0.8887,0.8293,0.967,0.9683,0.9678,0.9678,0.9754,0.8926,0.931,0.8571
0.26,0.14,0.9678,0.8524,0.8887,0.8293,0.967,0.9683,0.9678,0.9678,0.9754,0.8926,0.931,0.8571
0.26,0.15,0.9678,0.8524,0.8887,0.8293,0.967,0.9683,0.9678,0.9678,0.9754,0.8926,0.931,0.8571
0.26,0.16,0.9678,0.8524,0.8887,0.8293,0.967,0.9683,0.9678,0.9678,0.9754,0.8926,0.931,0.8571
0.26,0.17,0.9678,0.8524,0.8887,0.8293,0.967,0.9683,0.9678,0.9678,0.9754,0.8926,0.931,0.8571
0.26,0.18,0.9678,0.8524,0.8887,0.8293,0.967,0.9683,0.9678,0.9678,0.9754,0.8926,0.931,0.8571
0.26,0.19,0.9678,0.8524,0.8887,0.8293,0.967,0.9683,0.9678,0.9678,0.9754,0.8926,0.931,0.8571
0.26,0.2,0.9678,0.8524,0.8887,0.8293,0.967,0.9683,0.9678,0.9678,0.9754,0.8926,0.931,0.8571
0.26,0.21,0.9678,0.8524,0.8887,0.8293,0.967,0.9683,0.9678,0.9678,0.9754,0.8926,0.931,0.8571
0.26,0.22,0.9678,0.8524,0.8887,0.8293,0.967,0.9683,0.9678,0.9678,0.9754,0.8926,0.931,0.8571
0.26,0.23,0.9678,0.8524,0.8887,0.8293,0.967,0.9683,0.9678,0.9678,0.9754,0.8926,0.931,0.8571
0.26,0.24,0.9697,0.8571,0.8973,0.8296,0.9687,0.9696,0.9697,0.9697,0.9773,0.9,0.9474,0.8571
0.26,0.25,0.9678,0.8509,0.8961,0.8201,0.9665,0.9676,0.9678,0.9678,0.9754,0.8908,0.9464,0.8413
0.26,0.26,0.9678,0.8509,0.8961,0.8201,0.9665,0.9676,0.9678,0.9678,0.9754,0.8908,0.9464,0.8413
0.27,0.0,0.9678,0.8509,0.8961,0.8201,0.9665,0.9676,0.9678,0.9678,0.9754,0.8908,0.9464,0.8413
0.27,0.01,0.8788,0.6803,0.6142,0.8367,0.9002,0.9384,0.8788,0.8788,0.8902,0.6667,0.5225,0.9206
0.27,0.02,0.9299,0.7504,0.6913,0.845,0.937,0.9495,0.9299,0.9299,0.9413,0.7891,0.6905,0.9206
0.27,0.03,0.9508,0.7951,0.7546,0.8484,0.9535,0.958,0.9508,0.9508,0.9621,0.8529,0.7945,0.9206
0.27,0.04,0.9564,0.8071,0.7849,0.8367,0.9578,0.9601,0.9564,0.9564,0.9678,0.8702,0.8382,0.9048
0.27,0.05,0.9621,0.8235,0.8277,0.8376,0.963,0.9664,0.9621,0.9621,0.9735,0.8906,0.8769,0.9048
0.27,0.06,0.9659,0.8493,0.8597,0.8557,0.9661,0.9686,0.9659,0.9659,0.9735,0.8889,0.8889,0.8889
0.27,0.07,0.9678,0.856,0.8708,0.8561,0.9677,0.9698,0.9678,0.9678,0.9754,0.896,0.9032,0.8889
0.27,0.08,0.9697,0.8645,0.8867,0.8564,0.9696,0.9715,0.9697,0.9697,0.9773,0.9032,0.918,0.8889
0.27,0.09,0.9697,0.8645,0.8867,0.8564,0.9696,0.9715,0.9697,0.9697,0.9773,0.9032,0.918,0.8889
0.27,0.1,0.9678,0.8539,0.8824,0.8385,0.9675,0.9692,0.9678,0.9678,0.9754,0.8943,0.9167,0.873
0.27,0.11,0.9659,0.8481,0.8813,0.829,0.9655,0.9672,0.9659,0.9659,0.9735,0.8852,0.9153,0.8571
0.27,0.12,0.9659,0.8481,0.8813,0.829,0.9655,0.9672,0.9659,0.9659,0.9735,0.8852,0.9153,0.8571
0.27,0.13,0.9678,0.8524,0.8887,0.8293,0.967,0.9683,0.9678,0.9678,0.9754,0.8926,0.931,0.8571
0.27,0.14,0.9678,0.8524,0.8887,0.8293,0.967,0.9683,0.9678,0.9678,0.9754,0.8926,0.931,0.8571
0.27,0.15,0.9678,0.8524,0.8887,0.8293,0.967,0.9683,0.9678,0.9678,0.9754,0.8926,0.931,0.8571
0.27,0.16,0.9678,0.8524,0.8887,0.8293,0.967,0.9683,0.9678,0.9678,0.9754,0.8926,0.931,0.8571
0.27,0.17,0.9678,0.8524,0.8887,0.8293,0.967,0.9683,0.9678,0.9678,0.9754,0.8926,0.931,0.8571
0.27,0.18,0.9678,0.8524,0.8887,0.8293,0.967,0.9683,0.9678,0.9678,0.9754,0.8926,0.931,0.8571
0.27,0.19,0.9678,0.8524,0.8887,0.8293,0.967,0.9683,0.9678,0.9678,0.9754,0.8926,0.931,0.8571
0.27,0.2,0.9678,0.8524,0.8887,0.8293,0.967,0.9683,0.9678,0.9678,0.9754,0.8926,0.931,0.8571
0.27,0.21,0.9678,0.8524,0.8887,0.8293,0.967,0.9683,0.9678,0.9678,0.9754,0.8926,0.931,0.8571
0.27,0.22,0.9678,0.8524,0.8887,0.8293,0.967,0.9683,0.9678,0.9678,0.9754,0.8926,0.931,0.8571
0.27,0.23,0.9678,0.8524,0.8887,0.8293,0.967,0.9683,0.9678,0.9678,0.9754,0.8926,0.931,0.8571
0.27,0.24,0.9697,0.8571,0.8973,0.8296,0.9687,0.9696,0.9697,0.9697,0.9773,0.9,0.9474,0.8571
0.27,0.25,0.9678,0.8509,0.8961,0.8201,0.9665,0.9676,0.9678,0.9678,0.9754,0.8908,0.9464,0.8413
0.27,0.26,0.9678,0.8509,0.8961,0.8201,0.9665,0.9676,0.9678,0.9678,0.9754,0.8908,0.9464,0.8413
0.27,0.27,0.9678,0.8509,0.8961,0.8201,0.9665,0.9676,0.9678,0.9678,0.9754,0.8908,0.9464,0.8413
0.28,0.0,0.9678,0.8509,0.8961,0.8201,0.9665,0.9676,0.9678,0.9678,0.9754,0.8908,0.9464,0.8413
0.28,0.01,0.8788,0.6803,0.6142,0.8367,0.9002,0.9384,0.8788,0.8788,0.8902,0.6667,0.5225,0.9206
0.28,0.02,0.9299,0.7504,0.6913,0.845,0.937,0.9495,0.9299,0.9299,0.9413,0.7891,0.6905,0.9206
0.28,0.03,0.9508,0.7951,0.7546,0.8484,0.9535,0.958,0.9508,0.9508,0.9621,0.8529,0.7945,0.9206
0.28,0.04,0.9564,0.8071,0.7849,0.8367,0.9578,0.9601,0.9564,0.9564,0.9678,0.8702,0.8382,0.9048
0.28,0.05,0.9621,0.8235,0.8277,0.8376,0.963,0.9664,0.9621,0.9621,0.9735,0.8906,0.8769,0.9048
0.28,0.06,0.9659,0.8493,0.8597,0.8557,0.9661,0.9686,0.9659,0.9659,0.9735,0.8889,0.8889,0.8889
0.28,0.07,0.9678,0.856,0.8708,0.8561,0.9677,0.9698,0.9678,0.9678,0.9754,0.896,0.9032,0.8889
0.28,0.08,0.9697,0.8645,0.8867,0.8564,0.9696,0.9715,0.9697,0.9697,0.9773,0.9032,0.918,0.8889
0.28,0.09,0.9697,0.8645,0.8867,0.8564,0.9696,0.9715,0.9697,0.9697,0.9773,0.9032,0.918,0.8889
0.28,0.1,0.9678,0.8539,0.8824,0.8385,0.9675,0.9692,0.9678,0.9678,0.9754,0.8943,0.9167,0.873
0.28,0.11,0.9659,0.8481,0.8813,0.829,0.9655,0.9672,0.9659,0.9659,0.9735,0.8852,0.9153,0.8571
0.28,0.12,0.9659,0.8481,0.8813,0.829,0.9655,0.9672,0.9659,0.9659,0.9735,0.8852,0.9153,0.8571
0.28,0.13,0.9678,0.8524,0.8887,0.8293,0.967,0.9683,0.9678,0.9678,0.9754,0.8926,0.931,0.8571
0.28,0.14,0.9678,0.8524,0.8887,0.8293,0.967,0.9683,0.9678,0.9678,0.9754,0.8926,0.931,0.8571
0.28,0.15,0.9678,0.8524,0.8887,0.8293,0.967,0.9683,0.9678,0.9678,0.9754,0.8926,0.931,0.8571
0.28,0.16,0.9678,0.8524,0.8887,0.8293,0.967,0.9683,0.9678,0.9678,0.9754,0.8926,0.931,0.8571
0.28,0.17,0.9678,0.8524,0.8887,0.8293,0.967,0.9683,0.9678,0.9678,0.9754,0.8926,0.931,0.8571
0.28,0.18,0.9678,0.8524,0.8887,0.8293,0.967,0.9683,0.9678,0.9678,0.9754,0.8926,0.931,0.8571
0.28,0.19,0.9678,0.8524,0.8887,0.8293,0.967,0.9683,0.9678,0.9678,0.9754,0.8926,0.931,0.8571
0.28,0.2,0.9678,0.8524,0.8887,0.8293,0.967,0.9683,0.9678,0.9678,0.9754,0.8926,0.931,0.8571
0.28,0.21,0.9678,0.8524,0.8887,0.8293,0.967,0.9683,0.9678,0.9678,0.9754,0.8926,0.931,0.8571
0.28,0.22,0.9678,0.8524,0.8887,0.8293,0.967,0.9683,0.9678,0.9678,0.9754,0.8926,0.931,0.8571
0.28,0.23,0.9678,0.8524,0.8887,0.8293,0.967,0.9683,0.9678,0.9678,0.9754,0.8926,0.931,0.8571
0.28,0.24,0.9697,0.8571,0.8973,0.8296,0.9687,0.9696,0.9697,0.9697,0.9773,0.9,0.9474,0.8571
0.28,0.25,0.9678,0.8509,0.8961,0.8201,0.9665,0.9676,0.9678,0.9678,0.9754,0.8908,0.9464,0.8413
0.28,0.26,0.9678,0.8509,0.8961,0.8201,0.9665,0.9676,0.9678,0.9678,0.9754,0.8908,0.9464,0.8413
0.28,0.27,0.9678,0.8509,0.8961,0.8201,0.9665,0.9676,0.9678,0.9678,0.9754,0.8908,0.9464,0.8413
0.28,0.28,0.9678,0.8509,0.8961,0.8201,0.9665,0.9676,0.9678,0.9678,0.9754,0.8908,0.9464,0.8413
0.29,0.0,0.9678,0.8509,0.8961,0.8201,0.9665,0.9676,0.9678,0.9678,0.9754,0.8908,0.9464,0.8413
0.29,0.01,0.8788,0.6803,0.6142,0.8367,0.9002,0.9384,0.8788,0.8788,0.8902,0.6667,0.5225,0.9206
0.29,0.02,0.9299,0.7504,0.6913,0.845,0.937,0.9495,0.9299,0.9299,0.9413,0.7891,0.6905,0.9206
0.29,0.03,0.9508,0.7951,0.7546,0.8484,0.9535,0.958,0.9508,0.9508,0.9621,0.8529,0.7945,0.9206
0.29,0.04,0.9564,0.8071,0.7849,0.8367,0.9578,0.9601,0.9564,0.9564,0.9678,0.8702,0.8382,0.9048
0.29,0.05,0.9621,0.8235,0.8277,0.8376,0.963,0.9664,0.9621,0.9621,0.9735,0.8906,0.8769,0.9048
0.29,0.06,0.9659,0.8493,0.8597,0.8557,0.9661,0.9686,0.9659,0.9659,0.9735,0.8889,0.8889,0.8889
0.29,0.07,0.9678,0.856,0.8708,0.8561,0.9677,0.9698,0.9678,0.9678,0.9754,0.896,0.9032,0.8889
0.29,0.08,0.9697,0.8645,0.8867,0.8564,0.9696,0.9715,0.9697,0.9697,0.9773,0.9032,0.918,0.8889
0.29,0.09,0.9697,0.8645,0.8867,0.8564,0.9696,0.9715,0.9697,0.9697,0.9773,0.9032,0.918,0.8889
0.29,0.1,0.9678,0.8539,0.8824,0.8385,0.9675,0.9692,0.9678,0.9678,0.9754,0.8943,0.9167,0.873
0.29,0.11,0.9659,0.8481,0.8813,0.829,0.9655,0.9672,0.9659,0.9659,0.9735,0.8852,0.9153,0.8571
0.29,0.12,0.9659,0.8481,0.8813,0.829,0.9655,0.9672,0.9659,0.9659,0.9735,0.8852,0.9153,0.8571
0.29,0.13,0.9678,0.8524,0.8887,0.8293,0.967,0.9683,0.9678,0.9678,0.9754,0.8926,0.931,0.8571
0.29,0.14,0.9678,0.8524,0.8887,0.8293,0.967,0.9683,0.9678,0.9678,0.9754,0.8926,0.931,0.8571
0.29,0.15,0.9678,0.8524,0.8887,0.8293,0.967,0.9683,0.9678,0.9678,0.9754,0.8926,0.931,0.8571
0.29,0.16,0.9678,0.8524,0.8887,0.8293,0.967,0.9683,0.9678,0.9678,0.9754,0.8926,0.931,0.8571
0.29,0.17,0.9678,0.8524,0.8887,0.8293,0.967,0.9683,0.9678,0.9678,0.9754,0.8926,0.931,0.8571
0.29,0.18,0.9678,0.8524,0.8887,0.8293,0.967,0.9683,0.9678,0.9678,0.9754,0.8926,0.931,0.8571
0.29,0.19,0.9678,0.8524,0.8887,0.8293,0.967,0.9683,0.9678,0.9678,0.9754,0.8926,0.931,0.8571
0.29,0.2,0.9678,0.8524,0.8887,0.8293,0.967,0.9683,0.9678,0.9678,0.9754,0.8926,0.931,0.8571
0.29,0.21,0.9678,0.8524,0.8887,0.8293,0.967,0.9683,0.9678,0.9678,0.9754,0.8926,0.931,0.8571
0.29,0.22,0.9678,0.8524,0.8887,0.8293,0.967,0.9683,0.9678,0.9678,0.9754,0.8926,0.931,0.8571
0.29,0.23,0.9678,0.8524,0.8887,0.8293,0.967,0.9683,0.9678,0.9678,0.9754,0.8926,0.931,0.8571
0.29,0.24,0.9697,0.8571,0.8973,0.8296,0.9687,0.9696,0.9697,0.9697,0.9773,0.9,0.9474,0.8571
0.29,0.25,0.9678,0.8509,0.8961,0.8201,0.9665,0.9676,0.9678,0.9678,0.9754,0.8908,0.9464,0.8413
0.29,0.26,0.9678,0.8509,0.8961,0.8201,0.9665,0.9676,0.9678,0.9678,0.9754,0.8908,0.9464,0.8413
0.29,0.27,0.9678,0.8509,0.8961,0.8201,0.9665,0.9676,0.9678,0.9678,0.9754,0.8908,0.9464,0.8413
0.29,0.28,0.9678,0.8509,0.8961,0.8201,0.9665,0.9676,0.9678,0.9678,0.9754,0.8908,0.9464,0.8413
0.29,0.29,0.9678,0.8509,0.8961,0.8201,0.9665,0.9676,0.9678,0.9678,0.9754,0.8908,0.9464,0.8413
0.3,0.0,0.9678,0.8509,0.8961,0.8201,0.9665,0.9676,0.9678,0.9678,0.9754,0.8908,0.9464,0.8413
0.3,0.01,0.8788,0.6803,0.6142,0.8367,0.9002,0.9384,0.8788,0.8788,0.8902,0.6667,0.5225,0.9206
0.3,0.02,0.9299,0.7504,0.6913,0.845,0.937,0.9495,0.9299,0.9299,0.9413,0.7891,0.6905,0.9206
0.3,0.03,0.9508,0.7951,0.7546,0.8484,0.9535,0.958,0.9508,0.9508,0.9621,0.8529,0.7945,0.9206
0.3,0.04,0.9564,0.8071,0.7849,0.8367,0.9578,0.9601,0.9564,0.9564,0.9678,0.8702,0.8382,0.9048
0.3,0.05,0.9621,0.8235,0.8277,0.8376,0.963,0.9664,0.9621,0.9621,0.9735,0.8906,0.8769,0.9048
0.3,0.06,0.9659,0.8493,0.8597,0.8557,0.9661,0.9686,0.9659,0.9659,0.9735,0.8889,0.8889,0.8889
0.3,0.07,0.9678,0.856,0.8708,0.8561,0.9677,0.9698,0.9678,0.9678,0.9754,0.896,0.9032,0.8889
0.3,0.08,0.9697,0.8645,0.8867,0.8564,0.9696,0.9715,0.9697,0.9697,0.9773,0.9032,0.918,0.8889
0.3,0.09,0.9697,0.8645,0.8867,0.8564,0.9696,0.9715,0.9697,0.9697,0.9773,0.9032,0.918,0.8889
0.3,0.1,0.9678,0.8539,0.8824,0.8385,0.9675,0.9692,0.9678,0.9678,0.9754,0.8943,0.9167,0.873
0.3,0.11,0.9659,0.8481,0.8813,0.829,0.9655,0.9672,0.9659,0.9659,0.9735,0.8852,0.9153,0.8571
0.3,0.12,0.9659,0.8481,0.8813,0.829,0.9655,0.9672,0.9659,0.9659,0.9735,0.8852,0.9153,0.8571
0.3,0.13,0.9678,0.8524,0.8887,0.8293,0.967,0.9683,0.9678,0.9678,0.9754,0.8926,0.931,0.8571
0.3,0.14,0.9678,0.8524,0.8887,0.8293,0.967,0.9683,0.9678,0.9678,0.9754,0.8926,0.931,0.8571
0.3,0.15,0.9678,0.8524,0.8887,0.8293,0.967,0.9683,0.9678,0.9678,0.9754,0.8926,0.931,0.8571
0.3,0.16,0.9678,0.8524,0.8887,0.8293,0.967,0.9683,0.9678,0.9678,0.9754,0.8926,0.931,0.8571
0.3,0.17,0.9678,0.8524,0.8887,0.8293,0.967,0.9683,0.9678,0.9678,0.9754,0.8926,0.931,0.8571
0.3,0.18,0.9678,0.8524,0.8887,0.8293,0.967,0.9683,0.9678,0.9678,0.9754,0.8926,0.931,0.8571
0.3,0.19,0.9678,0.8524,0.8887,0.8293,0.967,0.9683,0.9678,0.9678,0.9754,0.8926,0.931,0.8571
0.3,0.2,0.9678,0.8524,0.8887,0.8293,0.967,0.9683,0.9678,0.9678,0.9754,0.8926,0.931,0.8571
0.3,0.21,0.9678,0.8524,0.8887,0.8293,0.967,0.9683,0.9678,0.9678,0.9754,0.8926,0.931,0.8571
0.3,0.22,0.9678,0.8524,0.8887,0.8293,0.967,0.9683,0.9678,0.9678,0.9754,0.8926,0.931,0.8571
0.3,0.23,0.9678,0.8524,0.8887,0.8293,0.967,0.9683,0.9678,0.9678,0.9754,0.8926,0.931,0.8571
0.3,0.24,0.9697,0.8571,0.8973,0.8296,0.9687,0.9696,0.9697,0.9697,0.9773,0.9,0.9474,0.8571
0.3,0.25,0.9678,0.8509,0.8961,0.8201,0.9665,0.9676,0.9678,0.9678,0.9754,0.8908,0.9464,0.8413
0.3,0.26,0.9678,0.8509,0.8961,0.8201,0.9665,0.9676,0.9678,0.9678,0.9754,0.8908,0.9464,0.8413
0.3,0.27,0.9678,0.8509,0.8961,0.8201,0.9665,0.9676,0.9678,0.9678,0.9754,0.8908,0.9464,0.8413
0.3,0.28,0.9678,0.8509,0.8961,0.8201,0.9665,0.9676,0.9678,0.9678,0.9754,0.8908,0.9464,0.8413
0.3,0.29,0.9678,0.8509,0.8961,0.8201,0.9665,0.9676,0.9678,0.9678,0.9754,0.8908,0.9464,0.8413
0.3,0.3,0.9678,0.8509,0.8961,0.8201,0.9665,0.9676,0.9678,0.9678,0.9754,0.8908,0.9464,0.8413
0.31,0.0,0.9678,0.8509,0.8961,0.8201,0.9665,0.9676,0.9678,0.9678,0.9754,0.8908,0.9464,0.8413
0.31,0.01,0.8788,0.6803,0.6142,0.8367,0.9002,0.9384,0.8788,0.8788,0.8902,0.6667,0.5225,0.9206
0.31,0.02,0.9299,0.7504,0.6913,0.845,0.937,0.9495,0.9299,0.9299,0.9413,0.7891,0.6905,0.9206
0.31,0.03,0.9508,0.7951,0.7546,0.8484,0.9535,0.958,0.9508,0.9508,0.9621,0.8529,0.7945,0.9206
0.31,0.04,0.9564,0.8071,0.7849,0.8367,0.9578,0.9601,0.9564,0.9564,0.9678,0.8702,0.8382,0.9048
0.31,0.05,0.9621,0.8235,0.8277,0.8376,0.963,0.9664,0.9621,0.9621,0.9735,0.8906,0.8769,0.9048
0.31,0.06,0.9659,0.8493,0.8597,0.8557,0.9661,0.9686,0.9659,0.9659,0.9735,0.8889,0.8889,0.8889
0.31,0.07,0.9678,0.856,0.8708,0.8561,0.9677,0.9698,0.9678,0.9678,0.9754,0.896,0.9032,0.8889
0.31,0.08,0.9697,0.8645,0.8867,0.8564,0.9696,0.9715,0.9697,0.9697,0.9773,0.9032,0.918,0.8889
0.31,0.09,0.9697,0.8645,0.8867,0.8564,0.9696,0.9715,0.9697,0.9697,0.9773,0.9032,0.918,0.8889
0.31,0.1,0.9678,0.8539,0.8824,0.8385,0.9675,0.9692,0.9678,0.9678,0.9754,0.8943,0.9167,0.873
0.31,0.11,0.9659,0.8481,0.8813,0.829,0.9655,0.9672,0.9659,0.9659,0.9735,0.8852,0.9153,0.8571
0.31,0.12,0.9659,0.8481,0.8813,0.829,0.9655,0.9672,0.9659,0.9659,0.9735,0.8852,0.9153,0.8571
0.31,0.13,0.9678,0.8524,0.8887,0.8293,0.967,0.9683,0.9678,0.9678,0.9754,0.8926,0.931,0.8571
0.31,0.14,0.9678,0.8524,0.8887,0.8293,0.967,0.9683,0.9678,0.9678,0.9754,0.8926,0.931,0.8571
0.31,0.15,0.9678,0.8524,0.8887,0.8293,0.967,0.9683,0.9678,0.9678,0.9754,0.8926,0.931,0.8571
0.31,0.16,0.9678,0.8524,0.8887,0.8293,0.967,0.9683,0.9678,0.9678,0.9754,0.8926,0.931,0.8571
0.31,0.17,0.9678,0.8524,0.8887,0.8293,0.967,0.9683,0.9678,0.9678,0.9754,0.8926,0.931,0.8571
0.31,0.18,0.9678,0.8524,0.8887,0.8293,0.967,0.9683,0.9678,0.9678,0.9754,0.8926,0.931,0.8571
0.31,0.19,0.9678,0.8524,0.8887,0.8293,0.967,0.9683,0.9678,0.9678,0.9754,0.8926,0.931,0.8571
0.31,0.2,0.9678,0.8524,0.8887,0.8293,0.967,0.9683,0.9678,0.9678,0.9754,0.8926,0.931,0.8571
0.31,0.21,0.9678,0.8524,0.8887,0.8293,0.967,0.9683,0.9678,0.9678,0.9754,0.8926,0.931,0.8571
0.31,0.22,0.9678,0.8524,0.8887,0.8293,0.967,0.9683,0.9678,0.9678,0.9754,0.8926,0.931,0.8571
0.31,0.23,0.9678,0.8524,0.8887,0.8293,0.967,0.9683,0.9678,0.9678,0.9754,0.8926,0.931,0.8571
0.31,0.24,0.9697,0.8571,0.8973,0.8296,0.9687,0.9696,0.9697,0.9697,0.9773,0.9,0.9474,0.8571
0.31,0.25,0.9678,0.8509,0.8961,0.8201,0.9665,0.9676,0.9678,0.9678,0.9754,0.8908,0.9464,0.8413
0.31,0.26,0.9678,0.8509,0.8961,0.8201,0.9665,0.9676,0.9678,0.9678,0.9754,0.8908,0.9464,0.8413
0.31,0.27,0.9678,0.8509,0.8961,0.8201,0.9665,0.9676,0.9678,0.9678,0.9754,0.8908,0.9464,0.8413
0.31,0.28,0.9678,0.8509,0.8961,0.8201,0.9665,0.9676,0.9678,0.9678,0.9754,0.8908,0.9464,0.8413
0.31,0.29,0.9678,0.8509,0.8961,0.8201,0.9665,0.9676,0.9678,0.9678,0.9754,0.8908,0.9464,0.8413
0.31,0.3,0.9678,0.8509,0.8961,0.8201,0.9665,0.9676,0.9678,0.9678,0.9754,0.8908,0.9464,0.8413
0.31,0.31,0.9678,0.8509,0.8961,0.8201,0.9665,0.9676,0.9678,0.9678,0.9754,0.8908,0.9464,0.8413
0.32,0.0,0.9678,0.8509,0.8961,0.8201,0.9665,0.9676,0.9678,0.9678,0.9754,0.8908,0.9464,0.8413
0.32,0.01,0.8788,0.6803,0.6142,0.8367,0.9002,0.9384,0.8788,0.8788,0.8902,0.6667,0.5225,0.9206
0.32,0.02,0.9299,0.7504,0.6913,0.845,0.937,0.9495,0.9299,0.9299,0.9413,0.7891,0.6905,0.9206
0.32,0.03,0.9508,0.7951,0.7546,0.8484,0.9535,0.958,0.9508,0.9508,0.9621,0.8529,0.7945,0.9206
0.32,0.04,0.9564,0.8071,0.7849,0.8367,0.9578,0.9601,0.9564,0.9564,0.9678,0.8702,0.8382,0.9048
0.32,0.05,0.9621,0.8235,0.8277,0.8376,0.963,0.9664,0.9621,0.9621,0.9735,0.8906,0.8769,0.9048
0.32,0.06,0.9659,0.8493,0.8597,0.8557,0.9661,0.9686,0.9659,0.9659,0.9735,0.8889,0.8889,0.8889
0.32,0.07,0.9678,0.856,0.8708,0.8561,0.9677,0.9698,0.9678,0.9678,0.9754,0.896,0.9032,0.8889
0.32,0.08,0.9697,0.8645,0.8867,0.8564,0.9696,0.9715,0.9697,0.9697,0.9773,0.9032,0.918,0.8889
0.32,0.09,0.9697,0.8645,0.8867,0.8564,0.9696,0.9715,0.9697,0.9697,0.9773,0.9032,0.918,0.8889
0.32,0.1,0.9678,0.8539,0.8824,0.8385,0.9675,0.9692,0.9678,0.9678,0.9754,0.8943,0.9167,0.873
0.32,0.11,0.9659,0.8481,0.8813,0.829,0.9655,0.9672,0.9659,0.9659,0.9735,0.8852,0.9153,0.8571
0.32,0.12,0.9659,0.8481,0.8813,0.829,0.9655,0.9672,0.9659,0.9659,0.9735,0.8852,0.9153,0.8571
0.32,0.13,0.9678,0.8524,0.8887,0.8293,0.967,0.9683,0.9678,0.9678,0.9754,0.8926,0.931,0.8571
0.32,0.14,0.9678,0.8524,0.8887,0.8293,0.967,0.9683,0.9678,0.9678,0.9754,0.8926,0.931,0.8571
0.32,0.15,0.9678,0.8524,0.8887,0.8293,0.967,0.9683,0.9678,0.9678,0.9754,0.8926,0.931,0.8571
0.32,0.16,0.9678,0.8524,0.8887,0.8293,0.967,0.9683,0.9678,0.9678,0.9754,0.8926,0.931,0.8571
0.32,0.17,0.9678,0.8524,0.8887,0.8293,0.967,0.9683,0.9678,0.9678,0.9754,0.8926,0.931,0.8571
0.32,0.18,0.9678,0.8524,0.8887,0.8293,0.967,0.9683,0.9678,0.9678,0.9754,0.8926,0.931,0.8571
0.32,0.19,0.9678,0.8524,0.8887,0.8293,0.967,0.9683,0.9678,0.9678,0.9754,0.8926,0.931,0.8571
0.32,0.2,0.9678,0.8524,0.8887,0.8293,0.967,0.9683,0.9678,0.9678,0.9754,0.8926,0.931,0.8571
0.32,0.21,0.9678,0.8524,0.8887,0.8293,0.967,0.9683,0.9678,0.9678,0.9754,0.8926,0.931,0.8571
0.32,0.22,0.9678,0.8524,0.8887,0.8293,0.967,0.9683,0.9678,0.9678,0.9754,0.8926,0.931,0.8571
0.32,0.23,0.9678,0.8524,0.8887,0.8293,0.967,0.9683,0.9678,0.9678,0.9754,0.8926,0.931,0.8571
0.32,0.24,0.9697,0.8571,0.8973,0.8296,0.9687,0.9696,0.9697,0.9697,0.9773,0.9,0.9474,0.8571
0.32,0.25,0.9678,0.8509,0.8961,0.8201,0.9665,0.9676,0.9678,0.9678,0.9754,0.8908,0.9464,0.8413
0.32,0.26,0.9678,0.8509,0.8961,0.8201,0.9665,0.9676,0.9678,0.9678,0.9754,0.8908,0.9464,0.8413
0.32,0.27,0.9678,0.8509,0.8961,0.8201,0.9665,0.9676,0.9678,0.9678,0.9754,0.8908,0.9464,0.8413
0.32,0.28,0.9678,0.8509,0.8961,0.8201,0.9665,0.9676,0.9678,0.9678,0.9754,0.8908,0.9464,0.8413
0.32,0.29,0.9678,0.8509,0.8961,0.8201,0.9665,0.9676,0.9678,0.9678,0.9754,0.8908,0.9464,0.8413
0.32,0.3,0.9678,0.8509,0.8961,0.8201,0.9665,0.9676,0.9678,0.9678,0.9754,0.8908,0.9464,0.8413
0.32,0.31,0.9678,0.8509,0.8961,0.8201,0.9665,0.9676,0.9678,0.9678,0.9754,0.8908,0.9464,0.8413
0.32,0.32,0.9678,0.8509,0.8961,0.8201,0.9665,0.9676,0.9678,0.9678,0.9754,0.8908,0.9464,0.8413
0.33,0.0,0.9678,0.8509,0.8961,0.8201,0.9665,0.9676,0.9678,0.9678,0.9754,0.8908,0.9464,0.8413
0.33,0.01,0.8788,0.6803,0.6142,0.8367,0.9002,0.9384,0.8788,0.8788,0.8902,0.6667,0.5225,0.9206
0.33,0.02,0.9299,0.7504,0.6913,0.845,0.937,0.9495,0.9299,0.9299,0.9413,0.7891,0.6905,0.9206
0.33,0.03,0.9508,0.7951,0.7546,0.8484,0.9535,0.958,0.9508,0.9508,0.9621,0.8529,0.7945,0.9206
0.33,0.04,0.9564,0.8071,0.7849,0.8367,0.9578,0.9601,0.9564,0.9564,0.9678,0.8702,0.8382,0.9048
0.33,0.05,0.9621,0.8235,0.8277,0.8376,0.963,0.9664,0.9621,0.9621,0.9735,0.8906,0.8769,0.9048
0.33,0.06,0.9659,0.8493,0.8597,0.8557,0.9661,0.9686,0.9659,0.9659,0.9735,0.8889,0.8889,0.8889
0.33,0.07,0.9678,0.856,0.8708,0.8561,0.9677,0.9698,0.9678,0.9678,0.9754,0.896,0.9032,0.8889
0.33,0.08,0.9697,0.8645,0.8867,0.8564,0.9696,0.9715,0.9697,0.9697,0.9773,0.9032,0.918,0.8889
0.33,0.09,0.9697,0.8645,0.8867,0.8564,0.9696,0.9715,0.9697,0.9697,0.9773,0.9032,0.918,0.8889
0.33,0.1,0.9678,0.8539,0.8824,0.8385,0.9675,0.9692,0.9678,0.9678,0.9754,0.8943,0.9167,0.873
0.33,0.11,0.9659,0.8481,0.8813,0.829,0.9655,0.9672,0.9659,0.9659,0.9735,0.8852,0.9153,0.8571
0.33,0.12,0.9659,0.8481,0.8813,0.829,0.9655,0.9672,0.9659,0.9659,0.9735,0.8852,0.9153,0.8571
0.33,0.13,0.9678,0.8524,0.8887,0.8293,0.967,0.9683,0.9678,0.9678,0.9754,0.8926,0.931,0.8571
0.33,0.14,0.9678,0.8524,0.8887,0.8293,0.967,0.9683,0.9678,0.9678,0.9754,0.8926,0.931,0.8571
0.33,0.15,0.9678,0.8524,0.8887,0.8293,0.967,0.9683,0.9678,0.9678,0.9754,0.8926,0.931,0.8571
0.33,0.16,0.9678,0.8524,0.8887,0.8293,0.967,0.9683,0.9678,0.9678,0.9754,0.8926,0.931,0.8571
0.33,0.17,0.9678,0.8524,0.8887,0.8293,0.967,0.9683,0.9678,0.9678,0.9754,0.8926,0.931,0.8571
0.33,0.18,0.9678,0.8524,0.8887,0.8293,0.967,0.9683,0.9678,0.9678,0.9754,0.8926,0.931,0.8571
0.33,0.19,0.9678,0.8524,0.8887,0.8293,0.967,0.9683,0.9678,0.9678,0.9754,0.8926,0.931,0.8571
0.33,0.2,0.9678,0.8524,0.8887,0.8293,0.967,0.9683,0.9678,0.9678,0.9754,0.8926,0.931,0.8571
0.33,0.21,0.9678,0.8524,0.8887,0.8293,0.967,0.9683,0.9678,0.9678,0.9754,0.8926,0.931,0.8571
0.33,0.22,0.9678,0.8524,0.8887,0.8293,0.967,0.9683,0.9678,0.9678,0.9754,0.8926,0.931,0.8571
0.33,0.23,0.9678,0.8524,0.8887,0.8293,0.967,0.9683,0.9678,0.9678,0.9754,0.8926,0.931,0.8571
0.33,0.24,0.9697,0.8571,0.8973,0.8296,0.9687,0.9696,0.9697,0.9697,0.9773,0.9,0.9474,0.8571
0.33,0.25,0.9678,0.8509,0.8961,0.8201,0.9665,0.9676,0.9678,0.9678,0.9754,0.8908,0.9464,0.8413
0.33,0.26,0.9678,0.8509,0.8961,0.8201,0.9665,0.9676,0.9678,0.9678,0.9754,0.8908,0.9464,0.8413
0.33,0.27,0.9678,0.8509,0.8961,0.8201,0.9665,0.9676,0.9678,0.9678,0.9754,0.8908,0.9464,0.8413
0.33,0.28,0.9678,0.8509,0.8961,0.8201,0.9665,0.9676,0.9678,0.9678,0.9754,0.8908,0.9464,0.8413
0.33,0.29,0.9678,0.8509,0.8961,0.8201,0.9665,0.9676,0.9678,0.9678,0.9754,0.8908,0.9464,0.8413
0.33,0.3,0.9678,0.8509,0.8961,0.8201,0.9665,0.9676,0.9678,0.9678,0.9754,0.8908,0.9464,0.8413
0.33,0.31,0.9678,0.8509,0.8961,0.8201,0.9665,0.9676,0.9678,0.9678,0.9754,0.8908,0.9464,0.8413
0.33,0.32,0.9678,0.8509,0.8961,0.8201,0.9665,0.9676,0.9678,0.9678,0.9754,0.8908,0.9464,0.8413
0.33,0.33,0.9678,0.8509,0.8961,0.8201,0.9665,0.9676,0.9678,0.9678,0.9754,0.8908,0.9464,0.8413
0.34,0.0,0.9678,0.8509,0.8961,0.8201,0.9665,0.9676,0.9678,0.9678,0.9754,0.8908,0.9464,0.8413
0.34,0.01,0.8788,0.6803,0.6142,0.8367,0.9002,0.9384,0.8788,0.8788,0.8902,0.6667,0.5225,0.9206
0.34,0.02,0.9299,0.7504,0.6913,0.845,0.937,0.9495,0.9299,0.9299,0.9413,0.7891,0.6905,0.9206
0.34,0.03,0.9508,0.7951,0.7546,0.8484,0.9535,0.958,0.9508,0.9508,0.9621,0.8529,0.7945,0.9206
0.34,0.04,0.9564,0.8071,0.7849,0.8367,0.9578,0.9601,0.9564,0.9564,0.9678,0.8702,0.8382,0.9048
0.34,0.05,0.9621,0.8235,0.8277,0.8376,0.963,0.9664,0.9621,0.9621,0.9735,0.8906,0.8769,0.9048
0.34,0.06,0.9659,0.8493,0.8597,0.8557,0.9661,0.9686,0.9659,0.9659,0.9735,0.8889,0.8889,0.8889
0.34,0.07,0.9678,0.856,0.8708,0.8561,0.9677,0.9698,0.9678,0.9678,0.9754,0.896,0.9032,0.8889
0.34,0.08,0.9697,0.8645,0.8867,0.8564,0.9696,0.9715,0.9697,0.9697,0.9773,0.9032,0.918,0.8889
0.34,0.09,0.9697,0.8645,0.8867,0.8564,0.9696,0.9715,0.9697,0.9697,0.9773,0.9032,0.918,0.8889
0.34,0.1,0.9678,0.8539,0.8824,0.8385,0.9675,0.9692,0.9678,0.9678,0.9754,0.8943,0.9167,0.873
0.34,0.11,0.9659,0.8481,0.8813,0.829,0.9655,0.9672,0.9659,0.9659,0.9735,0.8852,0.9153,0.8571
0.34,0.12,0.9659,0.8481,0.8813,0.829,0.9655,0.9672,0.9659,0.9659,0.9735,0.8852,0.9153,0.8571
0.34,0.13,0.9678,0.8524,0.8887,0.8293,0.967,0.9683,0.9678,0.9678,0.9754,0.8926,0.931,0.8571
0.34,0.14,0.9678,0.8524,0.8887,0.8293,0.967,0.9683,0.9678,0.9678,0.9754,0.8926,0.931,0.8571
0.34,0.15,0.9678,0.8524,0.8887,0.8293,0.967,0.9683,0.9678,0.9678,0.9754,0.8926,0.931,0.8571
0.34,0.16,0.9678,0.8524,0.8887,0.8293,0.967,0.9683,0.9678,0.9678,0.9754,0.8926,0.931,0.8571
0.34,0.17,0.9678,0.8524,0.8887,0.8293,0.967,0.9683,0.9678,0.9678,0.9754,0.8926,0.931,0.8571
0.34,0.18,0.9678,0.8524,0.8887,0.8293,0.967,0.9683,0.9678,0.9678,0.9754,0.8926,0.931,0.8571
0.34,0.19,0.9678,0.8524,0.8887,0.8293,0.967,0.9683,0.9678,0.9678,0.9754,0.8926,0.931,0.8571
0.34,0.2,0.9678,0.8524,0.8887,0.8293,0.967,0.9683,0.9678,0.9678,0.9754,0.8926,0.931,0.8571
0.34,0.21,0.9678,0.8524,0.8887,0.8293,0.967,0.9683,0.9678,0.9678,0.9754,0.8926,0.931,0.8571
0.34,0.22,0.9678,0.8524,0.8887,0.8293,0.967,0.9683,0.9678,0.9678,0.9754,0.8926,0.931,0.8571
0.34,0.23,0.9678,0.8524,0.8887,0.8293,0.967,0.9683,0.9678,0.9678,0.9754,0.8926,0.931,0.8571
0.34,0.24,0.9697,0.8571,0.8973,0.8296,0.9687,0.9696,0.9697,0.9697,0.9773,0.9,0.9474,0.8571
0.34,0.25,0.9678,0.8509,0.8961,0.8201,0.9665,0.9676,0.9678,0.9678,0.9754,0.8908,0.9464,0.8413
0.34,0.26,0.9678,0.8509,0.8961,0.8201,0.9665,0.9676,0.9678,0.9678,0.9754,0.8908,0.9464,0.8413
0.34,0.27,0.9678,0.8509,0.8961,0.8201,0.9665,0.9676,0.9678,0.9678,0.9754,0.8908,0.9464,0.8413
0.34,0.28,0.9678,0.8509,0.8961,0.8201,0.9665,0.9676,0.9678,0.9678,0.9754,0.8908,0.9464,0.8413
0.34,0.29,0.9678,0.8509,0.8961,0.8201,0.9665,0.9676,0.9678,0.9678,0.9754,0.8908,0.9464,0.8413
0.34,0.3,0.9678,0.8509,0.8961,0.8201,0.9665,0.9676,0.9678,0.9678,0.9754,0.8908,0.9464,0.8413
0.34,0.31,0.9678,0.8509,0.8961,0.8201,0.9665,0.9676,0.9678,0.9678,0.9754,0.8908,0.9464,0.8413
0.34,0.32,0.9678,0.8509,0.8961,0.8201,0.9665,0.9676,0.9678,0.9678,0.9754,0.8908,0.9464,0.8413
0.34,0.33,0.9678,0.8509,0.8961,0.8201,0.9665,0.9676,0.9678,0.9678,0.9754,0.8908,0.9464,0.8413
0.34,0.34,0.9678,0.8509,0.8961,0.8201,0.9665,0.9676,0.9678,0.9678,0.9754,0.8908,0.9464,0.8413
0.35,0.0,0.9678,0.8509,0.8961,0.8201,0.9665,0.9676,0.9678,0.9678,0.9754,0.8908,0.9464,0.8413
0.35,0.01,0.8788,0.6803,0.6142,0.8367,0.9002,0.9384,0.8788,0.8788,0.8902,0.6667,0.5225,0.9206
0.35,0.02,0.9299,0.7504,0.6913,0.845,0.937,0.9495,0.9299,0.9299,0.9413,0.7891,0.6905,0.9206
0.35,0.03,0.9508,0.7951,0.7546,0.8484,0.9535,0.958,0.9508,0.9508,0.9621,0.8529,0.7945,0.9206
0.35,0.04,0.9564,0.8071,0.7849,0.8367,0.9578,0.9601,0.9564,0.9564,0.9678,0.8702,0.8382,0.9048
0.35,0.05,0.9621,0.8235,0.8277,0.8376,0.963,0.9664,0.9621,0.9621,0.9735,0.8906,0.8769,0.9048
0.35,0.06,0.9659,0.8493,0.8597,0.8557,0.9661,0.9686,0.9659,0.9659,0.9735,0.8889,0.8889,0.8889
0.35,0.07,0.9678,0.856,0.8708,0.8561,0.9677,0.9698,0.9678,0.9678,0.9754,0.896,0.9032,0.8889
0.35,0.08,0.9697,0.8645,0.8867,0.8564,0.9696,0.9715,0.9697,0.9697,0.9773,0.9032,0.918,0.8889
0.35,0.09,0.9697,0.8645,0.8867,0.8564,0.9696,0.9715,0.9697,0.9697,0.9773,0.9032,0.918,0.8889
0.35,0.1,0.9678,0.8539,0.8824,0.8385,0.9675,0.9692,0.9678,0.9678,0.9754,0.8943,0.9167,0.873
0.35,0.11,0.9659,0.8481,0.8813,0.829,0.9655,0.9672,0.9659,0.9659,0.9735,0.8852,0.9153,0.8571
0.35,0.12,0.9659,0.8481,0.8813,0.829,0.9655,0.9672,0.9659,0.9659,0.9735,0.8852,0.9153,0.8571
0.35,0.13,0.9678,0.8524,0.8887,0.8293,0.967,0.9683,0.9678,0.9678,0.9754,0.8926,0.931,0.8571
0.35,0.14,0.9678,0.8524,0.8887,0.8293,0.967,0.9683,0.9678,0.9678,0.9754,0.8926,0.931,0.8571
0.35,0.15,0.9678,0.8524,0.8887,0.8293,0.967,0.9683,0.9678,0.9678,0.9754,0.8926,0.931,0.8571
0.35,0.16,0.9678,0.8524,0.8887,0.8293,0.967,0.9683,0.9678,0.9678,0.9754,0.8926,0.931,0.8571
0.35,0.17,0.9678,0.8524,0.8887,0.8293,0.967,0.9683,0.9678,0.9678,0.9754,0.8926,0.931,0.8571
0.35,0.18,0.9678,0.8524,0.8887,0.8293,0.967,0.9683,0.9678,0.9678,0.9754,0.8926,0.931,0.8571
0.35,0.19,0.9678,0.8524,0.8887,0.8293,0.967,0.9683,0.9678,0.9678,0.9754,0.8926,0.931,0.8571
0.35,0.2,0.9678,0.8524,0.8887,0.8293,0.967,0.9683,0.9678,0.9678,0.9754,0.8926,0.931,0.8571
0.35,0.21,0.9678,0.8524,0.8887,0.8293,0.967,0.9683,0.9678,0.9678,0.9754,0.8926,0.931,0.8571
0.35,0.22,0.9678,0.8524,0.8887,0.8293,0.967,0.9683,0.9678,0.9678,0.9754,0.8926,0.931,0.8571
0.35,0.23,0.9678,0.8524,0.8887,0.8293,0.967,0.9683,0.9678,0.9678,0.9754,0.8926,0.931,0.8571
0.35,0.24,0.9697,0.8571,0.8973,0.8296,0.9687,0.9696,0.9697,0.9697,0.9773,0.9,0.9474,0.8571
0.35,0.25,0.9678,0.8509,0.8961,0.8201,0.9665,0.9676,0.9678,0.9678,0.9754,0.8908,0.9464,0.8413
0.35,0.26,0.9678,0.8509,0.8961,0.8201,0.9665,0.9676,0.9678,0.9678,0.9754,0.8908,0.9464,0.8413
0.35,0.27,0.9678,0.8509,0.8961,0.8201,0.9665,0.9676,0.9678,0.9678,0.9754,0.8908,0.9464,0.8413
0.35,0.28,0.9678,0.8509,0.8961,0.8201,0.9665,0.9676,0.9678,0.9678,0.9754,0.8908,0.9464,0.8413
0.35,0.29,0.9678,0.8509,0.8961,0.8201,0.9665,0.9676,0.9678,0.9678,0.9754,0.8908,0.9464,0.8413
0.35,0.3,0.9678,0.8509,0.8961,0.8201,0.9665,0.9676,0.9678,0.9678,0.9754,0.8908,0.9464,0.8413
0.35,0.31,0.9678,0.8509,0.8961,0.8201,0.9665,0.9676,0.9678,0.9678,0.9754,0.8908,0.9464,0.8413
0.35,0.32,0.9678,0.8509,0.8961,0.8201,0.9665,0.9676,0.9678,0.9678,0.9754,0.8908,0.9464,0.8413
0.35,0.33,0.9678,0.8509,0.8961,0.8201,0.9665,0.9676,0.9678,0.9678,0.9754,0.8908,0.9464,0.8413
0.35,0.34,0.9678,0.8509,0.8961,0.8201,0.9665,0.9676,0.9678,0.9678,0.9754,0.8908,0.9464,0.8413
0.35,0.35,0.9678,0.8509,0.8961,0.8201,0.9665,0.9676,0.9678,0.9678,0.9754,0.8908,0.9464,0.8413
0.36,0.0,0.9697,0.856,0.9065,0.8204,0.9682,0.9692,0.9697,0.9697,0.9773,0.8983,0.9636,0.8413
0.36,0.01,0.8788,0.6809,0.6162,0.8367,0.9004,0.9388,0.8788,0.8788,0.8902,0.6667,0.5225,0.9206
0.36,0.02,0.9299,0.7508,0.6935,0.845,0.9372,0.95,0.9299,0.9299,0.9413,0.7891,0.6905,0.9206
0.36,0.03,0.9508,0.7944,0.7544,0.8484,0.9536,0.9582,0.9508,0.9508,0.9621,0.8529,0.7945,0.9206
0.36,0.04,0.9564,0.8059,0.7833,0.8367,0.9578,0.9602,0.9564,0.9564,0.9678,0.8702,0.8382,0.9048
0.36,0.05,0.9621,0.8223,0.8262,0.8376,0.963,0.9665,0.9621,0.9621,0.9735,0.8906,0.8769,0.9048
0.36,0.06,0.9659,0.8476,0.8579,0.8557,0.9661,0.9687,0.9659,0.9659,0.9735,0.8889,0.8889,0.8889
0.36,0.07,0.9678,0.8536,0.867,0.8561,0.9676,0.9697,0.9678,0.9678,0.9754,0.896,0.9032,0.8889
0.36,0.08,0.9697,0.8621,0.8829,0.8564,0.9695,0.9714,0.9697,0.9697,0.9773,0.9032,0.918,0.8889
0.36,0.09,0.9697,0.8621,0.8829,0.8564,0.9695,0.9714,0.9697,0.9697,0.9773,0.9032,0.918,0.8889
0.36,0.1,0.9678,0.8517,0.8778,0.8385,0.9675,0.969,0.9678,0.9678,0.9754,0.8943,0.9167,0.873
0.36,0.11,0.9678,0.8524,0.8887,0.8293,0.967,0.9683,0.9678,0.9678,0.9754,0.8926,0.931,0.8571
0.36,0.12,0.9678,0.8524,0.8887,0.8293,0.967,0.9683,0.9678,0.9678,0.9754,0.8926,0.931,0.8571
0.36,0.13,0.9697,0.8571,0.8973,0.8296,0.9687,0.9696,0.9697,0.9697,0.9773,0.9,0.9474,0.8571
0.36,0.14,0.9697,0.8571,0.8973,0.8296,0.9687,0.9696,0.9697,0.9697,0.9773,0.9,0.9474,0.8571
0.36,0.15,0.9697,0.8571,0.8973,0.8296,0.9687,0.9696,0.9697,0.9697,0.9773,0.9,0.9474,0.8571
0.36,0.16,0.9697,0.8571,0.8973,0.8296,0.9687,0.9696,0.9697,0.9697,0.9773,0.9,0.9474,0.8571
0.36,0.17,0.9697,0.8571,0.8973,0.8296,0.9687,0.9696,0.9697,0.9697,0.9773,0.9,0.9474,0.8571
0.36,0.18,0.9697,0.8571,0.8973,0.8296,0.9687,0.9696,0.9697,0.9697,0.9773,0.9,0.9474,0.8571
0.36,0.19,0.9697,0.8571,0.8973,0.8296,0.9687,0.9696,0.9697,0.9697,0.9773,0.9,0.9474,0.8571
0.36,0.2,0.9697,0.8571,0.8973,0.8296,0.9687,0.9696,0.9697,0.9697,0.9773,0.9,0.9474,0.8571
0.36,0.21,0.9697,0.8571,0.8973,0.8296,0.9687,0.9696,0.9697,0.9697,0.9773,0.9,0.9474,0.8571
0.36,0.22,0.9697,0.8571,0.8973,0.8296,0.9687,0.9696,0.9697,0.9697,0.9773,0.9,0.9474,0.8571
0.36,0.23,0.9697,0.8571,0.8973,0.8296,0.9687,0.9696,0.9697,0.9697,0.9773,0.9,0.9474,0.8571
0.36,0.24,0.9716,0.8622,0.9077,0.8299,0.9703,0.9712,0.9716,0.9716,0.9792,0.9076,0.9643,0.8571
0.36,0.25,0.9697,0.856,0.9065,0.8204,0.9682,0.9692,0.9697,0.9697,0.9773,0.8983,0.9636,0.8413
0.36,0.26,0.9697,0.856,0.9065,0.8204,0.9682,0.9692,0.9697,0.9697,0.9773,0.8983,0.9636,0.8413
0.36,0.27,0.9697,0.856,0.9065,0.8204,0.9682,0.9692,0.9697,0.9697,0.9773,0.8983,0.9636,0.8413
0.36,0.28,0.9697,0.856,0.9065,0.8204,0.9682,0.9692,0.9697,0.9697,0.9773,0.8983,0.9636,0.8413
0.36,0.29,0.9697,0.856,0.9065,0.8204,0.9682,0.9692,0.9697,0.9697,0.9773,0.8983,0.9636,0.8413
0.36,0.3,0.9697,0.856,0.9065,0.8204,0.9682,0.9692,0.9697,0.9697,0.9773,0.8983,0.9636,0.8413
0.36,0.31,0.9697,0.856,0.9065,0.8204,0.9682,0.9692,0.9697,0.9697,0.9773,0.8983,0.9636,0.8413
0.36,0.32,0.9697,0.856,0.9065,0.8204,0.9682,0.9692,0.9697,0.9697,0.9773,0.8983,0.9636,0.8413
0.36,0.33,0.9697,0.856,0.9065,0.8204,0.9682,0.9692,0.9697,0.9697,0.9773,0.8983,0.9636,0.8413
0.36,0.34,0.9697,0.856,0.9065,0.8204,0.9682,0.9692,0.9697,0.9697,0.9773,0.8983,0.9636,0.8413
0.36,0.35,0.9697,0.856,0.9065,0.8204,0.9682,0.9692,0.9697,0.9697,0.9773,0.8983,0.9636,0.8413
0.36,0.36,0.9697,0.856,0.9065,0.8204,0.9682,0.9692,0.9697,0.9697,0.9773,0.8983,0.9636,0.8413
0.37,0.0,0.9659,0.8335,0.9008,0.7895,0.9636,0.965,0.9659,0.9659,0.9735,0.8793,0.9623,0.8095
0.37,0.01,0.892,0.6971,0.6432,0.8213,0.9103,0.9416,0.892,0.892,0.9053,0.6988,0.5631,0.9206
0.37,0.02,0.9394,0.7627,0.7194,0.829,0.9442,0.9526,0.9394,0.9394,0.9527,0.8227,0.7436,0.9206
0.37,0.03,0.9545,0.7947,0.766,0.8315,0.9563,0.9593,0.9545,0.9545,0.9678,0.8722,0.8286,0.9206
0.37,0.04,0.9583,0.8015,0.7884,0.8194,0.9591,0.9605,0.9583,0.9583,0.9716,0.8837,0.8636,0.9048
0.37,0.05,0.964,0.8178,0.8313,0.8203,0.9643,0.9669,0.964,0.964,0.9773,0.9048,0.9048,0.9048
0.37,0.06,0.9659,0.8392,0.8549,0.8382,0.9659,0.9681,0.9659,0.9659,0.9754,0.896,0.9032,0.8889
0.37,0.07,0.9659,0.8392,0.8549,0.8382,0.9659,0.9681,0.9659,0.9659,0.9754,0.896,0.9032,0.8889
0.37,0.08,0.9678,0.8477,0.8708,0.8385,0.9678,0.9698,0.9678,0.9678,0.9773,0.9032,0.918,0.8889
0.37,0.09,0.9678,0.8477,0.8708,0.8385,0.9678,0.9698,0.9678,0.9678,0.9773,0.9032,0.918,0.8889
0.37,0.1,0.9659,0.836,0.8646,0.8207,0.9656,0.9673,0.9659,0.9659,0.9754,0.8943,0.9167,0.873
0.37,0.11,0.9659,0.8363,0.8762,0.8114,0.9652,0.9667,0.9659,0.9659,0.9754,0.8926,0.931,0.8571
0.37,0.12,0.9659,0.8363,0.8762,0.8114,0.9652,0.9667,0.9659,0.9659,0.9754,0.8926,0.931,0.8571
0.37,0.13,0.9678,0.8406,0.8836,0.8117,0.9667,0.9678,0.9678,0.9678,0.9773,0.9,0.9474,0.8571
0.37,0.14,0.9678,0.8406,0.8836,0.8117,0.9667,0.9678,0.9678,0.9678,0.9773,0.9,0.9474,0.8571
0.37,0.15,0.9678,0.8406,0.8836,0.8117,0.9667,0.9678,0.9678,0.9678,0.9773,0.9,0.9474,0.8571
0.37,0.16,0.9678,0.8406,0.8836,0.8117,0.9667,0.9678,0.9678,0.9678,0.9773,0.9,0.9474,0.8571
0.37,0.17,0.9678,0.8406,0.8836,0.8117,0.9667,0.9678,0.9678,0.9678,0.9773,0.9,0.9474,0.8571
0.37,0.18,0.9678,0.8406,0.8836,0.8117,0.9667,0.9678,0.9678,0.9678,0.9773,0.9,0.9474,0.8571
0.37,0.19,0.9678,0.8406,0.8836,0.8117,0.9667,0.9678,0.9678,0.9678,0.9773,0.9,0.9474,0.8571
0.37,0.2,0.9678,0.8406,0.8836,0.8117,0.9667,0.9678,0.9678,0.9678,0.9773,0.9,0.9474,0.8571
0.37,0.21,0.9697,0.8571,0.8973,0.8296,0.9687,0.9696,0.9697,0.9697,0.9773,0.9,0.9474,0.8571
0.37,0.22,0.9697,0.8571,0.8973,0.8296,0.9687,0.9696,0.9697,0.9697,0.9773,0.9,0.9474,0.8571
0.37,0.23,0.9697,0.8571,0.8973,0.8296,0.9687,0.9696,0.9697,0.9697,0.9773,0.9,0.9474,0.8571
0.37,0.24,0.9716,0.8622,0.9077,0.8299,0.9703,0.9712,0.9716,0.9716,0.9792,0.9076,0.9643,0.8571
0.37,0.25,0.9697,0.856,0.9065,0.8204,0.9682,0.9692,0.9697,0.9697,0.9773,0.8983,0.9636,0.8413
0.37,0.26,0.9697,0.856,0.9065,0.8204,0.9682,0.9692,0.9697,0.9697,0.9773,0.8983,0.9636,0.8413
0.37,0.27,0.9697,0.856,0.9065,0.8204,0.9682,0.9692,0.9697,0.9697,0.9773,0.8983,0.9636,0.8413
0.37,0.28,0.9697,0.856,0.9065,0.8204,0.9682,0.9692,0.9697,0.9697,0.9773,0.8983,0.9636,0.8413
0.37,0.29,0.9697,0.856,0.9065,0.8204,0.9682,0.9692,0.9697,0.9697,0.9773,0.8983,0.9636,0.8413
0.37,0.3,0.9697,0.856,0.9065,0.8204,0.9682,0.9692,0.9697,0.9697,0.9773,0.8983,0.9636,0.8413
0.37,0.31,0.9697,0.856,0.9065,0.8204,0.9682,0.9692,0.9697,0.9697,0.9773,0.8983,0.9636,0.8413
0.37,0.32,0.9697,0.856,0.9065,0.8204,0.9682,0.9692,0.9697,0.9697,0.9773,0.8983,0.9636,0.8413
0.37,0.33,0.9697,0.856,0.9065,0.8204,0.9682,0.9692,0.9697,0.9697,0.9773,0.8983,0.9636,0.8413
0.37,0.34,0.9697,0.856,0.9065,0.8204,0.9682,0.9692,0.9697,0.9697,0.9773,0.8983,0.9636,0.8413
0.37,0.35,0.9697,0.856,0.9065,0.8204,0.9682,0.9692,0.9697,0.9697,0.9773,0.8983,0.9636,0.8413
0.37,0.36,0.9697,0.856,0.9065,0.8204,0.9682,0.9692,0.9697,0.9697,0.9773,0.8983,0.9636,0.8413
0.37,0.37,0.9659,0.8335,0.9008,0.7895,0.9636,0.965,0.9659,0.9659,0.9735,0.8793,0.9623,0.8095
0.38,0.0,0.9659,0.8335,0.9008,0.7895,0.9636,0.965,0.9659,0.9659,0.9735,0.8793,0.9623,0.8095
0.38,0.01,0.892,0.6971,0.6432,0.8213,0.9103,0.9416,0.892,0.892,0.9053,0.6988,0.5631,0.9206
0.38,0.02,0.9394,0.7627,0.7194,0.829,0.9442,0.9526,0.9394,0.9394,0.9527,0.8227,0.7436,0.9206
0.38,0.03,0.9545,0.7947,0.766,0.8315,0.9563,0.9593,0.9545,0.9545,0.9678,0.8722,0.8286,0.9206
0.38,0.04,0.9583,0.8015,0.7884,0.8194,0.9591,0.9605,0.9583,0.9583,0.9716,0.8837,0.8636,0.9048
0.38,0.05,0.964,0.8178,0.8313,0.8203,0.9643,0.9669,0.964,0.964,0.9773,0.9048,0.9048,0.9048
0.38,0.06,0.9659,0.8392,0.8549,0.8382,0.9659,0.9681,0.9659,0.9659,0.9754,0.896,0.9032,0.8889
0.38,0.07,0.9659,0.8392,0.8549,0.8382,0.9659,0.9681,0.9659,0.9659,0.9754,0.896,0.9032,0.8889
0.38,0.08,0.9678,0.8477,0.8708,0.8385,0.9678,0.9698,0.9678,0.9678,0.9773,0.9032,0.918,0.8889
0.38,0.09,0.9678,0.8477,0.8708,0.8385,0.9678,0.9698,0.9678,0.9678,0.9773,0.9032,0.918,0.8889
0.38,0.1,0.9659,0.836,0.8646,0.8207,0.9656,0.9673,0.9659,0.9659,0.9754,0.8943,0.9167,0.873
0.38,0.11,0.9659,0.8363,0.8762,0.8114,0.9652,0.9667,0.9659,0.9659,0.9754,0.8926,0.931,0.8571
0.38,0.12,0.9659,0.8363,0.8762,0.8114,0.9652,0.9667,0.9659,0.9659,0.9754,0.8926,0.931,0.8571
0.38,0.13,0.9678,0.8406,0.8836,0.8117,0.9667,0.9678,0.9678,0.9678,0.9773,0.9,0.9474,0.8571
0.38,0.14,0.9678,0.8406,0.8836,0.8117,0.9667,0.9678,0.9678,0.9678,0.9773,0.9,0.9474,0.8571
0.38,0.15,0.9678,0.8406,0.8836,0.8117,0.9667,0.9678,0.9678,0.9678,0.9773,0.9,0.9474,0.8571
0.38,0.16,0.9678,0.8406,0.8836,0.8117,0.9667,0.9678,0.9678,0.9678,0.9773,0.9,0.9474,0.8571
0.38,0.17,0.9678,0.8406,0.8836,0.8117,0.9667,0.9678,0.9678,0.9678,0.9773,0.9,0.9474,0.8571
0.38,0.18,0.9678,0.8406,0.8836,0.8117,0.9667,0.9678,0.9678,0.9678,0.9773,0.9,0.9474,0.8571
0.38,0.19,0.9678,0.8406,0.8836,0.8117,0.9667,0.9678,0.9678,0.9678,0.9773,0.9,0.9474,0.8571
0.38,0.2,0.9678,0.8406,0.8836,0.8117,0.9667,0.9678,0.9678,0.9678,0.9773,0.9,0.9474,0.8571
0.38,0.21,0.9697,0.8571,0.8973,0.8296,0.9687,0.9696,0.9697,0.9697,0.9773,0.9,0.9474,0.8571
0.38,0.22,0.9697,0.8571,0.8973,0.8296,0.9687,0.9696,0.9697,0.9697,0.9773,0.9,0.9474,0.8571
0.38,0.23,0.9697,0.8571,0.8973,0.8296,0.9687,0.9696,0.9697,0.9697,0.9773,0.9,0.9474,0.8571
0.38,0.24,0.9716,0.8622,0.9077,0.8299,0.9703,0.9712,0.9716,0.9716,0.9792,0.9076,0.9643,0.8571
0.38,0.25,0.9697,0.856,0.9065,0.8204,0.9682,0.9692,0.9697,0.9697,0.9773,0.8983,0.9636,0.8413
0.38,0.26,0.9697,0.856,0.9065,0.8204,0.9682,0.9692,0.9697,0.9697,0.9773,0.8983,0.9636,0.8413
0.38,0.27,0.9697,0.856,0.9065,0.8204,0.9682,0.9692,0.9697,0.9697,0.9773,0.8983,0.9636,0.8413
0.38,0.28,0.9697,0.856,0.9065,0.8204,0.9682,0.9692,0.9697,0.9697,0.9773,0.8983,0.9636,0.8413
0.38,0.29,0.9697,0.856,0.9065,0.8204,0.9682,0.9692,0.9697,0.9697,0.9773,0.8983,0.9636,0.8413
0.38,0.3,0.9697,0.856,0.9065,0.8204,0.9682,0.9692,0.9697,0.9697,0.9773,0.8983,0.9636,0.8413
0.38,0.31,0.9697,0.856,0.9065,0.8204,0.9682,0.9692,0.9697,0.9697,0.9773,0.8983,0.9636,0.8413
0.38,0.32,0.9697,0.856,0.9065,0.8204,0.9682,0.9692,0.9697,0.9697,0.9773,0.8983,0.9636,0.8413
0.38,0.33,0.9697,0.856,0.9065,0.8204,0.9682,0.9692,0.9697,0.9697,0.9773,0.8983,0.9636,0.8413
0.38,0.34,0.9697,0.856,0.9065,0.8204,0.9682,0.9692,0.9697,0.9697,0.9773,0.8983,0.9636,0.8413
0.38,0.35,0.9697,0.856,0.9065,0.8204,0.9682,0.9692,0.9697,0.9697,0.9773,0.8983,0.9636,0.8413
0.38,0.36,0.9697,0.856,0.9065,0.8204,0.9682,0.9692,0.9697,0.9697,0.9773,0.8983,0.9636,0.8413
0.38,0.37,0.9659,0.8335,0.9008,0.7895,0.9636,0.965,0.9659,0.9659,0.9735,0.8793,0.9623,0.8095
0.38,0.38,0.9659,0.8335,0.9008,0.7895,0.9636,0.965,0.9659,0.9659,0.9735,0.8793,0.9623,0.8095
0.39,0.0,0.9659,0.8335,0.9008,0.7895,0.9636,0.965,0.9659,0.9659,0.9735,0.8793,0.9623,0.8095
0.39,0.01,0.892,0.6971,0.6432,0.8213,0.9103,0.9416,0.892,0.892,0.9053,0.6988,0.5631,0.9206
0.39,0.02,0.9394,0.7627,0.7194,0.829,0.9442,0.9526,0.9394,0.9394,0.9527,0.8227,0.7436,0.9206
0.39,0.03,0.9545,0.7947,0.766,0.8315,0.9563,0.9593,0.9545,0.9545,0.9678,0.8722,0.8286,0.9206
0.39,0.04,0.9583,0.8015,0.7884,0.8194,0.9591,0.9605,0.9583,0.9583,0.9716,0.8837,0.8636,0.9048
0.39,0.05,0.964,0.8178,0.8313,0.8203,0.9643,0.9669,0.964,0.964,0.9773,0.9048,0.9048,0.9048
0.39,0.06,0.9659,0.8392,0.8549,0.8382,0.9659,0.9681,0.9659,0.9659,0.9754,0.896,0.9032,0.8889
0.39,0.07,0.9659,0.8392,0.8549,0.8382,0.9659,0.9681,0.9659,0.9659,0.9754,0.896,0.9032,0.8889
0.39,0.08,0.9678,0.8477,0.8708,0.8385,0.9678,0.9698,0.9678,0.9678,0.9773,0.9032,0.918,0.8889
0.39,0.09,0.9678,0.8477,0.8708,0.8385,0.9678,0.9698,0.9678,0.9678,0.9773,0.9032,0.918,0.8889
0.39,0.1,0.9659,0.836,0.8646,0.8207,0.9656,0.9673,0.9659,0.9659,0.9754,0.8943,0.9167,0.873
0.39,0.11,0.9659,0.8363,0.8762,0.8114,0.9652,0.9667,0.9659,0.9659,0.9754,0.8926,0.931,0.8571
0.39,0.12,0.9659,0.8363,0.8762,0.8114,0.9652,0.9667,0.9659,0.9659,0.9754,0.8926,0.931,0.8571
0.39,0.13,0.9678,0.8406,0.8836,0.8117,0.9667,0.9678,0.9678,0.9678,0.9773,0.9,0.9474,0.8571
0.39,0.14,0.9678,0.8406,0.8836,0.8117,0.9667,0.9678,0.9678,0.9678,0.9773,0.9,0.9474,0.8571
0.39,0.15,0.9678,0.8406,0.8836,0.8117,0.9667,0.9678,0.9678,0.9678,0.9773,0.9,0.9474,0.8571
0.39,0.16,0.9678,0.8406,0.8836,0.8117,0.9667,0.9678,0.9678,0.9678,0.9773,0.9,0.9474,0.8571
0.39,0.17,0.9678,0.8406,0.8836,0.8117,0.9667,0.9678,0.9678,0.9678,0.9773,0.9,0.9474,0.8571
0.39,0.18,0.9678,0.8406,0.8836,0.8117,0.9667,0.9678,0.9678,0.9678,0.9773,0.9,0.9474,0.8571
0.39,0.19,0.9678,0.8406,0.8836,0.8117,0.9667,0.9678,0.9678,0.9678,0.9773,0.9,0.9474,0.8571
0.39,0.2,0.9678,0.8406,0.8836,0.8117,0.9667,0.9678,0.9678,0.9678,0.9773,0.9,0.9474,0.8571
0.39,0.21,0.9697,0.8571,0.8973,0.8296,0.9687,0.9696,0.9697,0.9697,0.9773,0.9,0.9474,0.8571
0.39,0.22,0.9697,0.8571,0.8973,0.8296,0.9687,0.9696,0.9697,0.9697,0.9773,0.9,0.9474,0.8571
0.39,0.23,0.9697,0.8571,0.8973,0.8296,0.9687,0.9696,0.9697,0.9697,0.9773,0.9,0.9474,0.8571
0.39,0.24,0.9716,0.8622,0.9077,0.8299,0.9703,0.9712,0.9716,0.9716,0.9792,0.9076,0.9643,0.8571
0.39,0.25,0.9697,0.856,0.9065,0.8204,0.9682,0.9692,0.9697,0.9697,0.9773,0.8983,0.9636,0.8413
0.39,0.26,0.9697,0.856,0.9065,0.8204,0.9682,0.9692,0.9697,0.9697,0.9773,0.8983,0.9636,0.8413
0.39,0.27,0.9697,0.856,0.9065,0.8204,0.9682,0.9692,0.9697,0.9697,0.9773,0.8983,0.9636,0.8413
0.39,0.28,0.9697,0.856,0.9065,0.8204,0.9682,0.9692,0.9697,0.9697,0.9773,0.8983,0.9636,0.8413
0.39,0.29,0.9697,0.856,0.9065,0.8204,0.9682,0.9692,0.9697,0.9697,0.9773,0.8983,0.9636,0.8413
0.39,0.3,0.9697,0.856,0.9065,0.8204,0.9682,0.9692,0.9697,0.9697,0.9773,0.8983,0.9636,0.8413
0.39,0.31,0.9697,0.856,0.9065,0.8204,0.9682,0.9692,0.9697,0.9697,0.9773,0.8983,0.9636,0.8413
0.39,0.32,0.9697,0.856,0.9065,0.8204,0.9682,0.9692,0.9697,0.9697,0.9773,0.8983,0.9636,0.8413
0.39,0.33,0.9697,0.856,0.9065,0.8204,0.9682,0.9692,0.9697,0.9697,0.9773,0.8983,0.9636,0.8413
0.39,0.34,0.9697,0.856,0.9065,0.8204,0.9682,0.9692,0.9697,0.9697,0.9773,0.8983,0.9636,0.8413
0.39,0.35,0.9697,0.856,0.9065,0.8204,0.9682,0.9692,0.9697,0.9697,0.9773,0.8983,0.9636,0.8413
0.39,0.36,0.9697,0.856,0.9065,0.8204,0.9682,0.9692,0.9697,0.9697,0.9773,0.8983,0.9636,0.8413
0.39,0.37,0.9659,0.8335,0.9008,0.7895,0.9636,0.965,0.9659,0.9659,0.9735,0.8793,0.9623,0.8095
0.39,0.38,0.9659,0.8335,0.9008,0.7895,0.9636,0.965,0.9659,0.9659,0.9735,0.8793,0.9623,0.8095
0.39,0.39,0.9659,0.8335,0.9008,0.7895,0.9636,0.965,0.9659,0.9659,0.9735,0.8793,0.9623,0.8095
0.4,0.0,0.9659,0.8335,0.9008,0.7895,0.9636,0.965,0.9659,0.9659,0.9735,0.8793,0.9623,0.8095
0.4,0.01,0.892,0.6971,0.6432,0.8213,0.9103,0.9416,0.892,0.892,0.9053,0.6988,0.5631,0.9206
0.4,0.02,0.9394,0.7627,0.7194,0.829,0.9442,0.9526,0.9394,0.9394,0.9527,0.8227,0.7436,0.9206
0.4,0.03,0.9545,0.7947,0.766,0.8315,0.9563,0.9593,0.9545,0.9545,0.9678,0.8722,0.8286,0.9206
0.4,0.04,0.9583,0.8015,0.7884,0.8194,0.9591,0.9605,0.9583,0.9583,0.9716,0.8837,0.8636,0.9048
0.4,0.05,0.964,0.8178,0.8313,0.8203,0.9643,0.9669,0.964,0.964,0.9773,0.9048,0.9048,0.9048
0.4,0.06,0.9659,0.8392,0.8549,0.8382,0.9659,0.9681,0.9659,0.9659,0.9754,0.896,0.9032,0.8889
0.4,0.07,0.9659,0.8392,0.8549,0.8382,0.9659,0.9681,0.9659,0.9659,0.9754,0.896,0.9032,0.8889
0.4,0.08,0.9678,0.8477,0.8708,0.8385,0.9678,0.9698,0.9678,0.9678,0.9773,0.9032,0.918,0.8889
0.4,0.09,0.9678,0.8477,0.8708,0.8385,0.9678,0.9698,0.9678,0.9678,0.9773,0.9032,0.918,0.8889
0.4,0.1,0.9659,0.836,0.8646,0.8207,0.9656,0.9673,0.9659,0.9659,0.9754,0.8943,0.9167,0.873
0.4,0.11,0.9659,0.8363,0.8762,0.8114,0.9652,0.9667,0.9659,0.9659,0.9754,0.8926,0.931,0.8571
0.4,0.12,0.9659,0.8363,0.8762,0.8114,0.9652,0.9667,0.9659,0.9659,0.9754,0.8926,0.931,0.8571
0.4,0.13,0.9678,0.8406,0.8836,0.8117,0.9667,0.9678,0.9678,0.9678,0.9773,0.9,0.9474,0.8571
0.4,0.14,0.9678,0.8406,0.8836,0.8117,0.9667,0.9678,0.9678,0.9678,0.9773,0.9,0.9474,0.8571
0.4,0.15,0.9678,0.8406,0.8836,0.8117,0.9667,0.9678,0.9678,0.9678,0.9773,0.9,0.9474,0.8571
0.4,0.16,0.9678,0.8406,0.8836,0.8117,0.9667,0.9678,0.9678,0.9678,0.9773,0.9,0.9474,0.8571
0.4,0.17,0.9678,0.8406,0.8836,0.8117,0.9667,0.9678,0.9678,0.9678,0.9773,0.9,0.9474,0.8571
0.4,0.18,0.9678,0.8406,0.8836,0.8117,0.9667,0.9678,0.9678,0.9678,0.9773,0.9,0.9474,0.8571
0.4,0.19,0.9678,0.8406,0.8836,0.8117,0.9667,0.9678,0.9678,0.9678,0.9773,0.9,0.9474,0.8571
0.4,0.2,0.9678,0.8406,0.8836,0.8117,0.9667,0.9678,0.9678,0.9678,0.9773,0.9,0.9474,0.8571
0.4,0.21,0.9697,0.8571,0.8973,0.8296,0.9687,0.9696,0.9697,0.9697,0.9773,0.9,0.9474,0.8571
0.4,0.22,0.9697,0.8571,0.8973,0.8296,0.9687,0.9696,0.9697,0.9697,0.9773,0.9,0.9474,0.8571
0.4,0.23,0.9697,0.8571,0.8973,0.8296,0.9687,0.9696,0.9697,0.9697,0.9773,0.9,0.9474,0.8571
0.4,0.24,0.9716,0.8622,0.9077,0.8299,0.9703,0.9712,0.9716,0.9716,0.9792,0.9076,0.9643,0.8571
0.4,0.25,0.9697,0.856,0.9065,0.8204,0.9682,0.9692,0.9697,0.9697,0.9773,0.8983,0.9636,0.8413
0.4,0.26,0.9697,0.856,0.9065,0.8204,0.9682,0.9692,0.9697,0.9697,0.9773,0.8983,0.9636,0.8413
0.4,0.27,0.9697,0.856,0.9065,0.8204,0.9682,0.9692,0.9697,0.9697,0.9773,0.8983,0.9636,0.8413
0.4,0.28,0.9697,0.856,0.9065,0.8204,0.9682,0.9692,0.9697,0.9697,0.9773,0.8983,0.9636,0.8413
0.4,0.29,0.9697,0.856,0.9065,0.8204,0.9682,0.9692,0.9697,0.9697,0.9773,0.8983,0.9636,0.8413
0.4,0.3,0.9697,0.856,0.9065,0.8204,0.9682,0.9692,0.9697,0.9697,0.9773,0.8983,0.9636,0.8413
0.4,0.31,0.9697,0.856,0.9065,0.8204,0.9682,0.9692,0.9697,0.9697,0.9773,0.8983,0.9636,0.8413
0.4,0.32,0.9697,0.856,0.9065,0.8204,0.9682,0.9692,0.9697,0.9697,0.9773,0.8983,0.9636,0.8413
0.4,0.33,0.9697,0.856,0.9065,0.8204,0.9682,0.9692,0.9697,0.9697,0.9773,0.8983,0.9636,0.8413
0.4,0.34,0.9697,0.856,0.9065,0.8204,0.9682,0.9692,0.9697,0.9697,0.9773,0.8983,0.9636,0.8413
0.4,0.35,0.9697,0.856,0.9065,0.8204,0.9682,0.9692,0.9697,0.9697,0.9773,0.8983,0.9636,0.8413
0.4,0.36,0.9697,0.856,0.9065,0.8204,0.9682,0.9692,0.9697,0.9697,0.9773,0.8983,0.9636,0.8413
0.4,0.37,0.9659,0.8335,0.9008,0.7895,0.9636,0.965,0.9659,0.9659,0.9735,0.8793,0.9623,0.8095
0.4,0.38,0.9659,0.8335,0.9008,0.7895,0.9636,0.965,0.9659,0.9659,0.9735,0.8793,0.9623,0.8095
0.4,0.39,0.9659,0.8335,0.9008,0.7895,0.9636,0.965,0.9659,0.9659,0.9735,0.8793,0.9623,0.8095
0.4,0.4,0.9659,0.8335,0.9008,0.7895,0.9636,0.965,0.9659,0.9659,0.9735,0.8793,0.9623,0.8095
0.41,0.0,0.9659,0.8335,0.9008,0.7895,0.9636,0.965,0.9659,0.9659,0.9735,0.8793,0.9623,0.8095
0.41,0.01,0.892,0.6971,0.6432,0.8213,0.9103,0.9416,0.892,0.892,0.9053,0.6988,0.5631,0.9206
0.41,0.02,0.9394,0.7627,0.7194,0.829,0.9442,0.9526,0.9394,0.9394,0.9527,0.8227,0.7436,0.9206
0.41,0.03,0.9545,0.7947,0.766,0.8315,0.9563,0.9593,0.9545,0.9545,0.9678,0.8722,0.8286,0.9206
0.41,0.04,0.9583,0.8015,0.7884,0.8194,0.9591,0.9605,0.9583,0.9583,0.9716,0.8837,0.8636,0.9048
0.41,0.05,0.964,0.8178,0.8313,0.8203,0.9643,0.9669,0.964,0.964,0.9773,0.9048,0.9048,0.9048
0.41,0.06,0.9659,0.8392,0.8549,0.8382,0.9659,0.9681,0.9659,0.9659,0.9754,0.896,0.9032,0.8889
0.41,0.07,0.9659,0.8392,0.8549,0.8382,0.9659,0.9681,0.9659,0.9659,0.9754,0.896,0.9032,0.8889
0.41,0.08,0.9678,0.8477,0.8708,0.8385,0.9678,0.9698,0.9678,0.9678,0.9773,0.9032,0.918,0.8889
0.41,0.09,0.9678,0.8477,0.8708,0.8385,0.9678,0.9698,0.9678,0.9678,0.9773,0.9032,0.918,0.8889
0.41,0.1,0.9659,0.836,0.8646,0.8207,0.9656,0.9673,0.9659,0.9659,0.9754,0.8943,0.9167,0.873
0.41,0.11,0.9659,0.8363,0.8762,0.8114,0.9652,0.9667,0.9659,0.9659,0.9754,0.8926,0.931,0.8571
0.41,0.12,0.9659,0.8363,0.8762,0.8114,0.9652,0.9667,0.9659,0.9659,0.9754,0.8926,0.931,0.8571
0.41,0.13,0.9678,0.8406,0.8836,0.8117,0.9667,0.9678,0.9678,0.9678,0.9773,0.9,0.9474,0.8571
0.41,0.14,0.9678,0.8406,0.8836,0.8117,0.9667,0.9678,0.9678,0.9678,0.9773,0.9,0.9474,0.8571
0.41,0.15,0.9678,0.8406,0.8836,0.8117,0.9667,0.9678,0.9678,0.9678,0.9773,0.9,0.9474,0.8571
0.41,0.16,0.9678,0.8406,0.8836,0.8117,0.9667,0.9678,0.9678,0.9678,0.9773,0.9,0.9474,0.8571
0.41,0.17,0.9678,0.8406,0.8836,0.8117,0.9667,0.9678,0.9678,0.9678,0.9773,0.9,0.9474,0.8571
0.41,0.18,0.9678,0.8406,0.8836,0.8117,0.9667,0.9678,0.9678,0.9678,0.9773,0.9,0.9474,0.8571
0.41,0.19,0.9678,0.8406,0.8836,0.8117,0.9667,0.9678,0.9678,0.9678,0.9773,0.9,0.9474,0.8571
0.41,0.2,0.9678,0.8406,0.8836,0.8117,0.9667,0.9678,0.9678,0.9678,0.9773,0.9,0.9474,0.8571
0.41,0.21,0.9697,0.8571,0.8973,0.8296,0.9687,0.9696,0.9697,0.9697,0.9773,0.9,0.9474,0.8571
0.41,0.22,0.9697,0.8571,0.8973,0.8296,0.9687,0.9696,0.9697,0.9697,0.9773,0.9,0.9474,0.8571
0.41,0.23,0.9697,0.8571,0.8973,0.8296,0.9687,0.9696,0.9697,0.9697,0.9773,0.9,0.9474,0.8571
0.41,0.24,0.9716,0.8622,0.9077,0.8299,0.9703,0.9712,0.9716,0.9716,0.9792,0.9076,0.9643,0.8571
0.41,0.25,0.9697,0.856,0.9065,0.8204,0.9682,0.9692,0.9697,0.9697,0.9773,0.8983,0.9636,0.8413
0.41,0.26,0.9697,0.856,0.9065,0.8204,0.9682,0.9692,0.9697,0.9697,0.9773,0.8983,0.9636,0.8413
0.41,0.27,0.9697,0.856,0.9065,0.8204,0.9682,0.9692,0.9697,0.9697,0.9773,0.8983,0.9636,0.8413
0.41,0.28,0.9697,0.856,0.9065,0.8204,0.9682,0.9692,0.9697,0.9697,0.9773,0.8983,0.9636,0.8413
0.41,0.29,0.9697,0.856,0.9065,0.8204,0.9682,0.9692,0.9697,0.9697,0.9773,0.8983,0.9636,0.8413
0.41,0.3,0.9697,0.856,0.9065,0.8204,0.9682,0.9692,0.9697,0.9697,0.9773,0.8983,0.9636,0.8413
0.41,0.31,0.9697,0.856,0.9065,0.8204,0.9682,0.9692,0.9697,0.9697,0.9773,0.8983,0.9636,0.8413
0.41,0.32,0.9697,0.856,0.9065,0.8204,0.9682,0.9692,0.9697,0.9697,0.9773,0.8983,0.9636,0.8413
0.41,0.33,0.9697,0.856,0.9065,0.8204,0.9682,0.9692,0.9697,0.9697,0.9773,0.8983,0.9636,0.8413
0.41,0.34,0.9697,0.856,0.9065,0.8204,0.9682,0.9692,0.9697,0.9697,0.9773,0.8983,0.9636,0.8413
0.41,0.35,0.9697,0.856,0.9065,0.8204,0.9682,0.9692,0.9697,0.9697,0.9773,0.8983,0.9636,0.8413
0.41,0.36,0.9697,0.856,0.9065,0.8204,0.9682,0.9692,0.9697,0.9697,0.9773,0.8983,0.9636,0.8413
0.41,0.37,0.9659,0.8335,0.9008,0.7895,0.9636,0.965,0.9659,0.9659,0.9735,0.8793,0.9623,0.8095
0.41,0.38,0.9659,0.8335,0.9008,0.7895,0.9636,0.965,0.9659,0.9659,0.9735,0.8793,0.9623,0.8095
0.41,0.39,0.9659,0.8335,0.9008,0.7895,0.9636,0.965,0.9659,0.9659,0.9735,0.8793,0.9623,0.8095
0.41,0.4,0.9659,0.8335,0.9008,0.7895,0.9636,0.965,0.9659,0.9659,0.9735,0.8793,0.9623,0.8095
0.41,0.41,0.9659,0.8335,0.9008,0.7895,0.9636,0.965,0.9659,0.9659,0.9735,0.8793,0.9623,0.8095
0.42,0.0,0.9659,0.8335,0.9008,0.7895,0.9636,0.965,0.9659,0.9659,0.9735,0.8793,0.9623,0.8095
0.42,0.01,0.892,0.6971,0.6432,0.8213,0.9103,0.9416,0.892,0.892,0.9053,0.6988,0.5631,0.9206
0.42,0.02,0.9394,0.7627,0.7194,0.829,0.9442,0.9526,0.9394,0.9394,0.9527,0.8227,0.7436,0.9206
0.42,0.03,0.9545,0.7947,0.766,0.8315,0.9563,0.9593,0.9545,0.9545,0.9678,0.8722,0.8286,0.9206
0.42,0.04,0.9583,0.8015,0.7884,0.8194,0.9591,0.9605,0.9583,0.9583,0.9716,0.8837,0.8636,0.9048
0.42,0.05,0.964,0.8178,0.8313,0.8203,0.9643,0.9669,0.964,0.964,0.9773,0.9048,0.9048,0.9048
0.42,0.06,0.9659,0.8392,0.8549,0.8382,0.9659,0.9681,0.9659,0.9659,0.9754,0.896,0.9032,0.8889
0.42,0.07,0.9659,0.8392,0.8549,0.8382,0.9659,0.9681,0.9659,0.9659,0.9754,0.896,0.9032,0.8889
0.42,0.08,0.9678,0.8477,0.8708,0.8385,0.9678,0.9698,0.9678,0.9678,0.9773,0.9032,0.918,0.8889
0.42,0.09,0.9678,0.8477,0.8708,0.8385,0.9678,0.9698,0.9678,0.9678,0.9773,0.9032,0.918,0.8889
0.42,0.1,0.9659,0.836,0.8646,0.8207,0.9656,0.9673,0.9659,0.9659,0.9754,0.8943,0.9167,0.873
0.42,0.11,0.9659,0.8363,0.8762,0.8114,0.9652,0.9667,0.9659,0.9659,0.9754,0.8926,0.931,0.8571
0.42,0.12,0.9659,0.8363,0.8762,0.8114,0.9652,0.9667,0.9659,0.9659,0.9754,0.8926,0.931,0.8571
0.42,0.13,0.9678,0.8406,0.8836,0.8117,0.9667,0.9678,0.9678,0.9678,0.9773,0.9,0.9474,0.8571
0.42,0.14,0.9678,0.8406,0.8836,0.8117,0.9667,0.9678,0.9678,0.9678,0.9773,0.9,0.9474,0.8571
0.42,0.15,0.9678,0.8406,0.8836,0.8117,0.9667,0.9678,0.9678,0.9678,0.9773,0.9,0.9474,0.8571
0.42,0.16,0.9678,0.8406,0.8836,0.8117,0.9667,0.9678,0.9678,0.9678,0.9773,0.9,0.9474,0.8571
0.42,0.17,0.9678,0.8406,0.8836,0.8117,0.9667,0.9678,0.9678,0.9678,0.9773,0.9,0.9474,0.8571
0.42,0.18,0.9678,0.8406,0.8836,0.8117,0.9667,0.9678,0.9678,0.9678,0.9773,0.9,0.9474,0.8571
0.42,0.19,0.9678,0.8406,0.8836,0.8117,0.9667,0.9678,0.9678,0.9678,0.9773,0.9,0.9474,0.8571
0.42,0.2,0.9678,0.8406,0.8836,0.8117,0.9667,0.9678,0.9678,0.9678,0.9773,0.9,0.9474,0.8571
0.42,0.21,0.9697,0.8571,0.8973,0.8296,0.9687,0.9696,0.9697,0.9697,0.9773,0.9,0.9474,0.8571
0.42,0.22,0.9697,0.8571,0.8973,0.8296,0.9687,0.9696,0.9697,0.9697,0.9773,0.9,0.9474,0.8571
0.42,0.23,0.9697,0.8571,0.8973,0.8296,0.9687,0.9696,0.9697,0.9697,0.9773,0.9,0.9474,0.8571
0.42,0.24,0.9716,0.8622,0.9077,0.8299,0.9703,0.9712,0.9716,0.9716,0.9792,0.9076,0.9643,0.8571
0.42,0.25,0.9697,0.856,0.9065,0.8204,0.9682,0.9692,0.9697,0.9697,0.9773,0.8983,0.9636,0.8413
0.42,0.26,0.9697,0.856,0.9065,0.8204,0.9682,0.9692,0.9697,0.9697,0.9773,0.8983,0.9636,0.8413
0.42,0.27,0.9697,0.856,0.9065,0.8204,0.9682,0.9692,0.9697,0.9697,0.9773,0.8983,0.9636,0.8413
0.42,0.28,0.9697,0.856,0.9065,0.8204,0.9682,0.9692,0.9697,0.9697,0.9773,0.8983,0.9636,0.8413
0.42,0.29,0.9697,0.856,0.9065,0.8204,0.9682,0.9692,0.9697,0.9697,0.9773,0.8983,0.9636,0.8413
0.42,0.3,0.9697,0.856,0.9065,0.8204,0.9682,0.9692,0.9697,0.9697,0.9773,0.8983,0.9636,0.8413
0.42,0.31,0.9697,0.856,0.9065,0.8204,0.9682,0.9692,0.9697,0.9697,0.9773,0.8983,0.9636,0.8413
0.42,0.32,0.9697,0.856,0.9065,0.8204,0.9682,0.9692,0.9697,0.9697,0.9773,0.8983,0.9636,0.8413
0.42,0.33,0.9697,0.856,0.9065,0.8204,0.9682,0.9692,0.9697,0.9697,0.9773,0.8983,0.9636,0.8413
0.42,0.34,0.9697,0.856,0.9065,0.8204,0.9682,0.9692,0.9697,0.9697,0.9773,0.8983,0.9636,0.8413
0.42,0.35,0.9697,0.856,0.9065,0.8204,0.9682,0.9692,0.9697,0.9697,0.9773,0.8983,0.9636,0.8413
0.42,0.36,0.9697,0.856,0.9065,0.8204,0.9682,0.9692,0.9697,0.9697,0.9773,0.8983,0.9636,0.8413
0.42,0.37,0.9659,0.8335,0.9008,0.7895,0.9636,0.965,0.9659,0.9659,0.9735,0.8793,0.9623,0.8095
0.42,0.38,0.9659,0.8335,0.9008,0.7895,0.9636,0.965,0.9659,0.9659,0.9735,0.8793,0.9623,0.8095
0.42,0.39,0.9659,0.8335,0.9008,0.7895,0.9636,0.965,0.9659,0.9659,0.9735,0.8793,0.9623,0.8095
0.42,0.4,0.9659,0.8335,0.9008,0.7895,0.9636,0.965,0.9659,0.9659,0.9735,0.8793,0.9623,0.8095
0.42,0.41,0.9659,0.8335,0.9008,0.7895,0.9636,0.965,0.9659,0.9659,0.9735,0.8793,0.9623,0.8095
0.42,0.42,0.9659,0.8335,0.9008,0.7895,0.9636,0.965,0.9659,0.9659,0.9735,0.8793,0.9623,0.8095
0.43,0.0,0.9659,0.8335,0.9008,0.7895,0.9636,0.965,0.9659,0.9659,0.9735,0.8793,0.9623,0.8095
0.43,0.01,0.892,0.6971,0.6432,0.8213,0.9103,0.9416,0.892,0.892,0.9053,0.6988,0.5631,0.9206
0.43,0.02,0.9394,0.7627,0.7194,0.829,0.9442,0.9526,0.9394,0.9394,0.9527,0.8227,0.7436,0.9206
0.43,0.03,0.9545,0.7947,0.766,0.8315,0.9563,0.9593,0.9545,0.9545,0.9678,0.8722,0.8286,0.9206
0.43,0.04,0.9583,0.8015,0.7884,0.8194,0.9591,0.9605,0.9583,0.9583,0.9716,0.8837,0.8636,0.9048
0.43,0.05,0.964,0.8178,0.8313,0.8203,0.9643,0.9669,0.964,0.964,0.9773,0.9048,0.9048,0.9048
0.43,0.06,0.9659,0.8392,0.8549,0.8382,0.9659,0.9681,0.9659,0.9659,0.9754,0.896,0.9032,0.8889
0.43,0.07,0.9659,0.8392,0.8549,0.8382,0.9659,0.9681,0.9659,0.9659,0.9754,0.896,0.9032,0.8889
0.43,0.08,0.9678,0.8477,0.8708,0.8385,0.9678,0.9698,0.9678,0.9678,0.9773,0.9032,0.918,0.8889
0.43,0.09,0.9678,0.8477,0.8708,0.8385,0.9678,0.9698,0.9678,0.9678,0.9773,0.9032,0.918,0.8889
0.43,0.1,0.9659,0.836,0.8646,0.8207,0.9656,0.9673,0.9659,0.9659,0.9754,0.8943,0.9167,0.873
0.43,0.11,0.9659,0.8363,0.8762,0.8114,0.9652,0.9667,0.9659,0.9659,0.9754,0.8926,0.931,0.8571
0.43,0.12,0.9659,0.8363,0.8762,0.8114,0.9652,0.9667,0.9659,0.9659,0.9754,0.8926,0.931,0.8571
0.43,0.13,0.9678,0.8406,0.8836,0.8117,0.9667,0.9678,0.9678,0.9678,0.9773,0.9,0.9474,0.8571
0.43,0.14,0.9678,0.8406,0.8836,0.8117,0.9667,0.9678,0.9678,0.9678,0.9773,0.9,0.9474,0.8571
0.43,0.15,0.9678,0.8406,0.8836,0.8117,0.9667,0.9678,0.9678,0.9678,0.9773,0.9,0.9474,0.8571
0.43,0.16,0.9678,0.8406,0.8836,0.8117,0.9667,0.9678,0.9678,0.9678,0.9773,0.9,0.9474,0.8571
0.43,0.17,0.9678,0.8406,0.8836,0.8117,0.9667,0.9678,0.9678,0.9678,0.9773,0.9,0.9474,0.8571
0.43,0.18,0.9678,0.8406,0.8836,0.8117,0.9667,0.9678,0.9678,0.9678,0.9773,0.9,0.9474,0.8571
0.43,0.19,0.9678,0.8406,0.8836,0.8117,0.9667,0.9678,0.9678,0.9678,0.9773,0.9,0.9474,0.8571
0.43,0.2,0.9678,0.8406,0.8836,0.8117,0.9667,0.9678,0.9678,0.9678,0.9773,0.9,0.9474,0.8571
0.43,0.21,0.9697,0.8571,0.8973,0.8296,0.9687,0.9696,0.9697,0.9697,0.9773,0.9,0.9474,0.8571
0.43,0.22,0.9697,0.8571,0.8973,0.8296,0.9687,0.9696,0.9697,0.9697,0.9773,0.9,0.9474,0.8571
0.43,0.23,0.9697,0.8571,0.8973,0.8296,0.9687,0.9696,0.9697,0.9697,0.9773,0.9,0.9474,0.8571
0.43,0.24,0.9716,0.8622,0.9077,0.8299,0.9703,0.9712,0.9716,0.9716,0.9792,0.9076,0.9643,0.8571
0.43,0.25,0.9697,0.856,0.9065,0.8204,0.9682,0.9692,0.9697,0.9697,0.9773,0.8983,0.9636,0.8413
0.43,0.26,0.9697,0.856,0.9065,0.8204,0.9682,0.9692,0.9697,0.9697,0.9773,0.8983,0.9636,0.8413
0.43,0.27,0.9697,0.856,0.9065,0.8204,0.9682,0.9692,0.9697,0.9697,0.9773,0.8983,0.9636,0.8413
0.43,0.28,0.9697,0.856,0.9065,0.8204,0.9682,0.9692,0.9697,0.9697,0.9773,0.8983,0.9636,0.8413
0.43,0.29,0.9697,0.856,0.9065,0.8204,0.9682,0.9692,0.9697,0.9697,0.9773,0.8983,0.9636,0.8413
0.43,0.3,0.9697,0.856,0.9065,0.8204,0.9682,0.9692,0.9697,0.9697,0.9773,0.8983,0.9636,0.8413
0.43,0.31,0.9697,0.856,0.9065,0.8204,0.9682,0.9692,0.9697,0.9697,0.9773,0.8983,0.9636,0.8413
0.43,0.32,0.9697,0.856,0.9065,0.8204,0.9682,0.9692,0.9697,0.9697,0.9773,0.8983,0.9636,0.8413
0.43,0.33,0.9697,0.856,0.9065,0.8204,0.9682,0.9692,0.9697,0.9697,0.9773,0.8983,0.9636,0.8413
0.43,0.34,0.9697,0.856,0.9065,0.8204,0.9682,0.9692,0.9697,0.9697,0.9773,0.8983,0.9636,0.8413
0.43,0.35,0.9697,0.856,0.9065,0.8204,0.9682,0.9692,0.9697,0.9697,0.9773,0.8983,0.9636,0.8413
0.43,0.36,0.9697,0.856,0.9065,0.8204,0.9682,0.9692,0.9697,0.9697,0.9773,0.8983,0.9636,0.8413
0.43,0.37,0.9659,0.8335,0.9008,0.7895,0.9636,0.965,0.9659,0.9659,0.9735,0.8793,0.9623,0.8095
0.43,0.38,0.9659,0.8335,0.9008,0.7895,0.9636,0.965,0.9659,0.9659,0.9735,0.8793,0.9623,0.8095
0.43,0.39,0.9659,0.8335,0.9008,0.7895,0.9636,0.965,0.9659,0.9659,0.9735,0.8793,0.9623,0.8095
0.43,0.4,0.9659,0.8335,0.9008,0.7895,0.9636,0.965,0.9659,0.9659,0.9735,0.8793,0.9623,0.8095
0.43,0.41,0.9659,0.8335,0.9008,0.7895,0.9636,0.965,0.9659,0.9659,0.9735,0.8793,0.9623,0.8095
0.43,0.42,0.9659,0.8335,0.9008,0.7895,0.9636,0.965,0.9659,0.9659,0.9735,0.8793,0.9623,0.8095
0.43,0.43,0.9659,0.8335,0.9008,0.7895,0.9636,0.965,0.9659,0.9659,0.9735,0.8793,0.9623,0.8095
0.44,0.0,0.9659,0.8335,0.9008,0.7895,0.9636,0.965,0.9659,0.9659,0.9735,0.8793,0.9623,0.8095
0.44,0.01,0.892,0.6971,0.6432,0.8213,0.9103,0.9416,0.892,0.892,0.9053,0.6988,0.5631,0.9206
0.44,0.02,0.9394,0.7627,0.7194,0.829,0.9442,0.9526,0.9394,0.9394,0.9527,0.8227,0.7436,0.9206
0.44,0.03,0.9545,0.7947,0.766,0.8315,0.9563,0.9593,0.9545,0.9545,0.9678,0.8722,0.8286,0.9206
0.44,0.04,0.9583,0.8015,0.7884,0.8194,0.9591,0.9605,0.9583,0.9583,0.9716,0.8837,0.8636,0.9048
0.44,0.05,0.964,0.8178,0.8313,0.8203,0.9643,0.9669,0.964,0.964,0.9773,0.9048,0.9048,0.9048
0.44,0.06,0.9659,0.8392,0.8549,0.8382,0.9659,0.9681,0.9659,0.9659,0.9754,0.896,0.9032,0.8889
0.44,0.07,0.9659,0.8392,0.8549,0.8382,0.9659,0.9681,0.9659,0.9659,0.9754,0.896,0.9032,0.8889
0.44,0.08,0.9678,0.8477,0.8708,0.8385,0.9678,0.9698,0.9678,0.9678,0.9773,0.9032,0.918,0.8889
0.44,0.09,0.9678,0.8477,0.8708,0.8385,0.9678,0.9698,0.9678,0.9678,0.9773,0.9032,0.918,0.8889
0.44,0.1,0.9659,0.836,0.8646,0.8207,0.9656,0.9673,0.9659,0.9659,0.9754,0.8943,0.9167,0.873
0.44,0.11,0.9659,0.8363,0.8762,0.8114,0.9652,0.9667,0.9659,0.9659,0.9754,0.8926,0.931,0.8571
0.44,0.12,0.9659,0.8363,0.8762,0.8114,0.9652,0.9667,0.9659,0.9659,0.9754,0.8926,0.931,0.8571
0.44,0.13,0.9678,0.8406,0.8836,0.8117,0.9667,0.9678,0.9678,0.9678,0.9773,0.9,0.9474,0.8571
0.44,0.14,0.9678,0.8406,0.8836,0.8117,0.9667,0.9678,0.9678,0.9678,0.9773,0.9,0.9474,0.8571
0.44,0.15,0.9678,0.8406,0.8836,0.8117,0.9667,0.9678,0.9678,0.9678,0.9773,0.9,0.9474,0.8571
0.44,0.16,0.9678,0.8406,0.8836,0.8117,0.9667,0.9678,0.9678,0.9678,0.9773,0.9,0.9474,0.8571
0.44,0.17,0.9678,0.8406,0.8836,0.8117,0.9667,0.9678,0.9678,0.9678,0.9773,0.9,0.9474,0.8571
0.44,0.18,0.9678,0.8406,0.8836,0.8117,0.9667,0.9678,0.9678,0.9678,0.9773,0.9,0.9474,0.8571
0.44,0.19,0.9678,0.8406,0.8836,0.8117,0.9667,0.9678,0.9678,0.9678,0.9773,0.9,0.9474,0.8571
0.44,0.2,0.9678,0.8406,0.8836,0.8117,0.9667,0.9678,0.9678,0.9678,0.9773,0.9,0.9474,0.8571
0.44,0.21,0.9697,0.8571,0.8973,0.8296,0.9687,0.9696,0.9697,0.9697,0.9773,0.9,0.9474,0.8571
0.44,0.22,0.9697,0.8571,0.8973,0.8296,0.9687,0.9696,0.9697,0.9697,0.9773,0.9,0.9474,0.8571
0.44,0.23,0.9697,0.8571,0.8973,0.8296,0.9687,0.9696,0.9697,0.9697,0.9773,0.9,0.9474,0.8571
0.44,0.24,0.9716,0.8622,0.9077,0.8299,0.9703,0.9712,0.9716,0.9716,0.9792,0.9076,0.9643,0.8571
0.44,0.25,0.9697,0.856,0.9065,0.8204,0.9682,0.9692,0.9697,0.9697,0.9773,0.8983,0.9636,0.8413
0.44,0.26,0.9697,0.856,0.9065,0.8204,0.9682,0.9692,0.9697,0.9697,0.9773,0.8983,0.9636,0.8413
0.44,0.27,0.9697,0.856,0.9065,0.8204,0.9682,0.9692,0.9697,0.9697,0.9773,0.8983,0.9636,0.8413
0.44,0.28,0.9697,0.856,0.9065,0.8204,0.9682,0.9692,0.9697,0.9697,0.9773,0.8983,0.9636,0.8413
0.44,0.29,0.9697,0.856,0.9065,0.8204,0.9682,0.9692,0.9697,0.9697,0.9773,0.8983,0.9636,0.8413
0.44,0.3,0.9697,0.856,0.9065,0.8204,0.9682,0.9692,0.9697,0.9697,0.9773,0.8983,0.9636,0.8413
0.44,0.31,0.9697,0.856,0.9065,0.8204,0.9682,0.9692,0.9697,0.9697,0.9773,0.8983,0.9636,0.8413
0.44,0.32,0.9697,0.856,0.9065,0.8204,0.9682,0.9692,0.9697,0.9697,0.9773,0.8983,0.9636,0.8413
0.44,0.33,0.9697,0.856,0.9065,0.8204,0.9682,0.9692,0.9697,0.9697,0.9773,0.8983,0.9636,0.8413
0.44,0.34,0.9697,0.856,0.9065,0.8204,0.9682,0.9692,0.9697,0.9697,0.9773,0.8983,0.9636,0.8413
0.44,0.35,0.9697,0.856,0.9065,0.8204,0.9682,0.9692,0.9697,0.9697,0.9773,0.8983,0.9636,0.8413
0.44,0.36,0.9697,0.856,0.9065,0.8204,0.9682,0.9692,0.9697,0.9697,0.9773,0.8983,0.9636,0.8413
0.44,0.37,0.9659,0.8335,0.9008,0.7895,0.9636,0.965,0.9659,0.9659,0.9735,0.8793,0.9623,0.8095
0.44,0.38,0.9659,0.8335,0.9008,0.7895,0.9636,0.965,0.9659,0.9659,0.9735,0.8793,0.9623,0.8095
0.44,0.39,0.9659,0.8335,0.9008,0.7895,0.9636,0.965,0.9659,0.9659,0.9735,0.8793,0.9623,0.8095
0.44,0.4,0.9659,0.8335,0.9008,0.7895,0.9636,0.965,0.9659,0.9659,0.9735,0.8793,0.9623,0.8095
0.44,0.41,0.9659,0.8335,0.9008,0.7895,0.9636,0.965,0.9659,0.9659,0.9735,0.8793,0.9623,0.8095
0.44,0.42,0.9659,0.8335,0.9008,0.7895,0.9636,0.965,0.9659,0.9659,0.9735,0.8793,0.9623,0.8095
0.44,0.43,0.9659,0.8335,0.9008,0.7895,0.9636,0.965,0.9659,0.9659,0.9735,0.8793,0.9623,0.8095
0.44,0.44,0.9659,0.8335,0.9008,0.7895,0.9636,0.965,0.9659,0.9659,0.9735,0.8793,0.9623,0.8095
0.45,0.0,0.9659,0.8335,0.9008,0.7895,0.9636,0.965,0.9659,0.9659,0.9735,0.8793,0.9623,0.8095
0.45,0.01,0.892,0.6971,0.6432,0.8213,0.9103,0.9416,0.892,0.892,0.9053,0.6988,0.5631,0.9206
0.45,0.02,0.9394,0.7627,0.7194,0.829,0.9442,0.9526,0.9394,0.9394,0.9527,0.8227,0.7436,0.9206
0.45,0.03,0.9545,0.7947,0.766,0.8315,0.9563,0.9593,0.9545,0.9545,0.9678,0.8722,0.8286,0.9206
0.45,0.04,0.9583,0.8015,0.7884,0.8194,0.9591,0.9605,0.9583,0.9583,0.9716,0.8837,0.8636,0.9048
0.45,0.05,0.964,0.8178,0.8313,0.8203,0.9643,0.9669,0.964,0.964,0.9773,0.9048,0.9048,0.9048
0.45,0.06,0.9659,0.8392,0.8549,0.8382,0.9659,0.9681,0.9659,0.9659,0.9754,0.896,0.9032,0.8889
0.45,0.07,0.9659,0.8392,0.8549,0.8382,0.9659,0.9681,0.9659,0.9659,0.9754,0.896,0.9032,0.8889
0.45,0.08,0.9678,0.8477,0.8708,0.8385,0.9678,0.9698,0.9678,0.9678,0.9773,0.9032,0.918,0.8889
0.45,0.09,0.9678,0.8477,0.8708,0.8385,0.9678,0.9698,0.9678,0.9678,0.9773,0.9032,0.918,0.8889
0.45,0.1,0.9659,0.836,0.8646,0.8207,0.9656,0.9673,0.9659,0.9659,0.9754,0.8943,0.9167,0.873
0.45,0.11,0.9659,0.8363,0.8762,0.8114,0.9652,0.9667,0.9659,0.9659,0.9754,0.8926,0.931,0.8571
0.45,0.12,0.9659,0.8363,0.8762,0.8114,0.9652,0.9667,0.9659,0.9659,0.9754,0.8926,0.931,0.8571
0.45,0.13,0.9678,0.8406,0.8836,0.8117,0.9667,0.9678,0.9678,0.9678,0.9773,0.9,0.9474,0.8571
0.45,0.14,0.9678,0.8406,0.8836,0.8117,0.9667,0.9678,0.9678,0.9678,0.9773,0.9,0.9474,0.8571
0.45,0.15,0.9678,0.8406,0.8836,0.8117,0.9667,0.9678,0.9678,0.9678,0.9773,0.9,0.9474,0.8571
0.45,0.16,0.9678,0.8406,0.8836,0.8117,0.9667,0.9678,0.9678,0.9678,0.9773,0.9,0.9474,0.8571
0.45,0.17,0.9678,0.8406,0.8836,0.8117,0.9667,0.9678,0.9678,0.9678,0.9773,0.9,0.9474,0.8571
0.45,0.18,0.9678,0.8406,0.8836,0.8117,0.9667,0.9678,0.9678,0.9678,0.9773,0.9,0.9474,0.8571
0.45,0.19,0.9678,0.8406,0.8836,0.8117,0.9667,0.9678,0.9678,0.9678,0.9773,0.9,0.9474,0.8571
0.45,0.2,0.9678,0.8406,0.8836,0.8117,0.9667,0.9678,0.9678,0.9678,0.9773,0.9,0.9474,0.8571
0.45,0.21,0.9697,0.8571,0.8973,0.8296,0.9687,0.9696,0.9697,0.9697,0.9773,0.9,0.9474,0.8571
0.45,0.22,0.9697,0.8571,0.8973,0.8296,0.9687,0.9696,0.9697,0.9697,0.9773,0.9,0.9474,0.8571
0.45,0.23,0.9697,0.8571,0.8973,0.8296,0.9687,0.9696,0.9697,0.9697,0.9773,0.9,0.9474,0.8571
0.45,0.24,0.9716,0.8622,0.9077,0.8299,0.9703,0.9712,0.9716,0.9716,0.9792,0.9076,0.9643,0.8571
0.45,0.25,0.9697,0.856,0.9065,0.8204,0.9682,0.9692,0.9697,0.9697,0.9773,0.8983,0.9636,0.8413
0.45,0.26,0.9697,0.856,0.9065,0.8204,0.9682,0.9692,0.9697,0.9697,0.9773,0.8983,0.9636,0.8413
0.45,0.27,0.9697,0.856,0.9065,0.8204,0.9682,0.9692,0.9697,0.9697,0.9773,0.8983,0.9636,0.8413
0.45,0.28,0.9697,0.856,0.9065,0.8204,0.9682,0.9692,0.9697,0.9697,0.9773,0.8983,0.9636,0.8413
0.45,0.29,0.9697,0.856,0.9065,0.8204,0.9682,0.9692,0.9697,0.9697,0.9773,0.8983,0.9636,0.8413
0.45,0.3,0.9697,0.856,0.9065,0.8204,0.9682,0.9692,0.9697,0.9697,0.9773,0.8983,0.9636,0.8413
0.45,0.31,0.9697,0.856,0.9065,0.8204,0.9682,0.9692,0.9697,0.9697,0.9773,0.8983,0.9636,0.8413
0.45,0.32,0.9697,0.856,0.9065,0.8204,0.9682,0.9692,0.9697,0.9697,0.9773,0.8983,0.9636,0.8413
0.45,0.33,0.9697,0.856,0.9065,0.8204,0.9682,0.9692,0.9697,0.9697,0.9773,0.8983,0.9636,0.8413
0.45,0.34,0.9697,0.856,0.9065,0.8204,0.9682,0.9692,0.9697,0.9697,0.9773,0.8983,0.9636,0.8413
0.45,0.35,0.9697,0.856,0.9065,0.8204,0.9682,0.9692,0.9697,0.9697,0.9773,0.8983,0.9636,0.8413
0.45,0.36,0.9697,0.856,0.9065,0.8204,0.9682,0.9692,0.9697,0.9697,0.9773,0.8983,0.9636,0.8413
0.45,0.37,0.9659,0.8335,0.9008,0.7895,0.9636,0.965,0.9659,0.9659,0.9735,0.8793,0.9623,0.8095
0.45,0.38,0.9659,0.8335,0.9008,0.7895,0.9636,0.965,0.9659,0.9659,0.9735,0.8793,0.9623,0.8095
0.45,0.39,0.9659,0.8335,0.9008,0.7895,0.9636,0.965,0.9659,0.9659,0.9735,0.8793,0.9623,0.8095
0.45,0.4,0.9659,0.8335,0.9008,0.7895,0.9636,0.965,0.9659,0.9659,0.9735,0.8793,0.9623,0.8095
0.45,0.41,0.9659,0.8335,0.9008,0.7895,0.9636,0.965,0.9659,0.9659,0.9735,0.8793,0.9623,0.8095
0.45,0.42,0.9659,0.8335,0.9008,0.7895,0.9636,0.965,0.9659,0.9659,0.9735,0.8793,0.9623,0.8095
0.45,0.43,0.9659,0.8335,0.9008,0.7895,0.9636,0.965,0.9659,0.9659,0.9735,0.8793,0.9623,0.8095
0.45,0.44,0.9659,0.8335,0.9008,0.7895,0.9636,0.965,0.9659,0.9659,0.9735,0.8793,0.9623,0.8095
0.45,0.45,0.9659,0.8335,0.9008,0.7895,0.9636,0.965,0.9659,0.9659,0.9735,0.8793,0.9623,0.8095
0.46,0.0,0.9659,0.8335,0.9008,0.7895,0.9636,0.965,0.9659,0.9659,0.9735,0.8793,0.9623,0.8095
0.46,0.01,0.892,0.6971,0.6432,0.8213,0.9103,0.9416,0.892,0.892,0.9053,0.6988,0.5631,0.9206
0.46,0.02,0.9394,0.7627,0.7194,0.829,0.9442,0.9526,0.9394,0.9394,0.9527,0.8227,0.7436,0.9206
0.46,0.03,0.9545,0.7947,0.766,0.8315,0.9563,0.9593,0.9545,0.9545,0.9678,0.8722,0.8286,0.9206
0.46,0.04,0.9583,0.8015,0.7884,0.8194,0.9591,0.9605,0.9583,0.9583,0.9716,0.8837,0.8636,0.9048
0.46,0.05,0.964,0.8178,0.8313,0.8203,0.9643,0.9669,0.964,0.964,0.9773,0.9048,0.9048,0.9048
0.46,0.06,0.9659,0.8392,0.8549,0.8382,0.9659,0.9681,0.9659,0.9659,0.9754,0.896,0.9032,0.8889
0.46,0.07,0.9659,0.8392,0.8549,0.8382,0.9659,0.9681,0.9659,0.9659,0.9754,0.896,0.9032,0.8889
0.46,0.08,0.9678,0.8477,0.8708,0.8385,0.9678,0.9698,0.9678,0.9678,0.9773,0.9032,0.918,0.8889
0.46,0.09,0.9678,0.8477,0.8708,0.8385,0.9678,0.9698,0.9678,0.9678,0.9773,0.9032,0.918,0.8889
0.46,0.1,0.9659,0.836,0.8646,0.8207,0.9656,0.9673,0.9659,0.9659,0.9754,0.8943,0.9167,0.873
0.46,0.11,0.9659,0.8363,0.8762,0.8114,0.9652,0.9667,0.9659,0.9659,0.9754,0.8926,0.931,0.8571
0.46,0.12,0.9659,0.8363,0.8762,0.8114,0.9652,0.9667,0.9659,0.9659,0.9754,0.8926,0.931,0.8571
0.46,0.13,0.9678,0.8406,0.8836,0.8117,0.9667,0.9678,0.9678,0.9678,0.9773,0.9,0.9474,0.8571
0.46,0.14,0.9678,0.8406,0.8836,0.8117,0.9667,0.9678,0.9678,0.9678,0.9773,0.9,0.9474,0.8571
0.46,0.15,0.9678,0.8406,0.8836,0.8117,0.9667,0.9678,0.9678,0.9678,0.9773,0.9,0.9474,0.8571
0.46,0.16,0.9678,0.8406,0.8836,0.8117,0.9667,0.9678,0.9678,0.9678,0.9773,0.9,0.9474,0.8571
0.46,0.17,0.9678,0.8406,0.8836,0.8117,0.9667,0.9678,0.9678,0.9678,0.9773,0.9,0.9474,0.8571
0.46,0.18,0.9678,0.8406,0.8836,0.8117,0.9667,0.9678,0.9678,0.9678,0.9773,0.9,0.9474,0.8571
0.46,0.19,0.9678,0.8406,0.8836,0.8117,0.9667,0.9678,0.9678,0.9678,0.9773,0.9,0.9474,0.8571
0.46,0.2,0.9678,0.8406,0.8836,0.8117,0.9667,0.9678,0.9678,0.9678,0.9773,0.9,0.9474,0.8571
0.46,0.21,0.9697,0.8571,0.8973,0.8296,0.9687,0.9696,0.9697,0.9697,0.9773,0.9,0.9474,0.8571
0.46,0.22,0.9697,0.8571,0.8973,0.8296,0.9687,0.9696,0.9697,0.9697,0.9773,0.9,0.9474,0.8571
0.46,0.23,0.9697,0.8571,0.8973,0.8296,0.9687,0.9696,0.9697,0.9697,0.9773,0.9,0.9474,0.8571
0.46,0.24,0.9716,0.8622,0.9077,0.8299,0.9703,0.9712,0.9716,0.9716,0.9792,0.9076,0.9643,0.8571
0.46,0.25,0.9697,0.856,0.9065,0.8204,0.9682,0.9692,0.9697,0.9697,0.9773,0.8983,0.9636,0.8413
0.46,0.26,0.9697,0.856,0.9065,0.8204,0.9682,0.9692,0.9697,0.9697,0.9773,0.8983,0.9636,0.8413
0.46,0.27,0.9697,0.856,0.9065,0.8204,0.9682,0.9692,0.9697,0.9697,0.9773,0.8983,0.9636,0.8413
0.46,0.28,0.9697,0.856,0.9065,0.8204,0.9682,0.9692,0.9697,0.9697,0.9773,0.8983,0.9636,0.8413
0.46,0.29,0.9697,0.856,0.9065,0.8204,0.9682,0.9692,0.9697,0.9697,0.9773,0.8983,0.9636,0.8413
0.46,0.3,0.9697,0.856,0.9065,0.8204,0.9682,0.9692,0.9697,0.9697,0.9773,0.8983,0.9636,0.8413
0.46,0.31,0.9697,0.856,0.9065,0.8204,0.9682,0.9692,0.9697,0.9697,0.9773,0.8983,0.9636,0.8413
0.46,0.32,0.9697,0.856,0.9065,0.8204,0.9682,0.9692,0.9697,0.9697,0.9773,0.8983,0.9636,0.8413
0.46,0.33,0.9697,0.856,0.9065,0.8204,0.9682,0.9692,0.9697,0.9697,0.9773,0.8983,0.9636,0.8413
0.46,0.34,0.9697,0.856,0.9065,0.8204,0.9682,0.9692,0.9697,0.9697,0.9773,0.8983,0.9636,0.8413
0.46,0.35,0.9697,0.856,0.9065,0.8204,0.9682,0.9692,0.9697,0.9697,0.9773,0.8983,0.9636,0.8413
0.46,0.36,0.9697,0.856,0.9065,0.8204,0.9682,0.9692,0.9697,0.9697,0.9773,0.8983,0.9636,0.8413
0.46,0.37,0.9659,0.8335,0.9008,0.7895,0.9636,0.965,0.9659,0.9659,0.9735,0.8793,0.9623,0.8095
0.46,0.38,0.9659,0.8335,0.9008,0.7895,0.9636,0.965,0.9659,0.9659,0.9735,0.8793,0.9623,0.8095
0.46,0.39,0.9659,0.8335,0.9008,0.7895,0.9636,0.965,0.9659,0.9659,0.9735,0.8793,0.9623,0.8095
0.46,0.4,0.9659,0.8335,0.9008,0.7895,0.9636,0.965,0.9659,0.9659,0.9735,0.8793,0.9623,0.8095
0.46,0.41,0.9659,0.8335,0.9008,0.7895,0.9636,0.965,0.9659,0.9659,0.9735,0.8793,0.9623,0.8095
0.46,0.42,0.9659,0.8335,0.9008,0.7895,0.9636,0.965,0.9659,0.9659,0.9735,0.8793,0.9623,0.8095
0.46,0.43,0.9659,0.8335,0.9008,0.7895,0.9636,0.965,0.9659,0.9659,0.9735,0.8793,0.9623,0.8095
0.46,0.44,0.9659,0.8335,0.9008,0.7895,0.9636,0.965,0.9659,0.9659,0.9735,0.8793,0.9623,0.8095
0.46,0.45,0.9659,0.8335,0.9008,0.7895,0.9636,0.965,0.9659,0.9659,0.9735,0.8793,0.9623,0.8095
0.46,0.46,0.9659,0.8335,0.9008,0.7895,0.9636,0.965,0.9659,0.9659,0.9735,0.8793,0.9623,0.8095
0.47,0.0,0.9659,0.8335,0.9008,0.7895,0.9636,0.965,0.9659,0.9659,0.9735,0.8793,0.9623,0.8095
0.47,0.01,0.892,0.6971,0.6432,0.8213,0.9103,0.9416,0.892,0.892,0.9053,0.6988,0.5631,0.9206
0.47,0.02,0.9394,0.7627,0.7194,0.829,0.9442,0.9526,0.9394,0.9394,0.9527,0.8227,0.7436,0.9206
0.47,0.03,0.9545,0.7947,0.766,0.8315,0.9563,0.9593,0.9545,0.9545,0.9678,0.8722,0.8286,0.9206
0.47,0.04,0.9583,0.8015,0.7884,0.8194,0.9591,0.9605,0.9583,0.9583,0.9716,0.8837,0.8636,0.9048
0.47,0.05,0.964,0.8178,0.8313,0.8203,0.9643,0.9669,0.964,0.964,0.9773,0.9048,0.9048,0.9048
0.47,0.06,0.9659,0.8392,0.8549,0.8382,0.9659,0.9681,0.9659,0.9659,0.9754,0.896,0.9032,0.8889
0.47,0.07,0.9659,0.8392,0.8549,0.8382,0.9659,0.9681,0.9659,0.9659,0.9754,0.896,0.9032,0.8889
0.47,0.08,0.9678,0.8477,0.8708,0.8385,0.9678,0.9698,0.9678,0.9678,0.9773,0.9032,0.918,0.8889
0.47,0.09,0.9678,0.8477,0.8708,0.8385,0.9678,0.9698,0.9678,0.9678,0.9773,0.9032,0.918,0.8889
0.47,0.1,0.9659,0.836,0.8646,0.8207,0.9656,0.9673,0.9659,0.9659,0.9754,0.8943,0.9167,0.873
0.47,0.11,0.9659,0.8363,0.8762,0.8114,0.9652,0.9667,0.9659,0.9659,0.9754,0.8926,0.931,0.8571
0.47,0.12,0.9659,0.8363,0.8762,0.8114,0.9652,0.9667,0.9659,0.9659,0.9754,0.8926,0.931,0.8571
0.47,0.13,0.9678,0.8406,0.8836,0.8117,0.9667,0.9678,0.9678,0.9678,0.9773,0.9,0.9474,0.8571
0.47,0.14,0.9678,0.8406,0.8836,0.8117,0.9667,0.9678,0.9678,0.9678,0.9773,0.9,0.9474,0.8571
0.47,0.15,0.9678,0.8406,0.8836,0.8117,0.9667,0.9678,0.9678,0.9678,0.9773,0.9,0.9474,0.8571
0.47,0.16,0.9678,0.8406,0.8836,0.8117,0.9667,0.9678,0.9678,0.9678,0.9773,0.9,0.9474,0.8571
0.47,0.17,0.9678,0.8406,0.8836,0.8117,0.9667,0.9678,0.9678,0.9678,0.9773,0.9,0.9474,0.8571
0.47,0.18,0.9678,0.8406,0.8836,0.8117,0.9667,0.9678,0.9678,0.9678,0.9773,0.9,0.9474,0.8571
0.47,0.19,0.9678,0.8406,0.8836,0.8117,0.9667,0.9678,0.9678,0.9678,0.9773,0.9,0.9474,0.8571
0.47,0.2,0.9678,0.8406,0.8836,0.8117,0.9667,0.9678,0.9678,0.9678,0.9773,0.9,0.9474,0.8571
0.47,0.21,0.9697,0.8571,0.8973,0.8296,0.9687,0.9696,0.9697,0.9697,0.9773,0.9,0.9474,0.8571
0.47,0.22,0.9697,0.8571,0.8973,0.8296,0.9687,0.9696,0.9697,0.9697,0.9773,0.9,0.9474,0.8571
0.47,0.23,0.9697,0.8571,0.8973,0.8296,0.9687,0.9696,0.9697,0.9697,0.9773,0.9,0.9474,0.8571
0.47,0.24,0.9716,0.8622,0.9077,0.8299,0.9703,0.9712,0.9716,0.9716,0.9792,0.9076,0.9643,0.8571
0.47,0.25,0.9697,0.856,0.9065,0.8204,0.9682,0.9692,0.9697,0.9697,0.9773,0.8983,0.9636,0.8413
0.47,0.26,0.9697,0.856,0.9065,0.8204,0.9682,0.9692,0.9697,0.9697,0.9773,0.8983,0.9636,0.8413
0.47,0.27,0.9697,0.856,0.9065,0.8204,0.9682,0.9692,0.9697,0.9697,0.9773,0.8983,0.9636,0.8413
0.47,0.28,0.9697,0.856,0.9065,0.8204,0.9682,0.9692,0.9697,0.9697,0.9773,0.8983,0.9636,0.8413
0.47,0.29,0.9697,0.856,0.9065,0.8204,0.9682,0.9692,0.9697,0.9697,0.9773,0.8983,0.9636,0.8413
0.47,0.3,0.9697,0.856,0.9065,0.8204,0.9682,0.9692,0.9697,0.9697,0.9773,0.8983,0.9636,0.8413
0.47,0.31,0.9697,0.856,0.9065,0.8204,0.9682,0.9692,0.9697,0.9697,0.9773,0.8983,0.9636,0.8413
0.47,0.32,0.9697,0.856,0.9065,0.8204,0.9682,0.9692,0.9697,0.9697,0.9773,0.8983,0.9636,0.8413
0.47,0.33,0.9697,0.856,0.9065,0.8204,0.9682,0.9692,0.9697,0.9697,0.9773,0.8983,0.9636,0.8413
0.47,0.34,0.9697,0.856,0.9065,0.8204,0.9682,0.9692,0.9697,0.9697,0.9773,0.8983,0.9636,0.8413
0.47,0.35,0.9697,0.856,0.9065,0.8204,0.9682,0.9692,0.9697,0.9697,0.9773,0.8983,0.9636,0.8413
0.47,0.36,0.9697,0.856,0.9065,0.8204,0.9682,0.9692,0.9697,0.9697,0.9773,0.8983,0.9636,0.8413
0.47,0.37,0.9659,0.8335,0.9008,0.7895,0.9636,0.965,0.9659,0.9659,0.9735,0.8793,0.9623,0.8095
0.47,0.38,0.9659,0.8335,0.9008,0.7895,0.9636,0.965,0.9659,0.9659,0.9735,0.8793,0.9623,0.8095
0.47,0.39,0.9659,0.8335,0.9008,0.7895,0.9636,0.965,0.9659,0.9659,0.9735,0.8793,0.9623,0.8095
0.47,0.4,0.9659,0.8335,0.9008,0.7895,0.9636,0.965,0.9659,0.9659,0.9735,0.8793,0.9623,0.8095
0.47,0.41,0.9659,0.8335,0.9008,0.7895,0.9636,0.965,0.9659,0.9659,0.9735,0.8793,0.9623,0.8095
0.47,0.42,0.9659,0.8335,0.9008,0.7895,0.9636,0.965,0.9659,0.9659,0.9735,0.8793,0.9623,0.8095
0.47,0.43,0.9659,0.8335,0.9008,0.7895,0.9636,0.965,0.9659,0.9659,0.9735,0.8793,0.9623,0.8095
0.47,0.44,0.9659,0.8335,0.9008,0.7895,0.9636,0.965,0.9659,0.9659,0.9735,0.8793,0.9623,0.8095
0.47,0.45,0.9659,0.8335,0.9008,0.7895,0.9636,0.965,0.9659,0.9659,0.9735,0.8793,0.9623,0.8095
0.47,0.46,0.9659,0.8335,0.9008,0.7895,0.9636,0.965,0.9659,0.9659,0.9735,0.8793,0.9623,0.8095
0.47,0.47,0.9659,0.8335,0.9008,0.7895,0.9636,0.965,0.9659,0.9659,0.9735,0.8793,0.9623,0.8095
0.48,0.0,0.964,0.8251,0.8989,0.7753,0.9616,0.963,0.964,0.964,0.9716,0.8696,0.9615,0.7937
0.48,0.01,0.892,0.6971,0.6432,0.8213,0.9103,0.9416,0.892,0.892,0.9053,0.6988,0.5631,0.9206
0.48,0.02,0.9394,0.7627,0.7194,0.829,0.9442,0.9526,0.9394,0.9394,0.9527,0.8227,0.7436,0.9206
0.48,0.03,0.9545,0.7947,0.766,0.8315,0.9563,0.9593,0.9545,0.9545,0.9678,0.8722,0.8286,0.9206
0.48,0.04,0.9583,0.8015,0.7884,0.8194,0.9591,0.9605,0.9583,0.9583,0.9716,0.8837,0.8636,0.9048
0.48,0.05,0.964,0.8178,0.8313,0.8203,0.9643,0.9669,0.964,0.964,0.9773,0.9048,0.9048,0.9048
0.48,0.06,0.9659,0.8392,0.8549,0.8382,0.9659,0.9681,0.9659,0.9659,0.9754,0.896,0.9032,0.8889
0.48,0.07,0.9659,0.8392,0.8549,0.8382,0.9659,0.9681,0.9659,0.9659,0.9754,0.896,0.9032,0.8889
0.48,0.08,0.9678,0.8477,0.8708,0.8385,0.9678,0.9698,0.9678,0.9678,0.9773,0.9032,0.918,0.8889
0.48,0.09,0.9678,0.8477,0.8708,0.8385,0.9678,0.9698,0.9678,0.9678,0.9773,0.9032,0.918,0.8889
0.48,0.1,0.9659,0.836,0.8646,0.8207,0.9656,0.9673,0.9659,0.9659,0.9754,0.8943,0.9167,0.873
0.48,0.11,0.9659,0.8363,0.8762,0.8114,0.9652,0.9667,0.9659,0.9659,0.9754,0.8926,0.931,0.8571
0.48,0.12,0.9659,0.8363,0.8762,0.8114,0.9652,0.9667,0.9659,0.9659,0.9754,0.8926,0.931,0.8571
0.48,0.13,0.9678,0.8406,0.8836,0.8117,0.9667,0.9678,0.9678,0.9678,0.9773,0.9,0.9474,0.8571
0.48,0.14,0.9678,0.8406,0.8836,0.8117,0.9667,0.9678,0.9678,0.9678,0.9773,0.9,0.9474,0.8571
0.48,0.15,0.9678,0.8406,0.8836,0.8117,0.9667,0.9678,0.9678,0.9678,0.9773,0.9,0.9474,0.8571
0.48,0.16,0.9678,0.8406,0.8836,0.8117,0.9667,0.9678,0.9678,0.9678,0.9773,0.9,0.9474,0.8571
0.48,0.17,0.9678,0.8406,0.8836,0.8117,0.9667,0.9678,0.9678,0.9678,0.9773,0.9,0.9474,0.8571
0.48,0.18,0.9678,0.8406,0.8836,0.8117,0.9667,0.9678,0.9678,0.9678,0.9773,0.9,0.9474,0.8571
0.48,0.19,0.9678,0.8406,0.8836,0.8117,0.9667,0.9678,0.9678,0.9678,0.9773,0.9,0.9474,0.8571
0.48,0.2,0.9678,0.8406,0.8836,0.8117,0.9667,0.9678,0.9678,0.9678,0.9773,0.9,0.9474,0.8571
0.48,0.21,0.9697,0.8571,0.8973,0.8296,0.9687,0.9696,0.9697,0.9697,0.9773,0.9,0.9474,0.8571
0.48,0.22,0.9697,0.8571,0.8973,0.8296,0.9687,0.9696,0.9697,0.9697,0.9773,0.9,0.9474,0.8571
0.48,0.23,0.9697,0.8571,0.8973,0.8296,0.9687,0.9696,0.9697,0.9697,0.9773,0.9,0.9474,0.8571
0.48,0.24,0.9716,0.8622,0.9077,0.8299,0.9703,0.9712,0.9716,0.9716,0.9792,0.9076,0.9643,0.8571
0.48,0.25,0.9697,0.856,0.9065,0.8204,0.9682,0.9692,0.9697,0.9697,0.9773,0.8983,0.9636,0.8413
0.48,0.26,0.9697,0.856,0.9065,0.8204,0.9682,0.9692,0.9697,0.9697,0.9773,0.8983,0.9636,0.8413
0.48,0.27,0.9697,0.856,0.9065,0.8204,0.9682,0.9692,0.9697,0.9697,0.9773,0.8983,0.9636,0.8413
0.48,0.28,0.9697,0.856,0.9065,0.8204,0.9682,0.9692,0.9697,0.9697,0.9773,0.8983,0.9636,0.8413
0.48,0.29,0.9697,0.856,0.9065,0.8204,0.9682,0.9692,0.9697,0.9697,0.9773,0.8983,0.9636,0.8413
0.48,0.3,0.9697,0.856,0.9065,0.8204,0.9682,0.9692,0.9697,0.9697,0.9773,0.8983,0.9636,0.8413
0.48,0.31,0.9697,0.856,0.9065,0.8204,0.9682,0.9692,0.9697,0.9697,0.9773,0.8983,0.9636,0.8413
0.48,0.32,0.9697,0.856,0.9065,0.8204,0.9682,0.9692,0.9697,0.9697,0.9773,0.8983,0.9636,0.8413
0.48,0.33,0.9697,0.856,0.9065,0.8204,0.9682,0.9692,0.9697,0.9697,0.9773,0.8983,0.9636,0.8413
0.48,0.34,0.9697,0.856,0.9065,0.8204,0.9682,0.9692,0.9697,0.9697,0.9773,0.8983,0.9636,0.8413
0.48,0.35,0.9697,0.856,0.9065,0.8204,0.9682,0.9692,0.9697,0.9697,0.9773,0.8983,0.9636,0.8413
0.48,0.36,0.9697,0.856,0.9065,0.8204,0.9682,0.9692,0.9697,0.9697,0.9773,0.8983,0.9636,0.8413
0.48,0.37,0.9659,0.8335,0.9008,0.7895,0.9636,0.965,0.9659,0.9659,0.9735,0.8793,0.9623,0.8095
0.48,0.38,0.9659,0.8335,0.9008,0.7895,0.9636,0.965,0.9659,0.9659,0.9735,0.8793,0.9623,0.8095
0.48,0.39,0.9659,0.8335,0.9008,0.7895,0.9636,0.965,0.9659,0.9659,0.9735,0.8793,0.9623,0.8095
0.48,0.4,0.9659,0.8335,0.9008,0.7895,0.9636,0.965,0.9659,0.9659,0.9735,0.8793,0.9623,0.8095
0.48,0.41,0.9659,0.8335,0.9008,0.7895,0.9636,0.965,0.9659,0.9659,0.9735,0.8793,0.9623,0.8095
0.48,0.42,0.9659,0.8335,0.9008,0.7895,0.9636,0.965,0.9659,0.9659,0.9735,0.8793,0.9623,0.8095
0.48,0.43,0.9659,0.8335,0.9008,0.7895,0.9636,0.965,0.9659,0.9659,0.9735,0.8793,0.9623,0.8095
0.48,0.44,0.9659,0.8335,0.9008,0.7895,0.9636,0.965,0.9659,0.9659,0.9735,0.8793,0.9623,0.8095
0.48,0.45,0.9659,0.8335,0.9008,0.7895,0.9636,0.965,0.9659,0.9659,0.9735,0.8793,0.9623,0.8095
0.48,0.46,0.9659,0.8335,0.9008,0.7895,0.9636,0.965,0.9659,0.9659,0.9735,0.8793,0.9623,0.8095
0.48,0.47,0.9659,0.8335,0.9008,0.7895,0.9636,0.965,0.9659,0.9659,0.9735,0.8793,0.9623,0.8095
0.48,0.48,0.964,0.8251,0.8989,0.7753,0.9616,0.963,0.964,0.964,0.9716,0.8696,0.9615,0.7937
0.49,0.0,0.964,0.8251,0.8989,0.7753,0.9616,0.963,0.964,0.964,0.9716,0.8696,0.9615,0.7937
0.49,0.01,0.892,0.6971,0.6432,0.8213,0.9103,0.9416,0.892,0.892,0.9053,0.6988,0.5631,0.9206
0.49,0.02,0.9394,0.7627,0.7194,0.829,0.9442,0.9526,0.9394,0.9394,0.9527,0.8227,0.7436,0.9206
0.49,0.03,0.9545,0.7947,0.766,0.8315,0.9563,0.9593,0.9545,0.9545,0.9678,0.8722,0.8286,0.9206
0.49,0.04,0.9583,0.8015,0.7884,0.8194,0.9591,0.9605,0.9583,0.9583,0.9716,0.8837,0.8636,0.9048
0.49,0.05,0.964,0.8178,0.8313,0.8203,0.9643,0.9669,0.964,0.964,0.9773,0.9048,0.9048,0.9048
0.49,0.06,0.9659,0.8392,0.8549,0.8382,0.9659,0.9681,0.9659,0.9659,0.9754,0.896,0.9032,0.8889
0.49,0.07,0.9659,0.8392,0.8549,0.8382,0.9659,0.9681,0.9659,0.9659,0.9754,0.896,0.9032,0.8889
0.49,0.08,0.9678,0.8477,0.8708,0.8385,0.9678,0.9698,0.9678,0.9678,0.9773,0.9032,0.918,0.8889
0.49,0.09,0.9678,0.8477,0.8708,0.8385,0.9678,0.9698,0.9678,0.9678,0.9773,0.9032,0.918,0.8889
0.49,0.1,0.9659,0.836,0.8646,0.8207,0.9656,0.9673,0.9659,0.9659,0.9754,0.8943,0.9167,0.873
0.49,0.11,0.9659,0.8363,0.8762,0.8114,0.9652,0.9667,0.9659,0.9659,0.9754,0.8926,0.931,0.8571
0.49,0.12,0.9659,0.8363,0.8762,0.8114,0.9652,0.9667,0.9659,0.9659,0.9754,0.8926,0.931,0.8571
0.49,0.13,0.9678,0.8406,0.8836,0.8117,0.9667,0.9678,0.9678,0.9678,0.9773,0.9,0.9474,0.8571
0.49,0.14,0.9678,0.8406,0.8836,0.8117,0.9667,0.9678,0.9678,0.9678,0.9773,0.9,0.9474,0.8571
0.49,0.15,0.9678,0.8406,0.8836,0.8117,0.9667,0.9678,0.9678,0.9678,0.9773,0.9,0.9474,0.8571
0.49,0.16,0.9678,0.8406,0.8836,0.8117,0.9667,0.9678,0.9678,0.9678,0.9773,0.9,0.9474,0.8571
0.49,0.17,0.9678,0.8406,0.8836,0.8117,0.9667,0.9678,0.9678,0.9678,0.9773,0.9,0.9474,0.8571
0.49,0.18,0.9678,0.8406,0.8836,0.8117,0.9667,0.9678,0.9678,0.9678,0.9773,0.9,0.9474,0.8571
0.49,0.19,0.9678,0.8406,0.8836,0.8117,0.9667,0.9678,0.9678,0.9678,0.9773,0.9,0.9474,0.8571
0.49,0.2,0.9678,0.8406,0.8836,0.8117,0.9667,0.9678,0.9678,0.9678,0.9773,0.9,0.9474,0.8571
0.49,0.21,0.9697,0.8571,0.8973,0.8296,0.9687,0.9696,0.9697,0.9697,0.9773,0.9,0.9474,0.8571
0.49,0.22,0.9697,0.8571,0.8973,0.8296,0.9687,0.9696,0.9697,0.9697,0.9773,0.9,0.9474,0.8571
0.49,0.23,0.9697,0.8571,0.8973,0.8296,0.9687,0.9696,0.9697,0.9697,0.9773,0.9,0.9474,0.8571
0.49,0.24,0.9716,0.8622,0.9077,0.8299,0.9703,0.9712,0.9716,0.9716,0.9792,0.9076,0.9643,0.8571
0.49,0.25,0.9697,0.856,0.9065,0.8204,0.9682,0.9692,0.9697,0.9697,0.9773,0.8983,0.9636,0.8413
0.49,0.26,0.9697,0.856,0.9065,0.8204,0.9682,0.9692,0.9697,0.9697,0.9773,0.8983,0.9636,0.8413
0.49,0.27,0.9697,0.856,0.9065,0.8204,0.9682,0.9692,0.9697,0.9697,0.9773,0.8983,0.9636,0.8413
0.49,0.28,0.9697,0.856,0.9065,0.8204,0.9682,0.9692,0.9697,0.9697,0.9773,0.8983,0.9636,0.8413
0.49,0.29,0.9697,0.856,0.9065,0.8204,0.9682,0.9692,0.9697,0.9697,0.9773,0.8983,0.9636,0.8413
0.49,0.3,0.9697,0.856,0.9065,0.8204,0.9682,0.9692,0.9697,0.9697,0.9773,0.8983,0.9636,0.8413
0.49,0.31,0.9697,0.856,0.9065,0.8204,0.9682,0.9692,0.9697,0.9697,0.9773,0.8983,0.9636,0.8413
0.49,0.32,0.9697,0.856,0.9065,0.8204,0.9682,0.9692,0.9697,0.9697,0.9773,0.8983,0.9636,0.8413
0.49,0.33,0.9697,0.856,0.9065,0.8204,0.9682,0.9692,0.9697,0.9697,0.9773,0.8983,0.9636,0.8413
0.49,0.34,0.9697,0.856,0.9065,0.8204,0.9682,0.9692,0.9697,0.9697,0.9773,0.8983,0.9636,0.8413
0.49,0.35,0.9697,0.856,0.9065,0.8204,0.9682,0.9692,0.9697,0.9697,0.9773,0.8983,0.9636,0.8413
0.49,0.36,0.9697,0.856,0.9065,0.8204,0.9682,0.9692,0.9697,0.9697,0.9773,0.8983,0.9636,0.8413
0.49,0.37,0.9659,0.8335,0.9008,0.7895,0.9636,0.965,0.9659,0.9659,0.9735,0.8793,0.9623,0.8095
0.49,0.38,0.9659,0.8335,0.9008,0.7895,0.9636,0.965,0.9659,0.9659,0.9735,0.8793,0.9623,0.8095
0.49,0.39,0.9659,0.8335,0.9008,0.7895,0.9636,0.965,0.9659,0.9659,0.9735,0.8793,0.9623,0.8095
0.49,0.4,0.9659,0.8335,0.9008,0.7895,0.9636,0.965,0.9659,0.9659,0.9735,0.8793,0.9623,0.8095
0.49,0.41,0.9659,0.8335,0.9008,0.7895,0.9636,0.965,0.9659,0.9659,0.9735,0.8793,0.9623,0.8095
0.49,0.42,0.9659,0.8335,0.9008,0.7895,0.9636,0.965,0.9659,0.9659,0.9735,0.8793,0.9623,0.8095
0.49,0.43,0.9659,0.8335,0.9008,0.7895,0.9636,0.965,0.9659,0.9659,0.9735,0.8793,0.9623,0.8095
0.49,0.44,0.9659,0.8335,0.9008,0.7895,0.9636,0.965,0.9659,0.9659,0.9735,0.8793,0.9623,0.8095
0.49,0.45,0.9659,0.8335,0.9008,0.7895,0.9636,0.965,0.9659,0.9659,0.9735,0.8793,0.9623,0.8095
0.49,0.46,0.9659,0.8335,0.9008,0.7895,0.9636,0.965,0.9659,0.9659,0.9735,0.8793,0.9623,0.8095
0.49,0.47,0.9659,0.8335,0.9008,0.7895,0.9636,0.965,0.9659,0.9659,0.9735,0.8793,0.9623,0.8095
0.49,0.48,0.964,0.8251,0.8989,0.7753,0.9616,0.963,0.964,0.964,0.9716,0.8696,0.9615,0.7937
0.49,0.49,0.964,0.8251,0.8989,0.7753,0.9616,0.963,0.964,0.964,0.9716,0.8696,0.9615,0.7937
0.5,0.0,0.9621,0.8184,0.8976,0.7657,0.9594,0.961,0.9621,0.9621,0.9697,0.8596,0.9608,0.7778
0.5,0.01,0.892,0.6971,0.6432,0.8213,0.9103,0.9416,0.892,0.892,0.9053,0.6988,0.5631,0.9206
0.5,0.02,0.9394,0.7627,0.7194,0.829,0.9442,0.9526,0.9394,0.9394,0.9527,0.8227,0.7436,0.9206
0.5,0.03,0.9545,0.7947,0.766,0.8315,0.9563,0.9593,0.9545,0.9545,0.9678,0.8722,0.8286,0.9206
0.5,0.04,0.9583,0.8015,0.7884,0.8194,0.9591,0.9605,0.9583,0.9583,0.9716,0.8837,0.8636,0.9048
0.5,0.05,0.964,0.8178,0.8313,0.8203,0.9643,0.9669,0.964,0.964,0.9773,0.9048,0.9048,0.9048
0.5,0.06,0.9659,0.8392,0.8549,0.8382,0.9659,0.9681,0.9659,0.9659,0.9754,0.896,0.9032,0.8889
0.5,0.07,0.9659,0.8392,0.8549,0.8382,0.9659,0.9681,0.9659,0.9659,0.9754,0.896,0.9032,0.8889
0.5,0.08,0.9678,0.8477,0.8708,0.8385,0.9678,0.9698,0.9678,0.9678,0.9773,0.9032,0.918,0.8889
0.5,0.09,0.9678,0.8477,0.8708,0.8385,0.9678,0.9698,0.9678,0.9678,0.9773,0.9032,0.918,0.8889
0.5,0.1,0.9659,0.836,0.8646,0.8207,0.9656,0.9673,0.9659,0.9659,0.9754,0.8943,0.9167,0.873
0.5,0.11,0.9659,0.8363,0.8762,0.8114,0.9652,0.9667,0.9659,0.9659,0.9754,0.8926,0.931,0.8571
0.5,0.12,0.9659,0.8363,0.8762,0.8114,0.9652,0.9667,0.9659,0.9659,0.9754,0.8926,0.931,0.8571
0.5,0.13,0.9678,0.8406,0.8836,0.8117,0.9667,0.9678,0.9678,0.9678,0.9773,0.9,0.9474,0.8571
0.5,0.14,0.9678,0.8406,0.8836,0.8117,0.9667,0.9678,0.9678,0.9678,0.9773,0.9,0.9474,0.8571
0.5,0.15,0.9678,0.8406,0.8836,0.8117,0.9667,0.9678,0.9678,0.9678,0.9773,0.9,0.9474,0.8571
0.5,0.16,0.9678,0.8406,0.8836,0.8117,0.9667,0.9678,0.9678,0.9678,0.9773,0.9,0.9474,0.8571
0.5,0.17,0.9678,0.8406,0.8836,0.8117,0.9667,0.9678,0.9678,0.9678,0.9773,0.9,0.9474,0.8571
0.5,0.18,0.9678,0.8406,0.8836,0.8117,0.9667,0.9678,0.9678,0.9678,0.9773,0.9,0.9474,0.8571
0.5,0.19,0.9678,0.8406,0.8836,0.8117,0.9667,0.9678,0.9678,0.9678,0.9773,0.9,0.9474,0.8571
0.5,0.2,0.9678,0.8406,0.8836,0.8117,0.9667,0.9678,0.9678,0.9678,0.9773,0.9,0.9474,0.8571
0.5,0.21,0.9697,0.8571,0.8973,0.8296,0.9687,0.9696,0.9697,0.9697,0.9773,0.9,0.9474,0.8571
0.5,0.22,0.9697,0.8571,0.8973,0.8296,0.9687,0.9696,0.9697,0.9697,0.9773,0.9,0.9474,0.8571
0.5,0.23,0.9697,0.8571,0.8973,0.8296,0.9687,0.9696,0.9697,0.9697,0.9773,0.9,0.9474,0.8571
0.5,0.24,0.9716,0.8622,0.9077,0.8299,0.9703,0.9712,0.9716,0.9716,0.9792,0.9076,0.9643,0.8571
0.5,0.25,0.9697,0.856,0.9065,0.8204,0.9682,0.9692,0.9697,0.9697,0.9773,0.8983,0.9636,0.8413
0.5,0.26,0.9697,0.856,0.9065,0.8204,0.9682,0.9692,0.9697,0.9697,0.9773,0.8983,0.9636,0.8413
0.5,0.27,0.9697,0.856,0.9065,0.8204,0.9682,0.9692,0.9697,0.9697,0.9773,0.8983,0.9636,0.8413
0.5,0.28,0.9697,0.856,0.9065,0.8204,0.9682,0.9692,0.9697,0.9697,0.9773,0.8983,0.9636,0.8413
0.5,0.29,0.9697,0.856,0.9065,0.8204,0.9682,0.9692,0.9697,0.9697,0.9773,0.8983,0.9636,0.8413
0.5,0.3,0.9697,0.856,0.9065,0.8204,0.9682,0.9692,0.9697,0.9697,0.9773,0.8983,0.9636,0.8413
0.5,0.31,0.9697,0.856,0.9065,0.8204,0.9682,0.9692,0.9697,0.9697,0.9773,0.8983,0.9636,0.8413
0.5,0.32,0.9697,0.856,0.9065,0.8204,0.9682,0.9692,0.9697,0.9697,0.9773,0.8983,0.9636,0.8413
0.5,0.33,0.9697,0.856,0.9065,0.8204,0.9682,0.9692,0.9697,0.9697,0.9773,0.8983,0.9636,0.8413
0.5,0.34,0.9697,0.856,0.9065,0.8204,0.9682,0.9692,0.9697,0.9697,0.9773,0.8983,0.9636,0.8413
0.5,0.35,0.9697,0.856,0.9065,0.8204,0.9682,0.9692,0.9697,0.9697,0.9773,0.8983,0.9636,0.8413
0.5,0.36,0.9697,0.856,0.9065,0.8204,0.9682,0.9692,0.9697,0.9697,0.9773,0.8983,0.9636,0.8413
0.5,0.37,0.9659,0.8335,0.9008,0.7895,0.9636,0.965,0.9659,0.9659,0.9735,0.8793,0.9623,0.8095
0.5,0.38,0.9659,0.8335,0.9008,0.7895,0.9636,0.965,0.9659,0.9659,0.9735,0.8793,0.9623,0.8095
0.5,0.39,0.9659,0.8335,0.9008,0.7895,0.9636,0.965,0.9659,0.9659,0.9735,0.8793,0.9623,0.8095
0.5,0.4,0.9659,0.8335,0.9008,0.7895,0.9636,0.965,0.9659,0.9659,0.9735,0.8793,0.9623,0.8095
0.5,0.41,0.9659,0.8335,0.9008,0.7895,0.9636,0.965,0.9659,0.9659,0.9735,0.8793,0.9623,0.8095
0.5,0.42,0.9659,0.8335,0.9008,0.7895,0.9636,0.965,0.9659,0.9659,0.9735,0.8793,0.9623,0.8095
0.5,0.43,0.9659,0.8335,0.9008,0.7895,0.9636,0.965,0.9659,0.9659,0.9735,0.8793,0.9623,0.8095
0.5,0.44,0.9659,0.8335,0.9008,0.7895,0.9636,0.965,0.9659,0.9659,0.9735,0.8793,0.9623,0.8095
0.5,0.45,0.9659,0.8335,0.9008,0.7895,0.9636,0.965,0.9659,0.9659,0.9735,0.8793,0.9623,0.8095
0.5,0.46,0.9659,0.8335,0.9008,0.7895,0.9636,0.965,0.9659,0.9659,0.9735,0.8793,0.9623,0.8095
0.5,0.47,0.9659,0.8335,0.9008,0.7895,0.9636,0.965,0.9659,0.9659,0.9735,0.8793,0.9623,0.8095
0.5,0.48,0.964,0.8251,0.8989,0.7753,0.9616,0.963,0.964,0.964,0.9716,0.8696,0.9615,0.7937
0.5,0.49,0.964,0.8251,0.8989,0.7753,0.9616,0.963,0.964,0.964,0.9716,0.8696,0.9615,0.7937
0.5,0.5,0.9621,0.8184,0.8976,0.7657,0.9594,0.961,0.9621,0.9621,0.9697,0.8596,0.9608,0.7778
0.51,0.0,0.9602,0.8134,0.914,0.7527,0.9566,0.9592,0.9602,0.9602,0.9659,0.8393,0.9592,0.746
0.51,0.01,0.892,0.6971,0.6432,0.8213,0.9103,0.9416,0.892,0.892,0.9053,0.6988,0.5631,0.9206
0.51,0.02,0.9394,0.7627,0.7194,0.829,0.9442,0.9526,0.9394,0.9394,0.9527,0.8227,0.7436,0.9206
0.51,0.03,0.9545,0.7947,0.766,0.8315,0.9563,0.9593,0.9545,0.9545,0.9678,0.8722,0.8286,0.9206
0.51,0.04,0.9583,0.8015,0.7884,0.8194,0.9591,0.9605,0.9583,0.9583,0.9716,0.8837,0.8636,0.9048
0.51,0.05,0.964,0.8178,0.8313,0.8203,0.9643,0.9669,0.964,0.964,0.9773,0.9048,0.9048,0.9048
0.51,0.06,0.9659,0.8392,0.8549,0.8382,0.9659,0.9681,0.9659,0.9659,0.9754,0.896,0.9032,0.8889
0.51,0.07,0.9659,0.8392,0.8549,0.8382,0.9659,0.9681,0.9659,0.9659,0.9754,0.896,0.9032,0.8889
0.51,0.08,0.9678,0.8477,0.8708,0.8385,0.9678,0.9698,0.9678,0.9678,0.9773,0.9032,0.918,0.8889
0.51,0.09,0.9678,0.8477,0.8708,0.8385,0.9678,0.9698,0.9678,0.9678,0.9773,0.9032,0.918,0.8889
0.51,0.1,0.9659,0.836,0.8646,0.8207,0.9656,0.9673,0.9659,0.9659,0.9754,0.8943,0.9167,0.873
0.51,0.11,0.9659,0.8363,0.8762,0.8114,0.9652,0.9667,0.9659,0.9659,0.9754,0.8926,0.931,0.8571
0.51,0.12,0.9659,0.8363,0.8762,0.8114,0.9652,0.9667,0.9659,0.9659,0.9754,0.8926,0.931,0.8571
0.51,0.13,0.9678,0.8406,0.8836,0.8117,0.9667,0.9678,0.9678,0.9678,0.9773,0.9,0.9474,0.8571
0.51,0.14,0.9678,0.8406,0.8836,0.8117,0.9667,0.9678,0.9678,0.9678,0.9773,0.9,0.9474,0.8571
0.51,0.15,0.9678,0.8406,0.8836,0.8117,0.9667,0.9678,0.9678,0.9678,0.9773,0.9,0.9474,0.8571
0.51,0.16,0.9678,0.8406,0.8836,0.8117,0.9667,0.9678,0.9678,0.9678,0.9773,0.9,0.9474,0.8571
0.51,0.17,0.9678,0.8406,0.8836,0.8117,0.9667,0.9678,0.9678,0.9678,0.9773,0.9,0.9474,0.8571
0.51,0.18,0.9678,0.8406,0.8836,0.8117,0.9667,0.9678,0.9678,0.9678,0.9773,0.9,0.9474,0.8571
0.51,0.19,0.9678,0.8406,0.8836,0.8117,0.9667,0.9678,0.9678,0.9678,0.9773,0.9,0.9474,0.8571
0.51,0.2,0.9678,0.8406,0.8836,0.8117,0.9667,0.9678,0.9678,0.9678,0.9773,0.9,0.9474,0.8571
0.51,0.21,0.9697,0.8571,0.8973,0.8296,0.9687,0.9696,0.9697,0.9697,0.9773,0.9,0.9474,0.8571
0.51,0.22,0.9697,0.8571,0.8973,0.8296,0.9687,0.9696,0.9697,0.9697,0.9773,0.9,0.9474,0.8571
0.51,0.23,0.9697,0.8571,0.8973,0.8296,0.9687,0.9696,0.9697,0.9697,0.9773,0.9,0.9474,0.8571
0.51,0.24,0.9716,0.8622,0.9077,0.8299,0.9703,0.9712,0.9716,0.9716,0.9792,0.9076,0.9643,0.8571
0.51,0.25,0.9697,0.856,0.9065,0.8204,0.9682,0.9692,0.9697,0.9697,0.9773,0.8983,0.9636,0.8413
0.51,0.26,0.9697,0.856,0.9065,0.8204,0.9682,0.9692,0.9697,0.9697,0.9773,0.8983,0.9636,0.8413
0.51,0.27,0.9697,0.856,0.9065,0.8204,0.9682,0.9692,0.9697,0.9697,0.9773,0.8983,0.9636,0.8413
0.51,0.28,0.9697,0.856,0.9065,0.8204,0.9682,0.9692,0.9697,0.9697,0.9773,0.8983,0.9636,0.8413
0.51,0.29,0.9697,0.856,0.9065,0.8204,0.9682,0.9692,0.9697,0.9697,0.9773,0.8983,0.9636,0.8413
0.51,0.3,0.9697,0.856,0.9065,0.8204,0.9682,0.9692,0.9697,0.9697,0.9773,0.8983,0.9636,0.8413
0.51,0.31,0.9697,0.856,0.9065,0.8204,0.9682,0.9692,0.9697,0.9697,0.9773,0.8983,0.9636,0.8413
0.51,0.32,0.9697,0.856,0.9065,0.8204,0.9682,0.9692,0.9697,0.9697,0.9773,0.8983,0.9636,0.8413
0.51,0.33,0.9697,0.856,0.9065,0.8204,0.9682,0.9692,0.9697,0.9697,0.9773,0.8983,0.9636,0.8413
0.51,0.34,0.9697,0.856,0.9065,0.8204,0.9682,0.9692,0.9697,0.9697,0.9773,0.8983,0.9636,0.8413
0.51,0.35,0.9697,0.856,0.9065,0.8204,0.9682,0.9692,0.9697,0.9697,0.9773,0.8983,0.9636,0.8413
0.51,0.36,0.9697,0.856,0.9065,0.8204,0.9682,0.9692,0.9697,0.9697,0.9773,0.8983,0.9636,0.8413
0.51,0.37,0.9659,0.8335,0.9008,0.7895,0.9636,0.965,0.9659,0.9659,0.9735,0.8793,0.9623,0.8095
0.51,0.38,0.9659,0.8335,0.9008,0.7895,0.9636,0.965,0.9659,0.9659,0.9735,0.8793,0.9623,0.8095
0.51,0.39,0.9659,0.8335,0.9008,0.7895,0.9636,0.965,0.9659,0.9659,0.9735,0.8793,0.9623,0.8095
0.51,0.4,0.9659,0.8335,0.9008,0.7895,0.9636,0.965,0.9659,0.9659,0.9735,0.8793,0.9623,0.8095
0.51,0.41,0.9659,0.8335,0.9008,0.7895,0.9636,0.965,0.9659,0.9659,0.9735,0.8793,0.9623,0.8095
0.51,0.42,0.9659,0.8335,0.9008,0.7895,0.9636,0.965,0.9659,0.9659,0.9735,0.8793,0.9623,0.8095
0.51,0.43,0.9659,0.8335,0.9008,0.7895,0.9636,0.965,0.9659,0.9659,0.9735,0.8793,0.9623,0.8095
0.51,0.44,0.9659,0.8335,0.9008,0.7895,0.9636,0.965,0.9659,0.9659,0.9735,0.8793,0.9623,0.8095
0.51,0.45,0.9659,0.8335,0.9008,0.7895,0.9636,0.965,0.9659,0.9659,0.9735,0.8793,0.9623,0.8095
0.51,0.46,0.9659,0.8335,0.9008,0.7895,0.9636,0.965,0.9659,0.9659,0.9735,0.8793,0.9623,0.8095
0.51,0.47,0.9659,0.8335,0.9008,0.7895,0.9636,0.965,0.9659,0.9659,0.9735,0.8793,0.9623,0.8095
0.51,0.48,0.964,0.8251,0.8989,0.7753,0.9616,0.963,0.964,0.964,0.9716,0.8696,0.9615,0.7937
0.51,0.49,0.964,0.8251,0.8989,0.7753,0.9616,0.963,0.964,0.964,0.9716,0.8696,0.9615,0.7937
0.51,0.5,0.9602,0.8067,0.8973,0.7527,0.9568,0.9592,0.9602,0.9602,0.9678,0.8496,0.96,0.7619
0.51,0.51,0.9602,0.8134,0.914,0.7527,0.9566,0.9592,0.9602,0.9602,0.9659,0.8393,0.9592,0.746
0.52,0.0,0.9602,0.8134,0.914,0.7527,0.9566,0.9592,0.9602,0.9602,0.9659,0.8393,0.9592,0.746
0.52,0.01,0.892,0.6971,0.6432,0.8213,0.9103,0.9416,0.892,0.892,0.9053,0.6988,0.5631,0.9206
0.52,0.02,0.9394,0.7627,0.7194,0.829,0.9442,0.9526,0.9394,0.9394,0.9527,0.8227,0.7436,0.9206
0.52,0.03,0.9545,0.7947,0.766,0.8315,0.9563,0.9593,0.9545,0.9545,0.9678,0.8722,0.8286,0.9206
0.52,0.04,0.9583,0.8015,0.7884,0.8194,0.9591,0.9605,0.9583,0.9583,0.9716,0.8837,0.8636,0.9048
0.52,0.05,0.964,0.8178,0.8313,0.8203,0.9643,0.9669,0.964,0.964,0.9773,0.9048,0.9048,0.9048
0.52,0.06,0.9659,0.8392,0.8549,0.8382,0.9659,0.9681,0.9659,0.9659,0.9754,0.896,0.9032,0.8889
0.52,0.07,0.9659,0.8392,0.8549,0.8382,0.9659,0.9681,0.9659,0.9659,0.9754,0.896,0.9032,0.8889
0.52,0.08,0.9678,0.8477,0.8708,0.8385,0.9678,0.9698,0.9678,0.9678,0.9773,0.9032,0.918,0.8889
0.52,0.09,0.9678,0.8477,0.8708,0.8385,0.9678,0.9698,0.9678,0.9678,0.9773,0.9032,0.918,0.8889
0.52,0.1,0.9659,0.836,0.8646,0.8207,0.9656,0.9673,0.9659,0.9659,0.9754,0.8943,0.9167,0.873
0.52,0.11,0.9659,0.8363,0.8762,0.8114,0.9652,0.9667,0.9659,0.9659,0.9754,0.8926,0.931,0.8571
0.52,0.12,0.9659,0.8363,0.8762,0.8114,0.9652,0.9667,0.9659,0.9659,0.9754,0.8926,0.931,0.8571
0.52,0.13,0.9678,0.8406,0.8836,0.8117,0.9667,0.9678,0.9678,0.9678,0.9773,0.9,0.9474,0.8571
0.52,0.14,0.9678,0.8406,0.8836,0.8117,0.9667,0.9678,0.9678,0.9678,0.9773,0.9,0.9474,0.8571
0.52,0.15,0.9678,0.8406,0.8836,0.8117,0.9667,0.9678,0.9678,0.9678,0.9773,0.9,0.9474,0.8571
0.52,0.16,0.9678,0.8406,0.8836,0.8117,0.9667,0.9678,0.9678,0.9678,0.9773,0.9,0.9474,0.8571
0.52,0.17,0.9678,0.8406,0.8836,0.8117,0.9667,0.9678,0.9678,0.9678,0.9773,0.9,0.9474,0.8571
0.52,0.18,0.9678,0.8406,0.8836,0.8117,0.9667,0.9678,0.9678,0.9678,0.9773,0.9,0.9474,0.8571
0.52,0.19,0.9678,0.8406,0.8836,0.8117,0.9667,0.9678,0.9678,0.9678,0.9773,0.9,0.9474,0.8571
0.52,0.2,0.9678,0.8406,0.8836,0.8117,0.9667,0.9678,0.9678,0.9678,0.9773,0.9,0.9474,0.8571
0.52,0.21,0.9697,0.8571,0.8973,0.8296,0.9687,0.9696,0.9697,0.9697,0.9773,0.9,0.9474,0.8571
0.52,0.22,0.9697,0.8571,0.8973,0.8296,0.9687,0.9696,0.9697,0.9697,0.9773,0.9,0.9474,0.8571
0.52,0.23,0.9697,0.8571,0.8973,0.8296,0.9687,0.9696,0.9697,0.9697,0.9773,0.9,0.9474,0.8571
0.52,0.24,0.9716,0.8622,0.9077,0.8299,0.9703,0.9712,0.9716,0.9716,0.9792,0.9076,0.9643,0.8571
0.52,0.25,0.9697,0.856,0.9065,0.8204,0.9682,0.9692,0.9697,0.9697,0.9773,0.8983,0.9636,0.8413
0.52,0.26,0.9697,0.856,0.9065,0.8204,0.9682,0.9692,0.9697,0.9697,0.9773,0.8983,0.9636,0.8413
0.52,0.27,0.9697,0.856,0.9065,0.8204,0.9682,0.9692,0.9697,0.9697,0.9773,0.8983,0.9636,0.8413
0.52,0.28,0.9697,0.856,0.9065,0.8204,0.9682,0.9692,0.9697,0.9697,0.9773,0.8983,0.9636,0.8413
0.52,0.29,0.9697,0.856,0.9065,0.8204,0.9682,0.9692,0.9697,0.9697,0.9773,0.8983,0.9636,0.8413
0.52,0.3,0.9697,0.856,0.9065,0.8204,0.9682,0.9692,0.9697,0.9697,0.9773,0.8983,0.9636,0.8413
0.52,0.31,0.9697,0.856,0.9065,0.8204,0.9682,0.9692,0.9697,0.9697,0.9773,0.8983,0.9636,0.8413
0.52,0.32,0.9697,0.856,0.9065,0.8204,0.9682,0.9692,0.9697,0.9697,0.9773,0.8983,0.9636,0.8413
0.52,0.33,0.9697,0.856,0.9065,0.8204,0.9682,0.9692,0.9697,0.9697,0.9773,0.8983,0.9636,0.8413
0.52,0.34,0.9697,0.856,0.9065,0.8204,0.9682,0.9692,0.9697,0.9697,0.9773,0.8983,0.9636,0.8413
0.52,0.35,0.9697,0.856,0.9065,0.8204,0.9682,0.9692,0.9697,0.9697,0.9773,0.8983,0.9636,0.8413
0.52,0.36,0.9697,0.856,0.9065,0.8204,0.9682,0.9692,0.9697,0.9697,0.9773,0.8983,0.9636,0.8413
0.52,0.37,0.9659,0.8335,0.9008,0.7895,0.9636,0.965,0.9659,0.9659,0.9735,0.8793,0.9623,0.8095
0.52,0.38,0.9659,0.8335,0.9008,0.7895,0.9636,0.965,0.9659,0.9659,0.9735,0.8793,0.9623,0.8095
0.52,0.39,0.9659,0.8335,0.9008,0.7895,0.9636,0.965,0.9659,0.9659,0.9735,0.8793,0.9623,0.8095
0.52,0.4,0.9659,0.8335,0.9008,0.7895,0.9636,0.965,0.9659,0.9659,0.9735,0.8793,0.9623,0.8095
0.52,0.41,0.9659,0.8335,0.9008,0.7895,0.9636,0.965,0.9659,0.9659,0.9735,0.8793,0.9623,0.8095
0.52,0.42,0.9659,0.8335,0.9008,0.7895,0.9636,0.965,0.9659,0.9659,0.9735,0.8793,0.9623,0.8095
0.52,0.43,0.9659,0.8335,0.9008,0.7895,0.9636,0.965,0.9659,0.9659,0.9735,0.8793,0.9623,0.8095
0.52,0.44,0.9659,0.8335,0.9008,0.7895,0.9636,0.965,0.9659,0.9659,0.9735,0.8793,0.9623,0.8095
0.52,0.45,0.9659,0.8335,0.9008,0.7895,0.9636,0.965,0.9659,0.9659,0.9735,0.8793,0.9623,0.8095
0.52,0.46,0.9659,0.8335,0.9008,0.7895,0.9636,0.965,0.9659,0.9659,0.9735,0.8793,0.9623,0.8095
0.52,0.47,0.9659,0.8335,0.9008,0.7895,0.9636,0.965,0.9659,0.9659,0.9735,0.8793,0.9623,0.8095
0.52,0.48,0.964,0.8251,0.8989,0.7753,0.9616,0.963,0.964,0.964,0.9716,0.8696,0.9615,0.7937
0.52,0.49,0.964,0.8251,0.8989,0.7753,0.9616,0.963,0.964,0.964,0.9716,0.8696,0.9615,0.7937
0.52,0.5,0.9602,0.8067,0.8973,0.7527,0.9568,0.9592,0.9602,0.9602,0.9678,0.8496,0.96,0.7619
0.52,0.51,0.9602,0.8134,0.914,0.7527,0.9566,0.9592,0.9602,0.9602,0.9659,0.8393,0.9592,0.746
0.52,0.52,0.9602,0.8134,0.914,0.7527,0.9566,0.9592,0.9602,0.9602,0.9659,0.8393,0.9592,0.746
0.53,0.0,0.9602,0.8134,0.914,0.7527,0.9566,0.9592,0.9602,0.9602,0.9659,0.8393,0.9592,0.746
0.53,0.01,0.892,0.6971,0.6432,0.8213,0.9103,0.9416,0.892,0.892,0.9053,0.6988,0.5631,0.9206
0.53,0.02,0.9394,0.7627,0.7194,0.829,0.9442,0.9526,0.9394,0.9394,0.9527,0.8227,0.7436,0.9206
0.53,0.03,0.9545,0.7947,0.766,0.8315,0.9563,0.9593,0.9545,0.9545,0.9678,0.8722,0.8286,0.9206
0.53,0.04,0.9583,0.8015,0.7884,0.8194,0.9591,0.9605,0.9583,0.9583,0.9716,0.8837,0.8636,0.9048
0.53,0.05,0.964,0.8178,0.8313,0.8203,0.9643,0.9669,0.964,0.964,0.9773,0.9048,0.9048,0.9048
0.53,0.06,0.9659,0.8392,0.8549,0.8382,0.9659,0.9681,0.9659,0.9659,0.9754,0.896,0.9032,0.8889
0.53,0.07,0.9659,0.8392,0.8549,0.8382,0.9659,0.9681,0.9659,0.9659,0.9754,0.896,0.9032,0.8889
0.53,0.08,0.9678,0.8477,0.8708,0.8385,0.9678,0.9698,0.9678,0.9678,0.9773,0.9032,0.918,0.8889
0.53,0.09,0.9678,0.8477,0.8708,0.8385,0.9678,0.9698,0.9678,0.9678,0.9773,0.9032,0.918,0.8889
0.53,0.1,0.9659,0.836,0.8646,0.8207,0.9656,0.9673,0.9659,0.9659,0.9754,0.8943,0.9167,0.873
0.53,0.11,0.9659,0.8363,0.8762,0.8114,0.9652,0.9667,0.9659,0.9659,0.9754,0.8926,0.931,0.8571
0.53,0.12,0.9659,0.8363,0.8762,0.8114,0.9652,0.9667,0.9659,0.9659,0.9754,0.8926,0.931,0.8571
0.53,0.13,0.9678,0.8406,0.8836,0.8117,0.9667,0.9678,0.9678,0.9678,0.9773,0.9,0.9474,0.8571
0.53,0.14,0.9678,0.8406,0.8836,0.8117,0.9667,0.9678,0.9678,0.9678,0.9773,0.9,0.9474,0.8571
0.53,0.15,0.9678,0.8406,0.8836,0.8117,0.9667,0.9678,0.9678,0.9678,0.9773,0.9,0.9474,0.8571
0.53,0.16,0.9678,0.8406,0.8836,0.8117,0.9667,0.9678,0.9678,0.9678,0.9773,0.9,0.9474,0.8571
0.53,0.17,0.9678,0.8406,0.8836,0.8117,0.9667,0.9678,0.9678,0.9678,0.9773,0.9,0.9474,0.8571
0.53,0.18,0.9678,0.8406,0.8836,0.8117,0.9667,0.9678,0.9678,0.9678,0.9773,0.9,0.9474,0.8571
0.53,0.19,0.9678,0.8406,0.8836,0.8117,0.9667,0.9678,0.9678,0.9678,0.9773,0.9,0.9474,0.8571
0.53,0.2,0.9678,0.8406,0.8836,0.8117,0.9667,0.9678,0.9678,0.9678,0.9773,0.9,0.9474,0.8571
0.53,0.21,0.9697,0.8571,0.8973,0.8296,0.9687,0.9696,0.9697,0.9697,0.9773,0.9,0.9474,0.8571
0.53,0.22,0.9697,0.8571,0.8973,0.8296,0.9687,0.9696,0.9697,0.9697,0.9773,0.9,0.9474,0.8571
0.53,0.23,0.9697,0.8571,0.8973,0.8296,0.9687,0.9696,0.9697,0.9697,0.9773,0.9,0.9474,0.8571
0.53,0.24,0.9716,0.8622,0.9077,0.8299,0.9703,0.9712,0.9716,0.9716,0.9792,0.9076,0.9643,0.8571
0.53,0.25,0.9697,0.856,0.9065,0.8204,0.9682,0.9692,0.9697,0.9697,0.9773,0.8983,0.9636,0.8413
0.53,0.26,0.9697,0.856,0.9065,0.8204,0.9682,0.9692,0.9697,0.9697,0.9773,0.8983,0.9636,0.8413
0.53,0.27,0.9697,0.856,0.9065,0.8204,0.9682,0.9692,0.9697,0.9697,0.9773,0.8983,0.9636,0.8413
0.53,0.28,0.9697,0.856,0.9065,0.8204,0.9682,0.9692,0.9697,0.9697,0.9773,0.8983,0.9636,0.8413
0.53,0.29,0.9697,0.856,0.9065,0.8204,0.9682,0.9692,0.9697,0.9697,0.9773,0.8983,0.9636,0.8413
0.53,0.3,0.9697,0.856,0.9065,0.8204,0.9682,0.9692,0.9697,0.9697,0.9773,0.8983,0.9636,0.8413
0.53,0.31,0.9697,0.856,0.9065,0.8204,0.9682,0.9692,0.9697,0.9697,0.9773,0.8983,0.9636,0.8413
0.53,0.32,0.9697,0.856,0.9065,0.8204,0.9682,0.9692,0.9697,0.9697,0.9773,0.8983,0.9636,0.8413
0.53,0.33,0.9697,0.856,0.9065,0.8204,0.9682,0.9692,0.9697,0.9697,0.9773,0.8983,0.9636,0.8413
0.53,0.34,0.9697,0.856,0.9065,0.8204,0.9682,0.9692,0.9697,0.9697,0.9773,0.8983,0.9636,0.8413
0.53,0.35,0.9697,0.856,0.9065,0.8204,0.9682,0.9692,0.9697,0.9697,0.9773,0.8983,0.9636,0.8413
0.53,0.36,0.9697,0.856,0.9065,0.8204,0.9682,0.9692,0.9697,0.9697,0.9773,0.8983,0.9636,0.8413
0.53,0.37,0.9659,0.8335,0.9008,0.7895,0.9636,0.965,0.9659,0.9659,0.9735,0.8793,0.9623,0.8095
0.53,0.38,0.9659,0.8335,0.9008,0.7895,0.9636,0.965,0.9659,0.9659,0.9735,0.8793,0.9623,0.8095
0.53,0.39,0.9659,0.8335,0.9008,0.7895,0.9636,0.965,0.9659,0.9659,0.9735,0.8793,0.9623,0.8095
0.53,0.4,0.9659,0.8335,0.9008,0.7895,0.9636,0.965,0.9659,0.9659,0.9735,0.8793,0.9623,0.8095
0.53,0.41,0.9659,0.8335,0.9008,0.7895,0.9636,0.965,0.9659,0.9659,0.9735,0.8793,0.9623,0.8095
0.53,0.42,0.9659,0.8335,0.9008,0.7895,0.9636,0.965,0.9659,0.9659,0.9735,0.8793,0.9623,0.8095
0.53,0.43,0.9659,0.8335,0.9008,0.7895,0.9636,0.965,0.9659,0.9659,0.9735,0.8793,0.9623,0.8095
0.53,0.44,0.9659,0.8335,0.9008,0.7895,0.9636,0.965,0.9659,0.9659,0.9735,0.8793,0.9623,0.8095
0.53,0.45,0.9659,0.8335,0.9008,0.7895,0.9636,0.965,0.9659,0.9659,0.9735,0.8793,0.9623,0.8095
0.53,0.46,0.9659,0.8335,0.9008,0.7895,0.9636,0.965,0.9659,0.9659,0.9735,0.8793,0.9623,0.8095
0.53,0.47,0.9659,0.8335,0.9008,0.7895,0.9636,0.965,0.9659,0.9659,0.9735,0.8793,0.9623,0.8095
0.53,0.48,0.964,0.8251,0.8989,0.7753,0.9616,0.963,0.964,0.964,0.9716,0.8696,0.9615,0.7937
0.53,0.49,0.964,0.8251,0.8989,0.7753,0.9616,0.963,0.964,0.964,0.9716,0.8696,0.9615,0.7937
0.53,0.5,0.9602,0.8067,0.8973,0.7527,0.9568,0.9592,0.9602,0.9602,0.9678,0.8496,0.96,0.7619
0.53,0.51,0.9602,0.8134,0.914,0.7527,0.9566,0.9592,0.9602,0.9602,0.9659,0.8393,0.9592,0.746
0.53,0.52,0.9602,0.8134,0.914,0.7527,0.9566,0.9592,0.9602,0.9602,0.9659,0.8393,0.9592,0.746
0.53,0.53,0.9602,0.8134,0.914,0.7527,0.9566,0.9592,0.9602,0.9602,0.9659,0.8393,0.9592,0.746
0.54,0.0,0.9602,0.8186,0.9264,0.7527,0.9564,0.9593,0.9602,0.9602,0.964,0.8288,0.9583,0.7302
0.54,0.01,0.8826,0.7039,0.6375,0.8725,0.9031,0.9415,0.8826,0.8826,0.8902,0.6667,0.5225,0.9206
0.54,0.02,0.9337,0.7764,0.7196,0.8808,0.9402,0.9534,0.9337,0.9337,0.9413,0.7891,0.6905,0.9206
0.54,0.03,0.9545,0.8213,0.7806,0.8841,0.9568,0.9617,0.9545,0.9545,0.9621,0.8529,0.7945,0.9206
0.54,0.04,0.9602,0.8332,0.8093,0.8724,0.961,0.9636,0.9602,0.9602,0.9678,0.8702,0.8382,0.9048
0.54,0.05,0.9659,0.8495,0.8522,0.8733,0.9663,0.9699,0.9659,0.9659,0.9735,0.8906,0.8769,0.9048
0.54,0.06,0.9678,0.8611,0.8709,0.8736,0.9677,0.9704,0.9678,0.9678,0.9735,0.8889,0.8889,0.8889
0.54,0.07,0.9697,0.8673,0.8796,0.8739,0.9693,0.9714,0.9697,0.9697,0.9754,0.896,0.9032,0.8889
0.54,0.08,0.9697,0.8665,0.8913,0.8564,0.9692,0.9708,0.9697,0.9697,0.9754,0.8943,0.9167,0.873
0.54,0.09,0.9697,0.8665,0.8913,0.8564,0.9692,0.9708,0.9697,0.9697,0.9754,0.8943,0.9167,0.873
0.54,0.1,0.9678,0.8561,0.8862,0.8385,0.9672,0.9684,0.9678,0.9678,0.9735,0.8852,0.9153,0.8571
0.54,0.11,0.9678,0.8567,0.897,0.8293,0.9668,0.9678,0.9678,0.9678,0.9735,0.8833,0.9298,0.8413
0.54,0.12,0.9678,0.8567,0.897,0.8293,0.9668,0.9678,0.9678,0.9678,0.9735,0.8833,0.9298,0.8413
0.54,0.13,0.9697,0.8619,0.9074,0.8296,0.9685,0.9693,0.9697,0.9697,0.9754,0.8908,0.9464,0.8413
0.54,0.14,0.9697,0.8619,0.9074,0.8296,0.9685,0.9693,0.9697,0.9697,0.9754,0.8908,0.9464,0.8413
0.54,0.15,0.9697,0.8619,0.9074,0.8296,0.9685,0.9693,0.9697,0.9697,0.9754,0.8908,0.9464,0.8413
0.54,0.16,0.9697,0.8619,0.9074,0.8296,0.9685,0.9693,0.9697,0.9697,0.9754,0.8908,0.9464,0.8413
0.54,0.17,0.9697,0.8619,0.9074,0.8296,0.9685,0.9693,0.9697,0.9697,0.9754,0.8908,0.9464,0.8413
0.54,0.18,0.9697,0.8619,0.9074,0.8296,0.9685,0.9693,0.9697,0.9697,0.9754,0.8908,0.9464,0.8413
0.54,0.19,0.9697,0.8619,0.9074,0.8296,0.9685,0.9693,0.9697,0.9697,0.9754,0.8908,0.9464,0.8413
0.54,0.2,0.9697,0.8619,0.9074,0.8296,0.9685,0.9693,0.9697,0.9697,0.9754,0.8908,0.9464,0.8413
0.54,0.21,0.9697,0.8619,0.9074,0.8296,0.9685,0.9693,0.9697,0.9697,0.9754,0.8908,0.9464,0.8413
0.54,0.22,0.9697,0.8619,0.9074,0.8296,0.9685,0.9693,0.9697,0.9697,0.9754,0.8908,0.9464,0.8413
0.54,0.23,0.9697,0.8619,0.9074,0.8296,0.9685,0.9693,0.9697,0.9697,0.9754,0.8908,0.9464,0.8413
0.54,0.24,0.9716,0.8674,0.9201,0.8299,0.9702,0.9712,0.9716,0.9716,0.9773,0.8983,0.9636,0.8413
0.54,0.25,0.9697,0.8612,0.9189,0.8204,0.9681,0.9692,0.9697,0.9697,0.9754,0.8889,0.963,0.8254
0.54,0.26,0.9697,0.8612,0.9189,0.8204,0.9681,0.9692,0.9697,0.9697,0.9754,0.8889,0.963,0.8254
0.54,0.27,0.9697,0.8612,0.9189,0.8204,0.9681,0.9692,0.9697,0.9697,0.9754,0.8889,0.963,0.8254
0.54,0.28,0.9697,0.8612,0.9189,0.8204,0.9681,0.9692,0.9697,0.9697,0.9754,0.8889,0.963,0.8254
0.54,0.29,0.9697,0.8612,0.9189,0.8204,0.9681,0.9692,0.9697,0.9697,0.9754,0.8889,0.963,0.8254
0.54,0.3,0.9697,0.8612,0.9189,0.8204,0.9681,0.9692,0.9697,0.9697,0.9754,0.8889,0.963,0.8254
0.54,0.31,0.9697,0.8612,0.9189,0.8204,0.9681,0.9692,0.9697,0.9697,0.9754,0.8889,0.963,0.8254
0.54,0.32,0.9697,0.8612,0.9189,0.8204,0.9681,0.9692,0.9697,0.9697,0.9754,0.8889,0.963,0.8254
0.54,0.33,0.9697,0.8612,0.9189,0.8204,0.9681,0.9692,0.9697,0.9697,0.9754,0.8889,0.963,0.8254
0.54,0.34,0.9697,0.8612,0.9189,0.8204,0.9681,0.9692,0.9697,0.9697,0.9754,0.8889,0.963,0.8254
0.54,0.35,0.9697,0.8612,0.9189,0.8204,0.9681,0.9692,0.9697,0.9697,0.9754,0.8889,0.963,0.8254
0.54,0.36,0.9697,0.8612,0.9189,0.8204,0.9681,0.9692,0.9697,0.9697,0.9754,0.8889,0.963,0.8254
0.54,0.37,0.9659,0.8388,0.9132,0.7895,0.9635,0.965,0.9659,0.9659,0.9716,0.8696,0.9615,0.7937
0.54,0.38,0.9659,0.8388,0.9132,0.7895,0.9635,0.965,0.9659,0.9659,0.9716,0.8696,0.9615,0.7937
0.54,0.39,0.9659,0.8388,0.9132,0.7895,0.9635,0.965,0.9659,0.9659,0.9716,0.8696,0.9615,0.7937
0.54,0.4,0.9659,0.8388,0.9132,0.7895,0.9635,0.965,0.9659,0.9659,0.9716,0.8696,0.9615,0.7937
0.54,0.41,0.9659,0.8388,0.9132,0.7895,0.9635,0.965,0.9659,0.9659,0.9716,0.8696,0.9615,0.7937
0.54,0.42,0.9659,0.8388,0.9132,0.7895,0.9635,0.965,0.9659,0.9659,0.9716,0.8696,0.9615,0.7937
0.54,0.43,0.9659,0.8388,0.9132,0.7895,0.9635,0.965,0.9659,0.9659,0.9716,0.8696,0.9615,0.7937
0.54,0.44,0.9659,0.8388,0.9132,0.7895,0.9635,0.965,0.9659,0.9659,0.9716,0.8696,0.9615,0.7937
0.54,0.45,0.9659,0.8388,0.9132,0.7895,0.9635,0.965,0.9659,0.9659,0.9716,0.8696,0.9615,0.7937
0.54,0.46,0.9659,0.8388,0.9132,0.7895,0.9635,0.965,0.9659,0.9659,0.9716,0.8696,0.9615,0.7937
0.54,0.47,0.9659,0.8388,0.9132,0.7895,0.9635,0.965,0.9659,0.9659,0.9716,0.8696,0.9615,0.7937
0.54,0.48,0.964,0.8304,0.9113,0.7753,0.9614,0.963,0.964,0.964,0.9697,0.8596,0.9608,0.7778
0.54,0.49,0.964,0.8304,0.9113,0.7753,0.9614,0.963,0.964,0.964,0.9697,0.8596,0.9608,0.7778
0.54,0.5,0.9602,0.812,0.9097,0.7527,0.9566,0.9593,0.9602,0.9602,0.9659,0.8393,0.9592,0.746
0.54,0.51,0.9602,0.8186,0.9264,0.7527,0.9564,0.9593,0.9602,0.9602,0.964,0.8288,0.9583,0.7302
0.54,0.52,0.9602,0.8186,0.9264,0.7527,0.9564,0.9593,0.9602,0.9602,0.964,0.8288,0.9583,0.7302
0.54,0.53,0.9602,0.8186,0.9264,0.7527,0.9564,0.9593,0.9602,0.9602,0.964,0.8288,0.9583,0.7302
0.54,0.54,0.9602,0.8186,0.9264,0.7527,0.9564,0.9593,0.9602,0.9602,0.964,0.8288,0.9583,0.7302
0.55,0.0,0.9602,0.8252,0.942,0.7527,0.9564,0.9596,0.9602,0.9602,0.9621,0.8182,0.9574,0.7143
0.55,0.01,0.9015,0.7499,0.6978,0.8755,0.9177,0.9457,0.9015,0.9015,0.9053,0.6914,0.5657,0.8889
0.55,0.02,0.9413,0.8064,0.7672,0.882,0.9463,0.956,0.9413,0.9413,0.9451,0.7943,0.7179,0.8889
0.55,0.03,0.9564,0.8379,0.8096,0.8844,0.9581,0.9618,0.9564,0.9564,0.9602,0.8421,0.8,0.8889
0.55,0.04,0.9602,0.8458,0.8347,0.8724,0.9609,0.9633,0.9602,0.9602,0.964,0.8527,0.8333,0.873
0.55,0.05,0.9659,0.8621,0.8776,0.8733,0.9661,0.9696,0.9659,0.9659,0.9697,0.873,0.873,0.873
0.55,0.06,0.9678,0.8677,0.8849,0.8736,0.9676,0.9704,0.9678,0.9678,0.9716,0.88,0.8871,0.873
0.55,0.07,0.9697,0.8739,0.8936,0.8739,0.9692,0.9714,0.9697,0.9697,0.9735,0.8871,0.9016,0.873
0.55,0.08,0.9697,0.8731,0.9052,0.8564,0.9692,0.9708,0.9697,0.9697,0.9735,0.8852,0.9153,0.8571
0.55,0.09,0.9697,0.8731,0.9052,0.8564,0.9692,0.9708,0.9697,0.9697,0.9735,0.8852,0.9153,0.8571
0.55,0.1,0.9678,0.8627,0.9002,0.8385,0.9672,0.9685,0.9678,0.9678,0.9716,0.876,0.9138,0.8413
0.55,0.11,0.9678,0.8634,0.911,0.8293,0.9667,0.9678,0.9678,0.9678,0.9716,0.8739,0.9286,0.8254
0.55,0.12,0.9678,0.8634,0.911,0.8293,0.9667,0.9678,0.9678,0.9678,0.9716,0.8739,0.9286,0.8254
0.55,0.13,0.9697,0.8685,0.9214,0.8296,0.9684,0.9694,0.9697,0.9697,0.9735,0.8814,0.9455,0.8254
0.55,0.14,0.9697,0.8685,0.9214,0.8296,0.9684,0.9694,0.9697,0.9697,0.9735,0.8814,0.9455,0.8254
0.55,0.15,0.9697,0.8685,0.9214,0.8296,0.9684,0.9694,0.9697,0.9697,0.9735,0.8814,0.9455,0.8254
0.55,0.16,0.9697,0.8685,0.9214,0.8296,0.9684,0.9694,0.9697,0.9697,0.9735,0.8814,0.9455,0.8254
0.55,0.17,0.9697,0.8685,0.9214,0.8296,0.9684,0.9694,0.9697,0.9697,0.9735,0.8814,0.9455,0.8254
0.55,0.18,0.9697,0.8685,0.9214,0.8296,0.9684,0.9694,0.9697,0.9697,0.9735,0.8814,0.9455,0.8254
0.55,0.19,0.9697,0.8685,0.9214,0.8296,0.9684,0.9694,0.9697,0.9697,0.9735,0.8814,0.9455,0.8254
0.55,0.2,0.9697,0.8685,0.9214,0.8296,0.9684,0.9694,0.9697,0.9697,0.9735,0.8814,0.9455,0.8254
0.55,0.21,0.9697,0.8685,0.9214,0.8296,0.9684,0.9694,0.9697,0.9697,0.9735,0.8814,0.9455,0.8254
0.55,0.22,0.9697,0.8685,0.9214,0.8296,0.9684,0.9694,0.9697,0.9697,0.9735,0.8814,0.9455,0.8254
0.55,0.23,0.9697,0.8685,0.9214,0.8296,0.9684,0.9694,0.9697,0.9697,0.9735,0.8814,0.9455,0.8254
0.55,0.24,0.9716,0.8741,0.9341,0.8299,0.9702,0.9713,0.9716,0.9716,0.9754,0.8889,0.963,0.8254
0.55,0.25,0.9697,0.8679,0.9329,0.8204,0.968,0.9693,0.9697,0.9697,0.9735,0.8793,0.9623,0.8095
0.55,0.26,0.9697,0.8679,0.9329,0.8204,0.968,0.9693,0.9697,0.9697,0.9735,0.8793,0.9623,0.8095
0.55,0.27,0.9697,0.8679,0.9329,0.8204,0.968,0.9693,0.9697,0.9697,0.9735,0.8793,0.9623,0.8095
0.55,0.28,0.9697,0.8679,0.9329,0.8204,0.968,0.9693,0.9697,0.9697,0.9735,0.8793,0.9623,0.8095
0.55,0.29,0.9697,0.8679,0.9329,0.8204,0.968,0.9693,0.9697,0.9697,0.9735,0.8793,0.9623,0.8095
0.55,0.3,0.9697,0.8679,0.9329,0.8204,0.968,0.9693,0.9697,0.9697,0.9735,0.8793,0.9623,0.8095
0.55,0.31,0.9697,0.8679,0.9329,0.8204,0.968,0.9693,0.9697,0.9697,0.9735,0.8793,0.9623,0.8095
0.55,0.32,0.9697,0.8679,0.9329,0.8204,0.968,0.9693,0.9697,0.9697,0.9735,0.8793,0.9623,0.8095
0.55,0.33,0.9697,0.8679,0.9329,0.8204,0.968,0.9693,0.9697,0.9697,0.9735,0.8793,0.9623,0.8095
0.55,0.34,0.9697,0.8679,0.9329,0.8204,0.968,0.9693,0.9697,0.9697,0.9735,0.8793,0.9623,0.8095
0.55,0.35,0.9697,0.8679,0.9329,0.8204,0.968,0.9693,0.9697,0.9697,0.9735,0.8793,0.9623,0.8095
0.55,0.36,0.9697,0.8679,0.9329,0.8204,0.968,0.9693,0.9697,0.9697,0.9735,0.8793,0.9623,0.8095
0.55,0.37,0.9659,0.8454,0.9272,0.7895,0.9634,0.9651,0.9659,0.9659,0.9697,0.8596,0.9608,0.7778
0.55,0.38,0.9659,0.8454,0.9272,0.7895,0.9634,0.9651,0.9659,0.9659,0.9697,0.8596,0.9608,0.7778
0.55,0.39,0.9659,0.8454,0.9272,0.7895,0.9634,0.9651,0.9659,0.9659,0.9697,0.8596,0.9608,0.7778
0.55,0.4,0.9659,0.8454,0.9272,0.7895,0.9634,0.9651,0.9659,0.9659,0.9697,0.8596,0.9608,0.7778
0.55,0.41,0.9659,0.8454,0.9272,0.7895,0.9634,0.9651,0.9659,0.9659,0.9697,0.8596,0.9608,0.7778
0.55,0.42,0.9659,0.8454,0.9272,0.7895,0.9634,0.9651,0.9659,0.9659,0.9697,0.8596,0.9608,0.7778
0.55,0.43,0.9659,0.8454,0.9272,0.7895,0.9634,0.9651,0.9659,0.9659,0.9697,0.8596,0.9608,0.7778
0.55,0.44,0.9659,0.8454,0.9272,0.7895,0.9634,0.9651,0.9659,0.9659,0.9697,0.8596,0.9608,0.7778
0.55,0.45,0.9659,0.8454,0.9272,0.7895,0.9634,0.9651,0.9659,0.9659,0.9697,0.8596,0.9608,0.7778
0.55,0.46,0.9659,0.8454,0.9272,0.7895,0.9634,0.9651,0.9659,0.9659,0.9697,0.8596,0.9608,0.7778
0.55,0.47,0.9659,0.8454,0.9272,0.7895,0.9634,0.9651,0.9659,0.9659,0.9697,0.8596,0.9608,0.7778
0.55,0.48,0.964,0.8369,0.9269,0.7753,0.9614,0.9634,0.964,0.964,0.9678,0.8496,0.96,0.7619
0.55,0.49,0.964,0.8369,0.9269,0.7753,0.9614,0.9634,0.964,0.964,0.9678,0.8496,0.96,0.7619
0.55,0.5,0.9602,0.8185,0.9253,0.7527,0.9566,0.9596,0.9602,0.9602,0.964,0.8288,0.9583,0.7302
0.55,0.51,0.9602,0.8252,0.942,0.7527,0.9564,0.9596,0.9602,0.9602,0.9621,0.8182,0.9574,0.7143
0.55,0.52,0.9602,0.8252,0.942,0.7527,0.9564,0.9596,0.9602,0.9602,0.9621,0.8182,0.9574,0.7143
0.55,0.53,0.9602,0.8252,0.942,0.7527,0.9564,0.9596,0.9602,0.9602,0.9621,0.8182,0.9574,0.7143
0.55,0.54,0.9602,0.8252,0.942,0.7527,0.9564,0.9596,0.9602,0.9602,0.9621,0.8182,0.9574,0.7143
0.55,0.55,0.9602,0.8252,0.942,0.7527,0.9564,0.9596,0.9602,0.9602,0.9621,0.8182,0.9574,0.7143
0.56,0.0,0.9583,0.8119,0.9417,0.7398,0.9536,0.9579,0.9583,0.9583,0.9602,0.8073,0.9565,0.6984
0.56,0.01,0.9223,0.7598,0.712,0.8536,0.9303,0.9444,0.9223,0.9223,0.9261,0.7347,0.6429,0.8571
0.56,0.02,0.947,0.8069,0.7851,0.8575,0.9494,0.955,0.947,0.947,0.9508,0.806,0.7606,0.8571
0.56,0.03,0.9583,0.8339,0.8363,0.8594,0.9585,0.9621,0.9583,0.9583,0.9621,0.8438,0.8308,0.8571
0.56,0.04,0.9602,0.8346,0.8531,0.847,0.9593,0.9624,0.9602,0.9602,0.964,0.848,0.8548,0.8413
0.56,0.05,0.9621,0.84,0.877,0.8473,0.9611,0.9659,0.9621,0.9621,0.9659,0.8548,0.8689,0.8413
0.56,0.06,0.964,0.8456,0.8843,0.8476,0.9626,0.9667,0.964,0.964,0.9678,0.8618,0.8833,0.8413
0.56,0.07,0.9659,0.8518,0.893,0.8479,0.9642,0.9677,0.9659,0.9659,0.9697,0.8689,0.8983,0.8413
0.56,0.08,0.9659,0.851,0.9046,0.8304,0.9641,0.9672,0.9659,0.9659,0.9697,0.8667,0.9123,0.8254
0.56,0.09,0.9659,0.851,0.9046,0.8304,0.9641,0.9672,0.9659,0.9659,0.9697,0.8667,0.9123,0.8254
0.56,0.1,0.964,0.8406,0.8996,0.8125,0.9621,0.9648,0.964,0.964,0.9678,0.8571,0.9107,0.8095
0.56,0.11,0.964,0.8412,0.9104,0.8033,0.9617,0.9642,0.964,0.964,0.9678,0.8547,0.9259,0.7937
0.56,0.12,0.964,0.8412,0.9104,0.8033,0.9617,0.9642,0.964,0.964,0.9678,0.8547,0.9259,0.7937
0.56,0.13,0.9659,0.8463,0.9208,0.8036,0.9634,0.9658,0.9659,0.9659,0.9697,0.8621,0.9434,0.7937
0.56,0.14,0.9659,0.8463,0.9208,0.8036,0.9634,0.9658,0.9659,0.9659,0.9697,0.8621,0.9434,0.7937
0.56,0.15,0.9659,0.8463,0.9208,0.8036,0.9634,0.9658,0.9659,0.9659,0.9697,0.8621,0.9434,0.7937
0.56,0.16,0.9659,0.8463,0.9208,0.8036,0.9634,0.9658,0.9659,0.9659,0.9697,0.8621,0.9434,0.7937
0.56,0.17,0.9659,0.8463,0.9208,0.8036,0.9634,0.9658,0.9659,0.9659,0.9697,0.8621,0.9434,0.7937
0.56,0.18,0.9659,0.8463,0.9208,0.8036,0.9634,0.9658,0.9659,0.9659,0.9697,0.8621,0.9434,0.7937
0.56,0.19,0.9659,0.8463,0.9208,0.8036,0.9634,0.9658,0.9659,0.9659,0.9697,0.8621,0.9434,0.7937
0.56,0.2,0.9659,0.8463,0.9208,0.8036,0.9634,0.9658,0.9659,0.9659,0.9697,0.8621,0.9434,0.7937
0.56,0.21,0.9659,0.8463,0.9208,0.8036,0.9634,0.9658,0.9659,0.9659,0.9697,0.8621,0.9434,0.7937
0.56,0.22,0.9659,0.8463,0.9208,0.8036,0.9634,0.9658,0.9659,0.9659,0.9697,0.8621,0.9434,0.7937
0.56,0.23,0.9659,0.8463,0.9208,0.8036,0.9634,0.9658,0.9659,0.9659,0.9697,0.8621,0.9434,0.7937
0.56,0.24,0.9678,0.8519,0.9335,0.8039,0.9651,0.9677,0.9678,0.9678,0.9716,0.8696,0.9615,0.7937
0.56,0.25,0.9659,0.8457,0.9323,0.7944,0.963,0.9657,0.9659,0.9659,0.9697,0.8596,0.9608,0.7778
0.56,0.26,0.9659,0.8457,0.9323,0.7944,0.963,0.9657,0.9659,0.9659,0.9697,0.8596,0.9608,0.7778
0.56,0.27,0.9659,0.8457,0.9323,0.7944,0.963,0.9657,0.9659,0.9659,0.9697,0.8596,0.9608,0.7778
0.56,0.28,0.9659,0.8457,0.9323,0.7944,0.963,0.9657,0.9659,0.9659,0.9697,0.8596,0.9608,0.7778
0.56,0.29,0.9659,0.8457,0.9323,0.7944,0.963,0.9657,0.9659,0.9659,0.9697,0.8596,0.9608,0.7778
0.56,0.3,0.9659,0.8457,0.9323,0.7944,0.963,0.9657,0.9659,0.9659,0.9697,0.8596,0.9608,0.7778
0.56,0.31,0.9659,0.8457,0.9323,0.7944,0.963,0.9657,0.9659,0.9659,0.9697,0.8596,0.9608,0.7778
0.56,0.32,0.9659,0.8457,0.9323,0.7944,0.963,0.9657,0.9659,0.9659,0.9697,0.8596,0.9608,0.7778
0.56,0.33,0.9659,0.8457,0.9323,0.7944,0.963,0.9657,0.9659,0.9659,0.9697,0.8596,0.9608,0.7778
0.56,0.34,0.9659,0.8457,0.9323,0.7944,0.963,0.9657,0.9659,0.9659,0.9697,0.8596,0.9608,0.7778
0.56,0.35,0.9659,0.8457,0.9323,0.7944,0.963,0.9657,0.9659,0.9659,0.9697,0.8596,0.9608,0.7778
0.56,0.36,0.9659,0.8457,0.9323,0.7944,0.963,0.9657,0.9659,0.9659,0.9697,0.8596,0.9608,0.7778
0.56,0.37,0.964,0.8337,0.9269,0.7766,0.9608,0.9634,0.964,0.964,0.9678,0.8496,0.96,0.7619
0.56,0.38,0.964,0.8337,0.9269,0.7766,0.9608,0.9634,0.964,0.964,0.9678,0.8496,0.96,0.7619
0.56,0.39,0.964,0.8337,0.9269,0.7766,0.9608,0.9634,0.964,0.964,0.9678,0.8496,0.96,0.7619
0.56,0.4,0.964,0.8337,0.9269,0.7766,0.9608,0.9634,0.964,0.964,0.9678,0.8496,0.96,0.7619
0.56,0.41,0.964,0.8337,0.9269,0.7766,0.9608,0.9634,0.964,0.964,0.9678,0.8496,0.96,0.7619
0.56,0.42,0.964,0.8337,0.9269,0.7766,0.9608,0.9634,0.964,0.964,0.9678,0.8496,0.96,0.7619
0.56,0.43,0.964,0.8337,0.9269,0.7766,0.9608,0.9634,0.964,0.964,0.9678,0.8496,0.96,0.7619
0.56,0.44,0.964,0.8337,0.9269,0.7766,0.9608,0.9634,0.964,0.964,0.9678,0.8496,0.96,0.7619
0.56,0.45,0.964,0.8337,0.9269,0.7766,0.9608,0.9634,0.964,0.964,0.9678,0.8496,0.96,0.7619
0.56,0.46,0.964,0.8337,0.9269,0.7766,0.9608,0.9634,0.964,0.964,0.9678,0.8496,0.96,0.7619
0.56,0.47,0.964,0.8337,0.9269,0.7766,0.9608,0.9634,0.964,0.964,0.9678,0.8496,0.96,0.7619
0.56,0.48,0.9621,0.8252,0.9266,0.7623,0.9588,0.9616,0.9621,0.9621,0.9659,0.8393,0.9592,0.746
0.56,0.49,0.9621,0.8252,0.9266,0.7623,0.9588,0.9616,0.9621,0.9621,0.9659,0.8393,0.9592,0.746
0.56,0.5,0.9583,0.8053,0.925,0.7398,0.9538,0.9578,0.9583,0.9583,0.9621,0.8182,0.9574,0.7143
0.56,0.51,0.9583,0.8119,0.9417,0.7398,0.9536,0.9579,0.9583,0.9583,0.9602,0.8073,0.9565,0.6984
0.56,0.52,0.9583,0.8119,0.9417,0.7398,0.9536,0.9579,0.9583,0.9583,0.9602,0.8073,0.9565,0.6984
0.56,0.53,0.9583,0.8119,0.9417,0.7398,0.9536,0.9579,0.9583,0.9583,0.9602,0.8073,0.9565,0.6984
0.56,0.54,0.9583,0.8119,0.9417,0.7398,0.9536,0.9579,0.9583,0.9583,0.9602,0.8073,0.9565,0.6984
0.56,0.55,0.9583,0.8119,0.9417,0.7398,0.9536,0.9579,0.9583,0.9583,0.9602,0.8073,0.9565,0.6984
0.56,0.56,0.9583,0.8119,0.9417,0.7398,0.9536,0.9579,0.9583,0.9583,0.9602,0.8073,0.9565,0.6984
0.57,0.0,0.9583,0.8119,0.9417,0.7398,0.9536,0.9579,0.9583,0.9583,0.9602,0.8073,0.9565,0.6984
0.57,0.01,0.9223,0.7598,0.712,0.8536,0.9303,0.9444,0.9223,0.9223,0.9261,0.7347,0.6429,0.8571
0.57,0.02,0.947,0.8069,0.7851,0.8575,0.9494,0.955,0.947,0.947,0.9508,0.806,0.7606,0.8571
0.57,0.03,0.9583,0.8339,0.8363,0.8594,0.9585,0.9621,0.9583,0.9583,0.9621,0.8438,0.8308,0.8571
0.57,0.04,0.9602,0.8346,0.8531,0.847,0.9593,0.9624,0.9602,0.9602,0.964,0.848,0.8548,0.8413
0.57,0.05,0.9621,0.84,0.877,0.8473,0.9611,0.9659,0.9621,0.9621,0.9659,0.8548,0.8689,0.8413
0.57,0.06,0.964,0.8456,0.8843,0.8476,0.9626,0.9667,0.964,0.964,0.9678,0.8618,0.8833,0.8413
0.57,0.07,0.9659,0.8518,0.893,0.8479,0.9642,0.9677,0.9659,0.9659,0.9697,0.8689,0.8983,0.8413
0.57,0.08,0.9659,0.851,0.9046,0.8304,0.9641,0.9672,0.9659,0.9659,0.9697,0.8667,0.9123,0.8254
0.57,0.09,0.9659,0.851,0.9046,0.8304,0.9641,0.9672,0.9659,0.9659,0.9697,0.8667,0.9123,0.8254
0.57,0.1,0.964,0.8406,0.8996,0.8125,0.9621,0.9648,0.964,0.964,0.9678,0.8571,0.9107,0.8095
0.57,0.11,0.964,0.8412,0.9104,0.8033,0.9617,0.9642,0.964,0.964,0.9678,0.8547,0.9259,0.7937
0.57,0.12,0.964,0.8412,0.9104,0.8033,0.9617,0.9642,0.964,0.964,0.9678,0.8547,0.9259,0.7937
0.57,0.13,0.9659,0.8463,0.9208,0.8036,0.9634,0.9658,0.9659,0.9659,0.9697,0.8621,0.9434,0.7937
0.57,0.14,0.9659,0.8463,0.9208,0.8036,0.9634,0.9658,0.9659,0.9659,0.9697,0.8621,0.9434,0.7937
0.57,0.15,0.9659,0.8463,0.9208,0.8036,0.9634,0.9658,0.9659,0.9659,0.9697,0.8621,0.9434,0.7937
0.57,0.16,0.9659,0.8463,0.9208,0.8036,0.9634,0.9658,0.9659,0.9659,0.9697,0.8621,0.9434,0.7937
0.57,0.17,0.9659,0.8463,0.9208,0.8036,0.9634,0.9658,0.9659,0.9659,0.9697,0.8621,0.9434,0.7937
0.57,0.18,0.9659,0.8463,0.9208,0.8036,0.9634,0.9658,0.9659,0.9659,0.9697,0.8621,0.9434,0.7937
0.57,0.19,0.9659,0.8463,0.9208,0.8036,0.9634,0.9658,0.9659,0.9659,0.9697,0.8621,0.9434,0.7937
0.57,0.2,0.9659,0.8463,0.9208,0.8036,0.9634,0.9658,0.9659,0.9659,0.9697,0.8621,0.9434,0.7937
0.57,0.21,0.9659,0.8463,0.9208,0.8036,0.9634,0.9658,0.9659,0.9659,0.9697,0.8621,0.9434,0.7937
0.57,0.22,0.9659,0.8463,0.9208,0.8036,0.9634,0.9658,0.9659,0.9659,0.9697,0.8621,0.9434,0.7937
0.57,0.23,0.9659,0.8463,0.9208,0.8036,0.9634,0.9658,0.9659,0.9659,0.9697,0.8621,0.9434,0.7937
0.57,0.24,0.9678,0.8519,0.9335,0.8039,0.9651,0.9677,0.9678,0.9678,0.9716,0.8696,0.9615,0.7937
0.57,0.25,0.9659,0.8457,0.9323,0.7944,0.963,0.9657,0.9659,0.9659,0.9697,0.8596,0.9608,0.7778
0.57,0.26,0.9659,0.8457,0.9323,0.7944,0.963,0.9657,0.9659,0.9659,0.9697,0.8596,0.9608,0.7778
0.57,0.27,0.9659,0.8457,0.9323,0.7944,0.963,0.9657,0.9659,0.9659,0.9697,0.8596,0.9608,0.7778
0.57,0.28,0.9659,0.8457,0.9323,0.7944,0.963,0.9657,0.9659,0.9659,0.9697,0.8596,0.9608,0.7778
0.57,0.29,0.9659,0.8457,0.9323,0.7944,0.963,0.9657,0.9659,0.9659,0.9697,0.8596,0.9608,0.7778
0.57,0.3,0.9659,0.8457,0.9323,0.7944,0.963,0.9657,0.9659,0.9659,0.9697,0.8596,0.9608,0.7778
0.57,0.31,0.9659,0.8457,0.9323,0.7944,0.963,0.9657,0.9659,0.9659,0.9697,0.8596,0.9608,0.7778
0.57,0.32,0.9659,0.8457,0.9323,0.7944,0.963,0.9657,0.9659,0.9659,0.9697,0.8596,0.9608,0.7778
0.57,0.33,0.9659,0.8457,0.9323,0.7944,0.963,0.9657,0.9659,0.9659,0.9697,0.8596,0.9608,0.7778
0.57,0.34,0.9659,0.8457,0.9323,0.7944,0.963,0.9657,0.9659,0.9659,0.9697,0.8596,0.9608,0.7778
0.57,0.35,0.9659,0.8457,0.9323,0.7944,0.963,0.9657,0.9659,0.9659,0.9697,0.8596,0.9608,0.7778
0.57,0.36,0.9659,0.8457,0.9323,0.7944,0.963,0.9657,0.9659,0.9659,0.9697,0.8596,0.9608,0.7778
0.57,0.37,0.964,0.8337,0.9269,0.7766,0.9608,0.9634,0.964,0.964,0.9678,0.8496,0.96,0.7619
0.57,0.38,0.964,0.8337,0.9269,0.7766,0.9608,0.9634,0.964,0.964,0.9678,0.8496,0.96,0.7619
0.57,0.39,0.964,0.8337,0.9269,0.7766,0.9608,0.9634,0.964,0.964,0.9678,0.8496,0.96,0.7619
0.57,0.4,0.964,0.8337,0.9269,0.7766,0.9608,0.9634,0.964,0.964,0.9678,0.8496,0.96,0.7619
0.57,0.41,0.964,0.8337,0.9269,0.7766,0.9608,0.9634,0.964,0.964,0.9678,0.8496,0.96,0.7619
0.57,0.42,0.964,0.8337,0.9269,0.7766,0.9608,0.9634,0.964,0.964,0.9678,0.8496,0.96,0.7619
0.57,0.43,0.964,0.8337,0.9269,0.7766,0.9608,0.9634,0.964,0.964,0.9678,0.8496,0.96,0.7619
0.57,0.44,0.964,0.8337,0.9269,0.7766,0.9608,0.9634,0.964,0.964,0.9678,0.8496,0.96,0.7619
0.57,0.45,0.964,0.8337,0.9269,0.7766,0.9608,0.9634,0.964,0.964,0.9678,0.8496,0.96,0.7619
0.57,0.46,0.964,0.8337,0.9269,0.7766,0.9608,0.9634,0.964,0.964,0.9678,0.8496,0.96,0.7619
0.57,0.47,0.964,0.8337,0.9269,0.7766,0.9608,0.9634,0.964,0.964,0.9678,0.8496,0.96,0.7619
0.57,0.48,0.9621,0.8252,0.9266,0.7623,0.9588,0.9616,0.9621,0.9621,0.9659,0.8393,0.9592,0.746
0.57,0.49,0.9621,0.8252,0.9266,0.7623,0.9588,0.9616,0.9621,0.9621,0.9659,0.8393,0.9592,0.746
0.57,0.5,0.9583,0.8053,0.925,0.7398,0.9538,0.9578,0.9583,0.9583,0.9621,0.8182,0.9574,0.7143
0.57,0.51,0.9583,0.8119,0.9417,0.7398,0.9536,0.9579,0.9583,0.9583,0.9602,0.8073,0.9565,0.6984
0.57,0.52,0.9583,0.8119,0.9417,0.7398,0.9536,0.9579,0.9583,0.9583,0.9602,0.8073,0.9565,0.6984
0.57,0.53,0.9583,0.8119,0.9417,0.7398,0.9536,0.9579,0.9583,0.9583,0.9602,0.8073,0.9565,0.6984
0.57,0.54,0.9583,0.8119,0.9417,0.7398,0.9536,0.9579,0.9583,0.9583,0.9602,0.8073,0.9565,0.6984
0.57,0.55,0.9583,0.8119,0.9417,0.7398,0.9536,0.9579,0.9583,0.9583,0.9602,0.8073,0.9565,0.6984
0.57,0.56,0.9583,0.8119,0.9417,0.7398,0.9536,0.9579,0.9583,0.9583,0.9602,0.8073,0.9565,0.6984
0.57,0.57,0.9583,0.8119,0.9417,0.7398,0.9536,0.9579,0.9583,0.9583,0.9602,0.8073,0.9565,0.6984
0.58,0.0,0.9583,0.8119,0.9417,0.7398,0.9536,0.9579,0.9583,0.9583,0.9602,0.8073,0.9565,0.6984
0.58,0.01,0.9223,0.7598,0.712,0.8536,0.9303,0.9444,0.9223,0.9223,0.9261,0.7347,0.6429,0.8571
0.58,0.02,0.947,0.8069,0.7851,0.8575,0.9494,0.955,0.947,0.947,0.9508,0.806,0.7606,0.8571
0.58,0.03,0.9583,0.8339,0.8363,0.8594,0.9585,0.9621,0.9583,0.9583,0.9621,0.8438,0.8308,0.8571
0.58,0.04,0.9602,0.8346,0.8531,0.847,0.9593,0.9624,0.9602,0.9602,0.964,0.848,0.8548,0.8413
0.58,0.05,0.9621,0.84,0.877,0.8473,0.9611,0.9659,0.9621,0.9621,0.9659,0.8548,0.8689,0.8413
0.58,0.06,0.964,0.8456,0.8843,0.8476,0.9626,0.9667,0.964,0.964,0.9678,0.8618,0.8833,0.8413
0.58,0.07,0.9659,0.8518,0.893,0.8479,0.9642,0.9677,0.9659,0.9659,0.9697,0.8689,0.8983,0.8413
0.58,0.08,0.9659,0.851,0.9046,0.8304,0.9641,0.9672,0.9659,0.9659,0.9697,0.8667,0.9123,0.8254
0.58,0.09,0.9659,0.851,0.9046,0.8304,0.9641,0.9672,0.9659,0.9659,0.9697,0.8667,0.9123,0.8254
0.58,0.1,0.964,0.8406,0.8996,0.8125,0.9621,0.9648,0.964,0.964,0.9678,0.8571,0.9107,0.8095
0.58,0.11,0.964,0.8412,0.9104,0.8033,0.9617,0.9642,0.964,0.964,0.9678,0.8547,0.9259,0.7937
0.58,0.12,0.964,0.8412,0.9104,0.8033,0.9617,0.9642,0.964,0.964,0.9678,0.8547,0.9259,0.7937
0.58,0.13,0.9659,0.8463,0.9208,0.8036,0.9634,0.9658,0.9659,0.9659,0.9697,0.8621,0.9434,0.7937
0.58,0.14,0.9659,0.8463,0.9208,0.8036,0.9634,0.9658,0.9659,0.9659,0.9697,0.8621,0.9434,0.7937
0.58,0.15,0.9659,0.8463,0.9208,0.8036,0.9634,0.9658,0.9659,0.9659,0.9697,0.8621,0.9434,0.7937
0.58,0.16,0.9659,0.8463,0.9208,0.8036,0.9634,0.9658,0.9659,0.9659,0.9697,0.8621,0.9434,0.7937
0.58,0.17,0.9659,0.8463,0.9208,0.8036,0.9634,0.9658,0.9659,0.9659,0.9697,0.8621,0.9434,0.7937
0.58,0.18,0.9659,0.8463,0.9208,0.8036,0.9634,0.9658,0.9659,0.9659,0.9697,0.8621,0.9434,0.7937
0.58,0.19,0.9659,0.8463,0.9208,0.8036,0.9634,0.9658,0.9659,0.9659,0.9697,0.8621,0.9434,0.7937
0.58,0.2,0.9659,0.8463,0.9208,0.8036,0.9634,0.9658,0.9659,0.9659,0.9697,0.8621,0.9434,0.7937
0.58,0.21,0.9659,0.8463,0.9208,0.8036,0.9634,0.9658,0.9659,0.9659,0.9697,0.8621,0.9434,0.7937
0.58,0.22,0.9659,0.8463,0.9208,0.8036,0.9634,0.9658,0.9659,0.9659,0.9697,0.8621,0.9434,0.7937
0.58,0.23,0.9659,0.8463,0.9208,0.8036,0.9634,0.9658,0.9659,0.9659,0.9697,0.8621,0.9434,0.7937
0.58,0.24,0.9678,0.8519,0.9335,0.8039,0.9651,0.9677,0.9678,0.9678,0.9716,0.8696,0.9615,0.7937
0.58,0.25,0.9659,0.8457,0.9323,0.7944,0.963,0.9657,0.9659,0.9659,0.9697,0.8596,0.9608,0.7778
0.58,0.26,0.9659,0.8457,0.9323,0.7944,0.963,0.9657,0.9659,0.9659,0.9697,0.8596,0.9608,0.7778
0.58,0.27,0.9659,0.8457,0.9323,0.7944,0.963,0.9657,0.9659,0.9659,0.9697,0.8596,0.9608,0.7778
0.58,0.28,0.9659,0.8457,0.9323,0.7944,0.963,0.9657,0.9659,0.9659,0.9697,0.8596,0.9608,0.7778
0.58,0.29,0.9659,0.8457,0.9323,0.7944,0.963,0.9657,0.9659,0.9659,0.9697,0.8596,0.9608,0.7778
0.58,0.3,0.9659,0.8457,0.9323,0.7944,0.963,0.9657,0.9659,0.9659,0.9697,0.8596,0.9608,0.7778
0.58,0.31,0.9659,0.8457,0.9323,0.7944,0.963,0.9657,0.9659,0.9659,0.9697,0.8596,0.9608,0.7778
0.58,0.32,0.9659,0.8457,0.9323,0.7944,0.963,0.9657,0.9659,0.9659,0.9697,0.8596,0.9608,0.7778
0.58,0.33,0.9659,0.8457,0.9323,0.7944,0.963,0.9657,0.9659,0.9659,0.9697,0.8596,0.9608,0.7778
0.58,0.34,0.9659,0.8457,0.9323,0.7944,0.963,0.9657,0.9659,0.9659,0.9697,0.8596,0.9608,0.7778
0.58,0.35,0.9659,0.8457,0.9323,0.7944,0.963,0.9657,0.9659,0.9659,0.9697,0.8596,0.9608,0.7778
0.58,0.36,0.9659,0.8457,0.9323,0.7944,0.963,0.9657,0.9659,0.9659,0.9697,0.8596,0.9608,0.7778
0.58,0.37,0.964,0.8337,0.9269,0.7766,0.9608,0.9634,0.964,0.964,0.9678,0.8496,0.96,0.7619
0.58,0.38,0.964,0.8337,0.9269,0.7766,0.9608,0.9634,0.964,0.964,0.9678,0.8496,0.96,0.7619
0.58,0.39,0.964,0.8337,0.9269,0.7766,0.9608,0.9634,0.964,0.964,0.9678,0.8496,0.96,0.7619
0.58,0.4,0.964,0.8337,0.9269,0.7766,0.9608,0.9634,0.964,0.964,0.9678,0.8496,0.96,0.7619
0.58,0.41,0.964,0.8337,0.9269,0.7766,0.9608,0.9634,0.964,0.964,0.9678,0.8496,0.96,0.7619
0.58,0.42,0.964,0.8337,0.9269,0.7766,0.9608,0.9634,0.964,0.964,0.9678,0.8496,0.96,0.7619
0.58,0.43,0.964,0.8337,0.9269,0.7766,0.9608,0.9634,0.964,0.964,0.9678,0.8496,0.96,0.7619
0.58,0.44,0.964,0.8337,0.9269,0.7766,0.9608,0.9634,0.964,0.964,0.9678,0.8496,0.96,0.7619
0.58,0.45,0.964,0.8337,0.9269,0.7766,0.9608,0.9634,0.964,0.964,0.9678,0.8496,0.96,0.7619
0.58,0.46,0.964,0.8337,0.9269,0.7766,0.9608,0.9634,0.964,0.964,0.9678,0.8496,0.96,0.7619
0.58,0.47,0.964,0.8337,0.9269,0.7766,0.9608,0.9634,0.964,0.964,0.9678,0.8496,0.96,0.7619
0.58,0.48,0.9621,0.8252,0.9266,0.7623,0.9588,0.9616,0.9621,0.9621,0.9659,0.8393,0.9592,0.746
0.58,0.49,0.9621,0.8252,0.9266,0.7623,0.9588,0.9616,0.9621,0.9621,0.9659,0.8393,0.9592,0.746
0.58,0.5,0.9583,0.8053,0.925,0.7398,0.9538,0.9578,0.9583,0.9583,0.9621,0.8182,0.9574,0.7143
0.58,0.51,0.9583,0.8119,0.9417,0.7398,0.9536,0.9579,0.9583,0.9583,0.9602,0.8073,0.9565,0.6984
0.58,0.52,0.9583,0.8119,0.9417,0.7398,0.9536,0.9579,0.9583,0.9583,0.9602,0.8073,0.9565,0.6984
0.58,0.53,0.9583,0.8119,0.9417,0.7398,0.9536,0.9579,0.9583,0.9583,0.9602,0.8073,0.9565,0.6984
0.58,0.54,0.9583,0.8119,0.9417,0.7398,0.9536,0.9579,0.9583,0.9583,0.9602,0.8073,0.9565,0.6984
0.58,0.55,0.9583,0.8119,0.9417,0.7398,0.9536,0.9579,0.9583,0.9583,0.9602,0.8073,0.9565,0.6984
0.58,0.56,0.9583,0.8119,0.9417,0.7398,0.9536,0.9579,0.9583,0.9583,0.9602,0.8073,0.9565,0.6984
0.58,0.57,0.9583,0.8119,0.9417,0.7398,0.9536,0.9579,0.9583,0.9583,0.9602,0.8073,0.9565,0.6984
0.58,0.58,0.9583,0.8119,0.9417,0.7398,0.9536,0.9579,0.9583,0.9583,0.9602,0.8073,0.9565,0.6984
0.59,0.0,0.9583,0.8119,0.9417,0.7398,0.9536,0.9579,0.9583,0.9583,0.9602,0.8073,0.9565,0.6984
0.59,0.01,0.9223,0.7598,0.712,0.8536,0.9303,0.9444,0.9223,0.9223,0.9261,0.7347,0.6429,0.8571
0.59,0.02,0.947,0.8069,0.7851,0.8575,0.9494,0.955,0.947,0.947,0.9508,0.806,0.7606,0.8571
0.59,0.03,0.9583,0.8339,0.8363,0.8594,0.9585,0.9621,0.9583,0.9583,0.9621,0.8438,0.8308,0.8571
0.59,0.04,0.9602,0.8346,0.8531,0.847,0.9593,0.9624,0.9602,0.9602,0.964,0.848,0.8548,0.8413
0.59,0.05,0.9621,0.84,0.877,0.8473,0.9611,0.9659,0.9621,0.9621,0.9659,0.8548,0.8689,0.8413
0.59,0.06,0.964,0.8456,0.8843,0.8476,0.9626,0.9667,0.964,0.964,0.9678,0.8618,0.8833,0.8413
0.59,0.07,0.9659,0.8518,0.893,0.8479,0.9642,0.9677,0.9659,0.9659,0.9697,0.8689,0.8983,0.8413
0.59,0.08,0.9659,0.851,0.9046,0.8304,0.9641,0.9672,0.9659,0.9659,0.9697,0.8667,0.9123,0.8254
0.59,0.09,0.9659,0.851,0.9046,0.8304,0.9641,0.9672,0.9659,0.9659,0.9697,0.8667,0.9123,0.8254
0.59,0.1,0.964,0.8406,0.8996,0.8125,0.9621,0.9648,0.964,0.964,0.9678,0.8571,0.9107,0.8095
0.59,0.11,0.964,0.8412,0.9104,0.8033,0.9617,0.9642,0.964,0.964,0.9678,0.8547,0.9259,0.7937
0.59,0.12,0.964,0.8412,0.9104,0.8033,0.9617,0.9642,0.964,0.964,0.9678,0.8547,0.9259,0.7937
0.59,0.13,0.9659,0.8463,0.9208,0.8036,0.9634,0.9658,0.9659,0.9659,0.9697,0.8621,0.9434,0.7937
0.59,0.14,0.9659,0.8463,0.9208,0.8036,0.9634,0.9658,0.9659,0.9659,0.9697,0.8621,0.9434,0.7937
0.59,0.15,0.9659,0.8463,0.9208,0.8036,0.9634,0.9658,0.9659,0.9659,0.9697,0.8621,0.9434,0.7937
0.59,0.16,0.9659,0.8463,0.9208,0.8036,0.9634,0.9658,0.9659,0.9659,0.9697,0.8621,0.9434,0.7937
0.59,0.17,0.9659,0.8463,0.9208,0.8036,0.9634,0.9658,0.9659,0.9659,0.9697,0.8621,0.9434,0.7937
0.59,0.18,0.9659,0.8463,0.9208,0.8036,0.9634,0.9658,0.9659,0.9659,0.9697,0.8621,0.9434,0.7937
0.59,0.19,0.9659,0.8463,0.9208,0.8036,0.9634,0.9658,0.9659,0.9659,0.9697,0.8621,0.9434,0.7937
0.59,0.2,0.9659,0.8463,0.9208,0.8036,0.9634,0.9658,0.9659,0.9659,0.9697,0.8621,0.9434,0.7937
0.59,0.21,0.9659,0.8463,0.9208,0.8036,0.9634,0.9658,0.9659,0.9659,0.9697,0.8621,0.9434,0.7937
0.59,0.22,0.9659,0.8463,0.9208,0.8036,0.9634,0.9658,0.9659,0.9659,0.9697,0.8621,0.9434,0.7937
0.59,0.23,0.9659,0.8463,0.9208,0.8036,0.9634,0.9658,0.9659,0.9659,0.9697,0.8621,0.9434,0.7937
0.59,0.24,0.9678,0.8519,0.9335,0.8039,0.9651,0.9677,0.9678,0.9678,0.9716,0.8696,0.9615,0.7937
0.59,0.25,0.9659,0.8457,0.9323,0.7944,0.963,0.9657,0.9659,0.9659,0.9697,0.8596,0.9608,0.7778
0.59,0.26,0.9659,0.8457,0.9323,0.7944,0.963,0.9657,0.9659,0.9659,0.9697,0.8596,0.9608,0.7778
0.59,0.27,0.9659,0.8457,0.9323,0.7944,0.963,0.9657,0.9659,0.9659,0.9697,0.8596,0.9608,0.7778
0.59,0.28,0.9659,0.8457,0.9323,0.7944,0.963,0.9657,0.9659,0.9659,0.9697,0.8596,0.9608,0.7778
0.59,0.29,0.9659,0.8457,0.9323,0.7944,0.963,0.9657,0.9659,0.9659,0.9697,0.8596,0.9608,0.7778
0.59,0.3,0.9659,0.8457,0.9323,0.7944,0.963,0.9657,0.9659,0.9659,0.9697,0.8596,0.9608,0.7778
0.59,0.31,0.9659,0.8457,0.9323,0.7944,0.963,0.9657,0.9659,0.9659,0.9697,0.8596,0.9608,0.7778
0.59,0.32,0.9659,0.8457,0.9323,0.7944,0.963,0.9657,0.9659,0.9659,0.9697,0.8596,0.9608,0.7778
0.59,0.33,0.9659,0.8457,0.9323,0.7944,0.963,0.9657,0.9659,0.9659,0.9697,0.8596,0.9608,0.7778
0.59,0.34,0.9659,0.8457,0.9323,0.7944,0.963,0.9657,0.9659,0.9659,0.9697,0.8596,0.9608,0.7778
0.59,0.35,0.9659,0.8457,0.9323,0.7944,0.963,0.9657,0.9659,0.9659,0.9697,0.8596,0.9608,0.7778
0.59,0.36,0.9659,0.8457,0.9323,0.7944,0.963,0.9657,0.9659,0.9659,0.9697,0.8596,0.9608,0.7778
0.59,0.37,0.964,0.8337,0.9269,0.7766,0.9608,0.9634,0.964,0.964,0.9678,0.8496,0.96,0.7619
0.59,0.38,0.964,0.8337,0.9269,0.7766,0.9608,0.9634,0.964,0.964,0.9678,0.8496,0.96,0.7619
0.59,0.39,0.964,0.8337,0.9269,0.7766,0.9608,0.9634,0.964,0.964,0.9678,0.8496,0.96,0.7619
0.59,0.4,0.964,0.8337,0.9269,0.7766,0.9608,0.9634,0.964,0.964,0.9678,0.8496,0.96,0.7619
0.59,0.41,0.964,0.8337,0.9269,0.7766,0.9608,0.9634,0.964,0.964,0.9678,0.8496,0.96,0.7619
0.59,0.42,0.964,0.8337,0.9269,0.7766,0.9608,0.9634,0.964,0.964,0.9678,0.8496,0.96,0.7619
0.59,0.43,0.964,0.8337,0.9269,0.7766,0.9608,0.9634,0.964,0.964,0.9678,0.8496,0.96,0.7619
0.59,0.44,0.964,0.8337,0.9269,0.7766,0.9608,0.9634,0.964,0.964,0.9678,0.8496,0.96,0.7619
0.59,0.45,0.964,0.8337,0.9269,0.7766,0.9608,0.9634,0.964,0.964,0.9678,0.8496,0.96,0.7619
0.59,0.46,0.964,0.8337,0.9269,0.7766,0.9608,0.9634,0.964,0.964,0.9678,0.8496,0.96,0.7619
0.59,0.47,0.964,0.8337,0.9269,0.7766,0.9608,0.9634,0.964,0.964,0.9678,0.8496,0.96,0.7619
0.59,0.48,0.9621,0.8252,0.9266,0.7623,0.9588,0.9616,0.9621,0.9621,0.9659,0.8393,0.9592,0.746
0.59,0.49,0.9621,0.8252,0.9266,0.7623,0.9588,0.9616,0.9621,0.9621,0.9659,0.8393,0.9592,0.746
0.59,0.5,0.9583,0.8053,0.925,0.7398,0.9538,0.9578,0.9583,0.9583,0.9621,0.8182,0.9574,0.7143
0.59,0.51,0.9583,0.8119,0.9417,0.7398,0.9536,0.9579,0.9583,0.9583,0.9602,0.8073,0.9565,0.6984
0.59,0.52,0.9583,0.8119,0.9417,0.7398,0.9536,0.9579,0.9583,0.9583,0.9602,0.8073,0.9565,0.6984
0.59,0.53,0.9583,0.8119,0.9417,0.7398,0.9536,0.9579,0.9583,0.9583,0.9602,0.8073,0.9565,0.6984
0.59,0.54,0.9583,0.8119,0.9417,0.7398,0.9536,0.9579,0.9583,0.9583,0.9602,0.8073,0.9565,0.6984
0.59,0.55,0.9583,0.8119,0.9417,0.7398,0.9536,0.9579,0.9583,0.9583,0.9602,0.8073,0.9565,0.6984
0.59,0.56,0.9583,0.8119,0.9417,0.7398,0.9536,0.9579,0.9583,0.9583,0.9602,0.8073,0.9565,0.6984
0.59,0.57,0.9583,0.8119,0.9417,0.7398,0.9536,0.9579,0.9583,0.9583,0.9602,0.8073,0.9565,0.6984
0.59,0.58,0.9583,0.8119,0.9417,0.7398,0.9536,0.9579,0.9583,0.9583,0.9602,0.8073,0.9565,0.6984
0.59,0.59,0.9583,0.8119,0.9417,0.7398,0.9536,0.9579,0.9583,0.9583,0.9602,0.8073,0.9565,0.6984
0.6,0.0,0.9583,0.8119,0.9417,0.7398,0.9536,0.9579,0.9583,0.9583,0.9602,0.8073,0.9565,0.6984
0.6,0.01,0.9223,0.7598,0.712,0.8536,0.9303,0.9444,0.9223,0.9223,0.9261,0.7347,0.6429,0.8571
0.6,0.02,0.947,0.8069,0.7851,0.8575,0.9494,0.955,0.947,0.947,0.9508,0.806,0.7606,0.8571
0.6,0.03,0.9583,0.8339,0.8363,0.8594,0.9585,0.9621,0.9583,0.9583,0.9621,0.8438,0.8308,0.8571
0.6,0.04,0.9602,0.8346,0.8531,0.847,0.9593,0.9624,0.9602,0.9602,0.964,0.848,0.8548,0.8413
0.6,0.05,0.9621,0.84,0.877,0.8473,0.9611,0.9659,0.9621,0.9621,0.9659,0.8548,0.8689,0.8413
0.6,0.06,0.964,0.8456,0.8843,0.8476,0.9626,0.9667,0.964,0.964,0.9678,0.8618,0.8833,0.8413
0.6,0.07,0.9659,0.8518,0.893,0.8479,0.9642,0.9677,0.9659,0.9659,0.9697,0.8689,0.8983,0.8413
0.6,0.08,0.9659,0.851,0.9046,0.8304,0.9641,0.9672,0.9659,0.9659,0.9697,0.8667,0.9123,0.8254
0.6,0.09,0.9659,0.851,0.9046,0.8304,0.9641,0.9672,0.9659,0.9659,0.9697,0.8667,0.9123,0.8254
0.6,0.1,0.964,0.8406,0.8996,0.8125,0.9621,0.9648,0.964,0.964,0.9678,0.8571,0.9107,0.8095
0.6,0.11,0.964,0.8412,0.9104,0.8033,0.9617,0.9642,0.964,0.964,0.9678,0.8547,0.9259,0.7937
0.6,0.12,0.964,0.8412,0.9104,0.8033,0.9617,0.9642,0.964,0.964,0.9678,0.8547,0.9259,0.7937
0.6,0.13,0.9659,0.8463,0.9208,0.8036,0.9634,0.9658,0.9659,0.9659,0.9697,0.8621,0.9434,0.7937
0.6,0.14,0.9659,0.8463,0.9208,0.8036,0.9634,0.9658,0.9659,0.9659,0.9697,0.8621,0.9434,0.7937
0.6,0.15,0.9659,0.8463,0.9208,0.8036,0.9634,0.9658,0.9659,0.9659,0.9697,0.8621,0.9434,0.7937
0.6,0.16,0.9659,0.8463,0.9208,0.8036,0.9634,0.9658,0.9659,0.9659,0.9697,0.8621,0.9434,0.7937
0.6,0.17,0.9659,0.8463,0.9208,0.8036,0.9634,0.9658,0.9659,0.9659,0.9697,0.8621,0.9434,0.7937
0.6,0.18,0.9659,0.8463,0.9208,0.8036,0.9634,0.9658,0.9659,0.9659,0.9697,0.8621,0.9434,0.7937
0.6,0.19,0.9659,0.8463,0.9208,0.8036,0.9634,0.9658,0.9659,0.9659,0.9697,0.8621,0.9434,0.7937
0.6,0.2,0.9659,0.8463,0.9208,0.8036,0.9634,0.9658,0.9659,0.9659,0.9697,0.8621,0.9434,0.7937
0.6,0.21,0.9659,0.8463,0.9208,0.8036,0.9634,0.9658,0.9659,0.9659,0.9697,0.8621,0.9434,0.7937
0.6,0.22,0.9659,0.8463,0.9208,0.8036,0.9634,0.9658,0.9659,0.9659,0.9697,0.8621,0.9434,0.7937
0.6,0.23,0.9659,0.8463,0.9208,0.8036,0.9634,0.9658,0.9659,0.9659,0.9697,0.8621,0.9434,0.7937
0.6,0.24,0.9678,0.8519,0.9335,0.8039,0.9651,0.9677,0.9678,0.9678,0.9716,0.8696,0.9615,0.7937
0.6,0.25,0.9659,0.8457,0.9323,0.7944,0.963,0.9657,0.9659,0.9659,0.9697,0.8596,0.9608,0.7778
0.6,0.26,0.9659,0.8457,0.9323,0.7944,0.963,0.9657,0.9659,0.9659,0.9697,0.8596,0.9608,0.7778
0.6,0.27,0.9659,0.8457,0.9323,0.7944,0.963,0.9657,0.9659,0.9659,0.9697,0.8596,0.9608,0.7778
0.6,0.28,0.9659,0.8457,0.9323,0.7944,0.963,0.9657,0.9659,0.9659,0.9697,0.8596,0.9608,0.7778
0.6,0.29,0.9659,0.8457,0.9323,0.7944,0.963,0.9657,0.9659,0.9659,0.9697,0.8596,0.9608,0.7778
0.6,0.3,0.9659,0.8457,0.9323,0.7944,0.963,0.9657,0.9659,0.9659,0.9697,0.8596,0.9608,0.7778
0.6,0.31,0.9659,0.8457,0.9323,0.7944,0.963,0.9657,0.9659,0.9659,0.9697,0.8596,0.9608,0.7778
0.6,0.32,0.9659,0.8457,0.9323,0.7944,0.963,0.9657,0.9659,0.9659,0.9697,0.8596,0.9608,0.7778
0.6,0.33,0.9659,0.8457,0.9323,0.7944,0.963,0.9657,0.9659,0.9659,0.9697,0.8596,0.9608,0.7778
0.6,0.34,0.9659,0.8457,0.9323,0.7944,0.963,0.9657,0.9659,0.9659,0.9697,0.8596,0.9608,0.7778
0.6,0.35,0.9659,0.8457,0.9323,0.7944,0.963,0.9657,0.9659,0.9659,0.9697,0.8596,0.9608,0.7778
0.6,0.36,0.9659,0.8457,0.9323,0.7944,0.963,0.9657,0.9659,0.9659,0.9697,0.8596,0.9608,0.7778
0.6,0.37,0.964,0.8337,0.9269,0.7766,0.9608,0.9634,0.964,0.964,0.9678,0.8496,0.96,0.7619
0.6,0.38,0.964,0.8337,0.9269,0.7766,0.9608,0.9634,0.964,0.964,0.9678,0.8496,0.96,0.7619
0.6,0.39,0.964,0.8337,0.9269,0.7766,0.9608,0.9634,0.964,0.964,0.9678,0.8496,0.96,0.7619
0.6,0.4,0.964,0.8337,0.9269,0.7766,0.9608,0.9634,0.964,0.964,0.9678,0.8496,0.96,0.7619
0.6,0.41,0.964,0.8337,0.9269,0.7766,0.9608,0.9634,0.964,0.964,0.9678,0.8496,0.96,0.7619
0.6,0.42,0.964,0.8337,0.9269,0.7766,0.9608,0.9634,0.964,0.964,0.9678,0.8496,0.96,0.7619
0.6,0.43,0.964,0.8337,0.9269,0.7766,0.9608,0.9634,0.964,0.964,0.9678,0.8496,0.96,0.7619
0.6,0.44,0.964,0.8337,0.9269,0.7766,0.9608,0.9634,0.964,0.964,0.9678,0.8496,0.96,0.7619
0.6,0.45,0.964,0.8337,0.9269,0.7766,0.9608,0.9634,0.964,0.964,0.9678,0.8496,0.96,0.7619
0.6,0.46,0.964,0.8337,0.9269,0.7766,0.9608,0.9634,0.964,0.964,0.9678,0.8496,0.96,0.7619
0.6,0.47,0.964,0.8337,0.9269,0.7766,0.9608,0.9634,0.964,0.964,0.9678,0.8496,0.96,0.7619
0.6,0.48,0.9621,0.8252,0.9266,0.7623,0.9588,0.9616,0.9621,0.9621,0.9659,0.8393,0.9592,0.746
0.6,0.49,0.9621,0.8252,0.9266,0.7623,0.9588,0.9616,0.9621,0.9621,0.9659,0.8393,0.9592,0.746
0.6,0.5,0.9583,0.8053,0.925,0.7398,0.9538,0.9578,0.9583,0.9583,0.9621,0.8182,0.9574,0.7143
0.6,0.51,0.9583,0.8119,0.9417,0.7398,0.9536,0.9579,0.9583,0.9583,0.9602,0.8073,0.9565,0.6984
0.6,0.52,0.9583,0.8119,0.9417,0.7398,0.9536,0.9579,0.9583,0.9583,0.9602,0.8073,0.9565,0.6984
0.6,0.53,0.9583,0.8119,0.9417,0.7398,0.9536,0.9579,0.9583,0.9583,0.9602,0.8073,0.9565,0.6984
0.6,0.54,0.9583,0.8119,0.9417,0.7398,0.9536,0.9579,0.9583,0.9583,0.9602,0.8073,0.9565,0.6984
0.6,0.55,0.9583,0.8119,0.9417,0.7398,0.9536,0.9579,0.9583,0.9583,0.9602,0.8073,0.9565,0.6984
0.6,0.56,0.9583,0.8119,0.9417,0.7398,0.9536,0.9579,0.9583,0.9583,0.9602,0.8073,0.9565,0.6984
0.6,0.57,0.9583,0.8119,0.9417,0.7398,0.9536,0.9579,0.9583,0.9583,0.9602,0.8073,0.9565,0.6984
0.6,0.58,0.9583,0.8119,0.9417,0.7398,0.9536,0.9579,0.9583,0.9583,0.9602,0.8073,0.9565,0.6984
0.6,0.59,0.9583,0.8119,0.9417,0.7398,0.9536,0.9579,0.9583,0.9583,0.9602,0.8073,0.9565,0.6984
0.6,0.6,0.9583,0.8119,0.9417,0.7398,0.9536,0.9579,0.9583,0.9583,0.9602,0.8073,0.9565,0.6984
0.61,0.0,0.9583,0.8119,0.9417,0.7398,0.9536,0.9579,0.9583,0.9583,0.9602,0.8073,0.9565,0.6984
0.61,0.01,0.9223,0.7598,0.712,0.8536,0.9303,0.9444,0.9223,0.9223,0.9261,0.7347,0.6429,0.8571
0.61,0.02,0.947,0.8069,0.7851,0.8575,0.9494,0.955,0.947,0.947,0.9508,0.806,0.7606,0.8571
0.61,0.03,0.9583,0.8339,0.8363,0.8594,0.9585,0.9621,0.9583,0.9583,0.9621,0.8438,0.8308,0.8571
0.61,0.04,0.9602,0.8346,0.8531,0.847,0.9593,0.9624,0.9602,0.9602,0.964,0.848,0.8548,0.8413
0.61,0.05,0.9621,0.84,0.877,0.8473,0.9611,0.9659,0.9621,0.9621,0.9659,0.8548,0.8689,0.8413
0.61,0.06,0.964,0.8456,0.8843,0.8476,0.9626,0.9667,0.964,0.964,0.9678,0.8618,0.8833,0.8413
0.61,0.07,0.9659,0.8518,0.893,0.8479,0.9642,0.9677,0.9659,0.9659,0.9697,0.8689,0.8983,0.8413
0.61,0.08,0.9659,0.851,0.9046,0.8304,0.9641,0.9672,0.9659,0.9659,0.9697,0.8667,0.9123,0.8254
0.61,0.09,0.9659,0.851,0.9046,0.8304,0.9641,0.9672,0.9659,0.9659,0.9697,0.8667,0.9123,0.8254
0.61,0.1,0.964,0.8406,0.8996,0.8125,0.9621,0.9648,0.964,0.964,0.9678,0.8571,0.9107,0.8095
0.61,0.11,0.964,0.8412,0.9104,0.8033,0.9617,0.9642,0.964,0.964,0.9678,0.8547,0.9259,0.7937
0.61,0.12,0.964,0.8412,0.9104,0.8033,0.9617,0.9642,0.964,0.964,0.9678,0.8547,0.9259,0.7937
0.61,0.13,0.9659,0.8463,0.9208,0.8036,0.9634,0.9658,0.9659,0.9659,0.9697,0.8621,0.9434,0.7937
0.61,0.14,0.9659,0.8463,0.9208,0.8036,0.9634,0.9658,0.9659,0.9659,0.9697,0.8621,0.9434,0.7937
0.61,0.15,0.9659,0.8463,0.9208,0.8036,0.9634,0.9658,0.9659,0.9659,0.9697,0.8621,0.9434,0.7937
0.61,0.16,0.9659,0.8463,0.9208,0.8036,0.9634,0.9658,0.9659,0.9659,0.9697,0.8621,0.9434,0.7937
0.61,0.17,0.9659,0.8463,0.9208,0.8036,0.9634,0.9658,0.9659,0.9659,0.9697,0.8621,0.9434,0.7937
0.61,0.18,0.9659,0.8463,0.9208,0.8036,0.9634,0.9658,0.9659,0.9659,0.9697,0.8621,0.9434,0.7937
0.61,0.19,0.9659,0.8463,0.9208,0.8036,0.9634,0.9658,0.9659,0.9659,0.9697,0.8621,0.9434,0.7937
0.61,0.2,0.9659,0.8463,0.9208,0.8036,0.9634,0.9658,0.9659,0.9659,0.9697,0.8621,0.9434,0.7937
0.61,0.21,0.9659,0.8463,0.9208,0.8036,0.9634,0.9658,0.9659,0.9659,0.9697,0.8621,0.9434,0.7937
0.61,0.22,0.9659,0.8463,0.9208,0.8036,0.9634,0.9658,0.9659,0.9659,0.9697,0.8621,0.9434,0.7937
0.61,0.23,0.9659,0.8463,0.9208,0.8036,0.9634,0.9658,0.9659,0.9659,0.9697,0.8621,0.9434,0.7937
0.61,0.24,0.9678,0.8519,0.9335,0.8039,0.9651,0.9677,0.9678,0.9678,0.9716,0.8696,0.9615,0.7937
0.61,0.25,0.9659,0.8457,0.9323,0.7944,0.963,0.9657,0.9659,0.9659,0.9697,0.8596,0.9608,0.7778
0.61,0.26,0.9659,0.8457,0.9323,0.7944,0.963,0.9657,0.9659,0.9659,0.9697,0.8596,0.9608,0.7778
0.61,0.27,0.9659,0.8457,0.9323,0.7944,0.963,0.9657,0.9659,0.9659,0.9697,0.8596,0.9608,0.7778
0.61,0.28,0.9659,0.8457,0.9323,0.7944,0.963,0.9657,0.9659,0.9659,0.9697,0.8596,0.9608,0.7778
0.61,0.29,0.9659,0.8457,0.9323,0.7944,0.963,0.9657,0.9659,0.9659,0.9697,0.8596,0.9608,0.7778
0.61,0.3,0.9659,0.8457,0.9323,0.7944,0.963,0.9657,0.9659,0.9659,0.9697,0.8596,0.9608,0.7778
0.61,0.31,0.9659,0.8457,0.9323,0.7944,0.963,0.9657,0.9659,0.9659,0.9697,0.8596,0.9608,0.7778
0.61,0.32,0.9659,0.8457,0.9323,0.7944,0.963,0.9657,0.9659,0.9659,0.9697,0.8596,0.9608,0.7778
0.61,0.33,0.9659,0.8457,0.9323,0.7944,0.963,0.9657,0.9659,0.9659,0.9697,0.8596,0.9608,0.7778
0.61,0.34,0.9659,0.8457,0.9323,0.7944,0.963,0.9657,0.9659,0.9659,0.9697,0.8596,0.9608,0.7778
0.61,0.35,0.9659,0.8457,0.9323,0.7944,0.963,0.9657,0.9659,0.9659,0.9697,0.8596,0.9608,0.7778
0.61,0.36,0.9659,0.8457,0.9323,0.7944,0.963,0.9657,0.9659,0.9659,0.9697,0.8596,0.9608,0.7778
0.61,0.37,0.964,0.8337,0.9269,0.7766,0.9608,0.9634,0.964,0.964,0.9678,0.8496,0.96,0.7619
0.61,0.38,0.964,0.8337,0.9269,0.7766,0.9608,0.9634,0.964,0.964,0.9678,0.8496,0.96,0.7619
0.61,0.39,0.964,0.8337,0.9269,0.7766,0.9608,0.9634,0.964,0.964,0.9678,0.8496,0.96,0.7619
0.61,0.4,0.964,0.8337,0.9269,0.7766,0.9608,0.9634,0.964,0.964,0.9678,0.8496,0.96,0.7619
0.61,0.41,0.964,0.8337,0.9269,0.7766,0.9608,0.9634,0.964,0.964,0.9678,0.8496,0.96,0.7619
0.61,0.42,0.964,0.8337,0.9269,0.7766,0.9608,0.9634,0.964,0.964,0.9678,0.8496,0.96,0.7619
0.61,0.43,0.964,0.8337,0.9269,0.7766,0.9608,0.9634,0.964,0.964,0.9678,0.8496,0.96,0.7619
0.61,0.44,0.964,0.8337,0.9269,0.7766,0.9608,0.9634,0.964,0.964,0.9678,0.8496,0.96,0.7619
0.61,0.45,0.964,0.8337,0.9269,0.7766,0.9608,0.9634,0.964,0.964,0.9678,0.8496,0.96,0.7619
0.61,0.46,0.964,0.8337,0.9269,0.7766,0.9608,0.9634,0.964,0.964,0.9678,0.8496,0.96,0.7619
0.61,0.47,0.964,0.8337,0.9269,0.7766,0.9608,0.9634,0.964,0.964,0.9678,0.8496,0.96,0.7619
0.61,0.48,0.9621,0.8252,0.9266,0.7623,0.9588,0.9616,0.9621,0.9621,0.9659,0.8393,0.9592,0.746
0.61,0.49,0.9621,0.8252,0.9266,0.7623,0.9588,0.9616,0.9621,0.9621,0.9659,0.8393,0.9592,0.746
0.61,0.5,0.9583,0.8053,0.925,0.7398,0.9538,0.9578,0.9583,0.9583,0.9621,0.8182,0.9574,0.7143
0.61,0.51,0.9583,0.8119,0.9417,0.7398,0.9536,0.9579,0.9583,0.9583,0.9602,0.8073,0.9565,0.6984
0.61,0.52,0.9583,0.8119,0.9417,0.7398,0.9536,0.9579,0.9583,0.9583,0.9602,0.8073,0.9565,0.6984
0.61,0.53,0.9583,0.8119,0.9417,0.7398,0.9536,0.9579,0.9583,0.9583,0.9602,0.8073,0.9565,0.6984
0.61,0.54,0.9583,0.8119,0.9417,0.7398,0.9536,0.9579,0.9583,0.9583,0.9602,0.8073,0.9565,0.6984
0.61,0.55,0.9583,0.8119,0.9417,0.7398,0.9536,0.9579,0.9583,0.9583,0.9602,0.8073,0.9565,0.6984
0.61,0.56,0.9583,0.8119,0.9417,0.7398,0.9536,0.9579,0.9583,0.9583,0.9602,0.8073,0.9565,0.6984
0.61,0.57,0.9583,0.8119,0.9417,0.7398,0.9536,0.9579,0.9583,0.9583,0.9602,0.8073,0.9565,0.6984
0.61,0.58,0.9583,0.8119,0.9417,0.7398,0.9536,0.9579,0.9583,0.9583,0.9602,0.8073,0.9565,0.6984
0.61,0.59,0.9583,0.8119,0.9417,0.7398,0.9536,0.9579,0.9583,0.9583,0.9602,0.8073,0.9565,0.6984
0.61,0.6,0.9583,0.8119,0.9417,0.7398,0.9536,0.9579,0.9583,0.9583,0.9602,0.8073,0.9565,0.6984
0.61,0.61,0.9583,0.8119,0.9417,0.7398,0.9536,0.9579,0.9583,0.9583,0.9602,0.8073,0.9565,0.6984
0.62,0.0,0.9583,0.8119,0.9417,0.7398,0.9536,0.9579,0.9583,0.9583,0.9602,0.8073,0.9565,0.6984
0.62,0.01,0.9223,0.7598,0.712,0.8536,0.9303,0.9444,0.9223,0.9223,0.9261,0.7347,0.6429,0.8571
0.62,0.02,0.947,0.8069,0.7851,0.8575,0.9494,0.955,0.947,0.947,0.9508,0.806,0.7606,0.8571
0.62,0.03,0.9583,0.8339,0.8363,0.8594,0.9585,0.9621,0.9583,0.9583,0.9621,0.8438,0.8308,0.8571
0.62,0.04,0.9602,0.8346,0.8531,0.847,0.9593,0.9624,0.9602,0.9602,0.964,0.848,0.8548,0.8413
0.62,0.05,0.9621,0.84,0.877,0.8473,0.9611,0.9659,0.9621,0.9621,0.9659,0.8548,0.8689,0.8413
0.62,0.06,0.964,0.8456,0.8843,0.8476,0.9626,0.9667,0.964,0.964,0.9678,0.8618,0.8833,0.8413
0.62,0.07,0.9659,0.8518,0.893,0.8479,0.9642,0.9677,0.9659,0.9659,0.9697,0.8689,0.8983,0.8413
0.62,0.08,0.9659,0.851,0.9046,0.8304,0.9641,0.9672,0.9659,0.9659,0.9697,0.8667,0.9123,0.8254
0.62,0.09,0.9659,0.851,0.9046,0.8304,0.9641,0.9672,0.9659,0.9659,0.9697,0.8667,0.9123,0.8254
0.62,0.1,0.964,0.8406,0.8996,0.8125,0.9621,0.9648,0.964,0.964,0.9678,0.8571,0.9107,0.8095
0.62,0.11,0.964,0.8412,0.9104,0.8033,0.9617,0.9642,0.964,0.964,0.9678,0.8547,0.9259,0.7937
0.62,0.12,0.964,0.8412,0.9104,0.8033,0.9617,0.9642,0.964,0.964,0.9678,0.8547,0.9259,0.7937
0.62,0.13,0.9659,0.8463,0.9208,0.8036,0.9634,0.9658,0.9659,0.9659,0.9697,0.8621,0.9434,0.7937
0.62,0.14,0.9659,0.8463,0.9208,0.8036,0.9634,0.9658,0.9659,0.9659,0.9697,0.8621,0.9434,0.7937
0.62,0.15,0.9659,0.8463,0.9208,0.8036,0.9634,0.9658,0.9659,0.9659,0.9697,0.8621,0.9434,0.7937
0.62,0.16,0.9659,0.8463,0.9208,0.8036,0.9634,0.9658,0.9659,0.9659,0.9697,0.8621,0.9434,0.7937
0.62,0.17,0.9659,0.8463,0.9208,0.8036,0.9634,0.9658,0.9659,0.9659,0.9697,0.8621,0.9434,0.7937
0.62,0.18,0.9659,0.8463,0.9208,0.8036,0.9634,0.9658,0.9659,0.9659,0.9697,0.8621,0.9434,0.7937
0.62,0.19,0.9659,0.8463,0.9208,0.8036,0.9634,0.9658,0.9659,0.9659,0.9697,0.8621,0.9434,0.7937
0.62,0.2,0.9659,0.8463,0.9208,0.8036,0.9634,0.9658,0.9659,0.9659,0.9697,0.8621,0.9434,0.7937
0.62,0.21,0.9659,0.8463,0.9208,0.8036,0.9634,0.9658,0.9659,0.9659,0.9697,0.8621,0.9434,0.7937
0.62,0.22,0.9659,0.8463,0.9208,0.8036,0.9634,0.9658,0.9659,0.9659,0.9697,0.8621,0.9434,0.7937
0.62,0.23,0.9659,0.8463,0.9208,0.8036,0.9634,0.9658,0.9659,0.9659,0.9697,0.8621,0.9434,0.7937
0.62,0.24,0.9678,0.8519,0.9335,0.8039,0.9651,0.9677,0.9678,0.9678,0.9716,0.8696,0.9615,0.7937
0.62,0.25,0.9659,0.8457,0.9323,0.7944,0.963,0.9657,0.9659,0.9659,0.9697,0.8596,0.9608,0.7778
0.62,0.26,0.9659,0.8457,0.9323,0.7944,0.963,0.9657,0.9659,0.9659,0.9697,0.8596,0.9608,0.7778
0.62,0.27,0.9659,0.8457,0.9323,0.7944,0.963,0.9657,0.9659,0.9659,0.9697,0.8596,0.9608,0.7778
0.62,0.28,0.9659,0.8457,0.9323,0.7944,0.963,0.9657,0.9659,0.9659,0.9697,0.8596,0.9608,0.7778
0.62,0.29,0.9659,0.8457,0.9323,0.7944,0.963,0.9657,0.9659,0.9659,0.9697,0.8596,0.9608,0.7778
0.62,0.3,0.9659,0.8457,0.9323,0.7944,0.963,0.9657,0.9659,0.9659,0.9697,0.8596,0.9608,0.7778
0.62,0.31,0.9659,0.8457,0.9323,0.7944,0.963,0.9657,0.9659,0.9659,0.9697,0.8596,0.9608,0.7778
0.62,0.32,0.9659,0.8457,0.9323,0.7944,0.963,0.9657,0.9659,0.9659,0.9697,0.8596,0.9608,0.7778
0.62,0.33,0.9659,0.8457,0.9323,0.7944,0.963,0.9657,0.9659,0.9659,0.9697,0.8596,0.9608,0.7778
0.62,0.34,0.9659,0.8457,0.9323,0.7944,0.963,0.9657,0.9659,0.9659,0.9697,0.8596,0.9608,0.7778
0.62,0.35,0.9659,0.8457,0.9323,0.7944,0.963,0.9657,0.9659,0.9659,0.9697,0.8596,0.9608,0.7778
0.62,0.36,0.9659,0.8457,0.9323,0.7944,0.963,0.9657,0.9659,0.9659,0.9697,0.8596,0.9608,0.7778
0.62,0.37,0.964,0.8337,0.9269,0.7766,0.9608,0.9634,0.964,0.964,0.9678,0.8496,0.96,0.7619
0.62,0.38,0.964,0.8337,0.9269,0.7766,0.9608,0.9634,0.964,0.964,0.9678,0.8496,0.96,0.7619
0.62,0.39,0.964,0.8337,0.9269,0.7766,0.9608,0.9634,0.964,0.964,0.9678,0.8496,0.96,0.7619
0.62,0.4,0.964,0.8337,0.9269,0.7766,0.9608,0.9634,0.964,0.964,0.9678,0.8496,0.96,0.7619
0.62,0.41,0.964,0.8337,0.9269,0.7766,0.9608,0.9634,0.964,0.964,0.9678,0.8496,0.96,0.7619
0.62,0.42,0.964,0.8337,0.9269,0.7766,0.9608,0.9634,0.964,0.964,0.9678,0.8496,0.96,0.7619
0.62,0.43,0.964,0.8337,0.9269,0.7766,0.9608,0.9634,0.964,0.964,0.9678,0.8496,0.96,0.7619
0.62,0.44,0.964,0.8337,0.9269,0.7766,0.9608,0.9634,0.964,0.964,0.9678,0.8496,0.96,0.7619
0.62,0.45,0.964,0.8337,0.9269,0.7766,0.9608,0.9634,0.964,0.964,0.9678,0.8496,0.96,0.7619
0.62,0.46,0.964,0.8337,0.9269,0.7766,0.9608,0.9634,0.964,0.964,0.9678,0.8496,0.96,0.7619
0.62,0.47,0.964,0.8337,0.9269,0.7766,0.9608,0.9634,0.964,0.964,0.9678,0.8496,0.96,0.7619
0.62,0.48,0.9621,0.8252,0.9266,0.7623,0.9588,0.9616,0.9621,0.9621,0.9659,0.8393,0.9592,0.746
0.62,0.49,0.9621,0.8252,0.9266,0.7623,0.9588,0.9616,0.9621,0.9621,0.9659,0.8393,0.9592,0.746
0.62,0.5,0.9583,0.8053,0.925,0.7398,0.9538,0.9578,0.9583,0.9583,0.9621,0.8182,0.9574,0.7143
0.62,0.51,0.9583,0.8119,0.9417,0.7398,0.9536,0.9579,0.9583,0.9583,0.9602,0.8073,0.9565,0.6984
0.62,0.52,0.9583,0.8119,0.9417,0.7398,0.9536,0.9579,0.9583,0.9583,0.9602,0.8073,0.9565,0.6984
0.62,0.53,0.9583,0.8119,0.9417,0.7398,0.9536,0.9579,0.9583,0.9583,0.9602,0.8073,0.9565,0.6984
0.62,0.54,0.9583,0.8119,0.9417,0.7398,0.9536,0.9579,0.9583,0.9583,0.9602,0.8073,0.9565,0.6984
0.62,0.55,0.9583,0.8119,0.9417,0.7398,0.9536,0.9579,0.9583,0.9583,0.9602,0.8073,0.9565,0.6984
0.62,0.56,0.9583,0.8119,0.9417,0.7398,0.9536,0.9579,0.9583,0.9583,0.9602,0.8073,0.9565,0.6984
0.62,0.57,0.9583,0.8119,0.9417,0.7398,0.9536,0.9579,0.9583,0.9583,0.9602,0.8073,0.9565,0.6984
0.62,0.58,0.9583,0.8119,0.9417,0.7398,0.9536,0.9579,0.9583,0.9583,0.9602,0.8073,0.9565,0.6984
0.62,0.59,0.9583,0.8119,0.9417,0.7398,0.9536,0.9579,0.9583,0.9583,0.9602,0.8073,0.9565,0.6984
0.62,0.6,0.9583,0.8119,0.9417,0.7398,0.9536,0.9579,0.9583,0.9583,0.9602,0.8073,0.9565,0.6984
0.62,0.61,0.9583,0.8119,0.9417,0.7398,0.9536,0.9579,0.9583,0.9583,0.9602,0.8073,0.9565,0.6984
0.62,0.62,0.9583,0.8119,0.9417,0.7398,0.9536,0.9579,0.9583,0.9583,0.9602,0.8073,0.9565,0.6984
0.63,0.0,0.9545,0.7918,0.9411,0.7112,0.9491,0.9544,0.9545,0.9545,0.9564,0.785,0.9545,0.6667
0.63,0.01,0.9223,0.7598,0.712,0.8536,0.9303,0.9444,0.9223,0.9223,0.9261,0.7347,0.6429,0.8571
0.63,0.02,0.947,0.8069,0.7851,0.8575,0.9494,0.955,0.947,0.947,0.9508,0.806,0.7606,0.8571
0.63,0.03,0.9583,0.8339,0.8363,0.8594,0.9585,0.9621,0.9583,0.9583,0.9621,0.8438,0.8308,0.8571
0.63,0.04,0.9602,0.8346,0.8531,0.847,0.9593,0.9624,0.9602,0.9602,0.964,0.848,0.8548,0.8413
0.63,0.05,0.9621,0.84,0.877,0.8473,0.9611,0.9659,0.9621,0.9621,0.9659,0.8548,0.8689,0.8413
0.63,0.06,0.964,0.8456,0.8843,0.8476,0.9626,0.9667,0.964,0.964,0.9678,0.8618,0.8833,0.8413
0.63,0.07,0.9659,0.8518,0.893,0.8479,0.9642,0.9677,0.9659,0.9659,0.9697,0.8689,0.8983,0.8413
0.63,0.08,0.9659,0.851,0.9046,0.8304,0.9641,0.9672,0.9659,0.9659,0.9697,0.8667,0.9123,0.8254
0.63,0.09,0.9659,0.851,0.9046,0.8304,0.9641,0.9672,0.9659,0.9659,0.9697,0.8667,0.9123,0.8254
0.63,0.1,0.964,0.8406,0.8996,0.8125,0.9621,0.9648,0.964,0.964,0.9678,0.8571,0.9107,0.8095
0.63,0.11,0.964,0.8412,0.9104,0.8033,0.9617,0.9642,0.964,0.964,0.9678,0.8547,0.9259,0.7937
0.63,0.12,0.964,0.8412,0.9104,0.8033,0.9617,0.9642,0.964,0.964,0.9678,0.8547,0.9259,0.7937
0.63,0.13,0.9659,0.8463,0.9208,0.8036,0.9634,0.9658,0.9659,0.9659,0.9697,0.8621,0.9434,0.7937
0.63,0.14,0.9659,0.8463,0.9208,0.8036,0.9634,0.9658,0.9659,0.9659,0.9697,0.8621,0.9434,0.7937
0.63,0.15,0.9659,0.8463,0.9208,0.8036,0.9634,0.9658,0.9659,0.9659,0.9697,0.8621,0.9434,0.7937
0.63,0.16,0.9659,0.8463,0.9208,0.8036,0.9634,0.9658,0.9659,0.9659,0.9697,0.8621,0.9434,0.7937
0.63,0.17,0.9659,0.8463,0.9208,0.8036,0.9634,0.9658,0.9659,0.9659,0.9697,0.8621,0.9434,0.7937
0.63,0.18,0.9659,0.8463,0.9208,0.8036,0.9634,0.9658,0.9659,0.9659,0.9697,0.8621,0.9434,0.7937
0.63,0.19,0.9659,0.8463,0.9208,0.8036,0.9634,0.9658,0.9659,0.9659,0.9697,0.8621,0.9434,0.7937
0.63,0.2,0.9659,0.8463,0.9208,0.8036,0.9634,0.9658,0.9659,0.9659,0.9697,0.8621,0.9434,0.7937
0.63,0.21,0.9659,0.8463,0.9208,0.8036,0.9634,0.9658,0.9659,0.9659,0.9697,0.8621,0.9434,0.7937
0.63,0.22,0.9659,0.8463,0.9208,0.8036,0.9634,0.9658,0.9659,0.9659,0.9697,0.8621,0.9434,0.7937
0.63,0.23,0.9659,0.8463,0.9208,0.8036,0.9634,0.9658,0.9659,0.9659,0.9697,0.8621,0.9434,0.7937
0.63,0.24,0.9678,0.8519,0.9335,0.8039,0.9651,0.9677,0.9678,0.9678,0.9716,0.8696,0.9615,0.7937
0.63,0.25,0.9659,0.8457,0.9323,0.7944,0.963,0.9657,0.9659,0.9659,0.9697,0.8596,0.9608,0.7778
0.63,0.26,0.9659,0.8457,0.9323,0.7944,0.963,0.9657,0.9659,0.9659,0.9697,0.8596,0.9608,0.7778
0.63,0.27,0.9659,0.8457,0.9323,0.7944,0.963,0.9657,0.9659,0.9659,0.9697,0.8596,0.9608,0.7778
0.63,0.28,0.9659,0.8457,0.9323,0.7944,0.963,0.9657,0.9659,0.9659,0.9697,0.8596,0.9608,0.7778
0.63,0.29,0.9659,0.8457,0.9323,0.7944,0.963,0.9657,0.9659,0.9659,0.9697,0.8596,0.9608,0.7778
0.63,0.3,0.9659,0.8457,0.9323,0.7944,0.963,0.9657,0.9659,0.9659,0.9697,0.8596,0.9608,0.7778
0.63,0.31,0.9659,0.8457,0.9323,0.7944,0.963,0.9657,0.9659,0.9659,0.9697,0.8596,0.9608,0.7778
0.63,0.32,0.9659,0.8457,0.9323,0.7944,0.963,0.9657,0.9659,0.9659,0.9697,0.8596,0.9608,0.7778
0.63,0.33,0.9659,0.8457,0.9323,0.7944,0.963,0.9657,0.9659,0.9659,0.9697,0.8596,0.9608,0.7778
0.63,0.34,0.9659,0.8457,0.9323,0.7944,0.963,0.9657,0.9659,0.9659,0.9697,0.8596,0.9608,0.7778
0.63,0.35,0.9659,0.8457,0.9323,0.7944,0.963,0.9657,0.9659,0.9659,0.9697,0.8596,0.9608,0.7778
0.63,0.36,0.9659,0.8457,0.9323,0.7944,0.963,0.9657,0.9659,0.9659,0.9697,0.8596,0.9608,0.7778
0.63,0.37,0.964,0.8337,0.9269,0.7766,0.9608,0.9634,0.964,0.964,0.9678,0.8496,0.96,0.7619
0.63,0.38,0.964,0.8337,0.9269,0.7766,0.9608,0.9634,0.964,0.964,0.9678,0.8496,0.96,0.7619
0.63,0.39,0.964,0.8337,0.9269,0.7766,0.9608,0.9634,0.964,0.964,0.9678,0.8496,0.96,0.7619
0.63,0.4,0.964,0.8337,0.9269,0.7766,0.9608,0.9634,0.964,0.964,0.9678,0.8496,0.96,0.7619
0.63,0.41,0.964,0.8337,0.9269,0.7766,0.9608,0.9634,0.964,0.964,0.9678,0.8496,0.96,0.7619
0.63,0.42,0.964,0.8337,0.9269,0.7766,0.9608,0.9634,0.964,0.964,0.9678,0.8496,0.96,0.7619
0.63,0.43,0.964,0.8337,0.9269,0.7766,0.9608,0.9634,0.964,0.964,0.9678,0.8496,0.96,0.7619
0.63,0.44,0.964,0.8337,0.9269,0.7766,0.9608,0.9634,0.964,0.964,0.9678,0.8496,0.96,0.7619
0.63,0.45,0.964,0.8337,0.9269,0.7766,0.9608,0.9634,0.964,0.964,0.9678,0.8496,0.96,0.7619
0.63,0.46,0.964,0.8337,0.9269,0.7766,0.9608,0.9634,0.964,0.964,0.9678,0.8496,0.96,0.7619
0.63,0.47,0.964,0.8337,0.9269,0.7766,0.9608,0.9634,0.964,0.964,0.9678,0.8496,0.96,0.7619
0.63,0.48,0.9621,0.8252,0.9266,0.7623,0.9588,0.9616,0.9621,0.9621,0.9659,0.8393,0.9592,0.746
0.63,0.49,0.9621,0.8252,0.9266,0.7623,0.9588,0.9616,0.9621,0.9621,0.9659,0.8393,0.9592,0.746
0.63,0.5,0.9583,0.8053,0.925,0.7398,0.9538,0.9578,0.9583,0.9583,0.9621,0.8182,0.9574,0.7143
0.63,0.51,0.9583,0.8119,0.9417,0.7398,0.9536,0.9579,0.9583,0.9583,0.9602,0.8073,0.9565,0.6984
0.63,0.52,0.9583,0.8119,0.9417,0.7398,0.9536,0.9579,0.9583,0.9583,0.9602,0.8073,0.9565,0.6984
0.63,0.53,0.9583,0.8119,0.9417,0.7398,0.9536,0.9579,0.9583,0.9583,0.9602,0.8073,0.9565,0.6984
0.63,0.54,0.9583,0.8119,0.9417,0.7398,0.9536,0.9579,0.9583,0.9583,0.9602,0.8073,0.9565,0.6984
0.63,0.55,0.9583,0.8119,0.9417,0.7398,0.9536,0.9579,0.9583,0.9583,0.9602,0.8073,0.9565,0.6984
0.63,0.56,0.9583,0.8119,0.9417,0.7398,0.9536,0.9579,0.9583,0.9583,0.9602,0.8073,0.9565,0.6984
0.63,0.57,0.9583,0.8119,0.9417,0.7398,0.9536,0.9579,0.9583,0.9583,0.9602,0.8073,0.9565,0.6984
0.63,0.58,0.9583,0.8119,0.9417,0.7398,0.9536,0.9579,0.9583,0.9583,0.9602,0.8073,0.9565,0.6984
0.63,0.59,0.9583,0.8119,0.9417,0.7398,0.9536,0.9579,0.9583,0.9583,0.9602,0.8073,0.9565,0.6984
0.63,0.6,0.9583,0.8119,0.9417,0.7398,0.9536,0.9579,0.9583,0.9583,0.9602,0.8073,0.9565,0.6984
0.63,0.61,0.9583,0.8119,0.9417,0.7398,0.9536,0.9579,0.9583,0.9583,0.9602,0.8073,0.9565,0.6984
0.63,0.62,0.9583,0.8119,0.9417,0.7398,0.9536,0.9579,0.9583,0.9583,0.9602,0.8073,0.9565,0.6984
0.63,0.63,0.9545,0.7918,0.9411,0.7112,0.9491,0.9544,0.9545,0.9545,0.9564,0.785,0.9545,0.6667
0.64,0.0,0.9545,0.7918,0.9411,0.7112,0.9491,0.9544,0.9545,0.9545,0.9564,0.785,0.9545,0.6667
0.64,0.01,0.9223,0.7598,0.712,0.8536,0.9303,0.9444,0.9223,0.9223,0.9261,0.7347,0.6429,0.8571
0.64,0.02,0.947,0.8069,0.7851,0.8575,0.9494,0.955,0.947,0.947,0.9508,0.806,0.7606,0.8571
0.64,0.03,0.9583,0.8339,0.8363,0.8594,0.9585,0.9621,0.9583,0.9583,0.9621,0.8438,0.8308,0.8571
0.64,0.04,0.9602,0.8346,0.8531,0.847,0.9593,0.9624,0.9602,0.9602,0.964,0.848,0.8548,0.8413
0.64,0.05,0.9621,0.84,0.877,0.8473,0.9611,0.9659,0.9621,0.9621,0.9659,0.8548,0.8689,0.8413
0.64,0.06,0.964,0.8456,0.8843,0.8476,0.9626,0.9667,0.964,0.964,0.9678,0.8618,0.8833,0.8413
0.64,0.07,0.9659,0.8518,0.893,0.8479,0.9642,0.9677,0.9659,0.9659,0.9697,0.8689,0.8983,0.8413
0.64,0.08,0.9659,0.851,0.9046,0.8304,0.9641,0.9672,0.9659,0.9659,0.9697,0.8667,0.9123,0.8254
0.64,0.09,0.9659,0.851,0.9046,0.8304,0.9641,0.9672,0.9659,0.9659,0.9697,0.8667,0.9123,0.8254
0.64,0.1,0.964,0.8406,0.8996,0.8125,0.9621,0.9648,0.964,0.964,0.9678,0.8571,0.9107,0.8095
0.64,0.11,0.964,0.8412,0.9104,0.8033,0.9617,0.9642,0.964,0.964,0.9678,0.8547,0.9259,0.7937
0.64,0.12,0.964,0.8412,0.9104,0.8033,0.9617,0.9642,0.964,0.964,0.9678,0.8547,0.9259,0.7937
0.64,0.13,0.9659,0.8463,0.9208,0.8036,0.9634,0.9658,0.9659,0.9659,0.9697,0.8621,0.9434,0.7937
0.64,0.14,0.9659,0.8463,0.9208,0.8036,0.9634,0.9658,0.9659,0.9659,0.9697,0.8621,0.9434,0.7937
0.64,0.15,0.9659,0.8463,0.9208,0.8036,0.9634,0.9658,0.9659,0.9659,0.9697,0.8621,0.9434,0.7937
0.64,0.16,0.9659,0.8463,0.9208,0.8036,0.9634,0.9658,0.9659,0.9659,0.9697,0.8621,0.9434,0.7937
0.64,0.17,0.9659,0.8463,0.9208,0.8036,0.9634,0.9658,0.9659,0.9659,0.9697,0.8621,0.9434,0.7937
0.64,0.18,0.9659,0.8463,0.9208,0.8036,0.9634,0.9658,0.9659,0.9659,0.9697,0.8621,0.9434,0.7937
0.64,0.19,0.9659,0.8463,0.9208,0.8036,0.9634,0.9658,0.9659,0.9659,0.9697,0.8621,0.9434,0.7937
0.64,0.2,0.9659,0.8463,0.9208,0.8036,0.9634,0.9658,0.9659,0.9659,0.9697,0.8621,0.9434,0.7937
0.64,0.21,0.9659,0.8463,0.9208,0.8036,0.9634,0.9658,0.9659,0.9659,0.9697,0.8621,0.9434,0.7937
0.64,0.22,0.9659,0.8463,0.9208,0.8036,0.9634,0.9658,0.9659,0.9659,0.9697,0.8621,0.9434,0.7937
0.64,0.23,0.9659,0.8463,0.9208,0.8036,0.9634,0.9658,0.9659,0.9659,0.9697,0.8621,0.9434,0.7937
0.64,0.24,0.9678,0.8519,0.9335,0.8039,0.9651,0.9677,0.9678,0.9678,0.9716,0.8696,0.9615,0.7937
0.64,0.25,0.9659,0.8457,0.9323,0.7944,0.963,0.9657,0.9659,0.9659,0.9697,0.8596,0.9608,0.7778
0.64,0.26,0.9659,0.8457,0.9323,0.7944,0.963,0.9657,0.9659,0.9659,0.9697,0.8596,0.9608,0.7778
0.64,0.27,0.9659,0.8457,0.9323,0.7944,0.963,0.9657,0.9659,0.9659,0.9697,0.8596,0.9608,0.7778
0.64,0.28,0.9659,0.8457,0.9323,0.7944,0.963,0.9657,0.9659,0.9659,0.9697,0.8596,0.9608,0.7778
0.64,0.29,0.9659,0.8457,0.9323,0.7944,0.963,0.9657,0.9659,0.9659,0.9697,0.8596,0.9608,0.7778
0.64,0.3,0.9659,0.8457,0.9323,0.7944,0.963,0.9657,0.9659,0.9659,0.9697,0.8596,0.9608,0.7778
0.64,0.31,0.9659,0.8457,0.9323,0.7944,0.963,0.9657,0.9659,0.9659,0.9697,0.8596,0.9608,0.7778
0.64,0.32,0.9659,0.8457,0.9323,0.7944,0.963,0.9657,0.9659,0.9659,0.9697,0.8596,0.9608,0.7778
0.64,0.33,0.9659,0.8457,0.9323,0.7944,0.963,0.9657,0.9659,0.9659,0.9697,0.8596,0.9608,0.7778
0.64,0.34,0.9659,0.8457,0.9323,0.7944,0.963,0.9657,0.9659,0.9659,0.9697,0.8596,0.9608,0.7778
0.64,0.35,0.9659,0.8457,0.9323,0.7944,0.963,0.9657,0.9659,0.9659,0.9697,0.8596,0.9608,0.7778
0.64,0.36,0.9659,0.8457,0.9323,0.7944,0.963,0.9657,0.9659,0.9659,0.9697,0.8596,0.9608,0.7778
0.64,0.37,0.964,0.8337,0.9269,0.7766,0.9608,0.9634,0.964,0.964,0.9678,0.8496,0.96,0.7619
0.64,0.38,0.964,0.8337,0.9269,0.7766,0.9608,0.9634,0.964,0.964,0.9678,0.8496,0.96,0.7619
0.64,0.39,0.964,0.8337,0.9269,0.7766,0.9608,0.9634,0.964,0.964,0.9678,0.8496,0.96,0.7619
0.64,0.4,0.964,0.8337,0.9269,0.7766,0.9608,0.9634,0.964,0.964,0.9678,0.8496,0.96,0.7619
0.64,0.41,0.964,0.8337,0.9269,0.7766,0.9608,0.9634,0.964,0.964,0.9678,0.8496,0.96,0.7619
0.64,0.42,0.964,0.8337,0.9269,0.7766,0.9608,0.9634,0.964,0.964,0.9678,0.8496,0.96,0.7619
0.64,0.43,0.964,0.8337,0.9269,0.7766,0.9608,0.9634,0.964,0.964,0.9678,0.8496,0.96,0.7619
0.64,0.44,0.964,0.8337,0.9269,0.7766,0.9608,0.9634,0.964,0.964,0.9678,0.8496,0.96,0.7619
0.64,0.45,0.964,0.8337,0.9269,0.7766,0.9608,0.9634,0.964,0.964,0.9678,0.8496,0.96,0.7619
0.64,0.46,0.964,0.8337,0.9269,0.7766,0.9608,0.9634,0.964,0.964,0.9678,0.8496,0.96,0.7619
0.64,0.47,0.964,0.8337,0.9269,0.7766,0.9608,0.9634,0.964,0.964,0.9678,0.8496,0.96,0.7619
0.64,0.48,0.9621,0.8252,0.9266,0.7623,0.9588,0.9616,0.9621,0.9621,0.9659,0.8393,0.9592,0.746
0.64,0.49,0.9621,0.8252,0.9266,0.7623,0.9588,0.9616,0.9621,0.9621,0.9659,0.8393,0.9592,0.746
0.64,0.5,0.9583,0.8053,0.925,0.7398,0.9538,0.9578,0.9583,0.9583,0.9621,0.8182,0.9574,0.7143
0.64,0.51,0.9583,0.8119,0.9417,0.7398,0.9536,0.9579,0.9583,0.9583,0.9602,0.8073,0.9565,0.6984
0.64,0.52,0.9583,0.8119,0.9417,0.7398,0.9536,0.9579,0.9583,0.9583,0.9602,0.8073,0.9565,0.6984
0.64,0.53,0.9583,0.8119,0.9417,0.7398,0.9536,0.9579,0.9583,0.9583,0.9602,0.8073,0.9565,0.6984
0.64,0.54,0.9583,0.8119,0.9417,0.7398,0.9536,0.9579,0.9583,0.9583,0.9602,0.8073,0.9565,0.6984
0.64,0.55,0.9583,0.8119,0.9417,0.7398,0.9536,0.9579,0.9583,0.9583,0.9602,0.8073,0.9565,0.6984
0.64,0.56,0.9583,0.8119,0.9417,0.7398,0.9536,0.9579,0.9583,0.9583,0.9602,0.8073,0.9565,0.6984
0.64,0.57,0.9583,0.8119,0.9417,0.7398,0.9536,0.9579,0.9583,0.9583,0.9602,0.8073,0.9565,0.6984
0.64,0.58,0.9583,0.8119,0.9417,0.7398,0.9536,0.9579,0.9583,0.9583,0.9602,0.8073,0.9565,0.6984
0.64,0.59,0.9583,0.8119,0.9417,0.7398,0.9536,0.9579,0.9583,0.9583,0.9602,0.8073,0.9565,0.6984
0.64,0.6,0.9583,0.8119,0.9417,0.7398,0.9536,0.9579,0.9583,0.9583,0.9602,0.8073,0.9565,0.6984
0.64,0.61,0.9583,0.8119,0.9417,0.7398,0.9536,0.9579,0.9583,0.9583,0.9602,0.8073,0.9565,0.6984
0.64,0.62,0.9583,0.8119,0.9417,0.7398,0.9536,0.9579,0.9583,0.9583,0.9602,0.8073,0.9565,0.6984
0.64,0.63,0.9545,0.7918,0.9411,0.7112,0.9491,0.9544,0.9545,0.9545,0.9564,0.785,0.9545,0.6667
0.64,0.64,0.9545,0.7918,0.9411,0.7112,0.9491,0.9544,0.9545,0.9545,0.9564,0.785,0.9545,0.6667
0.65,0.0,0.9545,0.7918,0.9411,0.7112,0.9491,0.9544,0.9545,0.9545,0.9564,0.785,0.9545,0.6667
0.65,0.01,0.9223,0.7598,0.712,0.8536,0.9303,0.9444,0.9223,0.9223,0.9261,0.7347,0.6429,0.8571
0.65,0.02,0.947,0.8069,0.7851,0.8575,0.9494,0.955,0.947,0.947,0.9508,0.806,0.7606,0.8571
0.65,0.03,0.9583,0.8339,0.8363,0.8594,0.9585,0.9621,0.9583,0.9583,0.9621,0.8438,0.8308,0.8571
0.65,0.04,0.9602,0.8346,0.8531,0.847,0.9593,0.9624,0.9602,0.9602,0.964,0.848,0.8548,0.8413
0.65,0.05,0.9621,0.84,0.877,0.8473,0.9611,0.9659,0.9621,0.9621,0.9659,0.8548,0.8689,0.8413
0.65,0.06,0.964,0.8456,0.8843,0.8476,0.9626,0.9667,0.964,0.964,0.9678,0.8618,0.8833,0.8413
0.65,0.07,0.9659,0.8518,0.893,0.8479,0.9642,0.9677,0.9659,0.9659,0.9697,0.8689,0.8983,0.8413
0.65,0.08,0.9659,0.851,0.9046,0.8304,0.9641,0.9672,0.9659,0.9659,0.9697,0.8667,0.9123,0.8254
0.65,0.09,0.9659,0.851,0.9046,0.8304,0.9641,0.9672,0.9659,0.9659,0.9697,0.8667,0.9123,0.8254
0.65,0.1,0.964,0.8406,0.8996,0.8125,0.9621,0.9648,0.964,0.964,0.9678,0.8571,0.9107,0.8095
0.65,0.11,0.964,0.8412,0.9104,0.8033,0.9617,0.9642,0.964,0.964,0.9678,0.8547,0.9259,0.7937
0.65,0.12,0.964,0.8412,0.9104,0.8033,0.9617,0.9642,0.964,0.964,0.9678,0.8547,0.9259,0.7937
0.65,0.13,0.9659,0.8463,0.9208,0.8036,0.9634,0.9658,0.9659,0.9659,0.9697,0.8621,0.9434,0.7937
0.65,0.14,0.9659,0.8463,0.9208,0.8036,0.9634,0.9658,0.9659,0.9659,0.9697,0.8621,0.9434,0.7937
0.65,0.15,0.9659,0.8463,0.9208,0.8036,0.9634,0.9658,0.9659,0.9659,0.9697,0.8621,0.9434,0.7937
0.65,0.16,0.9659,0.8463,0.9208,0.8036,0.9634,0.9658,0.9659,0.9659,0.9697,0.8621,0.9434,0.7937
0.65,0.17,0.9659,0.8463,0.9208,0.8036,0.9634,0.9658,0.9659,0.9659,0.9697,0.8621,0.9434,0.7937
0.65,0.18,0.9659,0.8463,0.9208,0.8036,0.9634,0.9658,0.9659,0.9659,0.9697,0.8621,0.9434,0.7937
0.65,0.19,0.9659,0.8463,0.9208,0.8036,0.9634,0.9658,0.9659,0.9659,0.9697,0.8621,0.9434,0.7937
0.65,0.2,0.9659,0.8463,0.9208,0.8036,0.9634,0.9658,0.9659,0.9659,0.9697,0.8621,0.9434,0.7937
0.65,0.21,0.9659,0.8463,0.9208,0.8036,0.9634,0.9658,0.9659,0.9659,0.9697,0.8621,0.9434,0.7937
0.65,0.22,0.9659,0.8463,0.9208,0.8036,0.9634,0.9658,0.9659,0.9659,0.9697,0.8621,0.9434,0.7937
0.65,0.23,0.9659,0.8463,0.9208,0.8036,0.9634,0.9658,0.9659,0.9659,0.9697,0.8621,0.9434,0.7937
0.65,0.24,0.9678,0.8519,0.9335,0.8039,0.9651,0.9677,0.9678,0.9678,0.9716,0.8696,0.9615,0.7937
0.65,0.25,0.9659,0.8457,0.9323,0.7944,0.963,0.9657,0.9659,0.9659,0.9697,0.8596,0.9608,0.7778
0.65,0.26,0.9659,0.8457,0.9323,0.7944,0.963,0.9657,0.9659,0.9659,0.9697,0.8596,0.9608,0.7778
0.65,0.27,0.9659,0.8457,0.9323,0.7944,0.963,0.9657,0.9659,0.9659,0.9697,0.8596,0.9608,0.7778
0.65,0.28,0.9659,0.8457,0.9323,0.7944,0.963,0.9657,0.9659,0.9659,0.9697,0.8596,0.9608,0.7778
0.65,0.29,0.9659,0.8457,0.9323,0.7944,0.963,0.9657,0.9659,0.9659,0.9697,0.8596,0.9608,0.7778
0.65,0.3,0.9659,0.8457,0.9323,0.7944,0.963,0.9657,0.9659,0.9659,0.9697,0.8596,0.9608,0.7778
0.65,0.31,0.9659,0.8457,0.9323,0.7944,0.963,0.9657,0.9659,0.9659,0.9697,0.8596,0.9608,0.7778
0.65,0.32,0.9659,0.8457,0.9323,0.7944,0.963,0.9657,0.9659,0.9659,0.9697,0.8596,0.9608,0.7778
0.65,0.33,0.9659,0.8457,0.9323,0.7944,0.963,0.9657,0.9659,0.9659,0.9697,0.8596,0.9608,0.7778
0.65,0.34,0.9659,0.8457,0.9323,0.7944,0.963,0.9657,0.9659,0.9659,0.9697,0.8596,0.9608,0.7778
0.65,0.35,0.9659,0.8457,0.9323,0.7944,0.963,0.9657,0.9659,0.9659,0.9697,0.8596,0.9608,0.7778
0.65,0.36,0.9659,0.8457,0.9323,0.7944,0.963,0.9657,0.9659,0.9659,0.9697,0.8596,0.9608,0.7778
0.65,0.37,0.964,0.8337,0.9269,0.7766,0.9608,0.9634,0.964,0.964,0.9678,0.8496,0.96,0.7619
0.65,0.38,0.964,0.8337,0.9269,0.7766,0.9608,0.9634,0.964,0.964,0.9678,0.8496,0.96,0.7619
0.65,0.39,0.964,0.8337,0.9269,0.7766,0.9608,0.9634,0.964,0.964,0.9678,0.8496,0.96,0.7619
0.65,0.4,0.964,0.8337,0.9269,0.7766,0.9608,0.9634,0.964,0.964,0.9678,0.8496,0.96,0.7619
0.65,0.41,0.964,0.8337,0.9269,0.7766,0.9608,0.9634,0.964,0.964,0.9678,0.8496,0.96,0.7619
0.65,0.42,0.964,0.8337,0.9269,0.7766,0.9608,0.9634,0.964,0.964,0.9678,0.8496,0.96,0.7619
0.65,0.43,0.964,0.8337,0.9269,0.7766,0.9608,0.9634,0.964,0.964,0.9678,0.8496,0.96,0.7619
0.65,0.44,0.964,0.8337,0.9269,0.7766,0.9608,0.9634,0.964,0.964,0.9678,0.8496,0.96,0.7619
0.65,0.45,0.964,0.8337,0.9269,0.7766,0.9608,0.9634,0.964,0.964,0.9678,0.8496,0.96,0.7619
0.65,0.46,0.964,0.8337,0.9269,0.7766,0.9608,0.9634,0.964,0.964,0.9678,0.8496,0.96,0.7619
0.65,0.47,0.964,0.8337,0.9269,0.7766,0.9608,0.9634,0.964,0.964,0.9678,0.8496,0.96,0.7619
0.65,0.48,0.9621,0.8252,0.9266,0.7623,0.9588,0.9616,0.9621,0.9621,0.9659,0.8393,0.9592,0.746
0.65,0.49,0.9621,0.8252,0.9266,0.7623,0.9588,0.9616,0.9621,0.9621,0.9659,0.8393,0.9592,0.746
0.65,0.5,0.9583,0.8053,0.925,0.7398,0.9538,0.9578,0.9583,0.9583,0.9621,0.8182,0.9574,0.7143
0.65,0.51,0.9583,0.8119,0.9417,0.7398,0.9536,0.9579,0.9583,0.9583,0.9602,0.8073,0.9565,0.6984
0.65,0.52,0.9583,0.8119,0.9417,0.7398,0.9536,0.9579,0.9583,0.9583,0.9602,0.8073,0.9565,0.6984
0.65,0.53,0.9583,0.8119,0.9417,0.7398,0.9536,0.9579,0.9583,0.9583,0.9602,0.8073,0.9565,0.6984
0.65,0.54,0.9583,0.8119,0.9417,0.7398,0.9536,0.9579,0.9583,0.9583,0.9602,0.8073,0.9565,0.6984
0.65,0.55,0.9583,0.8119,0.9417,0.7398,0.9536,0.9579,0.9583,0.9583,0.9602,0.8073,0.9565,0.6984
0.65,0.56,0.9583,0.8119,0.9417,0.7398,0.9536,0.9579,0.9583,0.9583,0.9602,0.8073,0.9565,0.6984
0.65,0.57,0.9583,0.8119,0.9417,0.7398,0.9536,0.9579,0.9583,0.9583,0.9602,0.8073,0.9565,0.6984
0.65,0.58,0.9583,0.8119,0.9417,0.7398,0.9536,0.9579,0.9583,0.9583,0.9602,0.8073,0.9565,0.6984
0.65,0.59,0.9583,0.8119,0.9417,0.7398,0.9536,0.9579,0.9583,0.9583,0.9602,0.8073,0.9565,0.6984
0.65,0.6,0.9583,0.8119,0.9417,0.7398,0.9536,0.9579,0.9583,0.9583,0.9602,0.8073,0.9565,0.6984
0.65,0.61,0.9583,0.8119,0.9417,0.7398,0.9536,0.9579,0.9583,0.9583,0.9602,0.8073,0.9565,0.6984
0.65,0.62,0.9583,0.8119,0.9417,0.7398,0.9536,0.9579,0.9583,0.9583,0.9602,0.8073,0.9565,0.6984
0.65,0.63,0.9545,0.7918,0.9411,0.7112,0.9491,0.9544,0.9545,0.9545,0.9564,0.785,0.9545,0.6667
0.65,0.64,0.9545,0.7918,0.9411,0.7112,0.9491,0.9544,0.9545,0.9545,0.9564,0.785,0.9545,0.6667
0.65,0.65,0.9545,0.7918,0.9411,0.7112,0.9491,0.9544,0.9545,0.9545,0.9564,0.785,0.9545,0.6667
0.66,0.0,0.9545,0.7918,0.9411,0.7112,0.9491,0.9544,0.9545,0.9545,0.9564,0.785,0.9545,0.6667
0.66,0.01,0.9223,0.7598,0.712,0.8536,0.9303,0.9444,0.9223,0.9223,0.9261,0.7347,0.6429,0.8571
0.66,0.02,0.947,0.8069,0.7851,0.8575,0.9494,0.955,0.947,0.947,0.9508,0.806,0.7606,0.8571
0.66,0.03,0.9583,0.8339,0.8363,0.8594,0.9585,0.9621,0.9583,0.9583,0.9621,0.8438,0.8308,0.8571
0.66,0.04,0.9602,0.8346,0.8531,0.847,0.9593,0.9624,0.9602,0.9602,0.964,0.848,0.8548,0.8413
0.66,0.05,0.9621,0.84,0.877,0.8473,0.9611,0.9659,0.9621,0.9621,0.9659,0.8548,0.8689,0.8413
0.66,0.06,0.964,0.8456,0.8843,0.8476,0.9626,0.9667,0.964,0.964,0.9678,0.8618,0.8833,0.8413
0.66,0.07,0.9659,0.8518,0.893,0.8479,0.9642,0.9677,0.9659,0.9659,0.9697,0.8689,0.8983,0.8413
0.66,0.08,0.9659,0.851,0.9046,0.8304,0.9641,0.9672,0.9659,0.9659,0.9697,0.8667,0.9123,0.8254
0.66,0.09,0.9659,0.851,0.9046,0.8304,0.9641,0.9672,0.9659,0.9659,0.9697,0.8667,0.9123,0.8254
0.66,0.1,0.964,0.8406,0.8996,0.8125,0.9621,0.9648,0.964,0.964,0.9678,0.8571,0.9107,0.8095
0.66,0.11,0.964,0.8412,0.9104,0.8033,0.9617,0.9642,0.964,0.964,0.9678,0.8547,0.9259,0.7937
0.66,0.12,0.964,0.8412,0.9104,0.8033,0.9617,0.9642,0.964,0.964,0.9678,0.8547,0.9259,0.7937
0.66,0.13,0.9659,0.8463,0.9208,0.8036,0.9634,0.9658,0.9659,0.9659,0.9697,0.8621,0.9434,0.7937
0.66,0.14,0.9659,0.8463,0.9208,0.8036,0.9634,0.9658,0.9659,0.9659,0.9697,0.8621,0.9434,0.7937
0.66,0.15,0.9659,0.8463,0.9208,0.8036,0.9634,0.9658,0.9659,0.9659,0.9697,0.8621,0.9434,0.7937
0.66,0.16,0.9659,0.8463,0.9208,0.8036,0.9634,0.9658,0.9659,0.9659,0.9697,0.8621,0.9434,0.7937
0.66,0.17,0.9659,0.8463,0.9208,0.8036,0.9634,0.9658,0.9659,0.9659,0.9697,0.8621,0.9434,0.7937
0.66,0.18,0.9659,0.8463,0.9208,0.8036,0.9634,0.9658,0.9659,0.9659,0.9697,0.8621,0.9434,0.7937
0.66,0.19,0.9659,0.8463,0.9208,0.8036,0.9634,0.9658,0.9659,0.9659,0.9697,0.8621,0.9434,0.7937
0.66,0.2,0.9659,0.8463,0.9208,0.8036,0.9634,0.9658,0.9659,0.9659,0.9697,0.8621,0.9434,0.7937
0.66,0.21,0.9659,0.8463,0.9208,0.8036,0.9634,0.9658,0.9659,0.9659,0.9697,0.8621,0.9434,0.7937
0.66,0.22,0.9659,0.8463,0.9208,0.8036,0.9634,0.9658,0.9659,0.9659,0.9697,0.8621,0.9434,0.7937
0.66,0.23,0.9659,0.8463,0.9208,0.8036,0.9634,0.9658,0.9659,0.9659,0.9697,0.8621,0.9434,0.7937
0.66,0.24,0.9678,0.8519,0.9335,0.8039,0.9651,0.9677,0.9678,0.9678,0.9716,0.8696,0.9615,0.7937
0.66,0.25,0.9659,0.8457,0.9323,0.7944,0.963,0.9657,0.9659,0.9659,0.9697,0.8596,0.9608,0.7778
0.66,0.26,0.9659,0.8457,0.9323,0.7944,0.963,0.9657,0.9659,0.9659,0.9697,0.8596,0.9608,0.7778
0.66,0.27,0.9659,0.8457,0.9323,0.7944,0.963,0.9657,0.9659,0.9659,0.9697,0.8596,0.9608,0.7778
0.66,0.28,0.9659,0.8457,0.9323,0.7944,0.963,0.9657,0.9659,0.9659,0.9697,0.8596,0.9608,0.7778
0.66,0.29,0.9659,0.8457,0.9323,0.7944,0.963,0.9657,0.9659,0.9659,0.9697,0.8596,0.9608,0.7778
0.66,0.3,0.9659,0.8457,0.9323,0.7944,0.963,0.9657,0.9659,0.9659,0.9697,0.8596,0.9608,0.7778
0.66,0.31,0.9659,0.8457,0.9323,0.7944,0.963,0.9657,0.9659,0.9659,0.9697,0.8596,0.9608,0.7778
0.66,0.32,0.9659,0.8457,0.9323,0.7944,0.963,0.9657,0.9659,0.9659,0.9697,0.8596,0.9608,0.7778
0.66,0.33,0.9659,0.8457,0.9323,0.7944,0.963,0.9657,0.9659,0.9659,0.9697,0.8596,0.9608,0.7778
0.66,0.34,0.9659,0.8457,0.9323,0.7944,0.963,0.9657,0.9659,0.9659,0.9697,0.8596,0.9608,0.7778
0.66,0.35,0.9659,0.8457,0.9323,0.7944,0.963,0.9657,0.9659,0.9659,0.9697,0.8596,0.9608,0.7778
0.66,0.36,0.9659,0.8457,0.9323,0.7944,0.963,0.9657,0.9659,0.9659,0.9697,0.8596,0.9608,0.7778
0.66,0.37,0.964,0.8337,0.9269,0.7766,0.9608,0.9634,0.964,0.964,0.9678,0.8496,0.96,0.7619
0.66,0.38,0.964,0.8337,0.9269,0.7766,0.9608,0.9634,0.964,0.964,0.9678,0.8496,0.96,0.7619
0.66,0.39,0.964,0.8337,0.9269,0.7766,0.9608,0.9634,0.964,0.964,0.9678,0.8496,0.96,0.7619
0.66,0.4,0.964,0.8337,0.9269,0.7766,0.9608,0.9634,0.964,0.964,0.9678,0.8496,0.96,0.7619
0.66,0.41,0.964,0.8337,0.9269,0.7766,0.9608,0.9634,0.964,0.964,0.9678,0.8496,0.96,0.7619
0.66,0.42,0.964,0.8337,0.9269,0.7766,0.9608,0.9634,0.964,0.964,0.9678,0.8496,0.96,0.7619
0.66,0.43,0.964,0.8337,0.9269,0.7766,0.9608,0.9634,0.964,0.964,0.9678,0.8496,0.96,0.7619
0.66,0.44,0.964,0.8337,0.9269,0.7766,0.9608,0.9634,0.964,0.964,0.9678,0.8496,0.96,0.7619
0.66,0.45,0.964,0.8337,0.9269,0.7766,0.9608,0.9634,0.964,0.964,0.9678,0.8496,0.96,0.7619
0.66,0.46,0.964,0.8337,0.9269,0.7766,0.9608,0.9634,0.964,0.964,0.9678,0.8496,0.96,0.7619
0.66,0.47,0.964,0.8337,0.9269,0.7766,0.9608,0.9634,0.964,0.964,0.9678,0.8496,0.96,0.7619
0.66,0.48,0.9621,0.8252,0.9266,0.7623,0.9588,0.9616,0.9621,0.9621,0.9659,0.8393,0.9592,0.746
0.66,0.49,0.9621,0.8252,0.9266,0.7623,0.9588,0.9616,0.9621,0.9621,0.9659,0.8393,0.9592,0.746
0.66,0.5,0.9583,0.8053,0.925,0.7398,0.9538,0.9578,0.9583,0.9583,0.9621,0.8182,0.9574,0.7143
0.66,0.51,0.9583,0.8119,0.9417,0.7398,0.9536,0.9579,0.9583,0.9583,0.9602,0.8073,0.9565,0.6984
0.66,0.52,0.9583,0.8119,0.9417,0.7398,0.9536,0.9579,0.9583,0.9583,0.9602,0.8073,0.9565,0.6984
0.66,0.53,0.9583,0.8119,0.9417,0.7398,0.9536,0.9579,0.9583,0.9583,0.9602,0.8073,0.9565,0.6984
0.66,0.54,0.9583,0.8119,0.9417,0.7398,0.9536,0.9579,0.9583,0.9583,0.9602,0.8073,0.9565,0.6984
0.66,0.55,0.9583,0.8119,0.9417,0.7398,0.9536,0.9579,0.9583,0.9583,0.9602,0.8073,0.9565,0.6984
0.66,0.56,0.9583,0.8119,0.9417,0.7398,0.9536,0.9579,0.9583,0.9583,0.9602,0.8073,0.9565,0.6984
0.66,0.57,0.9583,0.8119,0.9417,0.7398,0.9536,0.9579,0.9583,0.9583,0.9602,0.8073,0.9565,0.6984
0.66,0.58,0.9583,0.8119,0.9417,0.7398,0.9536,0.9579,0.9583,0.9583,0.9602,0.8073,0.9565,0.6984
0.66,0.59,0.9583,0.8119,0.9417,0.7398,0.9536,0.9579,0.9583,0.9583,0.9602,0.8073,0.9565,0.6984
0.66,0.6,0.9583,0.8119,0.9417,0.7398,0.9536,0.9579,0.9583,0.9583,0.9602,0.8073,0.9565,0.6984
0.66,0.61,0.9583,0.8119,0.9417,0.7398,0.9536,0.9579,0.9583,0.9583,0.9602,0.8073,0.9565,0.6984
0.66,0.62,0.9583,0.8119,0.9417,0.7398,0.9536,0.9579,0.9583,0.9583,0.9602,0.8073,0.9565,0.6984
0.66,0.63,0.9545,0.7918,0.9411,0.7112,0.9491,0.9544,0.9545,0.9545,0.9564,0.785,0.9545,0.6667
0.66,0.64,0.9545,0.7918,0.9411,0.7112,0.9491,0.9544,0.9545,0.9545,0.9564,0.785,0.9545,0.6667
0.66,0.65,0.9545,0.7918,0.9411,0.7112,0.9491,0.9544,0.9545,0.9545,0.9564,0.785,0.9545,0.6667
0.66,0.66,0.9545,0.7918,0.9411,0.7112,0.9491,0.9544,0.9545,0.9545,0.9564,0.785,0.9545,0.6667
0.67,0.0,0.9545,0.7918,0.9411,0.7112,0.9491,0.9544,0.9545,0.9545,0.9564,0.785,0.9545,0.6667
0.67,0.01,0.9223,0.7598,0.712,0.8536,0.9303,0.9444,0.9223,0.9223,0.9261,0.7347,0.6429,0.8571
0.67,0.02,0.947,0.8069,0.7851,0.8575,0.9494,0.955,0.947,0.947,0.9508,0.806,0.7606,0.8571
0.67,0.03,0.9583,0.8339,0.8363,0.8594,0.9585,0.9621,0.9583,0.9583,0.9621,0.8438,0.8308,0.8571
0.67,0.04,0.9602,0.8346,0.8531,0.847,0.9593,0.9624,0.9602,0.9602,0.964,0.848,0.8548,0.8413
0.67,0.05,0.9621,0.84,0.877,0.8473,0.9611,0.9659,0.9621,0.9621,0.9659,0.8548,0.8689,0.8413
0.67,0.06,0.964,0.8456,0.8843,0.8476,0.9626,0.9667,0.964,0.964,0.9678,0.8618,0.8833,0.8413
0.67,0.07,0.9659,0.8518,0.893,0.8479,0.9642,0.9677,0.9659,0.9659,0.9697,0.8689,0.8983,0.8413
0.67,0.08,0.9659,0.851,0.9046,0.8304,0.9641,0.9672,0.9659,0.9659,0.9697,0.8667,0.9123,0.8254
0.67,0.09,0.9659,0.851,0.9046,0.8304,0.9641,0.9672,0.9659,0.9659,0.9697,0.8667,0.9123,0.8254
0.67,0.1,0.964,0.8406,0.8996,0.8125,0.9621,0.9648,0.964,0.964,0.9678,0.8571,0.9107,0.8095
0.67,0.11,0.964,0.8412,0.9104,0.8033,0.9617,0.9642,0.964,0.964,0.9678,0.8547,0.9259,0.7937
0.67,0.12,0.964,0.8412,0.9104,0.8033,0.9617,0.9642,0.964,0.964,0.9678,0.8547,0.9259,0.7937
0.67,0.13,0.9659,0.8463,0.9208,0.8036,0.9634,0.9658,0.9659,0.9659,0.9697,0.8621,0.9434,0.7937
0.67,0.14,0.9659,0.8463,0.9208,0.8036,0.9634,0.9658,0.9659,0.9659,0.9697,0.8621,0.9434,0.7937
0.67,0.15,0.9659,0.8463,0.9208,0.8036,0.9634,0.9658,0.9659,0.9659,0.9697,0.8621,0.9434,0.7937
0.67,0.16,0.9659,0.8463,0.9208,0.8036,0.9634,0.9658,0.9659,0.9659,0.9697,0.8621,0.9434,0.7937
0.67,0.17,0.9659,0.8463,0.9208,0.8036,0.9634,0.9658,0.9659,0.9659,0.9697,0.8621,0.9434,0.7937
0.67,0.18,0.9659,0.8463,0.9208,0.8036,0.9634,0.9658,0.9659,0.9659,0.9697,0.8621,0.9434,0.7937
0.67,0.19,0.9659,0.8463,0.9208,0.8036,0.9634,0.9658,0.9659,0.9659,0.9697,0.8621,0.9434,0.7937
0.67,0.2,0.9659,0.8463,0.9208,0.8036,0.9634,0.9658,0.9659,0.9659,0.9697,0.8621,0.9434,0.7937
0.67,0.21,0.9659,0.8463,0.9208,0.8036,0.9634,0.9658,0.9659,0.9659,0.9697,0.8621,0.9434,0.7937
0.67,0.22,0.9659,0.8463,0.9208,0.8036,0.9634,0.9658,0.9659,0.9659,0.9697,0.8621,0.9434,0.7937
0.67,0.23,0.9659,0.8463,0.9208,0.8036,0.9634,0.9658,0.9659,0.9659,0.9697,0.8621,0.9434,0.7937
0.67,0.24,0.9678,0.8519,0.9335,0.8039,0.9651,0.9677,0.9678,0.9678,0.9716,0.8696,0.9615,0.7937
0.67,0.25,0.9659,0.8457,0.9323,0.7944,0.963,0.9657,0.9659,0.9659,0.9697,0.8596,0.9608,0.7778
0.67,0.26,0.9659,0.8457,0.9323,0.7944,0.963,0.9657,0.9659,0.9659,0.9697,0.8596,0.9608,0.7778
0.67,0.27,0.9659,0.8457,0.9323,0.7944,0.963,0.9657,0.9659,0.9659,0.9697,0.8596,0.9608,0.7778
0.67,0.28,0.9659,0.8457,0.9323,0.7944,0.963,0.9657,0.9659,0.9659,0.9697,0.8596,0.9608,0.7778
0.67,0.29,0.9659,0.8457,0.9323,0.7944,0.963,0.9657,0.9659,0.9659,0.9697,0.8596,0.9608,0.7778
0.67,0.3,0.9659,0.8457,0.9323,0.7944,0.963,0.9657,0.9659,0.9659,0.9697,0.8596,0.9608,0.7778
0.67,0.31,0.9659,0.8457,0.9323,0.7944,0.963,0.9657,0.9659,0.9659,0.9697,0.8596,0.9608,0.7778
0.67,0.32,0.9659,0.8457,0.9323,0.7944,0.963,0.9657,0.9659,0.9659,0.9697,0.8596,0.9608,0.7778
0.67,0.33,0.9659,0.8457,0.9323,0.7944,0.963,0.9657,0.9659,0.9659,0.9697,0.8596,0.9608,0.7778
0.67,0.34,0.9659,0.8457,0.9323,0.7944,0.963,0.9657,0.9659,0.9659,0.9697,0.8596,0.9608,0.7778
0.67,0.35,0.9659,0.8457,0.9323,0.7944,0.963,0.9657,0.9659,0.9659,0.9697,0.8596,0.9608,0.7778
0.67,0.36,0.9659,0.8457,0.9323,0.7944,0.963,0.9657,0.9659,0.9659,0.9697,0.8596,0.9608,0.7778
0.67,0.37,0.964,0.8337,0.9269,0.7766,0.9608,0.9634,0.964,0.964,0.9678,0.8496,0.96,0.7619
0.67,0.38,0.964,0.8337,0.9269,0.7766,0.9608,0.9634,0.964,0.964,0.9678,0.8496,0.96,0.7619
0.67,0.39,0.964,0.8337,0.9269,0.7766,0.9608,0.9634,0.964,0.964,0.9678,0.8496,0.96,0.7619
0.67,0.4,0.964,0.8337,0.9269,0.7766,0.9608,0.9634,0.964,0.964,0.9678,0.8496,0.96,0.7619
0.67,0.41,0.964,0.8337,0.9269,0.7766,0.9608,0.9634,0.964,0.964,0.9678,0.8496,0.96,0.7619
0.67,0.42,0.964,0.8337,0.9269,0.7766,0.9608,0.9634,0.964,0.964,0.9678,0.8496,0.96,0.7619
0.67,0.43,0.964,0.8337,0.9269,0.7766,0.9608,0.9634,0.964,0.964,0.9678,0.8496,0.96,0.7619
0.67,0.44,0.964,0.8337,0.9269,0.7766,0.9608,0.9634,0.964,0.964,0.9678,0.8496,0.96,0.7619
0.67,0.45,0.964,0.8337,0.9269,0.7766,0.9608,0.9634,0.964,0.964,0.9678,0.8496,0.96,0.7619
0.67,0.46,0.964,0.8337,0.9269,0.7766,0.9608,0.9634,0.964,0.964,0.9678,0.8496,0.96,0.7619
0.67,0.47,0.964,0.8337,0.9269,0.7766,0.9608,0.9634,0.964,0.964,0.9678,0.8496,0.96,0.7619
0.67,0.48,0.9621,0.8252,0.9266,0.7623,0.9588,0.9616,0.9621,0.9621,0.9659,0.8393,0.9592,0.746
0.67,0.49,0.9621,0.8252,0.9266,0.7623,0.9588,0.9616,0.9621,0.9621,0.9659,0.8393,0.9592,0.746
0.67,0.5,0.9583,0.8053,0.925,0.7398,0.9538,0.9578,0.9583,0.9583,0.9621,0.8182,0.9574,0.7143
0.67,0.51,0.9583,0.8119,0.9417,0.7398,0.9536,0.9579,0.9583,0.9583,0.9602,0.8073,0.9565,0.6984
0.67,0.52,0.9583,0.8119,0.9417,0.7398,0.9536,0.9579,0.9583,0.9583,0.9602,0.8073,0.9565,0.6984
0.67,0.53,0.9583,0.8119,0.9417,0.7398,0.9536,0.9579,0.9583,0.9583,0.9602,0.8073,0.9565,0.6984
0.67,0.54,0.9583,0.8119,0.9417,0.7398,0.9536,0.9579,0.9583,0.9583,0.9602,0.8073,0.9565,0.6984
0.67,0.55,0.9583,0.8119,0.9417,0.7398,0.9536,0.9579,0.9583,0.9583,0.9602,0.8073,0.9565,0.6984
0.67,0.56,0.9583,0.8119,0.9417,0.7398,0.9536,0.9579,0.9583,0.9583,0.9602,0.8073,0.9565,0.6984
0.67,0.57,0.9583,0.8119,0.9417,0.7398,0.9536,0.9579,0.9583,0.9583,0.9602,0.8073,0.9565,0.6984
0.67,0.58,0.9583,0.8119,0.9417,0.7398,0.9536,0.9579,0.9583,0.9583,0.9602,0.8073,0.9565,0.6984
0.67,0.59,0.9583,0.8119,0.9417,0.7398,0.9536,0.9579,0.9583,0.9583,0.9602,0.8073,0.9565,0.6984
0.67,0.6,0.9583,0.8119,0.9417,0.7398,0.9536,0.9579,0.9583,0.9583,0.9602,0.8073,0.9565,0.6984
0.67,0.61,0.9583,0.8119,0.9417,0.7398,0.9536,0.9579,0.9583,0.9583,0.9602,0.8073,0.9565,0.6984
0.67,0.62,0.9583,0.8119,0.9417,0.7398,0.9536,0.9579,0.9583,0.9583,0.9602,0.8073,0.9565,0.6984
0.67,0.63,0.9545,0.7918,0.9411,0.7112,0.9491,0.9544,0.9545,0.9545,0.9564,0.785,0.9545,0.6667
0.67,0.64,0.9545,0.7918,0.9411,0.7112,0.9491,0.9544,0.9545,0.9545,0.9564,0.785,0.9545,0.6667
0.67,0.65,0.9545,0.7918,0.9411,0.7112,0.9491,0.9544,0.9545,0.9545,0.9564,0.785,0.9545,0.6667
0.67,0.66,0.9545,0.7918,0.9411,0.7112,0.9491,0.9544,0.9545,0.9545,0.9564,0.785,0.9545,0.6667
0.67,0.67,0.9545,0.7918,0.9411,0.7112,0.9491,0.9544,0.9545,0.9545,0.9564,0.785,0.9545,0.6667
0.68,0.0,0.9545,0.7918,0.9411,0.7112,0.9491,0.9544,0.9545,0.9545,0.9564,0.785,0.9545,0.6667
0.68,0.01,0.9223,0.7598,0.712,0.8536,0.9303,0.9444,0.9223,0.9223,0.9261,0.7347,0.6429,0.8571
0.68,0.02,0.947,0.8069,0.7851,0.8575,0.9494,0.955,0.947,0.947,0.9508,0.806,0.7606,0.8571
0.68,0.03,0.9583,0.8339,0.8363,0.8594,0.9585,0.9621,0.9583,0.9583,0.9621,0.8438,0.8308,0.8571
0.68,0.04,0.9602,0.8346,0.8531,0.847,0.9593,0.9624,0.9602,0.9602,0.964,0.848,0.8548,0.8413
0.68,0.05,0.9621,0.84,0.877,0.8473,0.9611,0.9659,0.9621,0.9621,0.9659,0.8548,0.8689,0.8413
0.68,0.06,0.964,0.8456,0.8843,0.8476,0.9626,0.9667,0.964,0.964,0.9678,0.8618,0.8833,0.8413
0.68,0.07,0.9659,0.8518,0.893,0.8479,0.9642,0.9677,0.9659,0.9659,0.9697,0.8689,0.8983,0.8413
0.68,0.08,0.9659,0.851,0.9046,0.8304,0.9641,0.9672,0.9659,0.9659,0.9697,0.8667,0.9123,0.8254
0.68,0.09,0.9659,0.851,0.9046,0.8304,0.9641,0.9672,0.9659,0.9659,0.9697,0.8667,0.9123,0.8254
0.68,0.1,0.964,0.8406,0.8996,0.8125,0.9621,0.9648,0.964,0.964,0.9678,0.8571,0.9107,0.8095
0.68,0.11,0.964,0.8412,0.9104,0.8033,0.9617,0.9642,0.964,0.964,0.9678,0.8547,0.9259,0.7937
0.68,0.12,0.964,0.8412,0.9104,0.8033,0.9617,0.9642,0.964,0.964,0.9678,0.8547,0.9259,0.7937
0.68,0.13,0.9659,0.8463,0.9208,0.8036,0.9634,0.9658,0.9659,0.9659,0.9697,0.8621,0.9434,0.7937
0.68,0.14,0.9659,0.8463,0.9208,0.8036,0.9634,0.9658,0.9659,0.9659,0.9697,0.8621,0.9434,0.7937
0.68,0.15,0.9659,0.8463,0.9208,0.8036,0.9634,0.9658,0.9659,0.9659,0.9697,0.8621,0.9434,0.7937
0.68,0.16,0.9659,0.8463,0.9208,0.8036,0.9634,0.9658,0.9659,0.9659,0.9697,0.8621,0.9434,0.7937
0.68,0.17,0.9659,0.8463,0.9208,0.8036,0.9634,0.9658,0.9659,0.9659,0.9697,0.8621,0.9434,0.7937
0.68,0.18,0.9659,0.8463,0.9208,0.8036,0.9634,0.9658,0.9659,0.9659,0.9697,0.8621,0.9434,0.7937
0.68,0.19,0.9659,0.8463,0.9208,0.8036,0.9634,0.9658,0.9659,0.9659,0.9697,0.8621,0.9434,0.7937
0.68,0.2,0.9659,0.8463,0.9208,0.8036,0.9634,0.9658,0.9659,0.9659,0.9697,0.8621,0.9434,0.7937
0.68,0.21,0.9659,0.8463,0.9208,0.8036,0.9634,0.9658,0.9659,0.9659,0.9697,0.8621,0.9434,0.7937
0.68,0.22,0.9659,0.8463,0.9208,0.8036,0.9634,0.9658,0.9659,0.9659,0.9697,0.8621,0.9434,0.7937
0.68,0.23,0.9659,0.8463,0.9208,0.8036,0.9634,0.9658,0.9659,0.9659,0.9697,0.8621,0.9434,0.7937
0.68,0.24,0.9678,0.8519,0.9335,0.8039,0.9651,0.9677,0.9678,0.9678,0.9716,0.8696,0.9615,0.7937
0.68,0.25,0.9659,0.8457,0.9323,0.7944,0.963,0.9657,0.9659,0.9659,0.9697,0.8596,0.9608,0.7778
0.68,0.26,0.9659,0.8457,0.9323,0.7944,0.963,0.9657,0.9659,0.9659,0.9697,0.8596,0.9608,0.7778
0.68,0.27,0.9659,0.8457,0.9323,0.7944,0.963,0.9657,0.9659,0.9659,0.9697,0.8596,0.9608,0.7778
0.68,0.28,0.9659,0.8457,0.9323,0.7944,0.963,0.9657,0.9659,0.9659,0.9697,0.8596,0.9608,0.7778
0.68,0.29,0.9659,0.8457,0.9323,0.7944,0.963,0.9657,0.9659,0.9659,0.9697,0.8596,0.9608,0.7778
0.68,0.3,0.9659,0.8457,0.9323,0.7944,0.963,0.9657,0.9659,0.9659,0.9697,0.8596,0.9608,0.7778
0.68,0.31,0.9659,0.8457,0.9323,0.7944,0.963,0.9657,0.9659,0.9659,0.9697,0.8596,0.9608,0.7778
0.68,0.32,0.9659,0.8457,0.9323,0.7944,0.963,0.9657,0.9659,0.9659,0.9697,0.8596,0.9608,0.7778
0.68,0.33,0.9659,0.8457,0.9323,0.7944,0.963,0.9657,0.9659,0.9659,0.9697,0.8596,0.9608,0.7778
0.68,0.34,0.9659,0.8457,0.9323,0.7944,0.963,0.9657,0.9659,0.9659,0.9697,0.8596,0.9608,0.7778
0.68,0.35,0.9659,0.8457,0.9323,0.7944,0.963,0.9657,0.9659,0.9659,0.9697,0.8596,0.9608,0.7778
0.68,0.36,0.9659,0.8457,0.9323,0.7944,0.963,0.9657,0.9659,0.9659,0.9697,0.8596,0.9608,0.7778
0.68,0.37,0.964,0.8337,0.9269,0.7766,0.9608,0.9634,0.964,0.964,0.9678,0.8496,0.96,0.7619
0.68,0.38,0.964,0.8337,0.9269,0.7766,0.9608,0.9634,0.964,0.964,0.9678,0.8496,0.96,0.7619
0.68,0.39,0.964,0.8337,0.9269,0.7766,0.9608,0.9634,0.964,0.964,0.9678,0.8496,0.96,0.7619
0.68,0.4,0.964,0.8337,0.9269,0.7766,0.9608,0.9634,0.964,0.964,0.9678,0.8496,0.96,0.7619
0.68,0.41,0.964,0.8337,0.9269,0.7766,0.9608,0.9634,0.964,0.964,0.9678,0.8496,0.96,0.7619
0.68,0.42,0.964,0.8337,0.9269,0.7766,0.9608,0.9634,0.964,0.964,0.9678,0.8496,0.96,0.7619
0.68,0.43,0.964,0.8337,0.9269,0.7766,0.9608,0.9634,0.964,0.964,0.9678,0.8496,0.96,0.7619
0.68,0.44,0.964,0.8337,0.9269,0.7766,0.9608,0.9634,0.964,0.964,0.9678,0.8496,0.96,0.7619
0.68,0.45,0.964,0.8337,0.9269,0.7766,0.9608,0.9634,0.964,0.964,0.9678,0.8496,0.96,0.7619
0.68,0.46,0.964,0.8337,0.9269,0.7766,0.9608,0.9634,0.964,0.964,0.9678,0.8496,0.96,0.7619
0.68,0.47,0.964,0.8337,0.9269,0.7766,0.9608,0.9634,0.964,0.964,0.9678,0.8496,0.96,0.7619
0.68,0.48,0.9621,0.8252,0.9266,0.7623,0.9588,0.9616,0.9621,0.9621,0.9659,0.8393,0.9592,0.746
0.68,0.49,0.9621,0.8252,0.9266,0.7623,0.9588,0.9616,0.9621,0.9621,0.9659,0.8393,0.9592,0.746
0.68,0.5,0.9583,0.8053,0.925,0.7398,0.9538,0.9578,0.9583,0.9583,0.9621,0.8182,0.9574,0.7143
0.68,0.51,0.9583,0.8119,0.9417,0.7398,0.9536,0.9579,0.9583,0.9583,0.9602,0.8073,0.9565,0.6984
0.68,0.52,0.9583,0.8119,0.9417,0.7398,0.9536,0.9579,0.9583,0.9583,0.9602,0.8073,0.9565,0.6984
0.68,0.53,0.9583,0.8119,0.9417,0.7398,0.9536,0.9579,0.9583,0.9583,0.9602,0.8073,0.9565,0.6984
0.68,0.54,0.9583,0.8119,0.9417,0.7398,0.9536,0.9579,0.9583,0.9583,0.9602,0.8073,0.9565,0.6984
0.68,0.55,0.9583,0.8119,0.9417,0.7398,0.9536,0.9579,0.9583,0.9583,0.9602,0.8073,0.9565,0.6984
0.68,0.56,0.9583,0.8119,0.9417,0.7398,0.9536,0.9579,0.9583,0.9583,0.9602,0.8073,0.9565,0.6984
0.68,0.57,0.9583,0.8119,0.9417,0.7398,0.9536,0.9579,0.9583,0.9583,0.9602,0.8073,0.9565,0.6984
0.68,0.58,0.9583,0.8119,0.9417,0.7398,0.9536,0.9579,0.9583,0.9583,0.9602,0.8073,0.9565,0.6984
0.68,0.59,0.9583,0.8119,0.9417,0.7398,0.9536,0.9579,0.9583,0.9583,0.9602,0.8073,0.9565,0.6984
0.68,0.6,0.9583,0.8119,0.9417,0.7398,0.9536,0.9579,0.9583,0.9583,0.9602,0.8073,0.9565,0.6984
0.68,0.61,0.9583,0.8119,0.9417,0.7398,0.9536,0.9579,0.9583,0.9583,0.9602,0.8073,0.9565,0.6984
0.68,0.62,0.9583,0.8119,0.9417,0.7398,0.9536,0.9579,0.9583,0.9583,0.9602,0.8073,0.9565,0.6984
0.68,0.63,0.9545,0.7918,0.9411,0.7112,0.9491,0.9544,0.9545,0.9545,0.9564,0.785,0.9545,0.6667
0.68,0.64,0.9545,0.7918,0.9411,0.7112,0.9491,0.9544,0.9545,0.9545,0.9564,0.785,0.9545,0.6667
0.68,0.65,0.9545,0.7918,0.9411,0.7112,0.9491,0.9544,0.9545,0.9545,0.9564,0.785,0.9545,0.6667
0.68,0.66,0.9545,0.7918,0.9411,0.7112,0.9491,0.9544,0.9545,0.9545,0.9564,0.785,0.9545,0.6667
0.68,0.67,0.9545,0.7918,0.9411,0.7112,0.9491,0.9544,0.9545,0.9545,0.9564,0.785,0.9545,0.6667
0.68,0.68,0.9545,0.7918,0.9411,0.7112,0.9491,0.9544,0.9545,0.9545,0.9564,0.785,0.9545,0.6667
0.69,0.0,0.9545,0.7918,0.9411,0.7112,0.9491,0.9544,0.9545,0.9545,0.9564,0.785,0.9545,0.6667
0.69,0.01,0.9223,0.7598,0.712,0.8536,0.9303,0.9444,0.9223,0.9223,0.9261,0.7347,0.6429,0.8571
0.69,0.02,0.947,0.8069,0.7851,0.8575,0.9494,0.955,0.947,0.947,0.9508,0.806,0.7606,0.8571
0.69,0.03,0.9583,0.8339,0.8363,0.8594,0.9585,0.9621,0.9583,0.9583,0.9621,0.8438,0.8308,0.8571
0.69,0.04,0.9602,0.8346,0.8531,0.847,0.9593,0.9624,0.9602,0.9602,0.964,0.848,0.8548,0.8413
0.69,0.05,0.9621,0.84,0.877,0.8473,0.9611,0.9659,0.9621,0.9621,0.9659,0.8548,0.8689,0.8413
0.69,0.06,0.964,0.8456,0.8843,0.8476,0.9626,0.9667,0.964,0.964,0.9678,0.8618,0.8833,0.8413
0.69,0.07,0.9659,0.8518,0.893,0.8479,0.9642,0.9677,0.9659,0.9659,0.9697,0.8689,0.8983,0.8413
0.69,0.08,0.9659,0.851,0.9046,0.8304,0.9641,0.9672,0.9659,0.9659,0.9697,0.8667,0.9123,0.8254
0.69,0.09,0.9659,0.851,0.9046,0.8304,0.9641,0.9672,0.9659,0.9659,0.9697,0.8667,0.9123,0.8254
0.69,0.1,0.964,0.8406,0.8996,0.8125,0.9621,0.9648,0.964,0.964,0.9678,0.8571,0.9107,0.8095
0.69,0.11,0.964,0.8412,0.9104,0.8033,0.9617,0.9642,0.964,0.964,0.9678,0.8547,0.9259,0.7937
0.69,0.12,0.964,0.8412,0.9104,0.8033,0.9617,0.9642,0.964,0.964,0.9678,0.8547,0.9259,0.7937
0.69,0.13,0.9659,0.8463,0.9208,0.8036,0.9634,0.9658,0.9659,0.9659,0.9697,0.8621,0.9434,0.7937
0.69,0.14,0.9659,0.8463,0.9208,0.8036,0.9634,0.9658,0.9659,0.9659,0.9697,0.8621,0.9434,0.7937
0.69,0.15,0.9659,0.8463,0.9208,0.8036,0.9634,0.9658,0.9659,0.9659,0.9697,0.8621,0.9434,0.7937
0.69,0.16,0.9659,0.8463,0.9208,0.8036,0.9634,0.9658,0.9659,0.9659,0.9697,0.8621,0.9434,0.7937
0.69,0.17,0.9659,0.8463,0.9208,0.8036,0.9634,0.9658,0.9659,0.9659,0.9697,0.8621,0.9434,0.7937
0.69,0.18,0.9659,0.8463,0.9208,0.8036,0.9634,0.9658,0.9659,0.9659,0.9697,0.8621,0.9434,0.7937
0.69,0.19,0.9659,0.8463,0.9208,0.8036,0.9634,0.9658,0.9659,0.9659,0.9697,0.8621,0.9434,0.7937
0.69,0.2,0.9659,0.8463,0.9208,0.8036,0.9634,0.9658,0.9659,0.9659,0.9697,0.8621,0.9434,0.7937
0.69,0.21,0.9659,0.8463,0.9208,0.8036,0.9634,0.9658,0.9659,0.9659,0.9697,0.8621,0.9434,0.7937
0.69,0.22,0.9659,0.8463,0.9208,0.8036,0.9634,0.9658,0.9659,0.9659,0.9697,0.8621,0.9434,0.7937
0.69,0.23,0.9659,0.8463,0.9208,0.8036,0.9634,0.9658,0.9659,0.9659,0.9697,0.8621,0.9434,0.7937
0.69,0.24,0.9678,0.8519,0.9335,0.8039,0.9651,0.9677,0.9678,0.9678,0.9716,0.8696,0.9615,0.7937
0.69,0.25,0.9659,0.8457,0.9323,0.7944,0.963,0.9657,0.9659,0.9659,0.9697,0.8596,0.9608,0.7778
0.69,0.26,0.9659,0.8457,0.9323,0.7944,0.963,0.9657,0.9659,0.9659,0.9697,0.8596,0.9608,0.7778
0.69,0.27,0.9659,0.8457,0.9323,0.7944,0.963,0.9657,0.9659,0.9659,0.9697,0.8596,0.9608,0.7778
0.69,0.28,0.9659,0.8457,0.9323,0.7944,0.963,0.9657,0.9659,0.9659,0.9697,0.8596,0.9608,0.7778
0.69,0.29,0.9659,0.8457,0.9323,0.7944,0.963,0.9657,0.9659,0.9659,0.9697,0.8596,0.9608,0.7778
0.69,0.3,0.9659,0.8457,0.9323,0.7944,0.963,0.9657,0.9659,0.9659,0.9697,0.8596,0.9608,0.7778
0.69,0.31,0.9659,0.8457,0.9323,0.7944,0.963,0.9657,0.9659,0.9659,0.9697,0.8596,0.9608,0.7778
0.69,0.32,0.9659,0.8457,0.9323,0.7944,0.963,0.9657,0.9659,0.9659,0.9697,0.8596,0.9608,0.7778
0.69,0.33,0.9659,0.8457,0.9323,0.7944,0.963,0.9657,0.9659,0.9659,0.9697,0.8596,0.9608,0.7778
0.69,0.34,0.9659,0.8457,0.9323,0.7944,0.963,0.9657,0.9659,0.9659,0.9697,0.8596,0.9608,0.7778
0.69,0.35,0.9659,0.8457,0.9323,0.7944,0.963,0.9657,0.9659,0.9659,0.9697,0.8596,0.9608,0.7778
0.69,0.36,0.9659,0.8457,0.9323,0.7944,0.963,0.9657,0.9659,0.9659,0.9697,0.8596,0.9608,0.7778
0.69,0.37,0.964,0.8337,0.9269,0.7766,0.9608,0.9634,0.964,0.964,0.9678,0.8496,0.96,0.7619
0.69,0.38,0.964,0.8337,0.9269,0.7766,0.9608,0.9634,0.964,0.964,0.9678,0.8496,0.96,0.7619
0.69,0.39,0.964,0.8337,0.9269,0.7766,0.9608,0.9634,0.964,0.964,0.9678,0.8496,0.96,0.7619
0.69,0.4,0.964,0.8337,0.9269,0.7766,0.9608,0.9634,0.964,0.964,0.9678,0.8496,0.96,0.7619
0.69,0.41,0.964,0.8337,0.9269,0.7766,0.9608,0.9634,0.964,0.964,0.9678,0.8496,0.96,0.7619
0.69,0.42,0.964,0.8337,0.9269,0.7766,0.9608,0.9634,0.964,0.964,0.9678,0.8496,0.96,0.7619
0.69,0.43,0.964,0.8337,0.9269,0.7766,0.9608,0.9634,0.964,0.964,0.9678,0.8496,0.96,0.7619
0.69,0.44,0.964,0.8337,0.9269,0.7766,0.9608,0.9634,0.964,0.964,0.9678,0.8496,0.96,0.7619
0.69,0.45,0.964,0.8337,0.9269,0.7766,0.9608,0.9634,0.964,0.964,0.9678,0.8496,0.96,0.7619
0.69,0.46,0.964,0.8337,0.9269,0.7766,0.9608,0.9634,0.964,0.964,0.9678,0.8496,0.96,0.7619
0.69,0.47,0.964,0.8337,0.9269,0.7766,0.9608,0.9634,0.964,0.964,0.9678,0.8496,0.96,0.7619
0.69,0.48,0.9621,0.8252,0.9266,0.7623,0.9588,0.9616,0.9621,0.9621,0.9659,0.8393,0.9592,0.746
0.69,0.49,0.9621,0.8252,0.9266,0.7623,0.9588,0.9616,0.9621,0.9621,0.9659,0.8393,0.9592,0.746
0.69,0.5,0.9583,0.8053,0.925,0.7398,0.9538,0.9578,0.9583,0.9583,0.9621,0.8182,0.9574,0.7143
0.69,0.51,0.9583,0.8119,0.9417,0.7398,0.9536,0.9579,0.9583,0.9583,0.9602,0.8073,0.9565,0.6984
0.69,0.52,0.9583,0.8119,0.9417,0.7398,0.9536,0.9579,0.9583,0.9583,0.9602,0.8073,0.9565,0.6984
0.69,0.53,0.9583,0.8119,0.9417,0.7398,0.9536,0.9579,0.9583,0.9583,0.9602,0.8073,0.9565,0.6984
0.69,0.54,0.9583,0.8119,0.9417,0.7398,0.9536,0.9579,0.9583,0.9583,0.9602,0.8073,0.9565,0.6984
0.69,0.55,0.9583,0.8119,0.9417,0.7398,0.9536,0.9579,0.9583,0.9583,0.9602,0.8073,0.9565,0.6984
0.69,0.56,0.9583,0.8119,0.9417,0.7398,0.9536,0.9579,0.9583,0.9583,0.9602,0.8073,0.9565,0.6984
0.69,0.57,0.9583,0.8119,0.9417,0.7398,0.9536,0.9579,0.9583,0.9583,0.9602,0.8073,0.9565,0.6984
0.69,0.58,0.9583,0.8119,0.9417,0.7398,0.9536,0.9579,0.9583,0.9583,0.9602,0.8073,0.9565,0.6984
0.69,0.59,0.9583,0.8119,0.9417,0.7398,0.9536,0.9579,0.9583,0.9583,0.9602,0.8073,0.9565,0.6984
0.69,0.6,0.9583,0.8119,0.9417,0.7398,0.9536,0.9579,0.9583,0.9583,0.9602,0.8073,0.9565,0.6984
0.69,0.61,0.9583,0.8119,0.9417,0.7398,0.9536,0.9579,0.9583,0.9583,0.9602,0.8073,0.9565,0.6984
0.69,0.62,0.9583,0.8119,0.9417,0.7398,0.9536,0.9579,0.9583,0.9583,0.9602,0.8073,0.9565,0.6984
0.69,0.63,0.9545,0.7918,0.9411,0.7112,0.9491,0.9544,0.9545,0.9545,0.9564,0.785,0.9545,0.6667
0.69,0.64,0.9545,0.7918,0.9411,0.7112,0.9491,0.9544,0.9545,0.9545,0.9564,0.785,0.9545,0.6667
0.69,0.65,0.9545,0.7918,0.9411,0.7112,0.9491,0.9544,0.9545,0.9545,0.9564,0.785,0.9545,0.6667
0.69,0.66,0.9545,0.7918,0.9411,0.7112,0.9491,0.9544,0.9545,0.9545,0.9564,0.785,0.9545,0.6667
0.69,0.67,0.9545,0.7918,0.9411,0.7112,0.9491,0.9544,0.9545,0.9545,0.9564,0.785,0.9545,0.6667
0.69,0.68,0.9545,0.7918,0.9411,0.7112,0.9491,0.9544,0.9545,0.9545,0.9564,0.785,0.9545,0.6667
0.69,0.69,0.9545,0.7918,0.9411,0.7112,0.9491,0.9544,0.9545,0.9545,0.9564,0.785,0.9545,0.6667
0.7,0.0,0.9545,0.7918,0.9411,0.7112,0.9491,0.9544,0.9545,0.9545,0.9564,0.785,0.9545,0.6667
0.7,0.01,0.9223,0.7598,0.712,0.8536,0.9303,0.9444,0.9223,0.9223,0.9261,0.7347,0.6429,0.8571
0.7,0.02,0.947,0.8069,0.7851,0.8575,0.9494,0.955,0.947,0.947,0.9508,0.806,0.7606,0.8571
0.7,0.03,0.9583,0.8339,0.8363,0.8594,0.9585,0.9621,0.9583,0.9583,0.9621,0.8438,0.8308,0.8571
0.7,0.04,0.9602,0.8346,0.8531,0.847,0.9593,0.9624,0.9602,0.9602,0.964,0.848,0.8548,0.8413
0.7,0.05,0.9621,0.84,0.877,0.8473,0.9611,0.9659,0.9621,0.9621,0.9659,0.8548,0.8689,0.8413
0.7,0.06,0.964,0.8456,0.8843,0.8476,0.9626,0.9667,0.964,0.964,0.9678,0.8618,0.8833,0.8413
0.7,0.07,0.9659,0.8518,0.893,0.8479,0.9642,0.9677,0.9659,0.9659,0.9697,0.8689,0.8983,0.8413
0.7,0.08,0.9659,0.851,0.9046,0.8304,0.9641,0.9672,0.9659,0.9659,0.9697,0.8667,0.9123,0.8254
0.7,0.09,0.9659,0.851,0.9046,0.8304,0.9641,0.9672,0.9659,0.9659,0.9697,0.8667,0.9123,0.8254
0.7,0.1,0.964,0.8406,0.8996,0.8125,0.9621,0.9648,0.964,0.964,0.9678,0.8571,0.9107,0.8095
0.7,0.11,0.964,0.8412,0.9104,0.8033,0.9617,0.9642,0.964,0.964,0.9678,0.8547,0.9259,0.7937
0.7,0.12,0.964,0.8412,0.9104,0.8033,0.9617,0.9642,0.964,0.964,0.9678,0.8547,0.9259,0.7937
0.7,0.13,0.9659,0.8463,0.9208,0.8036,0.9634,0.9658,0.9659,0.9659,0.9697,0.8621,0.9434,0.7937
0.7,0.14,0.9659,0.8463,0.9208,0.8036,0.9634,0.9658,0.9659,0.9659,0.9697,0.8621,0.9434,0.7937
0.7,0.15,0.9659,0.8463,0.9208,0.8036,0.9634,0.9658,0.9659,0.9659,0.9697,0.8621,0.9434,0.7937
0.7,0.16,0.9659,0.8463,0.9208,0.8036,0.9634,0.9658,0.9659,0.9659,0.9697,0.8621,0.9434,0.7937
0.7,0.17,0.9659,0.8463,0.9208,0.8036,0.9634,0.9658,0.9659,0.9659,0.9697,0.8621,0.9434,0.7937
0.7,0.18,0.9659,0.8463,0.9208,0.8036,0.9634,0.9658,0.9659,0.9659,0.9697,0.8621,0.9434,0.7937
0.7,0.19,0.9659,0.8463,0.9208,0.8036,0.9634,0.9658,0.9659,0.9659,0.9697,0.8621,0.9434,0.7937
0.7,0.2,0.9659,0.8463,0.9208,0.8036,0.9634,0.9658,0.9659,0.9659,0.9697,0.8621,0.9434,0.7937
0.7,0.21,0.9659,0.8463,0.9208,0.8036,0.9634,0.9658,0.9659,0.9659,0.9697,0.8621,0.9434,0.7937
0.7,0.22,0.9659,0.8463,0.9208,0.8036,0.9634,0.9658,0.9659,0.9659,0.9697,0.8621,0.9434,0.7937
0.7,0.23,0.9659,0.8463,0.9208,0.8036,0.9634,0.9658,0.9659,0.9659,0.9697,0.8621,0.9434,0.7937
0.7,0.24,0.9678,0.8519,0.9335,0.8039,0.9651,0.9677,0.9678,0.9678,0.9716,0.8696,0.9615,0.7937
0.7,0.25,0.9659,0.8457,0.9323,0.7944,0.963,0.9657,0.9659,0.9659,0.9697,0.8596,0.9608,0.7778
0.7,0.26,0.9659,0.8457,0.9323,0.7944,0.963,0.9657,0.9659,0.9659,0.9697,0.8596,0.9608,0.7778
0.7,0.27,0.9659,0.8457,0.9323,0.7944,0.963,0.9657,0.9659,0.9659,0.9697,0.8596,0.9608,0.7778
0.7,0.28,0.9659,0.8457,0.9323,0.7944,0.963,0.9657,0.9659,0.9659,0.9697,0.8596,0.9608,0.7778
0.7,0.29,0.9659,0.8457,0.9323,0.7944,0.963,0.9657,0.9659,0.9659,0.9697,0.8596,0.9608,0.7778
0.7,0.3,0.9659,0.8457,0.9323,0.7944,0.963,0.9657,0.9659,0.9659,0.9697,0.8596,0.9608,0.7778
0.7,0.31,0.9659,0.8457,0.9323,0.7944,0.963,0.9657,0.9659,0.9659,0.9697,0.8596,0.9608,0.7778
0.7,0.32,0.9659,0.8457,0.9323,0.7944,0.963,0.9657,0.9659,0.9659,0.9697,0.8596,0.9608,0.7778
0.7,0.33,0.9659,0.8457,0.9323,0.7944,0.963,0.9657,0.9659,0.9659,0.9697,0.8596,0.9608,0.7778
0.7,0.34,0.9659,0.8457,0.9323,0.7944,0.963,0.9657,0.9659,0.9659,0.9697,0.8596,0.9608,0.7778
0.7,0.35,0.9659,0.8457,0.9323,0.7944,0.963,0.9657,0.9659,0.9659,0.9697,0.8596,0.9608,0.7778
0.7,0.36,0.9659,0.8457,0.9323,0.7944,0.963,0.9657,0.9659,0.9659,0.9697,0.8596,0.9608,0.7778
0.7,0.37,0.964,0.8337,0.9269,0.7766,0.9608,0.9634,0.964,0.964,0.9678,0.8496,0.96,0.7619
0.7,0.38,0.964,0.8337,0.9269,0.7766,0.9608,0.9634,0.964,0.964,0.9678,0.8496,0.96,0.7619
0.7,0.39,0.964,0.8337,0.9269,0.7766,0.9608,0.9634,0.964,0.964,0.9678,0.8496,0.96,0.7619
0.7,0.4,0.964,0.8337,0.9269,0.7766,0.9608,0.9634,0.964,0.964,0.9678,0.8496,0.96,0.7619
0.7,0.41,0.964,0.8337,0.9269,0.7766,0.9608,0.9634,0.964,0.964,0.9678,0.8496,0.96,0.7619
0.7,0.42,0.964,0.8337,0.9269,0.7766,0.9608,0.9634,0.964,0.964,0.9678,0.8496,0.96,0.7619
0.7,0.43,0.964,0.8337,0.9269,0.7766,0.9608,0.9634,0.964,0.964,0.9678,0.8496,0.96,0.7619
0.7,0.44,0.964,0.8337,0.9269,0.7766,0.9608,0.9634,0.964,0.964,0.9678,0.8496,0.96,0.7619
0.7,0.45,0.964,0.8337,0.9269,0.7766,0.9608,0.9634,0.964,0.964,0.9678,0.8496,0.96,0.7619
0.7,0.46,0.964,0.8337,0.9269,0.7766,0.9608,0.9634,0.964,0.964,0.9678,0.8496,0.96,0.7619
0.7,0.47,0.964,0.8337,0.9269,0.7766,0.9608,0.9634,0.964,0.964,0.9678,0.8496,0.96,0.7619
0.7,0.48,0.9621,0.8252,0.9266,0.7623,0.9588,0.9616,0.9621,0.9621,0.9659,0.8393,0.9592,0.746
0.7,0.49,0.9621,0.8252,0.9266,0.7623,0.9588,0.9616,0.9621,0.9621,0.9659,0.8393,0.9592,0.746
0.7,0.5,0.9583,0.8053,0.925,0.7398,0.9538,0.9578,0.9583,0.9583,0.9621,0.8182,0.9574,0.7143
0.7,0.51,0.9583,0.8119,0.9417,0.7398,0.9536,0.9579,0.9583,0.9583,0.9602,0.8073,0.9565,0.6984
0.7,0.52,0.9583,0.8119,0.9417,0.7398,0.9536,0.9579,0.9583,0.9583,0.9602,0.8073,0.9565,0.6984
0.7,0.53,0.9583,0.8119,0.9417,0.7398,0.9536,0.9579,0.9583,0.9583,0.9602,0.8073,0.9565,0.6984
0.7,0.54,0.9583,0.8119,0.9417,0.7398,0.9536,0.9579,0.9583,0.9583,0.9602,0.8073,0.9565,0.6984
0.7,0.55,0.9583,0.8119,0.9417,0.7398,0.9536,0.9579,0.9583,0.9583,0.9602,0.8073,0.9565,0.6984
0.7,0.56,0.9583,0.8119,0.9417,0.7398,0.9536,0.9579,0.9583,0.9583,0.9602,0.8073,0.9565,0.6984
0.7,0.57,0.9583,0.8119,0.9417,0.7398,0.9536,0.9579,0.9583,0.9583,0.9602,0.8073,0.9565,0.6984
0.7,0.58,0.9583,0.8119,0.9417,0.7398,0.9536,0.9579,0.9583,0.9583,0.9602,0.8073,0.9565,0.6984
0.7,0.59,0.9583,0.8119,0.9417,0.7398,0.9536,0.9579,0.9583,0.9583,0.9602,0.8073,0.9565,0.6984
0.7,0.6,0.9583,0.8119,0.9417,0.7398,0.9536,0.9579,0.9583,0.9583,0.9602,0.8073,0.9565,0.6984
0.7,0.61,0.9583,0.8119,0.9417,0.7398,0.9536,0.9579,0.9583,0.9583,0.9602,0.8073,0.9565,0.6984
0.7,0.62,0.9583,0.8119,0.9417,0.7398,0.9536,0.9579,0.9583,0.9583,0.9602,0.8073,0.9565,0.6984
0.7,0.63,0.9545,0.7918,0.9411,0.7112,0.9491,0.9544,0.9545,0.9545,0.9564,0.785,0.9545,0.6667
0.7,0.64,0.9545,0.7918,0.9411,0.7112,0.9491,0.9544,0.9545,0.9545,0.9564,0.785,0.9545,0.6667
0.7,0.65,0.9545,0.7918,0.9411,0.7112,0.9491,0.9544,0.9545,0.9545,0.9564,0.785,0.9545,0.6667
0.7,0.66,0.9545,0.7918,0.9411,0.7112,0.9491,0.9544,0.9545,0.9545,0.9564,0.785,0.9545,0.6667
0.7,0.67,0.9545,0.7918,0.9411,0.7112,0.9491,0.9544,0.9545,0.9545,0.9564,0.785,0.9545,0.6667
0.7,0.68,0.9545,0.7918,0.9411,0.7112,0.9491,0.9544,0.9545,0.9545,0.9564,0.785,0.9545,0.6667
0.7,0.69,0.9545,0.7918,0.9411,0.7112,0.9491,0.9544,0.9545,0.9545,0.9564,0.785,0.9545,0.6667
0.7,0.7,0.9545,0.7918,0.9411,0.7112,0.9491,0.9544,0.9545,0.9545,0.9564,0.785,0.9545,0.6667
0.71,0.0,0.9545,0.7918,0.9411,0.7112,0.9491,0.9544,0.9545,0.9545,0.9564,0.785,0.9545,0.6667
0.71,0.01,0.9223,0.7598,0.712,0.8536,0.9303,0.9444,0.9223,0.9223,0.9261,0.7347,0.6429,0.8571
0.71,0.02,0.947,0.8069,0.7851,0.8575,0.9494,0.955,0.947,0.947,0.9508,0.806,0.7606,0.8571
0.71,0.03,0.9583,0.8339,0.8363,0.8594,0.9585,0.9621,0.9583,0.9583,0.9621,0.8438,0.8308,0.8571
0.71,0.04,0.9602,0.8346,0.8531,0.847,0.9593,0.9624,0.9602,0.9602,0.964,0.848,0.8548,0.8413
0.71,0.05,0.9621,0.84,0.877,0.8473,0.9611,0.9659,0.9621,0.9621,0.9659,0.8548,0.8689,0.8413
0.71,0.06,0.964,0.8456,0.8843,0.8476,0.9626,0.9667,0.964,0.964,0.9678,0.8618,0.8833,0.8413
0.71,0.07,0.9659,0.8518,0.893,0.8479,0.9642,0.9677,0.9659,0.9659,0.9697,0.8689,0.8983,0.8413
0.71,0.08,0.9659,0.851,0.9046,0.8304,0.9641,0.9672,0.9659,0.9659,0.9697,0.8667,0.9123,0.8254
0.71,0.09,0.9659,0.851,0.9046,0.8304,0.9641,0.9672,0.9659,0.9659,0.9697,0.8667,0.9123,0.8254
0.71,0.1,0.964,0.8406,0.8996,0.8125,0.9621,0.9648,0.964,0.964,0.9678,0.8571,0.9107,0.8095
0.71,0.11,0.964,0.8412,0.9104,0.8033,0.9617,0.9642,0.964,0.964,0.9678,0.8547,0.9259,0.7937
0.71,0.12,0.964,0.8412,0.9104,0.8033,0.9617,0.9642,0.964,0.964,0.9678,0.8547,0.9259,0.7937
0.71,0.13,0.9659,0.8463,0.9208,0.8036,0.9634,0.9658,0.9659,0.9659,0.9697,0.8621,0.9434,0.7937
0.71,0.14,0.9659,0.8463,0.9208,0.8036,0.9634,0.9658,0.9659,0.9659,0.9697,0.8621,0.9434,0.7937
0.71,0.15,0.9659,0.8463,0.9208,0.8036,0.9634,0.9658,0.9659,0.9659,0.9697,0.8621,0.9434,0.7937
0.71,0.16,0.9659,0.8463,0.9208,0.8036,0.9634,0.9658,0.9659,0.9659,0.9697,0.8621,0.9434,0.7937
0.71,0.17,0.9659,0.8463,0.9208,0.8036,0.9634,0.9658,0.9659,0.9659,0.9697,0.8621,0.9434,0.7937
0.71,0.18,0.9659,0.8463,0.9208,0.8036,0.9634,0.9658,0.9659,0.9659,0.9697,0.8621,0.9434,0.7937
0.71,0.19,0.9659,0.8463,0.9208,0.8036,0.9634,0.9658,0.9659,0.9659,0.9697,0.8621,0.9434,0.7937
0.71,0.2,0.9659,0.8463,0.9208,0.8036,0.9634,0.9658,0.9659,0.9659,0.9697,0.8621,0.9434,0.7937
0.71,0.21,0.9659,0.8463,0.9208,0.8036,0.9634,0.9658,0.9659,0.9659,0.9697,0.8621,0.9434,0.7937
0.71,0.22,0.9659,0.8463,0.9208,0.8036,0.9634,0.9658,0.9659,0.9659,0.9697,0.8621,0.9434,0.7937
0.71,0.23,0.9659,0.8463,0.9208,0.8036,0.9634,0.9658,0.9659,0.9659,0.9697,0.8621,0.9434,0.7937
0.71,0.24,0.9678,0.8519,0.9335,0.8039,0.9651,0.9677,0.9678,0.9678,0.9716,0.8696,0.9615,0.7937
0.71,0.25,0.9659,0.8457,0.9323,0.7944,0.963,0.9657,0.9659,0.9659,0.9697,0.8596,0.9608,0.7778
0.71,0.26,0.9659,0.8457,0.9323,0.7944,0.963,0.9657,0.9659,0.9659,0.9697,0.8596,0.9608,0.7778
0.71,0.27,0.9659,0.8457,0.9323,0.7944,0.963,0.9657,0.9659,0.9659,0.9697,0.8596,0.9608,0.7778
0.71,0.28,0.9659,0.8457,0.9323,0.7944,0.963,0.9657,0.9659,0.9659,0.9697,0.8596,0.9608,0.7778
0.71,0.29,0.9659,0.8457,0.9323,0.7944,0.963,0.9657,0.9659,0.9659,0.9697,0.8596,0.9608,0.7778
0.71,0.3,0.9659,0.8457,0.9323,0.7944,0.963,0.9657,0.9659,0.9659,0.9697,0.8596,0.9608,0.7778
0.71,0.31,0.9659,0.8457,0.9323,0.7944,0.963,0.9657,0.9659,0.9659,0.9697,0.8596,0.9608,0.7778
0.71,0.32,0.9659,0.8457,0.9323,0.7944,0.963,0.9657,0.9659,0.9659,0.9697,0.8596,0.9608,0.7778
0.71,0.33,0.9659,0.8457,0.9323,0.7944,0.963,0.9657,0.9659,0.9659,0.9697,0.8596,0.9608,0.7778
0.71,0.34,0.9659,0.8457,0.9323,0.7944,0.963,0.9657,0.9659,0.9659,0.9697,0.8596,0.9608,0.7778
0.71,0.35,0.9659,0.8457,0.9323,0.7944,0.963,0.9657,0.9659,0.9659,0.9697,0.8596,0.9608,0.7778
0.71,0.36,0.9659,0.8457,0.9323,0.7944,0.963,0.9657,0.9659,0.9659,0.9697,0.8596,0.9608,0.7778
0.71,0.37,0.964,0.8337,0.9269,0.7766,0.9608,0.9634,0.964,0.964,0.9678,0.8496,0.96,0.7619
0.71,0.38,0.964,0.8337,0.9269,0.7766,0.9608,0.9634,0.964,0.964,0.9678,0.8496,0.96,0.7619
0.71,0.39,0.964,0.8337,0.9269,0.7766,0.9608,0.9634,0.964,0.964,0.9678,0.8496,0.96,0.7619
0.71,0.4,0.964,0.8337,0.9269,0.7766,0.9608,0.9634,0.964,0.964,0.9678,0.8496,0.96,0.7619
0.71,0.41,0.964,0.8337,0.9269,0.7766,0.9608,0.9634,0.964,0.964,0.9678,0.8496,0.96,0.7619
0.71,0.42,0.964,0.8337,0.9269,0.7766,0.9608,0.9634,0.964,0.964,0.9678,0.8496,0.96,0.7619
0.71,0.43,0.964,0.8337,0.9269,0.7766,0.9608,0.9634,0.964,0.964,0.9678,0.8496,0.96,0.7619
0.71,0.44,0.964,0.8337,0.9269,0.7766,0.9608,0.9634,0.964,0.964,0.9678,0.8496,0.96,0.7619
0.71,0.45,0.964,0.8337,0.9269,0.7766,0.9608,0.9634,0.964,0.964,0.9678,0.8496,0.96,0.7619
0.71,0.46,0.964,0.8337,0.9269,0.7766,0.9608,0.9634,0.964,0.964,0.9678,0.8496,0.96,0.7619
0.71,0.47,0.964,0.8337,0.9269,0.7766,0.9608,0.9634,0.964,0.964,0.9678,0.8496,0.96,0.7619
0.71,0.48,0.9621,0.8252,0.9266,0.7623,0.9588,0.9616,0.9621,0.9621,0.9659,0.8393,0.9592,0.746
0.71,0.49,0.9621,0.8252,0.9266,0.7623,0.9588,0.9616,0.9621,0.9621,0.9659,0.8393,0.9592,0.746
0.71,0.5,0.9583,0.8053,0.925,0.7398,0.9538,0.9578,0.9583,0.9583,0.9621,0.8182,0.9574,0.7143
0.71,0.51,0.9583,0.8119,0.9417,0.7398,0.9536,0.9579,0.9583,0.9583,0.9602,0.8073,0.9565,0.6984
0.71,0.52,0.9583,0.8119,0.9417,0.7398,0.9536,0.9579,0.9583,0.9583,0.9602,0.8073,0.9565,0.6984
0.71,0.53,0.9583,0.8119,0.9417,0.7398,0.9536,0.9579,0.9583,0.9583,0.9602,0.8073,0.9565,0.6984
0.71,0.54,0.9583,0.8119,0.9417,0.7398,0.9536,0.9579,0.9583,0.9583,0.9602,0.8073,0.9565,0.6984
0.71,0.55,0.9583,0.8119,0.9417,0.7398,0.9536,0.9579,0.9583,0.9583,0.9602,0.8073,0.9565,0.6984
0.71,0.56,0.9583,0.8119,0.9417,0.7398,0.9536,0.9579,0.9583,0.9583,0.9602,0.8073,0.9565,0.6984
0.71,0.57,0.9583,0.8119,0.9417,0.7398,0.9536,0.9579,0.9583,0.9583,0.9602,0.8073,0.9565,0.6984
0.71,0.58,0.9583,0.8119,0.9417,0.7398,0.9536,0.9579,0.9583,0.9583,0.9602,0.8073,0.9565,0.6984
0.71,0.59,0.9583,0.8119,0.9417,0.7398,0.9536,0.9579,0.9583,0.9583,0.9602,0.8073,0.9565,0.6984
0.71,0.6,0.9583,0.8119,0.9417,0.7398,0.9536,0.9579,0.9583,0.9583,0.9602,0.8073,0.9565,0.6984
0.71,0.61,0.9583,0.8119,0.9417,0.7398,0.9536,0.9579,0.9583,0.9583,0.9602,0.8073,0.9565,0.6984
0.71,0.62,0.9583,0.8119,0.9417,0.7398,0.9536,0.9579,0.9583,0.9583,0.9602,0.8073,0.9565,0.6984
0.71,0.63,0.9545,0.7918,0.9411,0.7112,0.9491,0.9544,0.9545,0.9545,0.9564,0.785,0.9545,0.6667
0.71,0.64,0.9545,0.7918,0.9411,0.7112,0.9491,0.9544,0.9545,0.9545,0.9564,0.785,0.9545,0.6667
0.71,0.65,0.9545,0.7918,0.9411,0.7112,0.9491,0.9544,0.9545,0.9545,0.9564,0.785,0.9545,0.6667
0.71,0.66,0.9545,0.7918,0.9411,0.7112,0.9491,0.9544,0.9545,0.9545,0.9564,0.785,0.9545,0.6667
0.71,0.67,0.9545,0.7918,0.9411,0.7112,0.9491,0.9544,0.9545,0.9545,0.9564,0.785,0.9545,0.6667
0.71,0.68,0.9545,0.7918,0.9411,0.7112,0.9491,0.9544,0.9545,0.9545,0.9564,0.785,0.9545,0.6667
0.71,0.69,0.9545,0.7918,0.9411,0.7112,0.9491,0.9544,0.9545,0.9545,0.9564,0.785,0.9545,0.6667
0.71,0.7,0.9545,0.7918,0.9411,0.7112,0.9491,0.9544,0.9545,0.9545,0.9564,0.785,0.9545,0.6667
0.71,0.71,0.9545,0.7918,0.9411,0.7112,0.9491,0.9544,0.9545,0.9545,0.9564,0.785,0.9545,0.6667
0.72,0.0,0.9545,0.7918,0.9411,0.7112,0.9491,0.9544,0.9545,0.9545,0.9564,0.785,0.9545,0.6667
0.72,0.01,0.9223,0.7598,0.712,0.8536,0.9303,0.9444,0.9223,0.9223,0.9261,0.7347,0.6429,0.8571
0.72,0.02,0.947,0.8069,0.7851,0.8575,0.9494,0.955,0.947,0.947,0.9508,0.806,0.7606,0.8571
0.72,0.03,0.9583,0.8339,0.8363,0.8594,0.9585,0.9621,0.9583,0.9583,0.9621,0.8438,0.8308,0.8571
0.72,0.04,0.9602,0.8346,0.8531,0.847,0.9593,0.9624,0.9602,0.9602,0.964,0.848,0.8548,0.8413
0.72,0.05,0.9621,0.84,0.877,0.8473,0.9611,0.9659,0.9621,0.9621,0.9659,0.8548,0.8689,0.8413
0.72,0.06,0.964,0.8456,0.8843,0.8476,0.9626,0.9667,0.964,0.964,0.9678,0.8618,0.8833,0.8413
0.72,0.07,0.9659,0.8518,0.893,0.8479,0.9642,0.9677,0.9659,0.9659,0.9697,0.8689,0.8983,0.8413
0.72,0.08,0.9659,0.851,0.9046,0.8304,0.9641,0.9672,0.9659,0.9659,0.9697,0.8667,0.9123,0.8254
0.72,0.09,0.9659,0.851,0.9046,0.8304,0.9641,0.9672,0.9659,0.9659,0.9697,0.8667,0.9123,0.8254
0.72,0.1,0.964,0.8406,0.8996,0.8125,0.9621,0.9648,0.964,0.964,0.9678,0.8571,0.9107,0.8095
0.72,0.11,0.964,0.8412,0.9104,0.8033,0.9617,0.9642,0.964,0.964,0.9678,0.8547,0.9259,0.7937
0.72,0.12,0.964,0.8412,0.9104,0.8033,0.9617,0.9642,0.964,0.964,0.9678,0.8547,0.9259,0.7937
0.72,0.13,0.9659,0.8463,0.9208,0.8036,0.9634,0.9658,0.9659,0.9659,0.9697,0.8621,0.9434,0.7937
0.72,0.14,0.9659,0.8463,0.9208,0.8036,0.9634,0.9658,0.9659,0.9659,0.9697,0.8621,0.9434,0.7937
0.72,0.15,0.9659,0.8463,0.9208,0.8036,0.9634,0.9658,0.9659,0.9659,0.9697,0.8621,0.9434,0.7937
0.72,0.16,0.9659,0.8463,0.9208,0.8036,0.9634,0.9658,0.9659,0.9659,0.9697,0.8621,0.9434,0.7937
0.72,0.17,0.9659,0.8463,0.9208,0.8036,0.9634,0.9658,0.9659,0.9659,0.9697,0.8621,0.9434,0.7937
0.72,0.18,0.9659,0.8463,0.9208,0.8036,0.9634,0.9658,0.9659,0.9659,0.9697,0.8621,0.9434,0.7937
0.72,0.19,0.9659,0.8463,0.9208,0.8036,0.9634,0.9658,0.9659,0.9659,0.9697,0.8621,0.9434,0.7937
0.72,0.2,0.9659,0.8463,0.9208,0.8036,0.9634,0.9658,0.9659,0.9659,0.9697,0.8621,0.9434,0.7937
0.72,0.21,0.9659,0.8463,0.9208,0.8036,0.9634,0.9658,0.9659,0.9659,0.9697,0.8621,0.9434,0.7937
0.72,0.22,0.9659,0.8463,0.9208,0.8036,0.9634,0.9658,0.9659,0.9659,0.9697,0.8621,0.9434,0.7937
0.72,0.23,0.9659,0.8463,0.9208,0.8036,0.9634,0.9658,0.9659,0.9659,0.9697,0.8621,0.9434,0.7937
0.72,0.24,0.9678,0.8519,0.9335,0.8039,0.9651,0.9677,0.9678,0.9678,0.9716,0.8696,0.9615,0.7937
0.72,0.25,0.9659,0.8457,0.9323,0.7944,0.963,0.9657,0.9659,0.9659,0.9697,0.8596,0.9608,0.7778
0.72,0.26,0.9659,0.8457,0.9323,0.7944,0.963,0.9657,0.9659,0.9659,0.9697,0.8596,0.9608,0.7778
0.72,0.27,0.9659,0.8457,0.9323,0.7944,0.963,0.9657,0.9659,0.9659,0.9697,0.8596,0.9608,0.7778
0.72,0.28,0.9659,0.8457,0.9323,0.7944,0.963,0.9657,0.9659,0.9659,0.9697,0.8596,0.9608,0.7778
0.72,0.29,0.9659,0.8457,0.9323,0.7944,0.963,0.9657,0.9659,0.9659,0.9697,0.8596,0.9608,0.7778
0.72,0.3,0.9659,0.8457,0.9323,0.7944,0.963,0.9657,0.9659,0.9659,0.9697,0.8596,0.9608,0.7778
0.72,0.31,0.9659,0.8457,0.9323,0.7944,0.963,0.9657,0.9659,0.9659,0.9697,0.8596,0.9608,0.7778
0.72,0.32,0.9659,0.8457,0.9323,0.7944,0.963,0.9657,0.9659,0.9659,0.9697,0.8596,0.9608,0.7778
0.72,0.33,0.9659,0.8457,0.9323,0.7944,0.963,0.9657,0.9659,0.9659,0.9697,0.8596,0.9608,0.7778
0.72,0.34,0.9659,0.8457,0.9323,0.7944,0.963,0.9657,0.9659,0.9659,0.9697,0.8596,0.9608,0.7778
0.72,0.35,0.9659,0.8457,0.9323,0.7944,0.963,0.9657,0.9659,0.9659,0.9697,0.8596,0.9608,0.7778
0.72,0.36,0.9659,0.8457,0.9323,0.7944,0.963,0.9657,0.9659,0.9659,0.9697,0.8596,0.9608,0.7778
0.72,0.37,0.964,0.8337,0.9269,0.7766,0.9608,0.9634,0.964,0.964,0.9678,0.8496,0.96,0.7619
0.72,0.38,0.964,0.8337,0.9269,0.7766,0.9608,0.9634,0.964,0.964,0.9678,0.8496,0.96,0.7619
0.72,0.39,0.964,0.8337,0.9269,0.7766,0.9608,0.9634,0.964,0.964,0.9678,0.8496,0.96,0.7619
0.72,0.4,0.964,0.8337,0.9269,0.7766,0.9608,0.9634,0.964,0.964,0.9678,0.8496,0.96,0.7619
0.72,0.41,0.964,0.8337,0.9269,0.7766,0.9608,0.9634,0.964,0.964,0.9678,0.8496,0.96,0.7619
0.72,0.42,0.964,0.8337,0.9269,0.7766,0.9608,0.9634,0.964,0.964,0.9678,0.8496,0.96,0.7619
0.72,0.43,0.964,0.8337,0.9269,0.7766,0.9608,0.9634,0.964,0.964,0.9678,0.8496,0.96,0.7619
0.72,0.44,0.964,0.8337,0.9269,0.7766,0.9608,0.9634,0.964,0.964,0.9678,0.8496,0.96,0.7619
0.72,0.45,0.964,0.8337,0.9269,0.7766,0.9608,0.9634,0.964,0.964,0.9678,0.8496,0.96,0.7619
0.72,0.46,0.964,0.8337,0.9269,0.7766,0.9608,0.9634,0.964,0.964,0.9678,0.8496,0.96,0.7619
0.72,0.47,0.964,0.8337,0.9269,0.7766,0.9608,0.9634,0.964,0.964,0.9678,0.8496,0.96,0.7619
0.72,0.48,0.9621,0.8252,0.9266,0.7623,0.9588,0.9616,0.9621,0.9621,0.9659,0.8393,0.9592,0.746
0.72,0.49,0.9621,0.8252,0.9266,0.7623,0.9588,0.9616,0.9621,0.9621,0.9659,0.8393,0.9592,0.746
0.72,0.5,0.9583,0.8053,0.925,0.7398,0.9538,0.9578,0.9583,0.9583,0.9621,0.8182,0.9574,0.7143
0.72,0.51,0.9583,0.8119,0.9417,0.7398,0.9536,0.9579,0.9583,0.9583,0.9602,0.8073,0.9565,0.6984
0.72,0.52,0.9583,0.8119,0.9417,0.7398,0.9536,0.9579,0.9583,0.9583,0.9602,0.8073,0.9565,0.6984
0.72,0.53,0.9583,0.8119,0.9417,0.7398,0.9536,0.9579,0.9583,0.9583,0.9602,0.8073,0.9565,0.6984
0.72,0.54,0.9583,0.8119,0.9417,0.7398,0.9536,0.9579,0.9583,0.9583,0.9602,0.8073,0.9565,0.6984
0.72,0.55,0.9583,0.8119,0.9417,0.7398,0.9536,0.9579,0.9583,0.9583,0.9602,0.8073,0.9565,0.6984
0.72,0.56,0.9583,0.8119,0.9417,0.7398,0.9536,0.9579,0.9583,0.9583,0.9602,0.8073,0.9565,0.6984
0.72,0.57,0.9583,0.8119,0.9417,0.7398,0.9536,0.9579,0.9583,0.9583,0.9602,0.8073,0.9565,0.6984
0.72,0.58,0.9583,0.8119,0.9417,0.7398,0.9536,0.9579,0.9583,0.9583,0.9602,0.8073,0.9565,0.6984
0.72,0.59,0.9583,0.8119,0.9417,0.7398,0.9536,0.9579,0.9583,0.9583,0.9602,0.8073,0.9565,0.6984
0.72,0.6,0.9583,0.8119,0.9417,0.7398,0.9536,0.9579,0.9583,0.9583,0.9602,0.8073,0.9565,0.6984
0.72,0.61,0.9583,0.8119,0.9417,0.7398,0.9536,0.9579,0.9583,0.9583,0.9602,0.8073,0.9565,0.6984
0.72,0.62,0.9583,0.8119,0.9417,0.7398,0.9536,0.9579,0.9583,0.9583,0.9602,0.8073,0.9565,0.6984
0.72,0.63,0.9545,0.7918,0.9411,0.7112,0.9491,0.9544,0.9545,0.9545,0.9564,0.785,0.9545,0.6667
0.72,0.64,0.9545,0.7918,0.9411,0.7112,0.9491,0.9544,0.9545,0.9545,0.9564,0.785,0.9545,0.6667
0.72,0.65,0.9545,0.7918,0.9411,0.7112,0.9491,0.9544,0.9545,0.9545,0.9564,0.785,0.9545,0.6667
0.72,0.66,0.9545,0.7918,0.9411,0.7112,0.9491,0.9544,0.9545,0.9545,0.9564,0.785,0.9545,0.6667
0.72,0.67,0.9545,0.7918,0.9411,0.7112,0.9491,0.9544,0.9545,0.9545,0.9564,0.785,0.9545,0.6667
0.72,0.68,0.9545,0.7918,0.9411,0.7112,0.9491,0.9544,0.9545,0.9545,0.9564,0.785,0.9545,0.6667
0.72,0.69,0.9545,0.7918,0.9411,0.7112,0.9491,0.9544,0.9545,0.9545,0.9564,0.785,0.9545,0.6667
0.72,0.7,0.9545,0.7918,0.9411,0.7112,0.9491,0.9544,0.9545,0.9545,0.9564,0.785,0.9545,0.6667
0.72,0.71,0.9545,0.7918,0.9411,0.7112,0.9491,0.9544,0.9545,0.9545,0.9564,0.785,0.9545,0.6667
0.72,0.72,0.9545,0.7918,0.9411,0.7112,0.9491,0.9544,0.9545,0.9545,0.9564,0.785,0.9545,0.6667
0.73,0.0,0.9545,0.7918,0.9411,0.7112,0.9491,0.9544,0.9545,0.9545,0.9564,0.785,0.9545,0.6667
0.73,0.01,0.9223,0.7598,0.712,0.8536,0.9303,0.9444,0.9223,0.9223,0.9261,0.7347,0.6429,0.8571
0.73,0.02,0.947,0.8069,0.7851,0.8575,0.9494,0.955,0.947,0.947,0.9508,0.806,0.7606,0.8571
0.73,0.03,0.9583,0.8339,0.8363,0.8594,0.9585,0.9621,0.9583,0.9583,0.9621,0.8438,0.8308,0.8571
0.73,0.04,0.9602,0.8346,0.8531,0.847,0.9593,0.9624,0.9602,0.9602,0.964,0.848,0.8548,0.8413
0.73,0.05,0.9621,0.84,0.877,0.8473,0.9611,0.9659,0.9621,0.9621,0.9659,0.8548,0.8689,0.8413
0.73,0.06,0.964,0.8456,0.8843,0.8476,0.9626,0.9667,0.964,0.964,0.9678,0.8618,0.8833,0.8413
0.73,0.07,0.9659,0.8518,0.893,0.8479,0.9642,0.9677,0.9659,0.9659,0.9697,0.8689,0.8983,0.8413
0.73,0.08,0.9659,0.851,0.9046,0.8304,0.9641,0.9672,0.9659,0.9659,0.9697,0.8667,0.9123,0.8254
0.73,0.09,0.9659,0.851,0.9046,0.8304,0.9641,0.9672,0.9659,0.9659,0.9697,0.8667,0.9123,0.8254
0.73,0.1,0.964,0.8406,0.8996,0.8125,0.9621,0.9648,0.964,0.964,0.9678,0.8571,0.9107,0.8095
0.73,0.11,0.964,0.8412,0.9104,0.8033,0.9617,0.9642,0.964,0.964,0.9678,0.8547,0.9259,0.7937
0.73,0.12,0.964,0.8412,0.9104,0.8033,0.9617,0.9642,0.964,0.964,0.9678,0.8547,0.9259,0.7937
0.73,0.13,0.9659,0.8463,0.9208,0.8036,0.9634,0.9658,0.9659,0.9659,0.9697,0.8621,0.9434,0.7937
0.73,0.14,0.9659,0.8463,0.9208,0.8036,0.9634,0.9658,0.9659,0.9659,0.9697,0.8621,0.9434,0.7937
0.73,0.15,0.9659,0.8463,0.9208,0.8036,0.9634,0.9658,0.9659,0.9659,0.9697,0.8621,0.9434,0.7937
0.73,0.16,0.9659,0.8463,0.9208,0.8036,0.9634,0.9658,0.9659,0.9659,0.9697,0.8621,0.9434,0.7937
0.73,0.17,0.9659,0.8463,0.9208,0.8036,0.9634,0.9658,0.9659,0.9659,0.9697,0.8621,0.9434,0.7937
0.73,0.18,0.9659,0.8463,0.9208,0.8036,0.9634,0.9658,0.9659,0.9659,0.9697,0.8621,0.9434,0.7937
0.73,0.19,0.9659,0.8463,0.9208,0.8036,0.9634,0.9658,0.9659,0.9659,0.9697,0.8621,0.9434,0.7937
0.73,0.2,0.9659,0.8463,0.9208,0.8036,0.9634,0.9658,0.9659,0.9659,0.9697,0.8621,0.9434,0.7937
0.73,0.21,0.9659,0.8463,0.9208,0.8036,0.9634,0.9658,0.9659,0.9659,0.9697,0.8621,0.9434,0.7937
0.73,0.22,0.9659,0.8463,0.9208,0.8036,0.9634,0.9658,0.9659,0.9659,0.9697,0.8621,0.9434,0.7937
0.73,0.23,0.9659,0.8463,0.9208,0.8036,0.9634,0.9658,0.9659,0.9659,0.9697,0.8621,0.9434,0.7937
0.73,0.24,0.9678,0.8519,0.9335,0.8039,0.9651,0.9677,0.9678,0.9678,0.9716,0.8696,0.9615,0.7937
0.73,0.25,0.9659,0.8457,0.9323,0.7944,0.963,0.9657,0.9659,0.9659,0.9697,0.8596,0.9608,0.7778
0.73,0.26,0.9659,0.8457,0.9323,0.7944,0.963,0.9657,0.9659,0.9659,0.9697,0.8596,0.9608,0.7778
0.73,0.27,0.9659,0.8457,0.9323,0.7944,0.963,0.9657,0.9659,0.9659,0.9697,0.8596,0.9608,0.7778
0.73,0.28,0.9659,0.8457,0.9323,0.7944,0.963,0.9657,0.9659,0.9659,0.9697,0.8596,0.9608,0.7778
0.73,0.29,0.9659,0.8457,0.9323,0.7944,0.963,0.9657,0.9659,0.9659,0.9697,0.8596,0.9608,0.7778
0.73,0.3,0.9659,0.8457,0.9323,0.7944,0.963,0.9657,0.9659,0.9659,0.9697,0.8596,0.9608,0.7778
0.73,0.31,0.9659,0.8457,0.9323,0.7944,0.963,0.9657,0.9659,0.9659,0.9697,0.8596,0.9608,0.7778
0.73,0.32,0.9659,0.8457,0.9323,0.7944,0.963,0.9657,0.9659,0.9659,0.9697,0.8596,0.9608,0.7778
0.73,0.33,0.9659,0.8457,0.9323,0.7944,0.963,0.9657,0.9659,0.9659,0.9697,0.8596,0.9608,0.7778
0.73,0.34,0.9659,0.8457,0.9323,0.7944,0.963,0.9657,0.9659,0.9659,0.9697,0.8596,0.9608,0.7778
0.73,0.35,0.9659,0.8457,0.9323,0.7944,0.963,0.9657,0.9659,0.9659,0.9697,0.8596,0.9608,0.7778
0.73,0.36,0.9659,0.8457,0.9323,0.7944,0.963,0.9657,0.9659,0.9659,0.9697,0.8596,0.9608,0.7778
0.73,0.37,0.964,0.8337,0.9269,0.7766,0.9608,0.9634,0.964,0.964,0.9678,0.8496,0.96,0.7619
0.73,0.38,0.964,0.8337,0.9269,0.7766,0.9608,0.9634,0.964,0.964,0.9678,0.8496,0.96,0.7619
0.73,0.39,0.964,0.8337,0.9269,0.7766,0.9608,0.9634,0.964,0.964,0.9678,0.8496,0.96,0.7619
0.73,0.4,0.964,0.8337,0.9269,0.7766,0.9608,0.9634,0.964,0.964,0.9678,0.8496,0.96,0.7619
0.73,0.41,0.964,0.8337,0.9269,0.7766,0.9608,0.9634,0.964,0.964,0.9678,0.8496,0.96,0.7619
0.73,0.42,0.964,0.8337,0.9269,0.7766,0.9608,0.9634,0.964,0.964,0.9678,0.8496,0.96,0.7619
0.73,0.43,0.964,0.8337,0.9269,0.7766,0.9608,0.9634,0.964,0.964,0.9678,0.8496,0.96,0.7619
0.73,0.44,0.964,0.8337,0.9269,0.7766,0.9608,0.9634,0.964,0.964,0.9678,0.8496,0.96,0.7619
0.73,0.45,0.964,0.8337,0.9269,0.7766,0.9608,0.9634,0.964,0.964,0.9678,0.8496,0.96,0.7619
0.73,0.46,0.964,0.8337,0.9269,0.7766,0.9608,0.9634,0.964,0.964,0.9678,0.8496,0.96,0.7619
0.73,0.47,0.964,0.8337,0.9269,0.7766,0.9608,0.9634,0.964,0.964,0.9678,0.8496,0.96,0.7619
0.73,0.48,0.9621,0.8252,0.9266,0.7623,0.9588,0.9616,0.9621,0.9621,0.9659,0.8393,0.9592,0.746
0.73,0.49,0.9621,0.8252,0.9266,0.7623,0.9588,0.9616,0.9621,0.9621,0.9659,0.8393,0.9592,0.746
0.73,0.5,0.9583,0.8053,0.925,0.7398,0.9538,0.9578,0.9583,0.9583,0.9621,0.8182,0.9574,0.7143
0.73,0.51,0.9583,0.8119,0.9417,0.7398,0.9536,0.9579,0.9583,0.9583,0.9602,0.8073,0.9565,0.6984
0.73,0.52,0.9583,0.8119,0.9417,0.7398,0.9536,0.9579,0.9583,0.9583,0.9602,0.8073,0.9565,0.6984
0.73,0.53,0.9583,0.8119,0.9417,0.7398,0.9536,0.9579,0.9583,0.9583,0.9602,0.8073,0.9565,0.6984
0.73,0.54,0.9583,0.8119,0.9417,0.7398,0.9536,0.9579,0.9583,0.9583,0.9602,0.8073,0.9565,0.6984
0.73,0.55,0.9583,0.8119,0.9417,0.7398,0.9536,0.9579,0.9583,0.9583,0.9602,0.8073,0.9565,0.6984
0.73,0.56,0.9583,0.8119,0.9417,0.7398,0.9536,0.9579,0.9583,0.9583,0.9602,0.8073,0.9565,0.6984
0.73,0.57,0.9583,0.8119,0.9417,0.7398,0.9536,0.9579,0.9583,0.9583,0.9602,0.8073,0.9565,0.6984
0.73,0.58,0.9583,0.8119,0.9417,0.7398,0.9536,0.9579,0.9583,0.9583,0.9602,0.8073,0.9565,0.6984
0.73,0.59,0.9583,0.8119,0.9417,0.7398,0.9536,0.9579,0.9583,0.9583,0.9602,0.8073,0.9565,0.6984
0.73,0.6,0.9583,0.8119,0.9417,0.7398,0.9536,0.9579,0.9583,0.9583,0.9602,0.8073,0.9565,0.6984
0.73,0.61,0.9583,0.8119,0.9417,0.7398,0.9536,0.9579,0.9583,0.9583,0.9602,0.8073,0.9565,0.6984
0.73,0.62,0.9583,0.8119,0.9417,0.7398,0.9536,0.9579,0.9583,0.9583,0.9602,0.8073,0.9565,0.6984
0.73,0.63,0.9545,0.7918,0.9411,0.7112,0.9491,0.9544,0.9545,0.9545,0.9564,0.785,0.9545,0.6667
0.73,0.64,0.9545,0.7918,0.9411,0.7112,0.9491,0.9544,0.9545,0.9545,0.9564,0.785,0.9545,0.6667
0.73,0.65,0.9545,0.7918,0.9411,0.7112,0.9491,0.9544,0.9545,0.9545,0.9564,0.785,0.9545,0.6667
0.73,0.66,0.9545,0.7918,0.9411,0.7112,0.9491,0.9544,0.9545,0.9545,0.9564,0.785,0.9545,0.6667
0.73,0.67,0.9545,0.7918,0.9411,0.7112,0.9491,0.9544,0.9545,0.9545,0.9564,0.785,0.9545,0.6667
0.73,0.68,0.9545,0.7918,0.9411,0.7112,0.9491,0.9544,0.9545,0.9545,0.9564,0.785,0.9545,0.6667
0.73,0.69,0.9545,0.7918,0.9411,0.7112,0.9491,0.9544,0.9545,0.9545,0.9564,0.785,0.9545,0.6667
0.73,0.7,0.9545,0.7918,0.9411,0.7112,0.9491,0.9544,0.9545,0.9545,0.9564,0.785,0.9545,0.6667
0.73,0.71,0.9545,0.7918,0.9411,0.7112,0.9491,0.9544,0.9545,0.9545,0.9564,0.785,0.9545,0.6667
0.73,0.72,0.9545,0.7918,0.9411,0.7112,0.9491,0.9544,0.9545,0.9545,0.9564,0.785,0.9545,0.6667
0.73,0.73,0.9545,0.7918,0.9411,0.7112,0.9491,0.9544,0.9545,0.9545,0.9564,0.785,0.9545,0.6667
0.74,0.0,0.9508,0.7675,0.9386,0.6852,0.9438,0.9506,0.9508,0.9508,0.9527,0.7619,0.9524,0.6349
0.74,0.01,0.9205,0.7513,0.7059,0.8406,0.9282,0.9416,0.9205,0.9205,0.9242,0.726,0.6386,0.8413
0.74,0.02,0.9451,0.7965,0.7784,0.8446,0.947,0.9522,0.9451,0.9451,0.9489,0.797,0.7571,0.8413
0.74,0.03,0.9564,0.8226,0.8326,0.8464,0.956,0.9598,0.9564,0.9564,0.9602,0.8346,0.8281,0.8413
0.74,0.04,0.9583,0.8218,0.8481,0.834,0.9566,0.9599,0.9583,0.9583,0.9621,0.8387,0.8525,0.8254
0.74,0.05,0.9602,0.8267,0.8767,0.8343,0.9582,0.9641,0.9602,0.9602,0.964,0.8455,0.8667,0.8254
0.74,0.06,0.9621,0.8323,0.884,0.8346,0.9598,0.9649,0.9621,0.9621,0.9659,0.8525,0.8814,0.8254
0.74,0.07,0.964,0.8385,0.8927,0.835,0.9614,0.9659,0.964,0.964,0.9678,0.8595,0.8966,0.8254
0.74,0.08,0.964,0.8377,0.9043,0.8174,0.9613,0.9654,0.964,0.964,0.9678,0.8571,0.9107,0.8095
0.74,0.09,0.964,0.8377,0.9043,0.8174,0.9613,0.9654,0.964,0.964,0.9678,0.8571,0.9107,0.8095
0.74,0.1,0.9621,0.8273,0.8993,0.7995,0.9593,0.963,0.9621,0.9621,0.9659,0.8475,0.9091,0.7937
0.74,0.11,0.9621,0.828,0.9101,0.7903,0.9589,0.9624,0.9621,0.9621,0.9659,0.8448,0.9245,0.7778
0.74,0.12,0.9621,0.828,0.9101,0.7903,0.9589,0.9624,0.9621,0.9621,0.9659,0.8448,0.9245,0.7778
0.74,0.13,0.964,0.8331,0.9205,0.7906,0.9606,0.964,0.964,0.964,0.9678,0.8522,0.9423,0.7778
0.74,0.14,0.964,0.8331,0.9205,0.7906,0.9606,0.964,0.964,0.964,0.9678,0.8522,0.9423,0.7778
0.74,0.15,0.964,0.8331,0.9205,0.7906,0.9606,0.964,0.964,0.964,0.9678,0.8522,0.9423,0.7778
0.74,0.16,0.964,0.8331,0.9205,0.7906,0.9606,0.964,0.964,0.964,0.9678,0.8522,0.9423,0.7778
0.74,0.17,0.964,0.8331,0.9205,0.7906,0.9606,0.964,0.964,0.964,0.9678,0.8522,0.9423,0.7778
0.74,0.18,0.964,0.8331,0.9205,0.7906,0.9606,0.964,0.964,0.964,0.9678,0.8522,0.9423,0.7778
0.74,0.19,0.964,0.8331,0.9205,0.7906,0.9606,0.964,0.964,0.964,0.9678,0.8522,0.9423,0.7778
0.74,0.2,0.964,0.8331,0.9205,0.7906,0.9606,0.964,0.964,0.964,0.9678,0.8522,0.9423,0.7778
0.74,0.21,0.964,0.8331,0.9205,0.7906,0.9606,0.964,0.964,0.964,0.9678,0.8522,0.9423,0.7778
0.74,0.22,0.964,0.8331,0.9205,0.7906,0.9606,0.964,0.964,0.964,0.9678,0.8522,0.9423,0.7778
0.74,0.23,0.964,0.8331,0.9205,0.7906,0.9606,0.964,0.964,0.964,0.9678,0.8522,0.9423,0.7778
0.74,0.24,0.9659,0.8387,0.9332,0.7909,0.9623,0.9659,0.9659,0.9659,0.9697,0.8596,0.9608,0.7778
0.74,0.25,0.964,0.8325,0.932,0.7814,0.9602,0.9639,0.964,0.964,0.9678,0.8496,0.96,0.7619
0.74,0.26,0.964,0.8325,0.932,0.7814,0.9602,0.9639,0.964,0.964,0.9678,0.8496,0.96,0.7619
0.74,0.27,0.964,0.8325,0.932,0.7814,0.9602,0.9639,0.964,0.964,0.9678,0.8496,0.96,0.7619
0.74,0.28,0.964,0.8325,0.932,0.7814,0.9602,0.9639,0.964,0.964,0.9678,0.8496,0.96,0.7619
0.74,0.29,0.964,0.8325,0.932,0.7814,0.9602,0.9639,0.964,0.964,0.9678,0.8496,0.96,0.7619
0.74,0.3,0.964,0.8325,0.932,0.7814,0.9602,0.9639,0.964,0.964,0.9678,0.8496,0.96,0.7619
0.74,0.31,0.964,0.8325,0.932,0.7814,0.9602,0.9639,0.964,0.964,0.9678,0.8496,0.96,0.7619
0.74,0.32,0.964,0.8325,0.932,0.7814,0.9602,0.9639,0.964,0.964,0.9678,0.8496,0.96,0.7619
0.74,0.33,0.964,0.8325,0.932,0.7814,0.9602,0.9639,0.964,0.964,0.9678,0.8496,0.96,0.7619
0.74,0.34,0.964,0.8325,0.932,0.7814,0.9602,0.9639,0.964,0.964,0.9678,0.8496,0.96,0.7619
0.74,0.35,0.964,0.8325,0.932,0.7814,0.9602,0.9639,0.964,0.964,0.9678,0.8496,0.96,0.7619
0.74,0.36,0.964,0.8325,0.932,0.7814,0.9602,0.9639,0.964,0.964,0.9678,0.8496,0.96,0.7619
0.74,0.37,0.9621,0.8204,0.9266,0.7636,0.958,0.9616,0.9621,0.9621,0.9659,0.8393,0.9592,0.746
0.74,0.38,0.9621,0.8204,0.9266,0.7636,0.958,0.9616,0.9621,0.9621,0.9659,0.8393,0.9592,0.746
0.74,0.39,0.9621,0.8204,0.9266,0.7636,0.958,0.9616,0.9621,0.9621,0.9659,0.8393,0.9592,0.746
0.74,0.4,0.9621,0.8204,0.9266,0.7636,0.958,0.9616,0.9621,0.9621,0.9659,0.8393,0.9592,0.746
0.74,0.41,0.9621,0.8204,0.9266,0.7636,0.958,0.9616,0.9621,0.9621,0.9659,0.8393,0.9592,0.746
0.74,0.42,0.9621,0.8204,0.9266,0.7636,0.958,0.9616,0.9621,0.9621,0.9659,0.8393,0.9592,0.746
0.74,0.43,0.9621,0.8204,0.9266,0.7636,0.958,0.9616,0.9621,0.9621,0.9659,0.8393,0.9592,0.746
0.74,0.44,0.9621,0.8204,0.9266,0.7636,0.958,0.9616,0.9621,0.9621,0.9659,0.8393,0.9592,0.746
0.74,0.45,0.9621,0.8204,0.9266,0.7636,0.958,0.9616,0.9621,0.9621,0.9659,0.8393,0.9592,0.746
0.74,0.46,0.9621,0.8204,0.9266,0.7636,0.958,0.9616,0.9621,0.9621,0.9659,0.8393,0.9592,0.746
0.74,0.47,0.9621,0.8204,0.9266,0.7636,0.958,0.9616,0.9621,0.9621,0.9659,0.8393,0.9592,0.746
0.74,0.48,0.9602,0.8119,0.9263,0.7493,0.956,0.9598,0.9602,0.9602,0.964,0.8288,0.9583,0.7302
0.74,0.49,0.9602,0.8119,0.9263,0.7493,0.956,0.9598,0.9602,0.9602,0.964,0.8288,0.9583,0.7302
0.74,0.5,0.9564,0.7902,0.9247,0.7268,0.9507,0.9561,0.9564,0.9564,0.9602,0.8073,0.9565,0.6984
0.74,0.51,0.9564,0.7968,0.9414,0.7268,0.9505,0.9561,0.9564,0.9564,0.9583,0.7963,0.9556,0.6825
0.74,0.52,0.9564,0.7968,0.9414,0.7268,0.9505,0.9561,0.9564,0.9564,0.9583,0.7963,0.9556,0.6825
0.74,0.53,0.9564,0.7968,0.9414,0.7268,0.9505,0.9561,0.9564,0.9564,0.9583,0.7963,0.9556,0.6825
0.74,0.54,0.9564,0.7968,0.9414,0.7268,0.9505,0.9561,0.9564,0.9564,0.9583,0.7963,0.9556,0.6825
0.74,0.55,0.9564,0.7968,0.9414,0.7268,0.9505,0.9561,0.9564,0.9564,0.9583,0.7963,0.9556,0.6825
0.74,0.56,0.9564,0.7968,0.9414,0.7268,0.9505,0.9561,0.9564,0.9564,0.9583,0.7963,0.9556,0.6825
0.74,0.57,0.9564,0.7968,0.9414,0.7268,0.9505,0.9561,0.9564,0.9564,0.9583,0.7963,0.9556,0.6825
0.74,0.58,0.9564,0.7968,0.9414,0.7268,0.9505,0.9561,0.9564,0.9564,0.9583,0.7963,0.9556,0.6825
0.74,0.59,0.9564,0.7968,0.9414,0.7268,0.9505,0.9561,0.9564,0.9564,0.9583,0.7963,0.9556,0.6825
0.74,0.6,0.9564,0.7968,0.9414,0.7268,0.9505,0.9561,0.9564,0.9564,0.9583,0.7963,0.9556,0.6825
0.74,0.61,0.9564,0.7968,0.9414,0.7268,0.9505,0.9561,0.9564,0.9564,0.9583,0.7963,0.9556,0.6825
0.74,0.62,0.9564,0.7968,0.9414,0.7268,0.9505,0.9561,0.9564,0.9564,0.9583,0.7963,0.9556,0.6825
0.74,0.63,0.9527,0.7767,0.9409,0.6982,0.9461,0.9526,0.9527,0.9527,0.9545,0.7736,0.9535,0.6508
0.74,0.64,0.9527,0.7767,0.9409,0.6982,0.9461,0.9526,0.9527,0.9527,0.9545,0.7736,0.9535,0.6508
0.74,0.65,0.9527,0.7767,0.9409,0.6982,0.9461,0.9526,0.9527,0.9527,0.9545,0.7736,0.9535,0.6508
0.74,0.66,0.9527,0.7767,0.9409,0.6982,0.9461,0.9526,0.9527,0.9527,0.9545,0.7736,0.9535,0.6508
0.74,0.67,0.9527,0.7767,0.9409,0.6982,0.9461,0.9526,0.9527,0.9527,0.9545,0.7736,0.9535,0.6508
0.74,0.68,0.9527,0.7767,0.9409,0.6982,0.9461,0.9526,0.9527,0.9527,0.9545,0.7736,0.9535,0.6508
0.74,0.69,0.9527,0.7767,0.9409,0.6982,0.9461,0.9526,0.9527,0.9527,0.9545,0.7736,0.9535,0.6508
0.74,0.7,0.9527,0.7767,0.9409,0.6982,0.9461,0.9526,0.9527,0.9527,0.9545,0.7736,0.9535,0.6508
0.74,0.71,0.9527,0.7767,0.9409,0.6982,0.9461,0.9526,0.9527,0.9527,0.9545,0.7736,0.9535,0.6508
0.74,0.72,0.9527,0.7767,0.9409,0.6982,0.9461,0.9526,0.9527,0.9527,0.9545,0.7736,0.9535,0.6508
0.74,0.73,0.9527,0.7767,0.9409,0.6982,0.9461,0.9526,0.9527,0.9527,0.9545,0.7736,0.9535,0.6508
0.74,0.74,0.9508,0.7675,0.9386,0.6852,0.9438,0.9506,0.9508,0.9508,0.9527,0.7619,0.9524,0.6349
0.75,0.0,0.9508,0.7675,0.9386,0.6852,0.9438,0.9506,0.9508,0.9508,0.9527,0.7619,0.9524,0.6349
0.75,0.01,0.9205,0.7513,0.7059,0.8406,0.9282,0.9416,0.9205,0.9205,0.9242,0.726,0.6386,0.8413
0.75,0.02,0.9451,0.7965,0.7784,0.8446,0.947,0.9522,0.9451,0.9451,0.9489,0.797,0.7571,0.8413
0.75,0.03,0.9564,0.8226,0.8326,0.8464,0.956,0.9598,0.9564,0.9564,0.9602,0.8346,0.8281,0.8413
0.75,0.04,0.9583,0.8218,0.8481,0.834,0.9566,0.9599,0.9583,0.9583,0.9621,0.8387,0.8525,0.8254
0.75,0.05,0.9602,0.8267,0.8767,0.8343,0.9582,0.9641,0.9602,0.9602,0.964,0.8455,0.8667,0.8254
0.75,0.06,0.9621,0.8323,0.884,0.8346,0.9598,0.9649,0.9621,0.9621,0.9659,0.8525,0.8814,0.8254
0.75,0.07,0.964,0.8385,0.8927,0.835,0.9614,0.9659,0.964,0.964,0.9678,0.8595,0.8966,0.8254
0.75,0.08,0.964,0.8377,0.9043,0.8174,0.9613,0.9654,0.964,0.964,0.9678,0.8571,0.9107,0.8095
0.75,0.09,0.964,0.8377,0.9043,0.8174,0.9613,0.9654,0.964,0.964,0.9678,0.8571,0.9107,0.8095
0.75,0.1,0.9621,0.8273,0.8993,0.7995,0.9593,0.963,0.9621,0.9621,0.9659,0.8475,0.9091,0.7937
0.75,0.11,0.9621,0.828,0.9101,0.7903,0.9589,0.9624,0.9621,0.9621,0.9659,0.8448,0.9245,0.7778
0.75,0.12,0.9621,0.828,0.9101,0.7903,0.9589,0.9624,0.9621,0.9621,0.9659,0.8448,0.9245,0.7778
0.75,0.13,0.964,0.8331,0.9205,0.7906,0.9606,0.964,0.964,0.964,0.9678,0.8522,0.9423,0.7778
0.75,0.14,0.964,0.8331,0.9205,0.7906,0.9606,0.964,0.964,0.964,0.9678,0.8522,0.9423,0.7778
0.75,0.15,0.964,0.8331,0.9205,0.7906,0.9606,0.964,0.964,0.964,0.9678,0.8522,0.9423,0.7778
0.75,0.16,0.964,0.8331,0.9205,0.7906,0.9606,0.964,0.964,0.964,0.9678,0.8522,0.9423,0.7778
0.75,0.17,0.964,0.8331,0.9205,0.7906,0.9606,0.964,0.964,0.964,0.9678,0.8522,0.9423,0.7778
0.75,0.18,0.964,0.8331,0.9205,0.7906,0.9606,0.964,0.964,0.964,0.9678,0.8522,0.9423,0.7778
0.75,0.19,0.964,0.8331,0.9205,0.7906,0.9606,0.964,0.964,0.964,0.9678,0.8522,0.9423,0.7778
0.75,0.2,0.964,0.8331,0.9205,0.7906,0.9606,0.964,0.964,0.964,0.9678,0.8522,0.9423,0.7778
0.75,0.21,0.964,0.8331,0.9205,0.7906,0.9606,0.964,0.964,0.964,0.9678,0.8522,0.9423,0.7778
0.75,0.22,0.964,0.8331,0.9205,0.7906,0.9606,0.964,0.964,0.964,0.9678,0.8522,0.9423,0.7778
0.75,0.23,0.964,0.8331,0.9205,0.7906,0.9606,0.964,0.964,0.964,0.9678,0.8522,0.9423,0.7778
0.75,0.24,0.9659,0.8387,0.9332,0.7909,0.9623,0.9659,0.9659,0.9659,0.9697,0.8596,0.9608,0.7778
0.75,0.25,0.964,0.8325,0.932,0.7814,0.9602,0.9639,0.964,0.964,0.9678,0.8496,0.96,0.7619
0.75,0.26,0.964,0.8325,0.932,0.7814,0.9602,0.9639,0.964,0.964,0.9678,0.8496,0.96,0.7619
0.75,0.27,0.964,0.8325,0.932,0.7814,0.9602,0.9639,0.964,0.964,0.9678,0.8496,0.96,0.7619
0.75,0.28,0.964,0.8325,0.932,0.7814,0.9602,0.9639,0.964,0.964,0.9678,0.8496,0.96,0.7619
0.75,0.29,0.964,0.8325,0.932,0.7814,0.9602,0.9639,0.964,0.964,0.9678,0.8496,0.96,0.7619
0.75,0.3,0.964,0.8325,0.932,0.7814,0.9602,0.9639,0.964,0.964,0.9678,0.8496,0.96,0.7619
0.75,0.31,0.964,0.8325,0.932,0.7814,0.9602,0.9639,0.964,0.964,0.9678,0.8496,0.96,0.7619
0.75,0.32,0.964,0.8325,0.932,0.7814,0.9602,0.9639,0.964,0.964,0.9678,0.8496,0.96,0.7619
0.75,0.33,0.964,0.8325,0.932,0.7814,0.9602,0.9639,0.964,0.964,0.9678,0.8496,0.96,0.7619
0.75,0.34,0.964,0.8325,0.932,0.7814,0.9602,0.9639,0.964,0.964,0.9678,0.8496,0.96,0.7619
0.75,0.35,0.964,0.8325,0.932,0.7814,0.9602,0.9639,0.964,0.964,0.9678,0.8496,0.96,0.7619
0.75,0.36,0.964,0.8325,0.932,0.7814,0.9602,0.9639,0.964,0.964,0.9678,0.8496,0.96,0.7619
0.75,0.37,0.9621,0.8204,0.9266,0.7636,0.958,0.9616,0.9621,0.9621,0.9659,0.8393,0.9592,0.746
0.75,0.38,0.9621,0.8204,0.9266,0.7636,0.958,0.9616,0.9621,0.9621,0.9659,0.8393,0.9592,0.746
0.75,0.39,0.9621,0.8204,0.9266,0.7636,0.958,0.9616,0.9621,0.9621,0.9659,0.8393,0.9592,0.746
0.75,0.4,0.9621,0.8204,0.9266,0.7636,0.958,0.9616,0.9621,0.9621,0.9659,0.8393,0.9592,0.746
0.75,0.41,0.9621,0.8204,0.9266,0.7636,0.958,0.9616,0.9621,0.9621,0.9659,0.8393,0.9592,0.746
0.75,0.42,0.9621,0.8204,0.9266,0.7636,0.958,0.9616,0.9621,0.9621,0.9659,0.8393,0.9592,0.746
0.75,0.43,0.9621,0.8204,0.9266,0.7636,0.958,0.9616,0.9621,0.9621,0.9659,0.8393,0.9592,0.746
0.75,0.44,0.9621,0.8204,0.9266,0.7636,0.958,0.9616,0.9621,0.9621,0.9659,0.8393,0.9592,0.746
0.75,0.45,0.9621,0.8204,0.9266,0.7636,0.958,0.9616,0.9621,0.9621,0.9659,0.8393,0.9592,0.746
0.75,0.46,0.9621,0.8204,0.9266,0.7636,0.958,0.9616,0.9621,0.9621,0.9659,0.8393,0.9592,0.746
0.75,0.47,0.9621,0.8204,0.9266,0.7636,0.958,0.9616,0.9621,0.9621,0.9659,0.8393,0.9592,0.746
0.75,0.48,0.9602,0.8119,0.9263,0.7493,0.956,0.9598,0.9602,0.9602,0.964,0.8288,0.9583,0.7302
0.75,0.49,0.9602,0.8119,0.9263,0.7493,0.956,0.9598,0.9602,0.9602,0.964,0.8288,0.9583,0.7302
0.75,0.5,0.9564,0.7902,0.9247,0.7268,0.9507,0.9561,0.9564,0.9564,0.9602,0.8073,0.9565,0.6984
0.75,0.51,0.9564,0.7968,0.9414,0.7268,0.9505,0.9561,0.9564,0.9564,0.9583,0.7963,0.9556,0.6825
0.75,0.52,0.9564,0.7968,0.9414,0.7268,0.9505,0.9561,0.9564,0.9564,0.9583,0.7963,0.9556,0.6825
0.75,0.53,0.9564,0.7968,0.9414,0.7268,0.9505,0.9561,0.9564,0.9564,0.9583,0.7963,0.9556,0.6825
0.75,0.54,0.9564,0.7968,0.9414,0.7268,0.9505,0.9561,0.9564,0.9564,0.9583,0.7963,0.9556,0.6825
0.75,0.55,0.9564,0.7968,0.9414,0.7268,0.9505,0.9561,0.9564,0.9564,0.9583,0.7963,0.9556,0.6825
0.75,0.56,0.9564,0.7968,0.9414,0.7268,0.9505,0.9561,0.9564,0.9564,0.9583,0.7963,0.9556,0.6825
0.75,0.57,0.9564,0.7968,0.9414,0.7268,0.9505,0.9561,0.9564,0.9564,0.9583,0.7963,0.9556,0.6825
0.75,0.58,0.9564,0.7968,0.9414,0.7268,0.9505,0.9561,0.9564,0.9564,0.9583,0.7963,0.9556,0.6825
0.75,0.59,0.9564,0.7968,0.9414,0.7268,0.9505,0.9561,0.9564,0.9564,0.9583,0.7963,0.9556,0.6825
0.75,0.6,0.9564,0.7968,0.9414,0.7268,0.9505,0.9561,0.9564,0.9564,0.9583,0.7963,0.9556,0.6825
0.75,0.61,0.9564,0.7968,0.9414,0.7268,0.9505,0.9561,0.9564,0.9564,0.9583,0.7963,0.9556,0.6825
0.75,0.62,0.9564,0.7968,0.9414,0.7268,0.9505,0.9561,0.9564,0.9564,0.9583,0.7963,0.9556,0.6825
0.75,0.63,0.9527,0.7767,0.9409,0.6982,0.9461,0.9526,0.9527,0.9527,0.9545,0.7736,0.9535,0.6508
0.75,0.64,0.9527,0.7767,0.9409,0.6982,0.9461,0.9526,0.9527,0.9527,0.9545,0.7736,0.9535,0.6508
0.75,0.65,0.9527,0.7767,0.9409,0.6982,0.9461,0.9526,0.9527,0.9527,0.9545,0.7736,0.9535,0.6508
0.75,0.66,0.9527,0.7767,0.9409,0.6982,0.9461,0.9526,0.9527,0.9527,0.9545,0.7736,0.9535,0.6508
0.75,0.67,0.9527,0.7767,0.9409,0.6982,0.9461,0.9526,0.9527,0.9527,0.9545,0.7736,0.9535,0.6508
0.75,0.68,0.9527,0.7767,0.9409,0.6982,0.9461,0.9526,0.9527,0.9527,0.9545,0.7736,0.9535,0.6508
0.75,0.69,0.9527,0.7767,0.9409,0.6982,0.9461,0.9526,0.9527,0.9527,0.9545,0.7736,0.9535,0.6508
0.75,0.7,0.9527,0.7767,0.9409,0.6982,0.9461,0.9526,0.9527,0.9527,0.9545,0.7736,0.9535,0.6508
0.75,0.71,0.9527,0.7767,0.9409,0.6982,0.9461,0.9526,0.9527,0.9527,0.9545,0.7736,0.9535,0.6508
0.75,0.72,0.9527,0.7767,0.9409,0.6982,0.9461,0.9526,0.9527,0.9527,0.9545,0.7736,0.9535,0.6508
0.75,0.73,0.9527,0.7767,0.9409,0.6982,0.9461,0.9526,0.9527,0.9527,0.9545,0.7736,0.9535,0.6508
0.75,0.74,0.9508,0.7675,0.9386,0.6852,0.9438,0.9506,0.9508,0.9508,0.9527,0.7619,0.9524,0.6349
0.75,0.75,0.9508,0.7675,0.9386,0.6852,0.9438,0.9506,0.9508,0.9508,0.9527,0.7619,0.9524,0.6349
0.76,0.0,0.9508,0.7675,0.9386,0.6852,0.9438,0.9506,0.9508,0.9508,0.9527,0.7619,0.9524,0.6349
0.76,0.01,0.9205,0.7513,0.7059,0.8406,0.9282,0.9416,0.9205,0.9205,0.9242,0.726,0.6386,0.8413
0.76,0.02,0.9451,0.7965,0.7784,0.8446,0.947,0.9522,0.9451,0.9451,0.9489,0.797,0.7571,0.8413
0.76,0.03,0.9564,0.8226,0.8326,0.8464,0.956,0.9598,0.9564,0.9564,0.9602,0.8346,0.8281,0.8413
0.76,0.04,0.9583,0.8218,0.8481,0.834,0.9566,0.9599,0.9583,0.9583,0.9621,0.8387,0.8525,0.8254
0.76,0.05,0.9602,0.8267,0.8767,0.8343,0.9582,0.9641,0.9602,0.9602,0.964,0.8455,0.8667,0.8254
0.76,0.06,0.9621,0.8323,0.884,0.8346,0.9598,0.9649,0.9621,0.9621,0.9659,0.8525,0.8814,0.8254
0.76,0.07,0.964,0.8385,0.8927,0.835,0.9614,0.9659,0.964,0.964,0.9678,0.8595,0.8966,0.8254
0.76,0.08,0.964,0.8377,0.9043,0.8174,0.9613,0.9654,0.964,0.964,0.9678,0.8571,0.9107,0.8095
0.76,0.09,0.964,0.8377,0.9043,0.8174,0.9613,0.9654,0.964,0.964,0.9678,0.8571,0.9107,0.8095
0.76,0.1,0.9621,0.8273,0.8993,0.7995,0.9593,0.963,0.9621,0.9621,0.9659,0.8475,0.9091,0.7937
0.76,0.11,0.9621,0.828,0.9101,0.7903,0.9589,0.9624,0.9621,0.9621,0.9659,0.8448,0.9245,0.7778
0.76,0.12,0.9621,0.828,0.9101,0.7903,0.9589,0.9624,0.9621,0.9621,0.9659,0.8448,0.9245,0.7778
0.76,0.13,0.964,0.8331,0.9205,0.7906,0.9606,0.964,0.964,0.964,0.9678,0.8522,0.9423,0.7778
0.76,0.14,0.964,0.8331,0.9205,0.7906,0.9606,0.964,0.964,0.964,0.9678,0.8522,0.9423,0.7778
0.76,0.15,0.964,0.8331,0.9205,0.7906,0.9606,0.964,0.964,0.964,0.9678,0.8522,0.9423,0.7778
0.76,0.16,0.964,0.8331,0.9205,0.7906,0.9606,0.964,0.964,0.964,0.9678,0.8522,0.9423,0.7778
0.76,0.17,0.964,0.8331,0.9205,0.7906,0.9606,0.964,0.964,0.964,0.9678,0.8522,0.9423,0.7778
0.76,0.18,0.964,0.8331,0.9205,0.7906,0.9606,0.964,0.964,0.964,0.9678,0.8522,0.9423,0.7778
0.76,0.19,0.964,0.8331,0.9205,0.7906,0.9606,0.964,0.964,0.964,0.9678,0.8522,0.9423,0.7778
0.76,0.2,0.964,0.8331,0.9205,0.7906,0.9606,0.964,0.964,0.964,0.9678,0.8522,0.9423,0.7778
0.76,0.21,0.964,0.8331,0.9205,0.7906,0.9606,0.964,0.964,0.964,0.9678,0.8522,0.9423,0.7778
0.76,0.22,0.964,0.8331,0.9205,0.7906,0.9606,0.964,0.964,0.964,0.9678,0.8522,0.9423,0.7778
0.76,0.23,0.964,0.8331,0.9205,0.7906,0.9606,0.964,0.964,0.964,0.9678,0.8522,0.9423,0.7778
0.76,0.24,0.9659,0.8387,0.9332,0.7909,0.9623,0.9659,0.9659,0.9659,0.9697,0.8596,0.9608,0.7778
0.76,0.25,0.964,0.8325,0.932,0.7814,0.9602,0.9639,0.964,0.964,0.9678,0.8496,0.96,0.7619
0.76,0.26,0.964,0.8325,0.932,0.7814,0.9602,0.9639,0.964,0.964,0.9678,0.8496,0.96,0.7619
0.76,0.27,0.964,0.8325,0.932,0.7814,0.9602,0.9639,0.964,0.964,0.9678,0.8496,0.96,0.7619
0.76,0.28,0.964,0.8325,0.932,0.7814,0.9602,0.9639,0.964,0.964,0.9678,0.8496,0.96,0.7619
0.76,0.29,0.964,0.8325,0.932,0.7814,0.9602,0.9639,0.964,0.964,0.9678,0.8496,0.96,0.7619
0.76,0.3,0.964,0.8325,0.932,0.7814,0.9602,0.9639,0.964,0.964,0.9678,0.8496,0.96,0.7619
0.76,0.31,0.964,0.8325,0.932,0.7814,0.9602,0.9639,0.964,0.964,0.9678,0.8496,0.96,0.7619
0.76,0.32,0.964,0.8325,0.932,0.7814,0.9602,0.9639,0.964,0.964,0.9678,0.8496,0.96,0.7619
0.76,0.33,0.964,0.8325,0.932,0.7814,0.9602,0.9639,0.964,0.964,0.9678,0.8496,0.96,0.7619
0.76,0.34,0.964,0.8325,0.932,0.7814,0.9602,0.9639,0.964,0.964,0.9678,0.8496,0.96,0.7619
0.76,0.35,0.964,0.8325,0.932,0.7814,0.9602,0.9639,0.964,0.964,0.9678,0.8496,0.96,0.7619
0.76,0.36,0.964,0.8325,0.932,0.7814,0.9602,0.9639,0.964,0.964,0.9678,0.8496,0.96,0.7619
0.76,0.37,0.9621,0.8204,0.9266,0.7636,0.958,0.9616,0.9621,0.9621,0.9659,0.8393,0.9592,0.746
0.76,0.38,0.9621,0.8204,0.9266,0.7636,0.958,0.9616,0.9621,0.9621,0.9659,0.8393,0.9592,0.746
0.76,0.39,0.9621,0.8204,0.9266,0.7636,0.958,0.9616,0.9621,0.9621,0.9659,0.8393,0.9592,0.746
0.76,0.4,0.9621,0.8204,0.9266,0.7636,0.958,0.9616,0.9621,0.9621,0.9659,0.8393,0.9592,0.746
0.76,0.41,0.9621,0.8204,0.9266,0.7636,0.958,0.9616,0.9621,0.9621,0.9659,0.8393,0.9592,0.746
0.76,0.42,0.9621,0.8204,0.9266,0.7636,0.958,0.9616,0.9621,0.9621,0.9659,0.8393,0.9592,0.746
0.76,0.43,0.9621,0.8204,0.9266,0.7636,0.958,0.9616,0.9621,0.9621,0.9659,0.8393,0.9592,0.746
0.76,0.44,0.9621,0.8204,0.9266,0.7636,0.958,0.9616,0.9621,0.9621,0.9659,0.8393,0.9592,0.746
0.76,0.45,0.9621,0.8204,0.9266,0.7636,0.958,0.9616,0.9621,0.9621,0.9659,0.8393,0.9592,0.746
0.76,0.46,0.9621,0.8204,0.9266,0.7636,0.958,0.9616,0.9621,0.9621,0.9659,0.8393,0.9592,0.746
0.76,0.47,0.9621,0.8204,0.9266,0.7636,0.958,0.9616,0.9621,0.9621,0.9659,0.8393,0.9592,0.746
0.76,0.48,0.9602,0.8119,0.9263,0.7493,0.956,0.9598,0.9602,0.9602,0.964,0.8288,0.9583,0.7302
0.76,0.49,0.9602,0.8119,0.9263,0.7493,0.956,0.9598,0.9602,0.9602,0.964,0.8288,0.9583,0.7302
0.76,0.5,0.9564,0.7902,0.9247,0.7268,0.9507,0.9561,0.9564,0.9564,0.9602,0.8073,0.9565,0.6984
0.76,0.51,0.9564,0.7968,0.9414,0.7268,0.9505,0.9561,0.9564,0.9564,0.9583,0.7963,0.9556,0.6825
0.76,0.52,0.9564,0.7968,0.9414,0.7268,0.9505,0.9561,0.9564,0.9564,0.9583,0.7963,0.9556,0.6825
0.76,0.53,0.9564,0.7968,0.9414,0.7268,0.9505,0.9561,0.9564,0.9564,0.9583,0.7963,0.9556,0.6825
0.76,0.54,0.9564,0.7968,0.9414,0.7268,0.9505,0.9561,0.9564,0.9564,0.9583,0.7963,0.9556,0.6825
0.76,0.55,0.9564,0.7968,0.9414,0.7268,0.9505,0.9561,0.9564,0.9564,0.9583,0.7963,0.9556,0.6825
0.76,0.56,0.9564,0.7968,0.9414,0.7268,0.9505,0.9561,0.9564,0.9564,0.9583,0.7963,0.9556,0.6825
0.76,0.57,0.9564,0.7968,0.9414,0.7268,0.9505,0.9561,0.9564,0.9564,0.9583,0.7963,0.9556,0.6825
0.76,0.58,0.9564,0.7968,0.9414,0.7268,0.9505,0.9561,0.9564,0.9564,0.9583,0.7963,0.9556,0.6825
0.76,0.59,0.9564,0.7968,0.9414,0.7268,0.9505,0.9561,0.9564,0.9564,0.9583,0.7963,0.9556,0.6825
0.76,0.6,0.9564,0.7968,0.9414,0.7268,0.9505,0.9561,0.9564,0.9564,0.9583,0.7963,0.9556,0.6825
0.76,0.61,0.9564,0.7968,0.9414,0.7268,0.9505,0.9561,0.9564,0.9564,0.9583,0.7963,0.9556,0.6825
0.76,0.62,0.9564,0.7968,0.9414,0.7268,0.9505,0.9561,0.9564,0.9564,0.9583,0.7963,0.9556,0.6825
0.76,0.63,0.9527,0.7767,0.9409,0.6982,0.9461,0.9526,0.9527,0.9527,0.9545,0.7736,0.9535,0.6508
0.76,0.64,0.9527,0.7767,0.9409,0.6982,0.9461,0.9526,0.9527,0.9527,0.9545,0.7736,0.9535,0.6508
0.76,0.65,0.9527,0.7767,0.9409,0.6982,0.9461,0.9526,0.9527,0.9527,0.9545,0.7736,0.9535,0.6508
0.76,0.66,0.9527,0.7767,0.9409,0.6982,0.9461,0.9526,0.9527,0.9527,0.9545,0.7736,0.9535,0.6508
0.76,0.67,0.9527,0.7767,0.9409,0.6982,0.9461,0.9526,0.9527,0.9527,0.9545,0.7736,0.9535,0.6508
0.76,0.68,0.9527,0.7767,0.9409,0.6982,0.9461,0.9526,0.9527,0.9527,0.9545,0.7736,0.9535,0.6508
0.76,0.69,0.9527,0.7767,0.9409,0.6982,0.9461,0.9526,0.9527,0.9527,0.9545,0.7736,0.9535,0.6508
0.76,0.7,0.9527,0.7767,0.9409,0.6982,0.9461,0.9526,0.9527,0.9527,0.9545,0.7736,0.9535,0.6508
0.76,0.71,0.9527,0.7767,0.9409,0.6982,0.9461,0.9526,0.9527,0.9527,0.9545,0.7736,0.9535,0.6508
0.76,0.72,0.9527,0.7767,0.9409,0.6982,0.9461,0.9526,0.9527,0.9527,0.9545,0.7736,0.9535,0.6508
0.76,0.73,0.9527,0.7767,0.9409,0.6982,0.9461,0.9526,0.9527,0.9527,0.9545,0.7736,0.9535,0.6508
0.76,0.74,0.9508,0.7675,0.9386,0.6852,0.9438,0.9506,0.9508,0.9508,0.9527,0.7619,0.9524,0.6349
0.76,0.75,0.9508,0.7675,0.9386,0.6852,0.9438,0.9506,0.9508,0.9508,0.9527,0.7619,0.9524,0.6349
0.76,0.76,0.9508,0.7675,0.9386,0.6852,0.9438,0.9506,0.9508,0.9508,0.9527,0.7619,0.9524,0.6349
0.77,0.0,0.9508,0.7675,0.9386,0.6852,0.9438,0.9506,0.9508,0.9508,0.9527,0.7619,0.9524,0.6349
0.77,0.01,0.9205,0.7513,0.7059,0.8406,0.9282,0.9416,0.9205,0.9205,0.9242,0.726,0.6386,0.8413
0.77,0.02,0.9451,0.7965,0.7784,0.8446,0.947,0.9522,0.9451,0.9451,0.9489,0.797,0.7571,0.8413
0.77,0.03,0.9564,0.8226,0.8326,0.8464,0.956,0.9598,0.9564,0.9564,0.9602,0.8346,0.8281,0.8413
0.77,0.04,0.9583,0.8218,0.8481,0.834,0.9566,0.9599,0.9583,0.9583,0.9621,0.8387,0.8525,0.8254
0.77,0.05,0.9602,0.8267,0.8767,0.8343,0.9582,0.9641,0.9602,0.9602,0.964,0.8455,0.8667,0.8254
0.77,0.06,0.9621,0.8323,0.884,0.8346,0.9598,0.9649,0.9621,0.9621,0.9659,0.8525,0.8814,0.8254
0.77,0.07,0.964,0.8385,0.8927,0.835,0.9614,0.9659,0.964,0.964,0.9678,0.8595,0.8966,0.8254
0.77,0.08,0.964,0.8377,0.9043,0.8174,0.9613,0.9654,0.964,0.964,0.9678,0.8571,0.9107,0.8095
0.77,0.09,0.964,0.8377,0.9043,0.8174,0.9613,0.9654,0.964,0.964,0.9678,0.8571,0.9107,0.8095
0.77,0.1,0.9621,0.8273,0.8993,0.7995,0.9593,0.963,0.9621,0.9621,0.9659,0.8475,0.9091,0.7937
0.77,0.11,0.9621,0.828,0.9101,0.7903,0.9589,0.9624,0.9621,0.9621,0.9659,0.8448,0.9245,0.7778
0.77,0.12,0.9621,0.828,0.9101,0.7903,0.9589,0.9624,0.9621,0.9621,0.9659,0.8448,0.9245,0.7778
0.77,0.13,0.964,0.8331,0.9205,0.7906,0.9606,0.964,0.964,0.964,0.9678,0.8522,0.9423,0.7778
0.77,0.14,0.964,0.8331,0.9205,0.7906,0.9606,0.964,0.964,0.964,0.9678,0.8522,0.9423,0.7778
0.77,0.15,0.964,0.8331,0.9205,0.7906,0.9606,0.964,0.964,0.964,0.9678,0.8522,0.9423,0.7778
0.77,0.16,0.964,0.8331,0.9205,0.7906,0.9606,0.964,0.964,0.964,0.9678,0.8522,0.9423,0.7778
0.77,0.17,0.964,0.8331,0.9205,0.7906,0.9606,0.964,0.964,0.964,0.9678,0.8522,0.9423,0.7778
0.77,0.18,0.964,0.8331,0.9205,0.7906,0.9606,0.964,0.964,0.964,0.9678,0.8522,0.9423,0.7778
0.77,0.19,0.964,0.8331,0.9205,0.7906,0.9606,0.964,0.964,0.964,0.9678,0.8522,0.9423,0.7778
0.77,0.2,0.964,0.8331,0.9205,0.7906,0.9606,0.964,0.964,0.964,0.9678,0.8522,0.9423,0.7778
0.77,0.21,0.964,0.8331,0.9205,0.7906,0.9606,0.964,0.964,0.964,0.9678,0.8522,0.9423,0.7778
0.77,0.22,0.964,0.8331,0.9205,0.7906,0.9606,0.964,0.964,0.964,0.9678,0.8522,0.9423,0.7778
0.77,0.23,0.964,0.8331,0.9205,0.7906,0.9606,0.964,0.964,0.964,0.9678,0.8522,0.9423,0.7778
0.77,0.24,0.9659,0.8387,0.9332,0.7909,0.9623,0.9659,0.9659,0.9659,0.9697,0.8596,0.9608,0.7778
0.77,0.25,0.964,0.8325,0.932,0.7814,0.9602,0.9639,0.964,0.964,0.9678,0.8496,0.96,0.7619
0.77,0.26,0.964,0.8325,0.932,0.7814,0.9602,0.9639,0.964,0.964,0.9678,0.8496,0.96,0.7619
0.77,0.27,0.964,0.8325,0.932,0.7814,0.9602,0.9639,0.964,0.964,0.9678,0.8496,0.96,0.7619
0.77,0.28,0.964,0.8325,0.932,0.7814,0.9602,0.9639,0.964,0.964,0.9678,0.8496,0.96,0.7619
0.77,0.29,0.964,0.8325,0.932,0.7814,0.9602,0.9639,0.964,0.964,0.9678,0.8496,0.96,0.7619
0.77,0.3,0.964,0.8325,0.932,0.7814,0.9602,0.9639,0.964,0.964,0.9678,0.8496,0.96,0.7619
0.77,0.31,0.964,0.8325,0.932,0.7814,0.9602,0.9639,0.964,0.964,0.9678,0.8496,0.96,0.7619
0.77,0.32,0.964,0.8325,0.932,0.7814,0.9602,0.9639,0.964,0.964,0.9678,0.8496,0.96,0.7619
0.77,0.33,0.964,0.8325,0.932,0.7814,0.9602,0.9639,0.964,0.964,0.9678,0.8496,0.96,0.7619
0.77,0.34,0.964,0.8325,0.932,0.7814,0.9602,0.9639,0.964,0.964,0.9678,0.8496,0.96,0.7619
0.77,0.35,0.964,0.8325,0.932,0.7814,0.9602,0.9639,0.964,0.964,0.9678,0.8496,0.96,0.7619
0.77,0.36,0.964,0.8325,0.932,0.7814,0.9602,0.9639,0.964,0.964,0.9678,0.8496,0.96,0.7619
0.77,0.37,0.9621,0.8204,0.9266,0.7636,0.958,0.9616,0.9621,0.9621,0.9659,0.8393,0.9592,0.746
0.77,0.38,0.9621,0.8204,0.9266,0.7636,0.958,0.9616,0.9621,0.9621,0.9659,0.8393,0.9592,0.746
0.77,0.39,0.9621,0.8204,0.9266,0.7636,0.958,0.9616,0.9621,0.9621,0.9659,0.8393,0.9592,0.746
0.77,0.4,0.9621,0.8204,0.9266,0.7636,0.958,0.9616,0.9621,0.9621,0.9659,0.8393,0.9592,0.746
0.77,0.41,0.9621,0.8204,0.9266,0.7636,0.958,0.9616,0.9621,0.9621,0.9659,0.8393,0.9592,0.746
0.77,0.42,0.9621,0.8204,0.9266,0.7636,0.958,0.9616,0.9621,0.9621,0.9659,0.8393,0.9592,0.746
0.77,0.43,0.9621,0.8204,0.9266,0.7636,0.958,0.9616,0.9621,0.9621,0.9659,0.8393,0.9592,0.746
0.77,0.44,0.9621,0.8204,0.9266,0.7636,0.958,0.9616,0.9621,0.9621,0.9659,0.8393,0.9592,0.746
0.77,0.45,0.9621,0.8204,0.9266,0.7636,0.958,0.9616,0.9621,0.9621,0.9659,0.8393,0.9592,0.746
0.77,0.46,0.9621,0.8204,0.9266,0.7636,0.958,0.9616,0.9621,0.9621,0.9659,0.8393,0.9592,0.746
0.77,0.47,0.9621,0.8204,0.9266,0.7636,0.958,0.9616,0.9621,0.9621,0.9659,0.8393,0.9592,0.746
0.77,0.48,0.9602,0.8119,0.9263,0.7493,0.956,0.9598,0.9602,0.9602,0.964,0.8288,0.9583,0.7302
0.77,0.49,0.9602,0.8119,0.9263,0.7493,0.956,0.9598,0.9602,0.9602,0.964,0.8288,0.9583,0.7302
0.77,0.5,0.9564,0.7902,0.9247,0.7268,0.9507,0.9561,0.9564,0.9564,0.9602,0.8073,0.9565,0.6984
0.77,0.51,0.9564,0.7968,0.9414,0.7268,0.9505,0.9561,0.9564,0.9564,0.9583,0.7963,0.9556,0.6825
0.77,0.52,0.9564,0.7968,0.9414,0.7268,0.9505,0.9561,0.9564,0.9564,0.9583,0.7963,0.9556,0.6825
0.77,0.53,0.9564,0.7968,0.9414,0.7268,0.9505,0.9561,0.9564,0.9564,0.9583,0.7963,0.9556,0.6825
0.77,0.54,0.9564,0.7968,0.9414,0.7268,0.9505,0.9561,0.9564,0.9564,0.9583,0.7963,0.9556,0.6825
0.77,0.55,0.9564,0.7968,0.9414,0.7268,0.9505,0.9561,0.9564,0.9564,0.9583,0.7963,0.9556,0.6825
0.77,0.56,0.9564,0.7968,0.9414,0.7268,0.9505,0.9561,0.9564,0.9564,0.9583,0.7963,0.9556,0.6825
0.77,0.57,0.9564,0.7968,0.9414,0.7268,0.9505,0.9561,0.9564,0.9564,0.9583,0.7963,0.9556,0.6825
0.77,0.58,0.9564,0.7968,0.9414,0.7268,0.9505,0.9561,0.9564,0.9564,0.9583,0.7963,0.9556,0.6825
0.77,0.59,0.9564,0.7968,0.9414,0.7268,0.9505,0.9561,0.9564,0.9564,0.9583,0.7963,0.9556,0.6825
0.77,0.6,0.9564,0.7968,0.9414,0.7268,0.9505,0.9561,0.9564,0.9564,0.9583,0.7963,0.9556,0.6825
0.77,0.61,0.9564,0.7968,0.9414,0.7268,0.9505,0.9561,0.9564,0.9564,0.9583,0.7963,0.9556,0.6825
0.77,0.62,0.9564,0.7968,0.9414,0.7268,0.9505,0.9561,0.9564,0.9564,0.9583,0.7963,0.9556,0.6825
0.77,0.63,0.9527,0.7767,0.9409,0.6982,0.9461,0.9526,0.9527,0.9527,0.9545,0.7736,0.9535,0.6508
0.77,0.64,0.9527,0.7767,0.9409,0.6982,0.9461,0.9526,0.9527,0.9527,0.9545,0.7736,0.9535,0.6508
0.77,0.65,0.9527,0.7767,0.9409,0.6982,0.9461,0.9526,0.9527,0.9527,0.9545,0.7736,0.9535,0.6508
0.77,0.66,0.9527,0.7767,0.9409,0.6982,0.9461,0.9526,0.9527,0.9527,0.9545,0.7736,0.9535,0.6508
0.77,0.67,0.9527,0.7767,0.9409,0.6982,0.9461,0.9526,0.9527,0.9527,0.9545,0.7736,0.9535,0.6508
0.77,0.68,0.9527,0.7767,0.9409,0.6982,0.9461,0.9526,0.9527,0.9527,0.9545,0.7736,0.9535,0.6508
0.77,0.69,0.9527,0.7767,0.9409,0.6982,0.9461,0.9526,0.9527,0.9527,0.9545,0.7736,0.9535,0.6508
0.77,0.7,0.9527,0.7767,0.9409,0.6982,0.9461,0.9526,0.9527,0.9527,0.9545,0.7736,0.9535,0.6508
0.77,0.71,0.9527,0.7767,0.9409,0.6982,0.9461,0.9526,0.9527,0.9527,0.9545,0.7736,0.9535,0.6508
0.77,0.72,0.9527,0.7767,0.9409,0.6982,0.9461,0.9526,0.9527,0.9527,0.9545,0.7736,0.9535,0.6508
0.77,0.73,0.9527,0.7767,0.9409,0.6982,0.9461,0.9526,0.9527,0.9527,0.9545,0.7736,0.9535,0.6508
0.77,0.74,0.9508,0.7675,0.9386,0.6852,0.9438,0.9506,0.9508,0.9508,0.9527,0.7619,0.9524,0.6349
0.77,0.75,0.9508,0.7675,0.9386,0.6852,0.9438,0.9506,0.9508,0.9508,0.9527,0.7619,0.9524,0.6349
0.77,0.76,0.9508,0.7675,0.9386,0.6852,0.9438,0.9506,0.9508,0.9508,0.9527,0.7619,0.9524,0.6349
0.77,0.77,0.9508,0.7675,0.9386,0.6852,0.9438,0.9506,0.9508,0.9508,0.9527,0.7619,0.9524,0.6349
0.78,0.0,0.9489,0.7532,0.9335,0.6674,0.9414,0.9484,0.9489,0.9489,0.9508,0.75,0.9512,0.619
0.78,0.01,0.9205,0.7513,0.7059,0.8406,0.9282,0.9416,0.9205,0.9205,0.9242,0.726,0.6386,0.8413
0.78,0.02,0.9451,0.7965,0.7784,0.8446,0.947,0.9522,0.9451,0.9451,0.9489,0.797,0.7571,0.8413
0.78,0.03,0.9564,0.8226,0.8326,0.8464,0.956,0.9598,0.9564,0.9564,0.9602,0.8346,0.8281,0.8413
0.78,0.04,0.9583,0.8218,0.8481,0.834,0.9566,0.9599,0.9583,0.9583,0.9621,0.8387,0.8525,0.8254
0.78,0.05,0.9602,0.8267,0.8767,0.8343,0.9582,0.9641,0.9602,0.9602,0.964,0.8455,0.8667,0.8254
0.78,0.06,0.9621,0.8323,0.884,0.8346,0.9598,0.9649,0.9621,0.9621,0.9659,0.8525,0.8814,0.8254
0.78,0.07,0.964,0.8385,0.8927,0.835,0.9614,0.9659,0.964,0.964,0.9678,0.8595,0.8966,0.8254
0.78,0.08,0.964,0.8377,0.9043,0.8174,0.9613,0.9654,0.964,0.964,0.9678,0.8571,0.9107,0.8095
0.78,0.09,0.964,0.8377,0.9043,0.8174,0.9613,0.9654,0.964,0.964,0.9678,0.8571,0.9107,0.8095
0.78,0.1,0.9621,0.8273,0.8993,0.7995,0.9593,0.963,0.9621,0.9621,0.9659,0.8475,0.9091,0.7937
0.78,0.11,0.9621,0.828,0.9101,0.7903,0.9589,0.9624,0.9621,0.9621,0.9659,0.8448,0.9245,0.7778
0.78,0.12,0.9621,0.828,0.9101,0.7903,0.9589,0.9624,0.9621,0.9621,0.9659,0.8448,0.9245,0.7778
0.78,0.13,0.964,0.8331,0.9205,0.7906,0.9606,0.964,0.964,0.964,0.9678,0.8522,0.9423,0.7778
0.78,0.14,0.964,0.8331,0.9205,0.7906,0.9606,0.964,0.964,0.964,0.9678,0.8522,0.9423,0.7778
0.78,0.15,0.964,0.8331,0.9205,0.7906,0.9606,0.964,0.964,0.964,0.9678,0.8522,0.9423,0.7778
0.78,0.16,0.964,0.8331,0.9205,0.7906,0.9606,0.964,0.964,0.964,0.9678,0.8522,0.9423,0.7778
0.78,0.17,0.964,0.8331,0.9205,0.7906,0.9606,0.964,0.964,0.964,0.9678,0.8522,0.9423,0.7778
0.78,0.18,0.964,0.8331,0.9205,0.7906,0.9606,0.964,0.964,0.964,0.9678,0.8522,0.9423,0.7778
0.78,0.19,0.964,0.8331,0.9205,0.7906,0.9606,0.964,0.964,0.964,0.9678,0.8522,0.9423,0.7778
0.78,0.2,0.964,0.8331,0.9205,0.7906,0.9606,0.964,0.964,0.964,0.9678,0.8522,0.9423,0.7778
0.78,0.21,0.964,0.8331,0.9205,0.7906,0.9606,0.964,0.964,0.964,0.9678,0.8522,0.9423,0.7778
0.78,0.22,0.964,0.8331,0.9205,0.7906,0.9606,0.964,0.964,0.964,0.9678,0.8522,0.9423,0.7778
0.78,0.23,0.964,0.8331,0.9205,0.7906,0.9606,0.964,0.964,0.964,0.9678,0.8522,0.9423,0.7778
0.78,0.24,0.9659,0.8387,0.9332,0.7909,0.9623,0.9659,0.9659,0.9659,0.9697,0.8596,0.9608,0.7778
0.78,0.25,0.964,0.8325,0.932,0.7814,0.9602,0.9639,0.964,0.964,0.9678,0.8496,0.96,0.7619
0.78,0.26,0.964,0.8325,0.932,0.7814,0.9602,0.9639,0.964,0.964,0.9678,0.8496,0.96,0.7619
0.78,0.27,0.964,0.8325,0.932,0.7814,0.9602,0.9639,0.964,0.964,0.9678,0.8496,0.96,0.7619
0.78,0.28,0.964,0.8325,0.932,0.7814,0.9602,0.9639,0.964,0.964,0.9678,0.8496,0.96,0.7619
0.78,0.29,0.964,0.8325,0.932,0.7814,0.9602,0.9639,0.964,0.964,0.9678,0.8496,0.96,0.7619
0.78,0.3,0.964,0.8325,0.932,0.7814,0.9602,0.9639,0.964,0.964,0.9678,0.8496,0.96,0.7619
0.78,0.31,0.964,0.8325,0.932,0.7814,0.9602,0.9639,0.964,0.964,0.9678,0.8496,0.96,0.7619
0.78,0.32,0.964,0.8325,0.932,0.7814,0.9602,0.9639,0.964,0.964,0.9678,0.8496,0.96,0.7619
0.78,0.33,0.964,0.8325,0.932,0.7814,0.9602,0.9639,0.964,0.964,0.9678,0.8496,0.96,0.7619
0.78,0.34,0.964,0.8325,0.932,0.7814,0.9602,0.9639,0.964,0.964,0.9678,0.8496,0.96,0.7619
0.78,0.35,0.964,0.8325,0.932,0.7814,0.9602,0.9639,0.964,0.964,0.9678,0.8496,0.96,0.7619
0.78,0.36,0.964,0.8325,0.932,0.7814,0.9602,0.9639,0.964,0.964,0.9678,0.8496,0.96,0.7619
0.78,0.37,0.9621,0.8204,0.9266,0.7636,0.958,0.9616,0.9621,0.9621,0.9659,0.8393,0.9592,0.746
0.78,0.38,0.9621,0.8204,0.9266,0.7636,0.958,0.9616,0.9621,0.9621,0.9659,0.8393,0.9592,0.746
0.78,0.39,0.9621,0.8204,0.9266,0.7636,0.958,0.9616,0.9621,0.9621,0.9659,0.8393,0.9592,0.746
0.78,0.4,0.9621,0.8204,0.9266,0.7636,0.958,0.9616,0.9621,0.9621,0.9659,0.8393,0.9592,0.746
0.78,0.41,0.9621,0.8204,0.9266,0.7636,0.958,0.9616,0.9621,0.9621,0.9659,0.8393,0.9592,0.746
0.78,0.42,0.9621,0.8204,0.9266,0.7636,0.958,0.9616,0.9621,0.9621,0.9659,0.8393,0.9592,0.746
0.78,0.43,0.9621,0.8204,0.9266,0.7636,0.958,0.9616,0.9621,0.9621,0.9659,0.8393,0.9592,0.746
0.78,0.44,0.9621,0.8204,0.9266,0.7636,0.958,0.9616,0.9621,0.9621,0.9659,0.8393,0.9592,0.746
0.78,0.45,0.9621,0.8204,0.9266,0.7636,0.958,0.9616,0.9621,0.9621,0.9659,0.8393,0.9592,0.746
0.78,0.46,0.9621,0.8204,0.9266,0.7636,0.958,0.9616,0.9621,0.9621,0.9659,0.8393,0.9592,0.746
0.78,0.47,0.9621,0.8204,0.9266,0.7636,0.958,0.9616,0.9621,0.9621,0.9659,0.8393,0.9592,0.746
0.78,0.48,0.9602,0.8119,0.9263,0.7493,0.956,0.9598,0.9602,0.9602,0.964,0.8288,0.9583,0.7302
0.78,0.49,0.9602,0.8119,0.9263,0.7493,0.956,0.9598,0.9602,0.9602,0.964,0.8288,0.9583,0.7302
0.78,0.5,0.9564,0.7902,0.9247,0.7268,0.9507,0.9561,0.9564,0.9564,0.9602,0.8073,0.9565,0.6984
0.78,0.51,0.9564,0.7968,0.9414,0.7268,0.9505,0.9561,0.9564,0.9564,0.9583,0.7963,0.9556,0.6825
0.78,0.52,0.9564,0.7968,0.9414,0.7268,0.9505,0.9561,0.9564,0.9564,0.9583,0.7963,0.9556,0.6825
0.78,0.53,0.9564,0.7968,0.9414,0.7268,0.9505,0.9561,0.9564,0.9564,0.9583,0.7963,0.9556,0.6825
0.78,0.54,0.9564,0.7968,0.9414,0.7268,0.9505,0.9561,0.9564,0.9564,0.9583,0.7963,0.9556,0.6825
0.78,0.55,0.9564,0.7968,0.9414,0.7268,0.9505,0.9561,0.9564,0.9564,0.9583,0.7963,0.9556,0.6825
0.78,0.56,0.9564,0.7968,0.9414,0.7268,0.9505,0.9561,0.9564,0.9564,0.9583,0.7963,0.9556,0.6825
0.78,0.57,0.9564,0.7968,0.9414,0.7268,0.9505,0.9561,0.9564,0.9564,0.9583,0.7963,0.9556,0.6825
0.78,0.58,0.9564,0.7968,0.9414,0.7268,0.9505,0.9561,0.9564,0.9564,0.9583,0.7963,0.9556,0.6825
0.78,0.59,0.9564,0.7968,0.9414,0.7268,0.9505,0.9561,0.9564,0.9564,0.9583,0.7963,0.9556,0.6825
0.78,0.6,0.9564,0.7968,0.9414,0.7268,0.9505,0.9561,0.9564,0.9564,0.9583,0.7963,0.9556,0.6825
0.78,0.61,0.9564,0.7968,0.9414,0.7268,0.9505,0.9561,0.9564,0.9564,0.9583,0.7963,0.9556,0.6825
0.78,0.62,0.9564,0.7968,0.9414,0.7268,0.9505,0.9561,0.9564,0.9564,0.9583,0.7963,0.9556,0.6825
0.78,0.63,0.9527,0.7767,0.9409,0.6982,0.9461,0.9526,0.9527,0.9527,0.9545,0.7736,0.9535,0.6508
0.78,0.64,0.9527,0.7767,0.9409,0.6982,0.9461,0.9526,0.9527,0.9527,0.9545,0.7736,0.9535,0.6508
0.78,0.65,0.9527,0.7767,0.9409,0.6982,0.9461,0.9526,0.9527,0.9527,0.9545,0.7736,0.9535,0.6508
0.78,0.66,0.9527,0.7767,0.9409,0.6982,0.9461,0.9526,0.9527,0.9527,0.9545,0.7736,0.9535,0.6508
0.78,0.67,0.9527,0.7767,0.9409,0.6982,0.9461,0.9526,0.9527,0.9527,0.9545,0.7736,0.9535,0.6508
0.78,0.68,0.9527,0.7767,0.9409,0.6982,0.9461,0.9526,0.9527,0.9527,0.9545,0.7736,0.9535,0.6508
0.78,0.69,0.9527,0.7767,0.9409,0.6982,0.9461,0.9526,0.9527,0.9527,0.9545,0.7736,0.9535,0.6508
0.78,0.7,0.9527,0.7767,0.9409,0.6982,0.9461,0.9526,0.9527,0.9527,0.9545,0.7736,0.9535,0.6508
0.78,0.71,0.9527,0.7767,0.9409,0.6982,0.9461,0.9526,0.9527,0.9527,0.9545,0.7736,0.9535,0.6508
0.78,0.72,0.9527,0.7767,0.9409,0.6982,0.9461,0.9526,0.9527,0.9527,0.9545,0.7736,0.9535,0.6508
0.78,0.73,0.9527,0.7767,0.9409,0.6982,0.9461,0.9526,0.9527,0.9527,0.9545,0.7736,0.9535,0.6508
0.78,0.74,0.9508,0.7675,0.9386,0.6852,0.9438,0.9506,0.9508,0.9508,0.9527,0.7619,0.9524,0.6349
0.78,0.75,0.9508,0.7675,0.9386,0.6852,0.9438,0.9506,0.9508,0.9508,0.9527,0.7619,0.9524,0.6349
0.78,0.76,0.9508,0.7675,0.9386,0.6852,0.9438,0.9506,0.9508,0.9508,0.9527,0.7619,0.9524,0.6349
0.78,0.77,0.9508,0.7675,0.9386,0.6852,0.9438,0.9506,0.9508,0.9508,0.9527,0.7619,0.9524,0.6349
0.78,0.78,0.9489,0.7532,0.9335,0.6674,0.9414,0.9484,0.9489,0.9489,0.9508,0.75,0.9512,0.619
0.79,0.0,0.9489,0.7532,0.9335,0.6674,0.9414,0.9484,0.9489,0.9489,0.9508,0.75,0.9512,0.619
0.79,0.01,0.9205,0.7513,0.7059,0.8406,0.9282,0.9416,0.9205,0.9205,0.9242,0.726,0.6386,0.8413
0.79,0.02,0.9451,0.7965,0.7784,0.8446,0.947,0.9522,0.9451,0.9451,0.9489,0.797,0.7571,0.8413
0.79,0.03,0.9564,0.8226,0.8326,0.8464,0.956,0.9598,0.9564,0.9564,0.9602,0.8346,0.8281,0.8413
0.79,0.04,0.9583,0.8218,0.8481,0.834,0.9566,0.9599,0.9583,0.9583,0.9621,0.8387,0.8525,0.8254
0.79,0.05,0.9602,0.8267,0.8767,0.8343,0.9582,0.9641,0.9602,0.9602,0.964,0.8455,0.8667,0.8254
0.79,0.06,0.9621,0.8323,0.884,0.8346,0.9598,0.9649,0.9621,0.9621,0.9659,0.8525,0.8814,0.8254
0.79,0.07,0.964,0.8385,0.8927,0.835,0.9614,0.9659,0.964,0.964,0.9678,0.8595,0.8966,0.8254
0.79,0.08,0.964,0.8377,0.9043,0.8174,0.9613,0.9654,0.964,0.964,0.9678,0.8571,0.9107,0.8095
0.79,0.09,0.964,0.8377,0.9043,0.8174,0.9613,0.9654,0.964,0.964,0.9678,0.8571,0.9107,0.8095
0.79,0.1,0.9621,0.8273,0.8993,0.7995,0.9593,0.963,0.9621,0.9621,0.9659,0.8475,0.9091,0.7937
0.79,0.11,0.9621,0.828,0.9101,0.7903,0.9589,0.9624,0.9621,0.9621,0.9659,0.8448,0.9245,0.7778
0.79,0.12,0.9621,0.828,0.9101,0.7903,0.9589,0.9624,0.9621,0.9621,0.9659,0.8448,0.9245,0.7778
0.79,0.13,0.964,0.8331,0.9205,0.7906,0.9606,0.964,0.964,0.964,0.9678,0.8522,0.9423,0.7778
0.79,0.14,0.964,0.8331,0.9205,0.7906,0.9606,0.964,0.964,0.964,0.9678,0.8522,0.9423,0.7778
0.79,0.15,0.964,0.8331,0.9205,0.7906,0.9606,0.964,0.964,0.964,0.9678,0.8522,0.9423,0.7778
0.79,0.16,0.964,0.8331,0.9205,0.7906,0.9606,0.964,0.964,0.964,0.9678,0.8522,0.9423,0.7778
0.79,0.17,0.964,0.8331,0.9205,0.7906,0.9606,0.964,0.964,0.964,0.9678,0.8522,0.9423,0.7778
0.79,0.18,0.964,0.8331,0.9205,0.7906,0.9606,0.964,0.964,0.964,0.9678,0.8522,0.9423,0.7778
0.79,0.19,0.964,0.8331,0.9205,0.7906,0.9606,0.964,0.964,0.964,0.9678,0.8522,0.9423,0.7778
0.79,0.2,0.964,0.8331,0.9205,0.7906,0.9606,0.964,0.964,0.964,0.9678,0.8522,0.9423,0.7778
0.79,0.21,0.964,0.8331,0.9205,0.7906,0.9606,0.964,0.964,0.964,0.9678,0.8522,0.9423,0.7778
0.79,0.22,0.964,0.8331,0.9205,0.7906,0.9606,0.964,0.964,0.964,0.9678,0.8522,0.9423,0.7778
0.79,0.23,0.964,0.8331,0.9205,0.7906,0.9606,0.964,0.964,0.964,0.9678,0.8522,0.9423,0.7778
0.79,0.24,0.9659,0.8387,0.9332,0.7909,0.9623,0.9659,0.9659,0.9659,0.9697,0.8596,0.9608,0.7778
0.79,0.25,0.964,0.8325,0.932,0.7814,0.9602,0.9639,0.964,0.964,0.9678,0.8496,0.96,0.7619
0.79,0.26,0.964,0.8325,0.932,0.7814,0.9602,0.9639,0.964,0.964,0.9678,0.8496,0.96,0.7619
0.79,0.27,0.964,0.8325,0.932,0.7814,0.9602,0.9639,0.964,0.964,0.9678,0.8496,0.96,0.7619
0.79,0.28,0.964,0.8325,0.932,0.7814,0.9602,0.9639,0.964,0.964,0.9678,0.8496,0.96,0.7619
0.79,0.29,0.964,0.8325,0.932,0.7814,0.9602,0.9639,0.964,0.964,0.9678,0.8496,0.96,0.7619
0.79,0.3,0.964,0.8325,0.932,0.7814,0.9602,0.9639,0.964,0.964,0.9678,0.8496,0.96,0.7619
0.79,0.31,0.964,0.8325,0.932,0.7814,0.9602,0.9639,0.964,0.964,0.9678,0.8496,0.96,0.7619
0.79,0.32,0.964,0.8325,0.932,0.7814,0.9602,0.9639,0.964,0.964,0.9678,0.8496,0.96,0.7619
0.79,0.33,0.964,0.8325,0.932,0.7814,0.9602,0.9639,0.964,0.964,0.9678,0.8496,0.96,0.7619
0.79,0.34,0.964,0.8325,0.932,0.7814,0.9602,0.9639,0.964,0.964,0.9678,0.8496,0.96,0.7619
0.79,0.35,0.964,0.8325,0.932,0.7814,0.9602,0.9639,0.964,0.964,0.9678,0.8496,0.96,0.7619
0.79,0.36,0.964,0.8325,0.932,0.7814,0.9602,0.9639,0.964,0.964,0.9678,0.8496,0.96,0.7619
0.79,0.37,0.9621,0.8204,0.9266,0.7636,0.958,0.9616,0.9621,0.9621,0.9659,0.8393,0.9592,0.746
0.79,0.38,0.9621,0.8204,0.9266,0.7636,0.958,0.9616,0.9621,0.9621,0.9659,0.8393,0.9592,0.746
0.79,0.39,0.9621,0.8204,0.9266,0.7636,0.958,0.9616,0.9621,0.9621,0.9659,0.8393,0.9592,0.746
0.79,0.4,0.9621,0.8204,0.9266,0.7636,0.958,0.9616,0.9621,0.9621,0.9659,0.8393,0.9592,0.746
0.79,0.41,0.9621,0.8204,0.9266,0.7636,0.958,0.9616,0.9621,0.9621,0.9659,0.8393,0.9592,0.746
0.79,0.42,0.9621,0.8204,0.9266,0.7636,0.958,0.9616,0.9621,0.9621,0.9659,0.8393,0.9592,0.746
0.79,0.43,0.9621,0.8204,0.9266,0.7636,0.958,0.9616,0.9621,0.9621,0.9659,0.8393,0.9592,0.746
0.79,0.44,0.9621,0.8204,0.9266,0.7636,0.958,0.9616,0.9621,0.9621,0.9659,0.8393,0.9592,0.746
0.79,0.45,0.9621,0.8204,0.9266,0.7636,0.958,0.9616,0.9621,0.9621,0.9659,0.8393,0.9592,0.746
0.79,0.46,0.9621,0.8204,0.9266,0.7636,0.958,0.9616,0.9621,0.9621,0.9659,0.8393,0.9592,0.746
0.79,0.47,0.9621,0.8204,0.9266,0.7636,0.958,0.9616,0.9621,0.9621,0.9659,0.8393,0.9592,0.746
0.79,0.48,0.9602,0.8119,0.9263,0.7493,0.956,0.9598,0.9602,0.9602,0.964,0.8288,0.9583,0.7302
0.79,0.49,0.9602,0.8119,0.9263,0.7493,0.956,0.9598,0.9602,0.9602,0.964,0.8288,0.9583,0.7302
0.79,0.5,0.9564,0.7902,0.9247,0.7268,0.9507,0.9561,0.9564,0.9564,0.9602,0.8073,0.9565,0.6984
0.79,0.51,0.9564,0.7968,0.9414,0.7268,0.9505,0.9561,0.9564,0.9564,0.9583,0.7963,0.9556,0.6825
0.79,0.52,0.9564,0.7968,0.9414,0.7268,0.9505,0.9561,0.9564,0.9564,0.9583,0.7963,0.9556,0.6825
0.79,0.53,0.9564,0.7968,0.9414,0.7268,0.9505,0.9561,0.9564,0.9564,0.9583,0.7963,0.9556,0.6825
0.79,0.54,0.9564,0.7968,0.9414,0.7268,0.9505,0.9561,0.9564,0.9564,0.9583,0.7963,0.9556,0.6825
0.79,0.55,0.9564,0.7968,0.9414,0.7268,0.9505,0.9561,0.9564,0.9564,0.9583,0.7963,0.9556,0.6825
0.79,0.56,0.9564,0.7968,0.9414,0.7268,0.9505,0.9561,0.9564,0.9564,0.9583,0.7963,0.9556,0.6825
0.79,0.57,0.9564,0.7968,0.9414,0.7268,0.9505,0.9561,0.9564,0.9564,0.9583,0.7963,0.9556,0.6825
0.79,0.58,0.9564,0.7968,0.9414,0.7268,0.9505,0.9561,0.9564,0.9564,0.9583,0.7963,0.9556,0.6825
0.79,0.59,0.9564,0.7968,0.9414,0.7268,0.9505,0.9561,0.9564,0.9564,0.9583,0.7963,0.9556,0.6825
0.79,0.6,0.9564,0.7968,0.9414,0.7268,0.9505,0.9561,0.9564,0.9564,0.9583,0.7963,0.9556,0.6825
0.79,0.61,0.9564,0.7968,0.9414,0.7268,0.9505,0.9561,0.9564,0.9564,0.9583,0.7963,0.9556,0.6825
0.79,0.62,0.9564,0.7968,0.9414,0.7268,0.9505,0.9561,0.9564,0.9564,0.9583,0.7963,0.9556,0.6825
0.79,0.63,0.9527,0.7767,0.9409,0.6982,0.9461,0.9526,0.9527,0.9527,0.9545,0.7736,0.9535,0.6508
0.79,0.64,0.9527,0.7767,0.9409,0.6982,0.9461,0.9526,0.9527,0.9527,0.9545,0.7736,0.9535,0.6508
0.79,0.65,0.9527,0.7767,0.9409,0.6982,0.9461,0.9526,0.9527,0.9527,0.9545,0.7736,0.9535,0.6508
0.79,0.66,0.9527,0.7767,0.9409,0.6982,0.9461,0.9526,0.9527,0.9527,0.9545,0.7736,0.9535,0.6508
0.79,0.67,0.9527,0.7767,0.9409,0.6982,0.9461,0.9526,0.9527,0.9527,0.9545,0.7736,0.9535,0.6508
0.79,0.68,0.9527,0.7767,0.9409,0.6982,0.9461,0.9526,0.9527,0.9527,0.9545,0.7736,0.9535,0.6508
0.79,0.69,0.9527,0.7767,0.9409,0.6982,0.9461,0.9526,0.9527,0.9527,0.9545,0.7736,0.9535,0.6508
0.79,0.7,0.9527,0.7767,0.9409,0.6982,0.9461,0.9526,0.9527,0.9527,0.9545,0.7736,0.9535,0.6508
0.79,0.71,0.9527,0.7767,0.9409,0.6982,0.9461,0.9526,0.9527,0.9527,0.9545,0.7736,0.9535,0.6508
0.79,0.72,0.9527,0.7767,0.9409,0.6982,0.9461,0.9526,0.9527,0.9527,0.9545,0.7736,0.9535,0.6508
0.79,0.73,0.9527,0.7767,0.9409,0.6982,0.9461,0.9526,0.9527,0.9527,0.9545,0.7736,0.9535,0.6508
0.79,0.74,0.9508,0.7675,0.9386,0.6852,0.9438,0.9506,0.9508,0.9508,0.9527,0.7619,0.9524,0.6349
0.79,0.75,0.9508,0.7675,0.9386,0.6852,0.9438,0.9506,0.9508,0.9508,0.9527,0.7619,0.9524,0.6349
0.79,0.76,0.9508,0.7675,0.9386,0.6852,0.9438,0.9506,0.9508,0.9508,0.9527,0.7619,0.9524,0.6349
0.79,0.77,0.9508,0.7675,0.9386,0.6852,0.9438,0.9506,0.9508,0.9508,0.9527,0.7619,0.9524,0.6349
0.79,0.78,0.9489,0.7532,0.9335,0.6674,0.9414,0.9484,0.9489,0.9489,0.9508,0.75,0.9512,0.619
0.79,0.79,0.9489,0.7532,0.9335,0.6674,0.9414,0.9484,0.9489,0.9489,0.9508,0.75,0.9512,0.619
0.8,0.0,0.947,0.7366,0.9261,0.6495,0.9388,0.9459,0.947,0.947,0.9489,0.7379,0.95,0.6032
0.8,0.01,0.9205,0.7513,0.7059,0.8406,0.9282,0.9416,0.9205,0.9205,0.9242,0.726,0.6386,0.8413
0.8,0.02,0.9451,0.7965,0.7784,0.8446,0.947,0.9522,0.9451,0.9451,0.9489,0.797,0.7571,0.8413
0.8,0.03,0.9564,0.8226,0.8326,0.8464,0.956,0.9598,0.9564,0.9564,0.9602,0.8346,0.8281,0.8413
0.8,0.04,0.9583,0.8218,0.8481,0.834,0.9566,0.9599,0.9583,0.9583,0.9621,0.8387,0.8525,0.8254
0.8,0.05,0.9602,0.8267,0.8767,0.8343,0.9582,0.9641,0.9602,0.9602,0.964,0.8455,0.8667,0.8254
0.8,0.06,0.9621,0.8323,0.884,0.8346,0.9598,0.9649,0.9621,0.9621,0.9659,0.8525,0.8814,0.8254
0.8,0.07,0.964,0.8385,0.8927,0.835,0.9614,0.9659,0.964,0.964,0.9678,0.8595,0.8966,0.8254
0.8,0.08,0.964,0.8377,0.9043,0.8174,0.9613,0.9654,0.964,0.964,0.9678,0.8571,0.9107,0.8095
0.8,0.09,0.964,0.8377,0.9043,0.8174,0.9613,0.9654,0.964,0.964,0.9678,0.8571,0.9107,0.8095
0.8,0.1,0.9621,0.8273,0.8993,0.7995,0.9593,0.963,0.9621,0.9621,0.9659,0.8475,0.9091,0.7937
0.8,0.11,0.9583,0.8022,0.8976,0.7546,0.9543,0.9575,0.9583,0.9583,0.9621,0.8246,0.9216,0.746
0.8,0.12,0.9583,0.8022,0.8976,0.7546,0.9543,0.9575,0.9583,0.9583,0.9621,0.8246,0.9216,0.746
0.8,0.13,0.9602,0.8073,0.908,0.7549,0.956,0.9591,0.9602,0.9602,0.964,0.8319,0.94,0.746
0.8,0.14,0.9602,0.8073,0.908,0.7549,0.956,0.9591,0.9602,0.9602,0.964,0.8319,0.94,0.746
0.8,0.15,0.9602,0.8073,0.908,0.7549,0.956,0.9591,0.9602,0.9602,0.964,0.8319,0.94,0.746
0.8,0.16,0.9602,0.8073,0.908,0.7549,0.956,0.9591,0.9602,0.9602,0.964,0.8319,0.94,0.746
0.8,0.17,0.9602,0.8073,0.908,0.7549,0.956,0.9591,0.9602,0.9602,0.964,0.8319,0.94,0.746
0.8,0.18,0.9602,0.8073,0.908,0.7549,0.956,0.9591,0.9602,0.9602,0.964,0.8319,0.94,0.746
0.8,0.19,0.9602,0.8073,0.908,0.7549,0.956,0.9591,0.9602,0.9602,0.964,0.8319,0.94,0.746
0.8,0.2,0.9602,0.8073,0.908,0.7549,0.956,0.9591,0.9602,0.9602,0.964,0.8319,0.94,0.746
0.8,0.21,0.9602,0.8073,0.908,0.7549,0.956,0.9591,0.9602,0.9602,0.964,0.8319,0.94,0.746
0.8,0.22,0.9602,0.8073,0.908,0.7549,0.956,0.9591,0.9602,0.9602,0.964,0.8319,0.94,0.746
0.8,0.23,0.9602,0.8073,0.908,0.7549,0.956,0.9591,0.9602,0.9602,0.964,0.8319,0.94,0.746
0.8,0.24,0.9621,0.8129,0.9207,0.7552,0.9578,0.961,0.9621,0.9621,0.9659,0.8393,0.9592,0.746
0.8,0.25,0.9602,0.8067,0.9195,0.7457,0.9557,0.9591,0.9602,0.9602,0.964,0.8288,0.9583,0.7302
0.8,0.26,0.9602,0.8067,0.9195,0.7457,0.9557,0.9591,0.9602,0.9602,0.964,0.8288,0.9583,0.7302
0.8,0.27,0.9602,0.8067,0.9195,0.7457,0.9557,0.9591,0.9602,0.9602,0.964,0.8288,0.9583,0.7302
0.8,0.28,0.9602,0.8067,0.9195,0.7457,0.9557,0.9591,0.9602,0.9602,0.964,0.8288,0.9583,0.7302
0.8,0.29,0.9602,0.8067,0.9195,0.7457,0.9557,0.9591,0.9602,0.9602,0.964,0.8288,0.9583,0.7302
0.8,0.3,0.9602,0.8067,0.9195,0.7457,0.9557,0.9591,0.9602,0.9602,0.964,0.8288,0.9583,0.7302
0.8,0.31,0.9602,0.8067,0.9195,0.7457,0.9557,0.9591,0.9602,0.9602,0.964,0.8288,0.9583,0.7302
0.8,0.32,0.9602,0.8067,0.9195,0.7457,0.9557,0.9591,0.9602,0.9602,0.964,0.8288,0.9583,0.7302
0.8,0.33,0.9602,0.8067,0.9195,0.7457,0.9557,0.9591,0.9602,0.9602,0.964,0.8288,0.9583,0.7302
0.8,0.34,0.9602,0.8067,0.9195,0.7457,0.9557,0.9591,0.9602,0.9602,0.964,0.8288,0.9583,0.7302
0.8,0.35,0.9602,0.8067,0.9195,0.7457,0.9557,0.9591,0.9602,0.9602,0.964,0.8288,0.9583,0.7302
0.8,0.36,0.9602,0.8067,0.9195,0.7457,0.9557,0.9591,0.9602,0.9602,0.964,0.8288,0.9583,0.7302
0.8,0.37,0.9583,0.7908,0.9097,0.7278,0.9531,0.9563,0.9583,0.9583,0.9621,0.8182,0.9574,0.7143
0.8,0.38,0.9583,0.7908,0.9097,0.7278,0.9531,0.9563,0.9583,0.9583,0.9621,0.8182,0.9574,0.7143
0.8,0.39,0.9583,0.7908,0.9097,0.7278,0.9531,0.9563,0.9583,0.9583,0.9621,0.8182,0.9574,0.7143
0.8,0.4,0.9583,0.7908,0.9097,0.7278,0.9531,0.9563,0.9583,0.9583,0.9621,0.8182,0.9574,0.7143
0.8,0.41,0.9583,0.7908,0.9097,0.7278,0.9531,0.9563,0.9583,0.9583,0.9621,0.8182,0.9574,0.7143
0.8,0.42,0.9583,0.7908,0.9097,0.7278,0.9531,0.9563,0.9583,0.9583,0.9621,0.8182,0.9574,0.7143
0.8,0.43,0.9583,0.7908,0.9097,0.7278,0.9531,0.9563,0.9583,0.9583,0.9621,0.8182,0.9574,0.7143
0.8,0.44,0.9583,0.7908,0.9097,0.7278,0.9531,0.9563,0.9583,0.9583,0.9621,0.8182,0.9574,0.7143
0.8,0.45,0.9583,0.7908,0.9097,0.7278,0.9531,0.9563,0.9583,0.9583,0.9621,0.8182,0.9574,0.7143
0.8,0.46,0.9583,0.7908,0.9097,0.7278,0.9531,0.9563,0.9583,0.9583,0.9621,0.8182,0.9574,0.7143
0.8,0.47,0.9583,0.7908,0.9097,0.7278,0.9531,0.9563,0.9583,0.9583,0.9621,0.8182,0.9574,0.7143
0.8,0.48,0.9564,0.7823,0.9094,0.7136,0.9511,0.9545,0.9564,0.9564,0.9602,0.8073,0.9565,0.6984
0.8,0.49,0.9564,0.7823,0.9094,0.7136,0.9511,0.9545,0.9564,0.9564,0.9602,0.8073,0.9565,0.6984
0.8,0.5,0.9527,0.7606,0.9078,0.6911,0.9458,0.9508,0.9527,0.9527,0.9564,0.785,0.9545,0.6667
0.8,0.51,0.9527,0.7659,0.9289,0.6911,0.9454,0.9514,0.9527,0.9527,0.9545,0.7736,0.9535,0.6508
0.8,0.52,0.9527,0.7659,0.9289,0.6911,0.9454,0.9514,0.9527,0.9527,0.9545,0.7736,0.9535,0.6508
0.8,0.53,0.9527,0.7659,0.9289,0.6911,0.9454,0.9514,0.9527,0.9527,0.9545,0.7736,0.9535,0.6508
0.8,0.54,0.9527,0.7659,0.9289,0.6911,0.9454,0.9514,0.9527,0.9527,0.9545,0.7736,0.9535,0.6508
0.8,0.55,0.9527,0.7659,0.9289,0.6911,0.9454,0.9514,0.9527,0.9527,0.9545,0.7736,0.9535,0.6508
0.8,0.56,0.9527,0.7659,0.9289,0.6911,0.9454,0.9514,0.9527,0.9527,0.9545,0.7736,0.9535,0.6508
0.8,0.57,0.9527,0.7659,0.9289,0.6911,0.9454,0.9514,0.9527,0.9527,0.9545,0.7736,0.9535,0.6508
0.8,0.58,0.9527,0.7659,0.9289,0.6911,0.9454,0.9514,0.9527,0.9527,0.9545,0.7736,0.9535,0.6508
0.8,0.59,0.9527,0.7659,0.9289,0.6911,0.9454,0.9514,0.9527,0.9527,0.9545,0.7736,0.9535,0.6508
0.8,0.6,0.9527,0.7659,0.9289,0.6911,0.9454,0.9514,0.9527,0.9527,0.9545,0.7736,0.9535,0.6508
0.8,0.61,0.9527,0.7659,0.9289,0.6911,0.9454,0.9514,0.9527,0.9527,0.9545,0.7736,0.9535,0.6508
0.8,0.62,0.9527,0.7659,0.9289,0.6911,0.9454,0.9514,0.9527,0.9527,0.9545,0.7736,0.9535,0.6508
0.8,0.63,0.9489,0.7458,0.9284,0.6625,0.941,0.9479,0.9489,0.9489,0.9508,0.75,0.9512,0.619
0.8,0.64,0.9489,0.7458,0.9284,0.6625,0.941,0.9479,0.9489,0.9489,0.9508,0.75,0.9512,0.619
0.8,0.65,0.9489,0.7458,0.9284,0.6625,0.941,0.9479,0.9489,0.9489,0.9508,0.75,0.9512,0.619
0.8,0.66,0.9489,0.7458,0.9284,0.6625,0.941,0.9479,0.9489,0.9489,0.9508,0.75,0.9512,0.619
0.8,0.67,0.9489,0.7458,0.9284,0.6625,0.941,0.9479,0.9489,0.9489,0.9508,0.75,0.9512,0.619
0.8,0.68,0.9489,0.7458,0.9284,0.6625,0.941,0.9479,0.9489,0.9489,0.9508,0.75,0.9512,0.619
0.8,0.69,0.9489,0.7458,0.9284,0.6625,0.941,0.9479,0.9489,0.9489,0.9508,0.75,0.9512,0.619
0.8,0.7,0.9489,0.7458,0.9284,0.6625,0.941,0.9479,0.9489,0.9489,0.9508,0.75,0.9512,0.619
0.8,0.71,0.9489,0.7458,0.9284,0.6625,0.941,0.9479,0.9489,0.9489,0.9508,0.75,0.9512,0.619
0.8,0.72,0.9489,0.7458,0.9284,0.6625,0.941,0.9479,0.9489,0.9489,0.9508,0.75,0.9512,0.619
0.8,0.73,0.9489,0.7458,0.9284,0.6625,0.941,0.9479,0.9489,0.9489,0.9508,0.75,0.9512,0.619
0.8,0.74,0.947,0.7366,0.9261,0.6495,0.9388,0.9459,0.947,0.947,0.9489,0.7379,0.95,0.6032
0.8,0.75,0.947,0.7366,0.9261,0.6495,0.9388,0.9459,0.947,0.947,0.9489,0.7379,0.95,0.6032
0.8,0.76,0.947,0.7366,0.9261,0.6495,0.9388,0.9459,0.947,0.947,0.9489,0.7379,0.95,0.6032
0.8,0.77,0.947,0.7366,0.9261,0.6495,0.9388,0.9459,0.947,0.947,0.9489,0.7379,0.95,0.6032
0.8,0.78,0.947,0.7366,0.9261,0.6495,0.9388,0.9459,0.947,0.947,0.9489,0.7379,0.95,0.6032
0.8,0.79,0.947,0.7366,0.9261,0.6495,0.9388,0.9459,0.947,0.947,0.9489,0.7379,0.95,0.6032
0.8,0.8,0.947,0.7366,0.9261,0.6495,0.9388,0.9459,0.947,0.947,0.9489,0.7379,0.95,0.6032
0.81,0.0,0.9451,0.7269,0.9258,0.6316,0.9369,0.9442,0.9451,0.9451,0.947,0.7255,0.9487,0.5873
0.81,0.01,0.9205,0.7513,0.7059,0.8406,0.9282,0.9416,0.9205,0.9205,0.9242,0.726,0.6386,0.8413
0.81,0.02,0.9451,0.7965,0.7784,0.8446,0.947,0.9522,0.9451,0.9451,0.9489,0.797,0.7571,0.8413
0.81,0.03,0.9564,0.8226,0.8326,0.8464,0.956,0.9598,0.9564,0.9564,0.9602,0.8346,0.8281,0.8413
0.81,0.04,0.9583,0.8218,0.8481,0.834,0.9566,0.9599,0.9583,0.9583,0.9621,0.8387,0.8525,0.8254
0.81,0.05,0.9602,0.8267,0.8767,0.8343,0.9582,0.9641,0.9602,0.9602,0.964,0.8455,0.8667,0.8254
0.81,0.06,0.9621,0.8323,0.884,0.8346,0.9598,0.9649,0.9621,0.9621,0.9659,0.8525,0.8814,0.8254
0.81,0.07,0.964,0.8385,0.8927,0.835,0.9614,0.9659,0.964,0.964,0.9678,0.8595,0.8966,0.8254
0.81,0.08,0.964,0.8377,0.9043,0.8174,0.9613,0.9654,0.964,0.964,0.9678,0.8571,0.9107,0.8095
0.81,0.09,0.964,0.8377,0.9043,0.8174,0.9613,0.9654,0.964,0.964,0.9678,0.8571,0.9107,0.8095
0.81,0.1,0.9621,0.8273,0.8993,0.7995,0.9593,0.963,0.9621,0.9621,0.9659,0.8475,0.9091,0.7937
0.81,0.11,0.9583,0.8022,0.8976,0.7546,0.9543,0.9575,0.9583,0.9583,0.9621,0.8246,0.9216,0.746
0.81,0.12,0.9583,0.8022,0.8976,0.7546,0.9543,0.9575,0.9583,0.9583,0.9621,0.8246,0.9216,0.746
0.81,0.13,0.9602,0.8073,0.908,0.7549,0.956,0.9591,0.9602,0.9602,0.964,0.8319,0.94,0.746
0.81,0.14,0.9602,0.8073,0.908,0.7549,0.956,0.9591,0.9602,0.9602,0.964,0.8319,0.94,0.746
0.81,0.15,0.9602,0.8073,0.908,0.7549,0.956,0.9591,0.9602,0.9602,0.964,0.8319,0.94,0.746
0.81,0.16,0.9602,0.8073,0.908,0.7549,0.956,0.9591,0.9602,0.9602,0.964,0.8319,0.94,0.746
0.81,0.17,0.9602,0.8073,0.908,0.7549,0.956,0.9591,0.9602,0.9602,0.964,0.8319,0.94,0.746
0.81,0.18,0.9602,0.8073,0.908,0.7549,0.956,0.9591,0.9602,0.9602,0.964,0.8319,0.94,0.746
0.81,0.19,0.9602,0.8073,0.908,0.7549,0.956,0.9591,0.9602,0.9602,0.964,0.8319,0.94,0.746
0.81,0.2,0.9602,0.8073,0.908,0.7549,0.956,0.9591,0.9602,0.9602,0.964,0.8319,0.94,0.746
0.81,0.21,0.9602,0.8073,0.908,0.7549,0.956,0.9591,0.9602,0.9602,0.964,0.8319,0.94,0.746
0.81,0.22,0.9602,0.8073,0.908,0.7549,0.956,0.9591,0.9602,0.9602,0.964,0.8319,0.94,0.746
0.81,0.23,0.9602,0.8073,0.908,0.7549,0.956,0.9591,0.9602,0.9602,0.964,0.8319,0.94,0.746
0.81,0.24,0.9621,0.8129,0.9207,0.7552,0.9578,0.961,0.9621,0.9621,0.9659,0.8393,0.9592,0.746
0.81,0.25,0.9602,0.8067,0.9195,0.7457,0.9557,0.9591,0.9602,0.9602,0.964,0.8288,0.9583,0.7302
0.81,0.26,0.9602,0.8067,0.9195,0.7457,0.9557,0.9591,0.9602,0.9602,0.964,0.8288,0.9583,0.7302
0.81,0.27,0.9602,0.8067,0.9195,0.7457,0.9557,0.9591,0.9602,0.9602,0.964,0.8288,0.9583,0.7302
0.81,0.28,0.9602,0.8067,0.9195,0.7457,0.9557,0.9591,0.9602,0.9602,0.964,0.8288,0.9583,0.7302
0.81,0.29,0.9602,0.8067,0.9195,0.7457,0.9557,0.9591,0.9602,0.9602,0.964,0.8288,0.9583,0.7302
0.81,0.3,0.9602,0.8067,0.9195,0.7457,0.9557,0.9591,0.9602,0.9602,0.964,0.8288,0.9583,0.7302
0.81,0.31,0.9602,0.8067,0.9195,0.7457,0.9557,0.9591,0.9602,0.9602,0.964,0.8288,0.9583,0.7302
0.81,0.32,0.9602,0.8067,0.9195,0.7457,0.9557,0.9591,0.9602,0.9602,0.964,0.8288,0.9583,0.7302
0.81,0.33,0.9602,0.8067,0.9195,0.7457,0.9557,0.9591,0.9602,0.9602,0.964,0.8288,0.9583,0.7302
0.81,0.34,0.9602,0.8067,0.9195,0.7457,0.9557,0.9591,0.9602,0.9602,0.964,0.8288,0.9583,0.7302
0.81,0.35,0.9602,0.8067,0.9195,0.7457,0.9557,0.9591,0.9602,0.9602,0.964,0.8288,0.9583,0.7302
0.81,0.36,0.9602,0.8067,0.9195,0.7457,0.9557,0.9591,0.9602,0.9602,0.964,0.8288,0.9583,0.7302
0.81,0.37,0.9583,0.7908,0.9097,0.7278,0.9531,0.9563,0.9583,0.9583,0.9621,0.8182,0.9574,0.7143
0.81,0.38,0.9583,0.7908,0.9097,0.7278,0.9531,0.9563,0.9583,0.9583,0.9621,0.8182,0.9574,0.7143
0.81,0.39,0.9583,0.7908,0.9097,0.7278,0.9531,0.9563,0.9583,0.9583,0.9621,0.8182,0.9574,0.7143
0.81,0.4,0.9583,0.7908,0.9097,0.7278,0.9531,0.9563,0.9583,0.9583,0.9621,0.8182,0.9574,0.7143
0.81,0.41,0.9583,0.7908,0.9097,0.7278,0.9531,0.9563,0.9583,0.9583,0.9621,0.8182,0.9574,0.7143
0.81,0.42,0.9583,0.7908,0.9097,0.7278,0.9531,0.9563,0.9583,0.9583,0.9621,0.8182,0.9574,0.7143
0.81,0.43,0.9583,0.7908,0.9097,0.7278,0.9531,0.9563,0.9583,0.9583,0.9621,0.8182,0.9574,0.7143
0.81,0.44,0.9583,0.7908,0.9097,0.7278,0.9531,0.9563,0.9583,0.9583,0.9621,0.8182,0.9574,0.7143
0.81,0.45,0.9583,0.7908,0.9097,0.7278,0.9531,0.9563,0.9583,0.9583,0.9621,0.8182,0.9574,0.7143
0.81,0.46,0.9583,0.7908,0.9097,0.7278,0.9531,0.9563,0.9583,0.9583,0.9621,0.8182,0.9574,0.7143
0.81,0.47,0.9583,0.7908,0.9097,0.7278,0.9531,0.9563,0.9583,0.9583,0.9621,0.8182,0.9574,0.7143
0.81,0.48,0.9564,0.7823,0.9094,0.7136,0.9511,0.9545,0.9564,0.9564,0.9602,0.8073,0.9565,0.6984
0.81,0.49,0.9564,0.7823,0.9094,0.7136,0.9511,0.9545,0.9564,0.9564,0.9602,0.8073,0.9565,0.6984
0.81,0.5,0.9527,0.7606,0.9078,0.6911,0.9458,0.9508,0.9527,0.9527,0.9564,0.785,0.9545,0.6667
0.81,0.51,0.9527,0.7659,0.9289,0.6911,0.9454,0.9514,0.9527,0.9527,0.9545,0.7736,0.9535,0.6508
0.81,0.52,0.9527,0.7659,0.9289,0.6911,0.9454,0.9514,0.9527,0.9527,0.9545,0.7736,0.9535,0.6508
0.81,0.53,0.9527,0.7659,0.9289,0.6911,0.9454,0.9514,0.9527,0.9527,0.9545,0.7736,0.9535,0.6508
0.81,0.54,0.9527,0.7659,0.9289,0.6911,0.9454,0.9514,0.9527,0.9527,0.9545,0.7736,0.9535,0.6508
0.81,0.55,0.9527,0.7659,0.9289,0.6911,0.9454,0.9514,0.9527,0.9527,0.9545,0.7736,0.9535,0.6508
0.81,0.56,0.9527,0.7659,0.9289,0.6911,0.9454,0.9514,0.9527,0.9527,0.9545,0.7736,0.9535,0.6508
0.81,0.57,0.9527,0.7659,0.9289,0.6911,0.9454,0.9514,0.9527,0.9527,0.9545,0.7736,0.9535,0.6508
0.81,0.58,0.9527,0.7659,0.9289,0.6911,0.9454,0.9514,0.9527,0.9527,0.9545,0.7736,0.9535,0.6508
0.81,0.59,0.9527,0.7659,0.9289,0.6911,0.9454,0.9514,0.9527,0.9527,0.9545,0.7736,0.9535,0.6508
0.81,0.6,0.9527,0.7659,0.9289,0.6911,0.9454,0.9514,0.9527,0.9527,0.9545,0.7736,0.9535,0.6508
0.81,0.61,0.9527,0.7659,0.9289,0.6911,0.9454,0.9514,0.9527,0.9527,0.9545,0.7736,0.9535,0.6508
0.81,0.62,0.9527,0.7659,0.9289,0.6911,0.9454,0.9514,0.9527,0.9527,0.9545,0.7736,0.9535,0.6508
0.81,0.63,0.9489,0.7458,0.9284,0.6625,0.941,0.9479,0.9489,0.9489,0.9508,0.75,0.9512,0.619
0.81,0.64,0.9489,0.7458,0.9284,0.6625,0.941,0.9479,0.9489,0.9489,0.9508,0.75,0.9512,0.619
0.81,0.65,0.9489,0.7458,0.9284,0.6625,0.941,0.9479,0.9489,0.9489,0.9508,0.75,0.9512,0.619
0.81,0.66,0.9489,0.7458,0.9284,0.6625,0.941,0.9479,0.9489,0.9489,0.9508,0.75,0.9512,0.619
0.81,0.67,0.9489,0.7458,0.9284,0.6625,0.941,0.9479,0.9489,0.9489,0.9508,0.75,0.9512,0.619
0.81,0.68,0.9489,0.7458,0.9284,0.6625,0.941,0.9479,0.9489,0.9489,0.9508,0.75,0.9512,0.619
0.81,0.69,0.9489,0.7458,0.9284,0.6625,0.941,0.9479,0.9489,0.9489,0.9508,0.75,0.9512,0.619
0.81,0.7,0.9489,0.7458,0.9284,0.6625,0.941,0.9479,0.9489,0.9489,0.9508,0.75,0.9512,0.619
0.81,0.71,0.9489,0.7458,0.9284,0.6625,0.941,0.9479,0.9489,0.9489,0.9508,0.75,0.9512,0.619
0.81,0.72,0.9489,0.7458,0.9284,0.6625,0.941,0.9479,0.9489,0.9489,0.9508,0.75,0.9512,0.619
0.81,0.73,0.9489,0.7458,0.9284,0.6625,0.941,0.9479,0.9489,0.9489,0.9508,0.75,0.9512,0.619
0.81,0.74,0.947,0.7366,0.9261,0.6495,0.9388,0.9459,0.947,0.947,0.9489,0.7379,0.95,0.6032
0.81,0.75,0.947,0.7366,0.9261,0.6495,0.9388,0.9459,0.947,0.947,0.9489,0.7379,0.95,0.6032
0.81,0.76,0.947,0.7366,0.9261,0.6495,0.9388,0.9459,0.947,0.947,0.9489,0.7379,0.95,0.6032
0.81,0.77,0.947,0.7366,0.9261,0.6495,0.9388,0.9459,0.947,0.947,0.9489,0.7379,0.95,0.6032
0.81,0.78,0.947,0.7366,0.9261,0.6495,0.9388,0.9459,0.947,0.947,0.9489,0.7379,0.95,0.6032
0.81,0.79,0.947,0.7366,0.9261,0.6495,0.9388,0.9459,0.947,0.947,0.9489,0.7379,0.95,0.6032
0.81,0.8,0.947,0.7366,0.9261,0.6495,0.9388,0.9459,0.947,0.947,0.9489,0.7379,0.95,0.6032
0.81,0.81,0.9451,0.7269,0.9258,0.6316,0.9369,0.9442,0.9451,0.9451,0.947,0.7255,0.9487,0.5873
0.82,0.0,0.9451,0.7269,0.9258,0.6316,0.9369,0.9442,0.9451,0.9451,0.947,0.7255,0.9487,0.5873
0.82,0.01,0.9205,0.7513,0.7059,0.8406,0.9282,0.9416,0.9205,0.9205,0.9242,0.726,0.6386,0.8413
0.82,0.02,0.9451,0.7965,0.7784,0.8446,0.947,0.9522,0.9451,0.9451,0.9489,0.797,0.7571,0.8413
0.82,0.03,0.9564,0.8226,0.8326,0.8464,0.956,0.9598,0.9564,0.9564,0.9602,0.8346,0.8281,0.8413
0.82,0.04,0.9583,0.8218,0.8481,0.834,0.9566,0.9599,0.9583,0.9583,0.9621,0.8387,0.8525,0.8254
0.82,0.05,0.9602,0.8267,0.8767,0.8343,0.9582,0.9641,0.9602,0.9602,0.964,0.8455,0.8667,0.8254
0.82,0.06,0.9621,0.8323,0.884,0.8346,0.9598,0.9649,0.9621,0.9621,0.9659,0.8525,0.8814,0.8254
0.82,0.07,0.964,0.8385,0.8927,0.835,0.9614,0.9659,0.964,0.964,0.9678,0.8595,0.8966,0.8254
0.82,0.08,0.964,0.8377,0.9043,0.8174,0.9613,0.9654,0.964,0.964,0.9678,0.8571,0.9107,0.8095
0.82,0.09,0.964,0.8377,0.9043,0.8174,0.9613,0.9654,0.964,0.964,0.9678,0.8571,0.9107,0.8095
0.82,0.1,0.9621,0.8273,0.8993,0.7995,0.9593,0.963,0.9621,0.9621,0.9659,0.8475,0.9091,0.7937
0.82,0.11,0.9583,0.8022,0.8976,0.7546,0.9543,0.9575,0.9583,0.9583,0.9621,0.8246,0.9216,0.746
0.82,0.12,0.9583,0.8022,0.8976,0.7546,0.9543,0.9575,0.9583,0.9583,0.9621,0.8246,0.9216,0.746
0.82,0.13,0.9602,0.8073,0.908,0.7549,0.956,0.9591,0.9602,0.9602,0.964,0.8319,0.94,0.746
0.82,0.14,0.9602,0.8073,0.908,0.7549,0.956,0.9591,0.9602,0.9602,0.964,0.8319,0.94,0.746
0.82,0.15,0.9602,0.8073,0.908,0.7549,0.956,0.9591,0.9602,0.9602,0.964,0.8319,0.94,0.746
0.82,0.16,0.9602,0.8073,0.908,0.7549,0.956,0.9591,0.9602,0.9602,0.964,0.8319,0.94,0.746
0.82,0.17,0.9602,0.8073,0.908,0.7549,0.956,0.9591,0.9602,0.9602,0.964,0.8319,0.94,0.746
0.82,0.18,0.9602,0.8073,0.908,0.7549,0.956,0.9591,0.9602,0.9602,0.964,0.8319,0.94,0.746
0.82,0.19,0.9602,0.8073,0.908,0.7549,0.956,0.9591,0.9602,0.9602,0.964,0.8319,0.94,0.746
0.82,0.2,0.9602,0.8073,0.908,0.7549,0.956,0.9591,0.9602,0.9602,0.964,0.8319,0.94,0.746
0.82,0.21,0.9602,0.8073,0.908,0.7549,0.956,0.9591,0.9602,0.9602,0.964,0.8319,0.94,0.746
0.82,0.22,0.9602,0.8073,0.908,0.7549,0.956,0.9591,0.9602,0.9602,0.964,0.8319,0.94,0.746
0.82,0.23,0.9602,0.8073,0.908,0.7549,0.956,0.9591,0.9602,0.9602,0.964,0.8319,0.94,0.746
0.82,0.24,0.9621,0.8129,0.9207,0.7552,0.9578,0.961,0.9621,0.9621,0.9659,0.8393,0.9592,0.746
0.82,0.25,0.9602,0.8067,0.9195,0.7457,0.9557,0.9591,0.9602,0.9602,0.964,0.8288,0.9583,0.7302
0.82,0.26,0.9602,0.8067,0.9195,0.7457,0.9557,0.9591,0.9602,0.9602,0.964,0.8288,0.9583,0.7302
0.82,0.27,0.9602,0.8067,0.9195,0.7457,0.9557,0.9591,0.9602,0.9602,0.964,0.8288,0.9583,0.7302
0.82,0.28,0.9602,0.8067,0.9195,0.7457,0.9557,0.9591,0.9602,0.9602,0.964,0.8288,0.9583,0.7302
0.82,0.29,0.9602,0.8067,0.9195,0.7457,0.9557,0.9591,0.9602,0.9602,0.964,0.8288,0.9583,0.7302
0.82,0.3,0.9602,0.8067,0.9195,0.7457,0.9557,0.9591,0.9602,0.9602,0.964,0.8288,0.9583,0.7302
0.82,0.31,0.9602,0.8067,0.9195,0.7457,0.9557,0.9591,0.9602,0.9602,0.964,0.8288,0.9583,0.7302
0.82,0.32,0.9602,0.8067,0.9195,0.7457,0.9557,0.9591,0.9602,0.9602,0.964,0.8288,0.9583,0.7302
0.82,0.33,0.9602,0.8067,0.9195,0.7457,0.9557,0.9591,0.9602,0.9602,0.964,0.8288,0.9583,0.7302
0.82,0.34,0.9602,0.8067,0.9195,0.7457,0.9557,0.9591,0.9602,0.9602,0.964,0.8288,0.9583,0.7302
0.82,0.35,0.9602,0.8067,0.9195,0.7457,0.9557,0.9591,0.9602,0.9602,0.964,0.8288,0.9583,0.7302
0.82,0.36,0.9602,0.8067,0.9195,0.7457,0.9557,0.9591,0.9602,0.9602,0.964,0.8288,0.9583,0.7302
0.82,0.37,0.9583,0.7908,0.9097,0.7278,0.9531,0.9563,0.9583,0.9583,0.9621,0.8182,0.9574,0.7143
0.82,0.38,0.9583,0.7908,0.9097,0.7278,0.9531,0.9563,0.9583,0.9583,0.9621,0.8182,0.9574,0.7143
0.82,0.39,0.9583,0.7908,0.9097,0.7278,0.9531,0.9563,0.9583,0.9583,0.9621,0.8182,0.9574,0.7143
0.82,0.4,0.9583,0.7908,0.9097,0.7278,0.9531,0.9563,0.9583,0.9583,0.9621,0.8182,0.9574,0.7143
0.82,0.41,0.9583,0.7908,0.9097,0.7278,0.9531,0.9563,0.9583,0.9583,0.9621,0.8182,0.9574,0.7143
0.82,0.42,0.9583,0.7908,0.9097,0.7278,0.9531,0.9563,0.9583,0.9583,0.9621,0.8182,0.9574,0.7143
0.82,0.43,0.9583,0.7908,0.9097,0.7278,0.9531,0.9563,0.9583,0.9583,0.9621,0.8182,0.9574,0.7143
0.82,0.44,0.9583,0.7908,0.9097,0.7278,0.9531,0.9563,0.9583,0.9583,0.9621,0.8182,0.9574,0.7143
0.82,0.45,0.9583,0.7908,0.9097,0.7278,0.9531,0.9563,0.9583,0.9583,0.9621,0.8182,0.9574,0.7143
0.82,0.46,0.9583,0.7908,0.9097,0.7278,0.9531,0.9563,0.9583,0.9583,0.9621,0.8182,0.9574,0.7143
0.82,0.47,0.9583,0.7908,0.9097,0.7278,0.9531,0.9563,0.9583,0.9583,0.9621,0.8182,0.9574,0.7143
0.82,0.48,0.9564,0.7823,0.9094,0.7136,0.9511,0.9545,0.9564,0.9564,0.9602,0.8073,0.9565,0.6984
0.82,0.49,0.9564,0.7823,0.9094,0.7136,0.9511,0.9545,0.9564,0.9564,0.9602,0.8073,0.9565,0.6984
0.82,0.5,0.9527,0.7606,0.9078,0.6911,0.9458,0.9508,0.9527,0.9527,0.9564,0.785,0.9545,0.6667
0.82,0.51,0.9527,0.7659,0.9289,0.6911,0.9454,0.9514,0.9527,0.9527,0.9545,0.7736,0.9535,0.6508
0.82,0.52,0.9527,0.7659,0.9289,0.6911,0.9454,0.9514,0.9527,0.9527,0.9545,0.7736,0.9535,0.6508
0.82,0.53,0.9527,0.7659,0.9289,0.6911,0.9454,0.9514,0.9527,0.9527,0.9545,0.7736,0.9535,0.6508
0.82,0.54,0.9527,0.7659,0.9289,0.6911,0.9454,0.9514,0.9527,0.9527,0.9545,0.7736,0.9535,0.6508
0.82,0.55,0.9527,0.7659,0.9289,0.6911,0.9454,0.9514,0.9527,0.9527,0.9545,0.7736,0.9535,0.6508
0.82,0.56,0.9527,0.7659,0.9289,0.6911,0.9454,0.9514,0.9527,0.9527,0.9545,0.7736,0.9535,0.6508
0.82,0.57,0.9527,0.7659,0.9289,0.6911,0.9454,0.9514,0.9527,0.9527,0.9545,0.7736,0.9535,0.6508
0.82,0.58,0.9527,0.7659,0.9289,0.6911,0.9454,0.9514,0.9527,0.9527,0.9545,0.7736,0.9535,0.6508
0.82,0.59,0.9527,0.7659,0.9289,0.6911,0.9454,0.9514,0.9527,0.9527,0.9545,0.7736,0.9535,0.6508
0.82,0.6,0.9527,0.7659,0.9289,0.6911,0.9454,0.9514,0.9527,0.9527,0.9545,0.7736,0.9535,0.6508
0.82,0.61,0.9527,0.7659,0.9289,0.6911,0.9454,0.9514,0.9527,0.9527,0.9545,0.7736,0.9535,0.6508
0.82,0.62,0.9527,0.7659,0.9289,0.6911,0.9454,0.9514,0.9527,0.9527,0.9545,0.7736,0.9535,0.6508
0.82,0.63,0.9489,0.7458,0.9284,0.6625,0.941,0.9479,0.9489,0.9489,0.9508,0.75,0.9512,0.619
0.82,0.64,0.9489,0.7458,0.9284,0.6625,0.941,0.9479,0.9489,0.9489,0.9508,0.75,0.9512,0.619
0.82,0.65,0.9489,0.7458,0.9284,0.6625,0.941,0.9479,0.9489,0.9489,0.9508,0.75,0.9512,0.619
0.82,0.66,0.9489,0.7458,0.9284,0.6625,0.941,0.9479,0.9489,0.9489,0.9508,0.75,0.9512,0.619
0.82,0.67,0.9489,0.7458,0.9284,0.6625,0.941,0.9479,0.9489,0.9489,0.9508,0.75,0.9512,0.619
0.82,0.68,0.9489,0.7458,0.9284,0.6625,0.941,0.9479,0.9489,0.9489,0.9508,0.75,0.9512,0.619
0.82,0.69,0.9489,0.7458,0.9284,0.6625,0.941,0.9479,0.9489,0.9489,0.9508,0.75,0.9512,0.619
0.82,0.7,0.9489,0.7458,0.9284,0.6625,0.941,0.9479,0.9489,0.9489,0.9508,0.75,0.9512,0.619
0.82,0.71,0.9489,0.7458,0.9284,0.6625,0.941,0.9479,0.9489,0.9489,0.9508,0.75,0.9512,0.619
0.82,0.72,0.9489,0.7458,0.9284,0.6625,0.941,0.9479,0.9489,0.9489,0.9508,0.75,0.9512,0.619
0.82,0.73,0.9489,0.7458,0.9284,0.6625,0.941,0.9479,0.9489,0.9489,0.9508,0.75,0.9512,0.619
0.82,0.74,0.947,0.7366,0.9261,0.6495,0.9388,0.9459,0.947,0.947,0.9489,0.7379,0.95,0.6032
0.82,0.75,0.947,0.7366,0.9261,0.6495,0.9388,0.9459,0.947,0.947,0.9489,0.7379,0.95,0.6032
0.82,0.76,0.947,0.7366,0.9261,0.6495,0.9388,0.9459,0.947,0.947,0.9489,0.7379,0.95,0.6032
0.82,0.77,0.947,0.7366,0.9261,0.6495,0.9388,0.9459,0.947,0.947,0.9489,0.7379,0.95,0.6032
0.82,0.78,0.947,0.7366,0.9261,0.6495,0.9388,0.9459,0.947,0.947,0.9489,0.7379,0.95,0.6032
0.82,0.79,0.947,0.7366,0.9261,0.6495,0.9388,0.9459,0.947,0.947,0.9489,0.7379,0.95,0.6032
0.82,0.8,0.947,0.7366,0.9261,0.6495,0.9388,0.9459,0.947,0.947,0.9489,0.7379,0.95,0.6032
0.82,0.81,0.9451,0.7269,0.9258,0.6316,0.9369,0.9442,0.9451,0.9451,0.947,0.7255,0.9487,0.5873
0.82,0.82,0.9451,0.7269,0.9258,0.6316,0.9369,0.9442,0.9451,0.9451,0.947,0.7255,0.9487,0.5873
0.83,0.0,0.9432,0.7073,0.9137,0.6138,0.9339,0.9412,0.9432,0.9432,0.9451,0.7129,0.9474,0.5714
0.83,0.01,0.928,0.7418,0.719,0.7716,0.9314,0.936,0.928,0.928,0.9318,0.7313,0.6901,0.7778
0.83,0.02,0.9489,0.7816,0.7917,0.775,0.9475,0.9466,0.9489,0.9489,0.9527,0.7967,0.8167,0.7778
0.83,0.03,0.9545,0.7947,0.8314,0.7759,0.9522,0.9526,0.9545,0.9545,0.9583,0.8167,0.8596,0.7778
0.83,0.04,0.9545,0.7889,0.8406,0.7632,0.9513,0.952,0.9545,0.9545,0.9583,0.8136,0.8727,0.7619
0.83,0.05,0.9564,0.7938,0.8692,0.7635,0.953,0.9562,0.9564,0.9564,0.9602,0.8205,0.8889,0.7619
0.83,0.06,0.9564,0.7938,0.8692,0.7635,0.953,0.9562,0.9564,0.9564,0.9602,0.8205,0.8889,0.7619
0.83,0.07,0.9564,0.7938,0.8692,0.7635,0.953,0.9562,0.9564,0.9564,0.9602,0.8205,0.8889,0.7619
0.83,0.08,0.9583,0.8024,0.8851,0.7638,0.9549,0.958,0.9583,0.9583,0.9621,0.8276,0.9057,0.7619
0.83,0.09,0.9583,0.8024,0.8851,0.7638,0.9549,0.958,0.9583,0.9583,0.9621,0.8276,0.9057,0.7619
0.83,0.1,0.9583,0.8024,0.8851,0.7638,0.9549,0.958,0.9583,0.9583,0.9621,0.8276,0.9057,0.7619
0.83,0.11,0.9545,0.7679,0.8733,0.7189,0.9489,0.9515,0.9545,0.9545,0.9583,0.8036,0.9184,0.7143
0.83,0.12,0.9545,0.7679,0.8733,0.7189,0.9489,0.9515,0.9545,0.9545,0.9583,0.8036,0.9184,0.7143
0.83,0.13,0.9564,0.773,0.8837,0.7192,0.9506,0.953,0.9564,0.9564,0.9602,0.8108,0.9375,0.7143
0.83,0.14,0.9564,0.773,0.8837,0.7192,0.9506,0.953,0.9564,0.9564,0.9602,0.8108,0.9375,0.7143
0.83,0.15,0.9564,0.773,0.8837,0.7192,0.9506,0.953,0.9564,0.9564,0.9602,0.8108,0.9375,0.7143
0.83,0.16,0.9564,0.773,0.8837,0.7192,0.9506,0.953,0.9564,0.9564,0.9602,0.8108,0.9375,0.7143
0.83,0.17,0.9564,0.773,0.8837,0.7192,0.9506,0.953,0.9564,0.9564,0.9602,0.8108,0.9375,0.7143
0.83,0.18,0.9564,0.773,0.8837,0.7192,0.9506,0.953,0.9564,0.9564,0.9602,0.8108,0.9375,0.7143
0.83,0.19,0.9564,0.773,0.8837,0.7192,0.9506,0.953,0.9564,0.9564,0.9602,0.8108,0.9375,0.7143
0.83,0.2,0.9564,0.773,0.8837,0.7192,0.9506,0.953,0.9564,0.9564,0.9602,0.8108,0.9375,0.7143
0.83,0.21,0.9564,0.773,0.8837,0.7192,0.9506,0.953,0.9564,0.9564,0.9602,0.8108,0.9375,0.7143
0.83,0.22,0.9564,0.773,0.8837,0.7192,0.9506,0.953,0.9564,0.9564,0.9602,0.8108,0.9375,0.7143
0.83,0.23,0.9564,0.773,0.8837,0.7192,0.9506,0.953,0.9564,0.9564,0.9602,0.8108,0.9375,0.7143
0.83,0.24,0.9583,0.7786,0.8964,0.7195,0.9523,0.955,0.9583,0.9583,0.9621,0.8182,0.9574,0.7143
0.83,0.25,0.9564,0.7724,0.8952,0.71,0.9502,0.953,0.9564,0.9564,0.9602,0.8073,0.9565,0.6984
0.83,0.26,0.9564,0.7724,0.8952,0.71,0.9502,0.953,0.9564,0.9564,0.9602,0.8073,0.9565,0.6984
0.83,0.27,0.9564,0.7724,0.8952,0.71,0.9502,0.953,0.9564,0.9564,0.9602,0.8073,0.9565,0.6984
0.83,0.28,0.9564,0.7724,0.8952,0.71,0.9502,0.953,0.9564,0.9564,0.9602,0.8073,0.9565,0.6984
0.83,0.29,0.9564,0.7724,0.8952,0.71,0.9502,0.953,0.9564,0.9564,0.9602,0.8073,0.9565,0.6984
0.83,0.3,0.9564,0.7724,0.8952,0.71,0.9502,0.953,0.9564,0.9564,0.9602,0.8073,0.9565,0.6984
0.83,0.31,0.9564,0.7724,0.8952,0.71,0.9502,0.953,0.9564,0.9564,0.9602,0.8073,0.9565,0.6984
0.83,0.32,0.9564,0.7724,0.8952,0.71,0.9502,0.953,0.9564,0.9564,0.9602,0.8073,0.9565,0.6984
0.83,0.33,0.9564,0.7724,0.8952,0.71,0.9502,0.953,0.9564,0.9564,0.9602,0.8073,0.9565,0.6984
0.83,0.34,0.9564,0.7724,0.8952,0.71,0.9502,0.953,0.9564,0.9564,0.9602,0.8073,0.9565,0.6984
0.83,0.35,0.9564,0.7724,0.8952,0.71,0.9502,0.953,0.9564,0.9564,0.9602,0.8073,0.9565,0.6984
0.83,0.36,0.9564,0.7724,0.8952,0.71,0.9502,0.953,0.9564,0.9564,0.9602,0.8073,0.9565,0.6984
0.83,0.37,0.9564,0.7724,0.8952,0.71,0.9502,0.953,0.9564,0.9564,0.9602,0.8073,0.9565,0.6984
0.83,0.38,0.9564,0.7724,0.8952,0.71,0.9502,0.953,0.9564,0.9564,0.9602,0.8073,0.9565,0.6984
0.83,0.39,0.9564,0.7724,0.8952,0.71,0.9502,0.953,0.9564,0.9564,0.9602,0.8073,0.9565,0.6984
0.83,0.4,0.9564,0.7724,0.8952,0.71,0.9502,0.953,0.9564,0.9564,0.9602,0.8073,0.9565,0.6984
0.83,0.41,0.9564,0.7724,0.8952,0.71,0.9502,0.953,0.9564,0.9564,0.9602,0.8073,0.9565,0.6984
0.83,0.42,0.9564,0.7724,0.8952,0.71,0.9502,0.953,0.9564,0.9564,0.9602,0.8073,0.9565,0.6984
0.83,0.43,0.9564,0.7724,0.8952,0.71,0.9502,0.953,0.9564,0.9564,0.9602,0.8073,0.9565,0.6984
0.83,0.44,0.9564,0.7724,0.8952,0.71,0.9502,0.953,0.9564,0.9564,0.9602,0.8073,0.9565,0.6984
0.83,0.45,0.9564,0.7724,0.8952,0.71,0.9502,0.953,0.9564,0.9564,0.9602,0.8073,0.9565,0.6984
0.83,0.46,0.9564,0.7724,0.8952,0.71,0.9502,0.953,0.9564,0.9564,0.9602,0.8073,0.9565,0.6984
0.83,0.47,0.9564,0.7724,0.8952,0.71,0.9502,0.953,0.9564,0.9564,0.9602,0.8073,0.9565,0.6984
0.83,0.48,0.9545,0.7639,0.8949,0.6957,0.9482,0.9513,0.9545,0.9545,0.9583,0.7963,0.9556,0.6825
0.83,0.49,0.9545,0.7639,0.8949,0.6957,0.9482,0.9513,0.9545,0.9545,0.9583,0.7963,0.9556,0.6825
0.83,0.5,0.9508,0.7421,0.8932,0.6732,0.9429,0.9476,0.9508,0.9508,0.9545,0.7736,0.9535,0.6508
0.83,0.51,0.9508,0.7463,0.9168,0.6732,0.9425,0.9484,0.9508,0.9508,0.9527,0.7619,0.9524,0.6349
0.83,0.52,0.9508,0.7463,0.9168,0.6732,0.9425,0.9484,0.9508,0.9508,0.9527,0.7619,0.9524,0.6349
0.83,0.53,0.9508,0.7463,0.9168,0.6732,0.9425,0.9484,0.9508,0.9508,0.9527,0.7619,0.9524,0.6349
0.83,0.54,0.9508,0.7463,0.9168,0.6732,0.9425,0.9484,0.9508,0.9508,0.9527,0.7619,0.9524,0.6349
0.83,0.55,0.9508,0.7463,0.9168,0.6732,0.9425,0.9484,0.9508,0.9508,0.9527,0.7619,0.9524,0.6349
0.83,0.56,0.9508,0.7463,0.9168,0.6732,0.9425,0.9484,0.9508,0.9508,0.9527,0.7619,0.9524,0.6349
0.83,0.57,0.9508,0.7463,0.9168,0.6732,0.9425,0.9484,0.9508,0.9508,0.9527,0.7619,0.9524,0.6349
0.83,0.58,0.9508,0.7463,0.9168,0.6732,0.9425,0.9484,0.9508,0.9508,0.9527,0.7619,0.9524,0.6349
0.83,0.59,0.9508,0.7463,0.9168,0.6732,0.9425,0.9484,0.9508,0.9508,0.9527,0.7619,0.9524,0.6349
0.83,0.6,0.9508,0.7463,0.9168,0.6732,0.9425,0.9484,0.9508,0.9508,0.9527,0.7619,0.9524,0.6349
0.83,0.61,0.9508,0.7463,0.9168,0.6732,0.9425,0.9484,0.9508,0.9508,0.9527,0.7619,0.9524,0.6349
0.83,0.62,0.9508,0.7463,0.9168,0.6732,0.9425,0.9484,0.9508,0.9508,0.9527,0.7619,0.9524,0.6349
0.83,0.63,0.947,0.7262,0.9162,0.6446,0.938,0.9449,0.947,0.947,0.9489,0.7379,0.95,0.6032
0.83,0.64,0.947,0.7262,0.9162,0.6446,0.938,0.9449,0.947,0.947,0.9489,0.7379,0.95,0.6032
0.83,0.65,0.947,0.7262,0.9162,0.6446,0.938,0.9449,0.947,0.947,0.9489,0.7379,0.95,0.6032
0.83,0.66,0.947,0.7262,0.9162,0.6446,0.938,0.9449,0.947,0.947,0.9489,0.7379,0.95,0.6032
0.83,0.67,0.947,0.7262,0.9162,0.6446,0.938,0.9449,0.947,0.947,0.9489,0.7379,0.95,0.6032
0.83,0.68,0.947,0.7262,0.9162,0.6446,0.938,0.9449,0.947,0.947,0.9489,0.7379,0.95,0.6032
0.83,0.69,0.947,0.7262,0.9162,0.6446,0.938,0.9449,0.947,0.947,0.9489,0.7379,0.95,0.6032
0.83,0.7,0.947,0.7262,0.9162,0.6446,0.938,0.9449,0.947,0.947,0.9489,0.7379,0.95,0.6032
0.83,0.71,0.947,0.7262,0.9162,0.6446,0.938,0.9449,0.947,0.947,0.9489,0.7379,0.95,0.6032
0.83,0.72,0.947,0.7262,0.9162,0.6446,0.938,0.9449,0.947,0.947,0.9489,0.7379,0.95,0.6032
0.83,0.73,0.947,0.7262,0.9162,0.6446,0.938,0.9449,0.947,0.947,0.9489,0.7379,0.95,0.6032
0.83,0.74,0.9451,0.717,0.9139,0.6316,0.9358,0.9429,0.9451,0.9451,0.947,0.7255,0.9487,0.5873
0.83,0.75,0.9451,0.717,0.9139,0.6316,0.9358,0.9429,0.9451,0.9451,0.947,0.7255,0.9487,0.5873
0.83,0.76,0.9451,0.717,0.9139,0.6316,0.9358,0.9429,0.9451,0.9451,0.947,0.7255,0.9487,0.5873
0.83,0.77,0.9451,0.717,0.9139,0.6316,0.9358,0.9429,0.9451,0.9451,0.947,0.7255,0.9487,0.5873
0.83,0.78,0.9451,0.717,0.9139,0.6316,0.9358,0.9429,0.9451,0.9451,0.947,0.7255,0.9487,0.5873
0.83,0.79,0.9451,0.717,0.9139,0.6316,0.9358,0.9429,0.9451,0.9451,0.947,0.7255,0.9487,0.5873
0.83,0.8,0.9451,0.717,0.9139,0.6316,0.9358,0.9429,0.9451,0.9451,0.947,0.7255,0.9487,0.5873
0.83,0.81,0.9432,0.7073,0.9137,0.6138,0.9339,0.9412,0.9432,0.9432,0.9451,0.7129,0.9474,0.5714
0.83,0.82,0.9432,0.7073,0.9137,0.6138,0.9339,0.9412,0.9432,0.9432,0.9451,0.7129,0.9474,0.5714
0.83,0.83,0.9432,0.7073,0.9137,0.6138,0.9339,0.9412,0.9432,0.9432,0.9451,0.7129,0.9474,0.5714
0.84,0.0,0.9432,0.7073,0.9137,0.6138,0.9339,0.9412,0.9432,0.9432,0.9451,0.7129,0.9474,0.5714
0.84,0.01,0.928,0.7418,0.719,0.7716,0.9314,0.936,0.928,0.928,0.9318,0.7313,0.6901,0.7778
0.84,0.02,0.9489,0.7816,0.7917,0.775,0.9475,0.9466,0.9489,0.9489,0.9527,0.7967,0.8167,0.7778
0.84,0.03,0.9545,0.7947,0.8314,0.7759,0.9522,0.9526,0.9545,0.9545,0.9583,0.8167,0.8596,0.7778
0.84,0.04,0.9545,0.7889,0.8406,0.7632,0.9513,0.952,0.9545,0.9545,0.9583,0.8136,0.8727,0.7619
0.84,0.05,0.9564,0.7938,0.8692,0.7635,0.953,0.9562,0.9564,0.9564,0.9602,0.8205,0.8889,0.7619
0.84,0.06,0.9564,0.7938,0.8692,0.7635,0.953,0.9562,0.9564,0.9564,0.9602,0.8205,0.8889,0.7619
0.84,0.07,0.9564,0.7938,0.8692,0.7635,0.953,0.9562,0.9564,0.9564,0.9602,0.8205,0.8889,0.7619
0.84,0.08,0.9583,0.8024,0.8851,0.7638,0.9549,0.958,0.9583,0.9583,0.9621,0.8276,0.9057,0.7619
0.84,0.09,0.9583,0.8024,0.8851,0.7638,0.9549,0.958,0.9583,0.9583,0.9621,0.8276,0.9057,0.7619
0.84,0.1,0.9583,0.8024,0.8851,0.7638,0.9549,0.958,0.9583,0.9583,0.9621,0.8276,0.9057,0.7619
0.84,0.11,0.9545,0.7679,0.8733,0.7189,0.9489,0.9515,0.9545,0.9545,0.9583,0.8036,0.9184,0.7143
0.84,0.12,0.9545,0.7679,0.8733,0.7189,0.9489,0.9515,0.9545,0.9545,0.9583,0.8036,0.9184,0.7143
0.84,0.13,0.9564,0.773,0.8837,0.7192,0.9506,0.953,0.9564,0.9564,0.9602,0.8108,0.9375,0.7143
0.84,0.14,0.9564,0.773,0.8837,0.7192,0.9506,0.953,0.9564,0.9564,0.9602,0.8108,0.9375,0.7143
0.84,0.15,0.9564,0.773,0.8837,0.7192,0.9506,0.953,0.9564,0.9564,0.9602,0.8108,0.9375,0.7143
0.84,0.16,0.9564,0.773,0.8837,0.7192,0.9506,0.953,0.9564,0.9564,0.9602,0.8108,0.9375,0.7143
0.84,0.17,0.9564,0.773,0.8837,0.7192,0.9506,0.953,0.9564,0.9564,0.9602,0.8108,0.9375,0.7143
0.84,0.18,0.9564,0.773,0.8837,0.7192,0.9506,0.953,0.9564,0.9564,0.9602,0.8108,0.9375,0.7143
0.84,0.19,0.9564,0.773,0.8837,0.7192,0.9506,0.953,0.9564,0.9564,0.9602,0.8108,0.9375,0.7143
0.84,0.2,0.9564,0.773,0.8837,0.7192,0.9506,0.953,0.9564,0.9564,0.9602,0.8108,0.9375,0.7143
0.84,0.21,0.9564,0.773,0.8837,0.7192,0.9506,0.953,0.9564,0.9564,0.9602,0.8108,0.9375,0.7143
0.84,0.22,0.9564,0.773,0.8837,0.7192,0.9506,0.953,0.9564,0.9564,0.9602,0.8108,0.9375,0.7143
0.84,0.23,0.9564,0.773,0.8837,0.7192,0.9506,0.953,0.9564,0.9564,0.9602,0.8108,0.9375,0.7143
0.84,0.24,0.9583,0.7786,0.8964,0.7195,0.9523,0.955,0.9583,0.9583,0.9621,0.8182,0.9574,0.7143
0.84,0.25,0.9564,0.7724,0.8952,0.71,0.9502,0.953,0.9564,0.9564,0.9602,0.8073,0.9565,0.6984
0.84,0.26,0.9564,0.7724,0.8952,0.71,0.9502,0.953,0.9564,0.9564,0.9602,0.8073,0.9565,0.6984
0.84,0.27,0.9564,0.7724,0.8952,0.71,0.9502,0.953,0.9564,0.9564,0.9602,0.8073,0.9565,0.6984
0.84,0.28,0.9564,0.7724,0.8952,0.71,0.9502,0.953,0.9564,0.9564,0.9602,0.8073,0.9565,0.6984
0.84,0.29,0.9564,0.7724,0.8952,0.71,0.9502,0.953,0.9564,0.9564,0.9602,0.8073,0.9565,0.6984
0.84,0.3,0.9564,0.7724,0.8952,0.71,0.9502,0.953,0.9564,0.9564,0.9602,0.8073,0.9565,0.6984
0.84,0.31,0.9564,0.7724,0.8952,0.71,0.9502,0.953,0.9564,0.9564,0.9602,0.8073,0.9565,0.6984
0.84,0.32,0.9564,0.7724,0.8952,0.71,0.9502,0.953,0.9564,0.9564,0.9602,0.8073,0.9565,0.6984
0.84,0.33,0.9564,0.7724,0.8952,0.71,0.9502,0.953,0.9564,0.9564,0.9602,0.8073,0.9565,0.6984
0.84,0.34,0.9564,0.7724,0.8952,0.71,0.9502,0.953,0.9564,0.9564,0.9602,0.8073,0.9565,0.6984
0.84,0.35,0.9564,0.7724,0.8952,0.71,0.9502,0.953,0.9564,0.9564,0.9602,0.8073,0.9565,0.6984
0.84,0.36,0.9564,0.7724,0.8952,0.71,0.9502,0.953,0.9564,0.9564,0.9602,0.8073,0.9565,0.6984
0.84,0.37,0.9564,0.7724,0.8952,0.71,0.9502,0.953,0.9564,0.9564,0.9602,0.8073,0.9565,0.6984
0.84,0.38,0.9564,0.7724,0.8952,0.71,0.9502,0.953,0.9564,0.9564,0.9602,0.8073,0.9565,0.6984
0.84,0.39,0.9564,0.7724,0.8952,0.71,0.9502,0.953,0.9564,0.9564,0.9602,0.8073,0.9565,0.6984
0.84,0.4,0.9564,0.7724,0.8952,0.71,0.9502,0.953,0.9564,0.9564,0.9602,0.8073,0.9565,0.6984
0.84,0.41,0.9564,0.7724,0.8952,0.71,0.9502,0.953,0.9564,0.9564,0.9602,0.8073,0.9565,0.6984
0.84,0.42,0.9564,0.7724,0.8952,0.71,0.9502,0.953,0.9564,0.9564,0.9602,0.8073,0.9565,0.6984
0.84,0.43,0.9564,0.7724,0.8952,0.71,0.9502,0.953,0.9564,0.9564,0.9602,0.8073,0.9565,0.6984
0.84,0.44,0.9564,0.7724,0.8952,0.71,0.9502,0.953,0.9564,0.9564,0.9602,0.8073,0.9565,0.6984
0.84,0.45,0.9564,0.7724,0.8952,0.71,0.9502,0.953,0.9564,0.9564,0.9602,0.8073,0.9565,0.6984
0.84,0.46,0.9564,0.7724,0.8952,0.71,0.9502,0.953,0.9564,0.9564,0.9602,0.8073,0.9565,0.6984
0.84,0.47,0.9564,0.7724,0.8952,0.71,0.9502,0.953,0.9564,0.9564,0.9602,0.8073,0.9565,0.6984
0.84,0.48,0.9545,0.7639,0.8949,0.6957,0.9482,0.9513,0.9545,0.9545,0.9583,0.7963,0.9556,0.6825
0.84,0.49,0.9545,0.7639,0.8949,0.6957,0.9482,0.9513,0.9545,0.9545,0.9583,0.7963,0.9556,0.6825
0.84,0.5,0.9508,0.7421,0.8932,0.6732,0.9429,0.9476,0.9508,0.9508,0.9545,0.7736,0.9535,0.6508
0.84,0.51,0.9508,0.7463,0.9168,0.6732,0.9425,0.9484,0.9508,0.9508,0.9527,0.7619,0.9524,0.6349
0.84,0.52,0.9508,0.7463,0.9168,0.6732,0.9425,0.9484,0.9508,0.9508,0.9527,0.7619,0.9524,0.6349
0.84,0.53,0.9508,0.7463,0.9168,0.6732,0.9425,0.9484,0.9508,0.9508,0.9527,0.7619,0.9524,0.6349
0.84,0.54,0.9508,0.7463,0.9168,0.6732,0.9425,0.9484,0.9508,0.9508,0.9527,0.7619,0.9524,0.6349
0.84,0.55,0.9508,0.7463,0.9168,0.6732,0.9425,0.9484,0.9508,0.9508,0.9527,0.7619,0.9524,0.6349
0.84,0.56,0.9508,0.7463,0.9168,0.6732,0.9425,0.9484,0.9508,0.9508,0.9527,0.7619,0.9524,0.6349
0.84,0.57,0.9508,0.7463,0.9168,0.6732,0.9425,0.9484,0.9508,0.9508,0.9527,0.7619,0.9524,0.6349
0.84,0.58,0.9508,0.7463,0.9168,0.6732,0.9425,0.9484,0.9508,0.9508,0.9527,0.7619,0.9524,0.6349
0.84,0.59,0.9508,0.7463,0.9168,0.6732,0.9425,0.9484,0.9508,0.9508,0.9527,0.7619,0.9524,0.6349
0.84,0.6,0.9508,0.7463,0.9168,0.6732,0.9425,0.9484,0.9508,0.9508,0.9527,0.7619,0.9524,0.6349
0.84,0.61,0.9508,0.7463,0.9168,0.6732,0.9425,0.9484,0.9508,0.9508,0.9527,0.7619,0.9524,0.6349
0.84,0.62,0.9508,0.7463,0.9168,0.6732,0.9425,0.9484,0.9508,0.9508,0.9527,0.7619,0.9524,0.6349
0.84,0.63,0.947,0.7262,0.9162,0.6446,0.938,0.9449,0.947,0.947,0.9489,0.7379,0.95,0.6032
0.84,0.64,0.947,0.7262,0.9162,0.6446,0.938,0.9449,0.947,0.947,0.9489,0.7379,0.95,0.6032
0.84,0.65,0.947,0.7262,0.9162,0.6446,0.938,0.9449,0.947,0.947,0.9489,0.7379,0.95,0.6032
0.84,0.66,0.947,0.7262,0.9162,0.6446,0.938,0.9449,0.947,0.947,0.9489,0.7379,0.95,0.6032
0.84,0.67,0.947,0.7262,0.9162,0.6446,0.938,0.9449,0.947,0.947,0.9489,0.7379,0.95,0.6032
0.84,0.68,0.947,0.7262,0.9162,0.6446,0.938,0.9449,0.947,0.947,0.9489,0.7379,0.95,0.6032
0.84,0.69,0.947,0.7262,0.9162,0.6446,0.938,0.9449,0.947,0.947,0.9489,0.7379,0.95,0.6032
0.84,0.7,0.947,0.7262,0.9162,0.6446,0.938,0.9449,0.947,0.947,0.9489,0.7379,0.95,0.6032
0.84,0.71,0.947,0.7262,0.9162,0.6446,0.938,0.9449,0.947,0.947,0.9489,0.7379,0.95,0.6032
0.84,0.72,0.947,0.7262,0.9162,0.6446,0.938,0.9449,0.947,0.947,0.9489,0.7379,0.95,0.6032
0.84,0.73,0.947,0.7262,0.9162,0.6446,0.938,0.9449,0.947,0.947,0.9489,0.7379,0.95,0.6032
0.84,0.74,0.9451,0.717,0.9139,0.6316,0.9358,0.9429,0.9451,0.9451,0.947,0.7255,0.9487,0.5873
0.84,0.75,0.9451,0.717,0.9139,0.6316,0.9358,0.9429,0.9451,0.9451,0.947,0.7255,0.9487,0.5873
0.84,0.76,0.9451,0.717,0.9139,0.6316,0.9358,0.9429,0.9451,0.9451,0.947,0.7255,0.9487,0.5873
0.84,0.77,0.9451,0.717,0.9139,0.6316,0.9358,0.9429,0.9451,0.9451,0.947,0.7255,0.9487,0.5873
0.84,0.78,0.9451,0.717,0.9139,0.6316,0.9358,0.9429,0.9451,0.9451,0.947,0.7255,0.9487,0.5873
0.84,0.79,0.9451,0.717,0.9139,0.6316,0.9358,0.9429,0.9451,0.9451,0.947,0.7255,0.9487,0.5873
0.84,0.8,0.9451,0.717,0.9139,0.6316,0.9358,0.9429,0.9451,0.9451,0.947,0.7255,0.9487,0.5873
0.84,0.81,0.9432,0.7073,0.9137,0.6138,0.9339,0.9412,0.9432,0.9432,0.9451,0.7129,0.9474,0.5714
0.84,0.82,0.9432,0.7073,0.9137,0.6138,0.9339,0.9412,0.9432,0.9432,0.9451,0.7129,0.9474,0.5714
0.84,0.83,0.9432,0.7073,0.9137,0.6138,0.9339,0.9412,0.9432,0.9432,0.9451,0.7129,0.9474,0.5714
0.84,0.84,0.9432,0.7073,0.9137,0.6138,0.9339,0.9412,0.9432,0.9432,0.9451,0.7129,0.9474,0.5714
0.85,0.0,0.9432,0.7073,0.9137,0.6138,0.9339,0.9412,0.9432,0.9432,0.9451,0.7129,0.9474,0.5714
0.85,0.01,0.928,0.7418,0.719,0.7716,0.9314,0.936,0.928,0.928,0.9318,0.7313,0.6901,0.7778
0.85,0.02,0.9489,0.7816,0.7917,0.775,0.9475,0.9466,0.9489,0.9489,0.9527,0.7967,0.8167,0.7778
0.85,0.03,0.9545,0.7947,0.8314,0.7759,0.9522,0.9526,0.9545,0.9545,0.9583,0.8167,0.8596,0.7778
0.85,0.04,0.9545,0.7889,0.8406,0.7632,0.9513,0.952,0.9545,0.9545,0.9583,0.8136,0.8727,0.7619
0.85,0.05,0.9564,0.7938,0.8692,0.7635,0.953,0.9562,0.9564,0.9564,0.9602,0.8205,0.8889,0.7619
0.85,0.06,0.9564,0.7938,0.8692,0.7635,0.953,0.9562,0.9564,0.9564,0.9602,0.8205,0.8889,0.7619
0.85,0.07,0.9564,0.7938,0.8692,0.7635,0.953,0.9562,0.9564,0.9564,0.9602,0.8205,0.8889,0.7619
0.85,0.08,0.9583,0.8024,0.8851,0.7638,0.9549,0.958,0.9583,0.9583,0.9621,0.8276,0.9057,0.7619
0.85,0.09,0.9583,0.8024,0.8851,0.7638,0.9549,0.958,0.9583,0.9583,0.9621,0.8276,0.9057,0.7619
0.85,0.1,0.9583,0.8024,0.8851,0.7638,0.9549,0.958,0.9583,0.9583,0.9621,0.8276,0.9057,0.7619
0.85,0.11,0.9545,0.7679,0.8733,0.7189,0.9489,0.9515,0.9545,0.9545,0.9583,0.8036,0.9184,0.7143
0.85,0.12,0.9545,0.7679,0.8733,0.7189,0.9489,0.9515,0.9545,0.9545,0.9583,0.8036,0.9184,0.7143
0.85,0.13,0.9564,0.773,0.8837,0.7192,0.9506,0.953,0.9564,0.9564,0.9602,0.8108,0.9375,0.7143
0.85,0.14,0.9564,0.773,0.8837,0.7192,0.9506,0.953,0.9564,0.9564,0.9602,0.8108,0.9375,0.7143
0.85,0.15,0.9564,0.773,0.8837,0.7192,0.9506,0.953,0.9564,0.9564,0.9602,0.8108,0.9375,0.7143
0.85,0.16,0.9564,0.773,0.8837,0.7192,0.9506,0.953,0.9564,0.9564,0.9602,0.8108,0.9375,0.7143
0.85,0.17,0.9564,0.773,0.8837,0.7192,0.9506,0.953,0.9564,0.9564,0.9602,0.8108,0.9375,0.7143
0.85,0.18,0.9564,0.773,0.8837,0.7192,0.9506,0.953,0.9564,0.9564,0.9602,0.8108,0.9375,0.7143
0.85,0.19,0.9564,0.773,0.8837,0.7192,0.9506,0.953,0.9564,0.9564,0.9602,0.8108,0.9375,0.7143
0.85,0.2,0.9564,0.773,0.8837,0.7192,0.9506,0.953,0.9564,0.9564,0.9602,0.8108,0.9375,0.7143
0.85,0.21,0.9564,0.773,0.8837,0.7192,0.9506,0.953,0.9564,0.9564,0.9602,0.8108,0.9375,0.7143
0.85,0.22,0.9564,0.773,0.8837,0.7192,0.9506,0.953,0.9564,0.9564,0.9602,0.8108,0.9375,0.7143
0.85,0.23,0.9564,0.773,0.8837,0.7192,0.9506,0.953,0.9564,0.9564,0.9602,0.8108,0.9375,0.7143
0.85,0.24,0.9583,0.7786,0.8964,0.7195,0.9523,0.955,0.9583,0.9583,0.9621,0.8182,0.9574,0.7143
0.85,0.25,0.9564,0.7724,0.8952,0.71,0.9502,0.953,0.9564,0.9564,0.9602,0.8073,0.9565,0.6984
0.85,0.26,0.9564,0.7724,0.8952,0.71,0.9502,0.953,0.9564,0.9564,0.9602,0.8073,0.9565,0.6984
0.85,0.27,0.9564,0.7724,0.8952,0.71,0.9502,0.953,0.9564,0.9564,0.9602,0.8073,0.9565,0.6984
0.85,0.28,0.9564,0.7724,0.8952,0.71,0.9502,0.953,0.9564,0.9564,0.9602,0.8073,0.9565,0.6984
0.85,0.29,0.9564,0.7724,0.8952,0.71,0.9502,0.953,0.9564,0.9564,0.9602,0.8073,0.9565,0.6984
0.85,0.3,0.9564,0.7724,0.8952,0.71,0.9502,0.953,0.9564,0.9564,0.9602,0.8073,0.9565,0.6984
0.85,0.31,0.9564,0.7724,0.8952,0.71,0.9502,0.953,0.9564,0.9564,0.9602,0.8073,0.9565,0.6984
0.85,0.32,0.9564,0.7724,0.8952,0.71,0.9502,0.953,0.9564,0.9564,0.9602,0.8073,0.9565,0.6984
0.85,0.33,0.9564,0.7724,0.8952,0.71,0.9502,0.953,0.9564,0.9564,0.9602,0.8073,0.9565,0.6984
0.85,0.34,0.9564,0.7724,0.8952,0.71,0.9502,0.953,0.9564,0.9564,0.9602,0.8073,0.9565,0.6984
0.85,0.35,0.9564,0.7724,0.8952,0.71,0.9502,0.953,0.9564,0.9564,0.9602,0.8073,0.9565,0.6984
0.85,0.36,0.9564,0.7724,0.8952,0.71,0.9502,0.953,0.9564,0.9564,0.9602,0.8073,0.9565,0.6984
0.85,0.37,0.9564,0.7724,0.8952,0.71,0.9502,0.953,0.9564,0.9564,0.9602,0.8073,0.9565,0.6984
0.85,0.38,0.9564,0.7724,0.8952,0.71,0.9502,0.953,0.9564,0.9564,0.9602,0.8073,0.9565,0.6984
0.85,0.39,0.9564,0.7724,0.8952,0.71,0.9502,0.953,0.9564,0.9564,0.9602,0.8073,0.9565,0.6984
0.85,0.4,0.9564,0.7724,0.8952,0.71,0.9502,0.953,0.9564,0.9564,0.9602,0.8073,0.9565,0.6984
0.85,0.41,0.9564,0.7724,0.8952,0.71,0.9502,0.953,0.9564,0.9564,0.9602,0.8073,0.9565,0.6984
0.85,0.42,0.9564,0.7724,0.8952,0.71,0.9502,0.953,0.9564,0.9564,0.9602,0.8073,0.9565,0.6984
0.85,0.43,0.9564,0.7724,0.8952,0.71,0.9502,0.953,0.9564,0.9564,0.9602,0.8073,0.9565,0.6984
0.85,0.44,0.9564,0.7724,0.8952,0.71,0.9502,0.953,0.9564,0.9564,0.9602,0.8073,0.9565,0.6984
0.85,0.45,0.9564,0.7724,0.8952,0.71,0.9502,0.953,0.9564,0.9564,0.9602,0.8073,0.9565,0.6984
0.85,0.46,0.9564,0.7724,0.8952,0.71,0.9502,0.953,0.9564,0.9564,0.9602,0.8073,0.9565,0.6984
0.85,0.47,0.9564,0.7724,0.8952,0.71,0.9502,0.953,0.9564,0.9564,0.9602,0.8073,0.9565,0.6984
0.85,0.48,0.9545,0.7639,0.8949,0.6957,0.9482,0.9513,0.9545,0.9545,0.9583,0.7963,0.9556,0.6825
0.85,0.49,0.9545,0.7639,0.8949,0.6957,0.9482,0.9513,0.9545,0.9545,0.9583,0.7963,0.9556,0.6825
0.85,0.5,0.9508,0.7421,0.8932,0.6732,0.9429,0.9476,0.9508,0.9508,0.9545,0.7736,0.9535,0.6508
0.85,0.51,0.9508,0.7463,0.9168,0.6732,0.9425,0.9484,0.9508,0.9508,0.9527,0.7619,0.9524,0.6349
0.85,0.52,0.9508,0.7463,0.9168,0.6732,0.9425,0.9484,0.9508,0.9508,0.9527,0.7619,0.9524,0.6349
0.85,0.53,0.9508,0.7463,0.9168,0.6732,0.9425,0.9484,0.9508,0.9508,0.9527,0.7619,0.9524,0.6349
0.85,0.54,0.9508,0.7463,0.9168,0.6732,0.9425,0.9484,0.9508,0.9508,0.9527,0.7619,0.9524,0.6349
0.85,0.55,0.9508,0.7463,0.9168,0.6732,0.9425,0.9484,0.9508,0.9508,0.9527,0.7619,0.9524,0.6349
0.85,0.56,0.9508,0.7463,0.9168,0.6732,0.9425,0.9484,0.9508,0.9508,0.9527,0.7619,0.9524,0.6349
0.85,0.57,0.9508,0.7463,0.9168,0.6732,0.9425,0.9484,0.9508,0.9508,0.9527,0.7619,0.9524,0.6349
0.85,0.58,0.9508,0.7463,0.9168,0.6732,0.9425,0.9484,0.9508,0.9508,0.9527,0.7619,0.9524,0.6349
0.85,0.59,0.9508,0.7463,0.9168,0.6732,0.9425,0.9484,0.9508,0.9508,0.9527,0.7619,0.9524,0.6349
0.85,0.6,0.9508,0.7463,0.9168,0.6732,0.9425,0.9484,0.9508,0.9508,0.9527,0.7619,0.9524,0.6349
0.85,0.61,0.9508,0.7463,0.9168,0.6732,0.9425,0.9484,0.9508,0.9508,0.9527,0.7619,0.9524,0.6349
0.85,0.62,0.9508,0.7463,0.9168,0.6732,0.9425,0.9484,0.9508,0.9508,0.9527,0.7619,0.9524,0.6349
0.85,0.63,0.947,0.7262,0.9162,0.6446,0.938,0.9449,0.947,0.947,0.9489,0.7379,0.95,0.6032
0.85,0.64,0.947,0.7262,0.9162,0.6446,0.938,0.9449,0.947,0.947,0.9489,0.7379,0.95,0.6032
0.85,0.65,0.947,0.7262,0.9162,0.6446,0.938,0.9449,0.947,0.947,0.9489,0.7379,0.95,0.6032
0.85,0.66,0.947,0.7262,0.9162,0.6446,0.938,0.9449,0.947,0.947,0.9489,0.7379,0.95,0.6032
0.85,0.67,0.947,0.7262,0.9162,0.6446,0.938,0.9449,0.947,0.947,0.9489,0.7379,0.95,0.6032
0.85,0.68,0.947,0.7262,0.9162,0.6446,0.938,0.9449,0.947,0.947,0.9489,0.7379,0.95,0.6032
0.85,0.69,0.947,0.7262,0.9162,0.6446,0.938,0.9449,0.947,0.947,0.9489,0.7379,0.95,0.6032
0.85,0.7,0.947,0.7262,0.9162,0.6446,0.938,0.9449,0.947,0.947,0.9489,0.7379,0.95,0.6032
0.85,0.71,0.947,0.7262,0.9162,0.6446,0.938,0.9449,0.947,0.947,0.9489,0.7379,0.95,0.6032
0.85,0.72,0.947,0.7262,0.9162,0.6446,0.938,0.9449,0.947,0.947,0.9489,0.7379,0.95,0.6032
0.85,0.73,0.947,0.7262,0.9162,0.6446,0.938,0.9449,0.947,0.947,0.9489,0.7379,0.95,0.6032
0.85,0.74,0.9451,0.717,0.9139,0.6316,0.9358,0.9429,0.9451,0.9451,0.947,0.7255,0.9487,0.5873
0.85,0.75,0.9451,0.717,0.9139,0.6316,0.9358,0.9429,0.9451,0.9451,0.947,0.7255,0.9487,0.5873
0.85,0.76,0.9451,0.717,0.9139,0.6316,0.9358,0.9429,0.9451,0.9451,0.947,0.7255,0.9487,0.5873
0.85,0.77,0.9451,0.717,0.9139,0.6316,0.9358,0.9429,0.9451,0.9451,0.947,0.7255,0.9487,0.5873
0.85,0.78,0.9451,0.717,0.9139,0.6316,0.9358,0.9429,0.9451,0.9451,0.947,0.7255,0.9487,0.5873
0.85,0.79,0.9451,0.717,0.9139,0.6316,0.9358,0.9429,0.9451,0.9451,0.947,0.7255,0.9487,0.5873
0.85,0.8,0.9451,0.717,0.9139,0.6316,0.9358,0.9429,0.9451,0.9451,0.947,0.7255,0.9487,0.5873
0.85,0.81,0.9432,0.7073,0.9137,0.6138,0.9339,0.9412,0.9432,0.9432,0.9451,0.7129,0.9474,0.5714
0.85,0.82,0.9432,0.7073,0.9137,0.6138,0.9339,0.9412,0.9432,0.9432,0.9451,0.7129,0.9474,0.5714
0.85,0.83,0.9432,0.7073,0.9137,0.6138,0.9339,0.9412,0.9432,0.9432,0.9451,0.7129,0.9474,0.5714
0.85,0.84,0.9432,0.7073,0.9137,0.6138,0.9339,0.9412,0.9432,0.9432,0.9451,0.7129,0.9474,0.5714
0.85,0.85,0.9432,0.7073,0.9137,0.6138,0.9339,0.9412,0.9432,0.9432,0.9451,0.7129,0.9474,0.5714
0.86,0.0,0.9432,0.7073,0.9137,0.6138,0.9339,0.9412,0.9432,0.9432,0.9451,0.7129,0.9474,0.5714
0.86,0.01,0.928,0.7418,0.719,0.7716,0.9314,0.936,0.928,0.928,0.9318,0.7313,0.6901,0.7778
0.86,0.02,0.9489,0.7816,0.7917,0.775,0.9475,0.9466,0.9489,0.9489,0.9527,0.7967,0.8167,0.7778
0.86,0.03,0.9545,0.7947,0.8314,0.7759,0.9522,0.9526,0.9545,0.9545,0.9583,0.8167,0.8596,0.7778
0.86,0.04,0.9545,0.7889,0.8406,0.7632,0.9513,0.952,0.9545,0.9545,0.9583,0.8136,0.8727,0.7619
0.86,0.05,0.9564,0.7938,0.8692,0.7635,0.953,0.9562,0.9564,0.9564,0.9602,0.8205,0.8889,0.7619
0.86,0.06,0.9564,0.7938,0.8692,0.7635,0.953,0.9562,0.9564,0.9564,0.9602,0.8205,0.8889,0.7619
0.86,0.07,0.9564,0.7938,0.8692,0.7635,0.953,0.9562,0.9564,0.9564,0.9602,0.8205,0.8889,0.7619
0.86,0.08,0.9583,0.8024,0.8851,0.7638,0.9549,0.958,0.9583,0.9583,0.9621,0.8276,0.9057,0.7619
0.86,0.09,0.9583,0.8024,0.8851,0.7638,0.9549,0.958,0.9583,0.9583,0.9621,0.8276,0.9057,0.7619
0.86,0.1,0.9583,0.8024,0.8851,0.7638,0.9549,0.958,0.9583,0.9583,0.9621,0.8276,0.9057,0.7619
0.86,0.11,0.9545,0.7679,0.8733,0.7189,0.9489,0.9515,0.9545,0.9545,0.9583,0.8036,0.9184,0.7143
0.86,0.12,0.9545,0.7679,0.8733,0.7189,0.9489,0.9515,0.9545,0.9545,0.9583,0.8036,0.9184,0.7143
0.86,0.13,0.9564,0.773,0.8837,0.7192,0.9506,0.953,0.9564,0.9564,0.9602,0.8108,0.9375,0.7143
0.86,0.14,0.9564,0.773,0.8837,0.7192,0.9506,0.953,0.9564,0.9564,0.9602,0.8108,0.9375,0.7143
0.86,0.15,0.9564,0.773,0.8837,0.7192,0.9506,0.953,0.9564,0.9564,0.9602,0.8108,0.9375,0.7143
0.86,0.16,0.9564,0.773,0.8837,0.7192,0.9506,0.953,0.9564,0.9564,0.9602,0.8108,0.9375,0.7143
0.86,0.17,0.9564,0.773,0.8837,0.7192,0.9506,0.953,0.9564,0.9564,0.9602,0.8108,0.9375,0.7143
0.86,0.18,0.9564,0.773,0.8837,0.7192,0.9506,0.953,0.9564,0.9564,0.9602,0.8108,0.9375,0.7143
0.86,0.19,0.9564,0.773,0.8837,0.7192,0.9506,0.953,0.9564,0.9564,0.9602,0.8108,0.9375,0.7143
0.86,0.2,0.9564,0.773,0.8837,0.7192,0.9506,0.953,0.9564,0.9564,0.9602,0.8108,0.9375,0.7143
0.86,0.21,0.9564,0.773,0.8837,0.7192,0.9506,0.953,0.9564,0.9564,0.9602,0.8108,0.9375,0.7143
0.86,0.22,0.9564,0.773,0.8837,0.7192,0.9506,0.953,0.9564,0.9564,0.9602,0.8108,0.9375,0.7143
0.86,0.23,0.9564,0.773,0.8837,0.7192,0.9506,0.953,0.9564,0.9564,0.9602,0.8108,0.9375,0.7143
0.86,0.24,0.9583,0.7786,0.8964,0.7195,0.9523,0.955,0.9583,0.9583,0.9621,0.8182,0.9574,0.7143
0.86,0.25,0.9564,0.7724,0.8952,0.71,0.9502,0.953,0.9564,0.9564,0.9602,0.8073,0.9565,0.6984
0.86,0.26,0.9564,0.7724,0.8952,0.71,0.9502,0.953,0.9564,0.9564,0.9602,0.8073,0.9565,0.6984
0.86,0.27,0.9564,0.7724,0.8952,0.71,0.9502,0.953,0.9564,0.9564,0.9602,0.8073,0.9565,0.6984
0.86,0.28,0.9564,0.7724,0.8952,0.71,0.9502,0.953,0.9564,0.9564,0.9602,0.8073,0.9565,0.6984
0.86,0.29,0.9564,0.7724,0.8952,0.71,0.9502,0.953,0.9564,0.9564,0.9602,0.8073,0.9565,0.6984
0.86,0.3,0.9564,0.7724,0.8952,0.71,0.9502,0.953,0.9564,0.9564,0.9602,0.8073,0.9565,0.6984
0.86,0.31,0.9564,0.7724,0.8952,0.71,0.9502,0.953,0.9564,0.9564,0.9602,0.8073,0.9565,0.6984
0.86,0.32,0.9564,0.7724,0.8952,0.71,0.9502,0.953,0.9564,0.9564,0.9602,0.8073,0.9565,0.6984
0.86,0.33,0.9564,0.7724,0.8952,0.71,0.9502,0.953,0.9564,0.9564,0.9602,0.8073,0.9565,0.6984
0.86,0.34,0.9564,0.7724,0.8952,0.71,0.9502,0.953,0.9564,0.9564,0.9602,0.8073,0.9565,0.6984
0.86,0.35,0.9564,0.7724,0.8952,0.71,0.9502,0.953,0.9564,0.9564,0.9602,0.8073,0.9565,0.6984
0.86,0.36,0.9564,0.7724,0.8952,0.71,0.9502,0.953,0.9564,0.9564,0.9602,0.8073,0.9565,0.6984
0.86,0.37,0.9564,0.7724,0.8952,0.71,0.9502,0.953,0.9564,0.9564,0.9602,0.8073,0.9565,0.6984
0.86,0.38,0.9564,0.7724,0.8952,0.71,0.9502,0.953,0.9564,0.9564,0.9602,0.8073,0.9565,0.6984
0.86,0.39,0.9564,0.7724,0.8952,0.71,0.9502,0.953,0.9564,0.9564,0.9602,0.8073,0.9565,0.6984
0.86,0.4,0.9564,0.7724,0.8952,0.71,0.9502,0.953,0.9564,0.9564,0.9602,0.8073,0.9565,0.6984
0.86,0.41,0.9564,0.7724,0.8952,0.71,0.9502,0.953,0.9564,0.9564,0.9602,0.8073,0.9565,0.6984
0.86,0.42,0.9564,0.7724,0.8952,0.71,0.9502,0.953,0.9564,0.9564,0.9602,0.8073,0.9565,0.6984
0.86,0.43,0.9564,0.7724,0.8952,0.71,0.9502,0.953,0.9564,0.9564,0.9602,0.8073,0.9565,0.6984
0.86,0.44,0.9564,0.7724,0.8952,0.71,0.9502,0.953,0.9564,0.9564,0.9602,0.8073,0.9565,0.6984
0.86,0.45,0.9564,0.7724,0.8952,0.71,0.9502,0.953,0.9564,0.9564,0.9602,0.8073,0.9565,0.6984
0.86,0.46,0.9564,0.7724,0.8952,0.71,0.9502,0.953,0.9564,0.9564,0.9602,0.8073,0.9565,0.6984
0.86,0.47,0.9564,0.7724,0.8952,0.71,0.9502,0.953,0.9564,0.9564,0.9602,0.8073,0.9565,0.6984
0.86,0.48,0.9545,0.7639,0.8949,0.6957,0.9482,0.9513,0.9545,0.9545,0.9583,0.7963,0.9556,0.6825
0.86,0.49,0.9545,0.7639,0.8949,0.6957,0.9482,0.9513,0.9545,0.9545,0.9583,0.7963,0.9556,0.6825
0.86,0.5,0.9508,0.7421,0.8932,0.6732,0.9429,0.9476,0.9508,0.9508,0.9545,0.7736,0.9535,0.6508
0.86,0.51,0.9508,0.7463,0.9168,0.6732,0.9425,0.9484,0.9508,0.9508,0.9527,0.7619,0.9524,0.6349
0.86,0.52,0.9508,0.7463,0.9168,0.6732,0.9425,0.9484,0.9508,0.9508,0.9527,0.7619,0.9524,0.6349
0.86,0.53,0.9508,0.7463,0.9168,0.6732,0.9425,0.9484,0.9508,0.9508,0.9527,0.7619,0.9524,0.6349
0.86,0.54,0.9508,0.7463,0.9168,0.6732,0.9425,0.9484,0.9508,0.9508,0.9527,0.7619,0.9524,0.6349
0.86,0.55,0.9508,0.7463,0.9168,0.6732,0.9425,0.9484,0.9508,0.9508,0.9527,0.7619,0.9524,0.6349
0.86,0.56,0.9508,0.7463,0.9168,0.6732,0.9425,0.9484,0.9508,0.9508,0.9527,0.7619,0.9524,0.6349
0.86,0.57,0.9508,0.7463,0.9168,0.6732,0.9425,0.9484,0.9508,0.9508,0.9527,0.7619,0.9524,0.6349
0.86,0.58,0.9508,0.7463,0.9168,0.6732,0.9425,0.9484,0.9508,0.9508,0.9527,0.7619,0.9524,0.6349
0.86,0.59,0.9508,0.7463,0.9168,0.6732,0.9425,0.9484,0.9508,0.9508,0.9527,0.7619,0.9524,0.6349
0.86,0.6,0.9508,0.7463,0.9168,0.6732,0.9425,0.9484,0.9508,0.9508,0.9527,0.7619,0.9524,0.6349
0.86,0.61,0.9508,0.7463,0.9168,0.6732,0.9425,0.9484,0.9508,0.9508,0.9527,0.7619,0.9524,0.6349
0.86,0.62,0.9508,0.7463,0.9168,0.6732,0.9425,0.9484,0.9508,0.9508,0.9527,0.7619,0.9524,0.6349
0.86,0.63,0.947,0.7262,0.9162,0.6446,0.938,0.9449,0.947,0.947,0.9489,0.7379,0.95,0.6032
0.86,0.64,0.947,0.7262,0.9162,0.6446,0.938,0.9449,0.947,0.947,0.9489,0.7379,0.95,0.6032
0.86,0.65,0.947,0.7262,0.9162,0.6446,0.938,0.9449,0.947,0.947,0.9489,0.7379,0.95,0.6032
0.86,0.66,0.947,0.7262,0.9162,0.6446,0.938,0.9449,0.947,0.947,0.9489,0.7379,0.95,0.6032
0.86,0.67,0.947,0.7262,0.9162,0.6446,0.938,0.9449,0.947,0.947,0.9489,0.7379,0.95,0.6032
0.86,0.68,0.947,0.7262,0.9162,0.6446,0.938,0.9449,0.947,0.947,0.9489,0.7379,0.95,0.6032
0.86,0.69,0.947,0.7262,0.9162,0.6446,0.938,0.9449,0.947,0.947,0.9489,0.7379,0.95,0.6032
0.86,0.7,0.947,0.7262,0.9162,0.6446,0.938,0.9449,0.947,0.947,0.9489,0.7379,0.95,0.6032
0.86,0.71,0.947,0.7262,0.9162,0.6446,0.938,0.9449,0.947,0.947,0.9489,0.7379,0.95,0.6032
0.86,0.72,0.947,0.7262,0.9162,0.6446,0.938,0.9449,0.947,0.947,0.9489,0.7379,0.95,0.6032
0.86,0.73,0.947,0.7262,0.9162,0.6446,0.938,0.9449,0.947,0.947,0.9489,0.7379,0.95,0.6032
0.86,0.74,0.9451,0.717,0.9139,0.6316,0.9358,0.9429,0.9451,0.9451,0.947,0.7255,0.9487,0.5873
0.86,0.75,0.9451,0.717,0.9139,0.6316,0.9358,0.9429,0.9451,0.9451,0.947,0.7255,0.9487,0.5873
0.86,0.76,0.9451,0.717,0.9139,0.6316,0.9358,0.9429,0.9451,0.9451,0.947,0.7255,0.9487,0.5873
0.86,0.77,0.9451,0.717,0.9139,0.6316,0.9358,0.9429,0.9451,0.9451,0.947,0.7255,0.9487,0.5873
0.86,0.78,0.9451,0.717,0.9139,0.6316,0.9358,0.9429,0.9451,0.9451,0.947,0.7255,0.9487,0.5873
0.86,0.79,0.9451,0.717,0.9139,0.6316,0.9358,0.9429,0.9451,0.9451,0.947,0.7255,0.9487,0.5873
0.86,0.8,0.9451,0.717,0.9139,0.6316,0.9358,0.9429,0.9451,0.9451,0.947,0.7255,0.9487,0.5873
0.86,0.81,0.9432,0.7073,0.9137,0.6138,0.9339,0.9412,0.9432,0.9432,0.9451,0.7129,0.9474,0.5714
0.86,0.82,0.9432,0.7073,0.9137,0.6138,0.9339,0.9412,0.9432,0.9432,0.9451,0.7129,0.9474,0.5714
0.86,0.83,0.9432,0.7073,0.9137,0.6138,0.9339,0.9412,0.9432,0.9432,0.9451,0.7129,0.9474,0.5714
0.86,0.84,0.9432,0.7073,0.9137,0.6138,0.9339,0.9412,0.9432,0.9432,0.9451,0.7129,0.9474,0.5714
0.86,0.85,0.9432,0.7073,0.9137,0.6138,0.9339,0.9412,0.9432,0.9432,0.9451,0.7129,0.9474,0.5714
0.86,0.86,0.9432,0.7073,0.9137,0.6138,0.9339,0.9412,0.9432,0.9432,0.9451,0.7129,0.9474,0.5714
0.87,0.0,0.9432,0.7073,0.9137,0.6138,0.9339,0.9412,0.9432,0.9432,0.9451,0.7129,0.9474,0.5714
0.87,0.01,0.928,0.7418,0.719,0.7716,0.9314,0.936,0.928,0.928,0.9318,0.7313,0.6901,0.7778
0.87,0.02,0.9489,0.7816,0.7917,0.775,0.9475,0.9466,0.9489,0.9489,0.9527,0.7967,0.8167,0.7778
0.87,0.03,0.9545,0.7947,0.8314,0.7759,0.9522,0.9526,0.9545,0.9545,0.9583,0.8167,0.8596,0.7778
0.87,0.04,0.9545,0.7889,0.8406,0.7632,0.9513,0.952,0.9545,0.9545,0.9583,0.8136,0.8727,0.7619
0.87,0.05,0.9564,0.7938,0.8692,0.7635,0.953,0.9562,0.9564,0.9564,0.9602,0.8205,0.8889,0.7619
0.87,0.06,0.9564,0.7938,0.8692,0.7635,0.953,0.9562,0.9564,0.9564,0.9602,0.8205,0.8889,0.7619
0.87,0.07,0.9564,0.7938,0.8692,0.7635,0.953,0.9562,0.9564,0.9564,0.9602,0.8205,0.8889,0.7619
0.87,0.08,0.9583,0.8024,0.8851,0.7638,0.9549,0.958,0.9583,0.9583,0.9621,0.8276,0.9057,0.7619
0.87,0.09,0.9583,0.8024,0.8851,0.7638,0.9549,0.958,0.9583,0.9583,0.9621,0.8276,0.9057,0.7619
0.87,0.1,0.9583,0.8024,0.8851,0.7638,0.9549,0.958,0.9583,0.9583,0.9621,0.8276,0.9057,0.7619
0.87,0.11,0.9545,0.7679,0.8733,0.7189,0.9489,0.9515,0.9545,0.9545,0.9583,0.8036,0.9184,0.7143
0.87,0.12,0.9545,0.7679,0.8733,0.7189,0.9489,0.9515,0.9545,0.9545,0.9583,0.8036,0.9184,0.7143
0.87,0.13,0.9564,0.773,0.8837,0.7192,0.9506,0.953,0.9564,0.9564,0.9602,0.8108,0.9375,0.7143
0.87,0.14,0.9564,0.773,0.8837,0.7192,0.9506,0.953,0.9564,0.9564,0.9602,0.8108,0.9375,0.7143
0.87,0.15,0.9564,0.773,0.8837,0.7192,0.9506,0.953,0.9564,0.9564,0.9602,0.8108,0.9375,0.7143
0.87,0.16,0.9564,0.773,0.8837,0.7192,0.9506,0.953,0.9564,0.9564,0.9602,0.8108,0.9375,0.7143
0.87,0.17,0.9564,0.773,0.8837,0.7192,0.9506,0.953,0.9564,0.9564,0.9602,0.8108,0.9375,0.7143
0.87,0.18,0.9564,0.773,0.8837,0.7192,0.9506,0.953,0.9564,0.9564,0.9602,0.8108,0.9375,0.7143
0.87,0.19,0.9564,0.773,0.8837,0.7192,0.9506,0.953,0.9564,0.9564,0.9602,0.8108,0.9375,0.7143
0.87,0.2,0.9564,0.773,0.8837,0.7192,0.9506,0.953,0.9564,0.9564,0.9602,0.8108,0.9375,0.7143
0.87,0.21,0.9564,0.773,0.8837,0.7192,0.9506,0.953,0.9564,0.9564,0.9602,0.8108,0.9375,0.7143
0.87,0.22,0.9564,0.773,0.8837,0.7192,0.9506,0.953,0.9564,0.9564,0.9602,0.8108,0.9375,0.7143
0.87,0.23,0.9564,0.773,0.8837,0.7192,0.9506,0.953,0.9564,0.9564,0.9602,0.8108,0.9375,0.7143
0.87,0.24,0.9583,0.7786,0.8964,0.7195,0.9523,0.955,0.9583,0.9583,0.9621,0.8182,0.9574,0.7143
0.87,0.25,0.9564,0.7724,0.8952,0.71,0.9502,0.953,0.9564,0.9564,0.9602,0.8073,0.9565,0.6984
0.87,0.26,0.9564,0.7724,0.8952,0.71,0.9502,0.953,0.9564,0.9564,0.9602,0.8073,0.9565,0.6984
0.87,0.27,0.9564,0.7724,0.8952,0.71,0.9502,0.953,0.9564,0.9564,0.9602,0.8073,0.9565,0.6984
0.87,0.28,0.9564,0.7724,0.8952,0.71,0.9502,0.953,0.9564,0.9564,0.9602,0.8073,0.9565,0.6984
0.87,0.29,0.9564,0.7724,0.8952,0.71,0.9502,0.953,0.9564,0.9564,0.9602,0.8073,0.9565,0.6984
0.87,0.3,0.9564,0.7724,0.8952,0.71,0.9502,0.953,0.9564,0.9564,0.9602,0.8073,0.9565,0.6984
0.87,0.31,0.9564,0.7724,0.8952,0.71,0.9502,0.953,0.9564,0.9564,0.9602,0.8073,0.9565,0.6984
0.87,0.32,0.9564,0.7724,0.8952,0.71,0.9502,0.953,0.9564,0.9564,0.9602,0.8073,0.9565,0.6984
0.87,0.33,0.9564,0.7724,0.8952,0.71,0.9502,0.953,0.9564,0.9564,0.9602,0.8073,0.9565,0.6984
0.87,0.34,0.9564,0.7724,0.8952,0.71,0.9502,0.953,0.9564,0.9564,0.9602,0.8073,0.9565,0.6984
0.87,0.35,0.9564,0.7724,0.8952,0.71,0.9502,0.953,0.9564,0.9564,0.9602,0.8073,0.9565,0.6984
0.87,0.36,0.9564,0.7724,0.8952,0.71,0.9502,0.953,0.9564,0.9564,0.9602,0.8073,0.9565,0.6984
0.87,0.37,0.9564,0.7724,0.8952,0.71,0.9502,0.953,0.9564,0.9564,0.9602,0.8073,0.9565,0.6984
0.87,0.38,0.9564,0.7724,0.8952,0.71,0.9502,0.953,0.9564,0.9564,0.9602,0.8073,0.9565,0.6984
0.87,0.39,0.9564,0.7724,0.8952,0.71,0.9502,0.953,0.9564,0.9564,0.9602,0.8073,0.9565,0.6984
0.87,0.4,0.9564,0.7724,0.8952,0.71,0.9502,0.953,0.9564,0.9564,0.9602,0.8073,0.9565,0.6984
0.87,0.41,0.9564,0.7724,0.8952,0.71,0.9502,0.953,0.9564,0.9564,0.9602,0.8073,0.9565,0.6984
0.87,0.42,0.9564,0.7724,0.8952,0.71,0.9502,0.953,0.9564,0.9564,0.9602,0.8073,0.9565,0.6984
0.87,0.43,0.9564,0.7724,0.8952,0.71,0.9502,0.953,0.9564,0.9564,0.9602,0.8073,0.9565,0.6984
0.87,0.44,0.9564,0.7724,0.8952,0.71,0.9502,0.953,0.9564,0.9564,0.9602,0.8073,0.9565,0.6984
0.87,0.45,0.9564,0.7724,0.8952,0.71,0.9502,0.953,0.9564,0.9564,0.9602,0.8073,0.9565,0.6984
0.87,0.46,0.9564,0.7724,0.8952,0.71,0.9502,0.953,0.9564,0.9564,0.9602,0.8073,0.9565,0.6984
0.87,0.47,0.9564,0.7724,0.8952,0.71,0.9502,0.953,0.9564,0.9564,0.9602,0.8073,0.9565,0.6984
0.87,0.48,0.9545,0.7639,0.8949,0.6957,0.9482,0.9513,0.9545,0.9545,0.9583,0.7963,0.9556,0.6825
0.87,0.49,0.9545,0.7639,0.8949,0.6957,0.9482,0.9513,0.9545,0.9545,0.9583,0.7963,0.9556,0.6825
0.87,0.5,0.9508,0.7421,0.8932,0.6732,0.9429,0.9476,0.9508,0.9508,0.9545,0.7736,0.9535,0.6508
0.87,0.51,0.9508,0.7463,0.9168,0.6732,0.9425,0.9484,0.9508,0.9508,0.9527,0.7619,0.9524,0.6349
0.87,0.52,0.9508,0.7463,0.9168,0.6732,0.9425,0.9484,0.9508,0.9508,0.9527,0.7619,0.9524,0.6349
0.87,0.53,0.9508,0.7463,0.9168,0.6732,0.9425,0.9484,0.9508,0.9508,0.9527,0.7619,0.9524,0.6349
0.87,0.54,0.9508,0.7463,0.9168,0.6732,0.9425,0.9484,0.9508,0.9508,0.9527,0.7619,0.9524,0.6349
0.87,0.55,0.9508,0.7463,0.9168,0.6732,0.9425,0.9484,0.9508,0.9508,0.9527,0.7619,0.9524,0.6349
0.87,0.56,0.9508,0.7463,0.9168,0.6732,0.9425,0.9484,0.9508,0.9508,0.9527,0.7619,0.9524,0.6349
0.87,0.57,0.9508,0.7463,0.9168,0.6732,0.9425,0.9484,0.9508,0.9508,0.9527,0.7619,0.9524,0.6349
0.87,0.58,0.9508,0.7463,0.9168,0.6732,0.9425,0.9484,0.9508,0.9508,0.9527,0.7619,0.9524,0.6349
0.87,0.59,0.9508,0.7463,0.9168,0.6732,0.9425,0.9484,0.9508,0.9508,0.9527,0.7619,0.9524,0.6349
0.87,0.6,0.9508,0.7463,0.9168,0.6732,0.9425,0.9484,0.9508,0.9508,0.9527,0.7619,0.9524,0.6349
0.87,0.61,0.9508,0.7463,0.9168,0.6732,0.9425,0.9484,0.9508,0.9508,0.9527,0.7619,0.9524,0.6349
0.87,0.62,0.9508,0.7463,0.9168,0.6732,0.9425,0.9484,0.9508,0.9508,0.9527,0.7619,0.9524,0.6349
0.87,0.63,0.947,0.7262,0.9162,0.6446,0.938,0.9449,0.947,0.947,0.9489,0.7379,0.95,0.6032
0.87,0.64,0.947,0.7262,0.9162,0.6446,0.938,0.9449,0.947,0.947,0.9489,0.7379,0.95,0.6032
0.87,0.65,0.947,0.7262,0.9162,0.6446,0.938,0.9449,0.947,0.947,0.9489,0.7379,0.95,0.6032
0.87,0.66,0.947,0.7262,0.9162,0.6446,0.938,0.9449,0.947,0.947,0.9489,0.7379,0.95,0.6032
0.87,0.67,0.947,0.7262,0.9162,0.6446,0.938,0.9449,0.947,0.947,0.9489,0.7379,0.95,0.6032
0.87,0.68,0.947,0.7262,0.9162,0.6446,0.938,0.9449,0.947,0.947,0.9489,0.7379,0.95,0.6032
0.87,0.69,0.947,0.7262,0.9162,0.6446,0.938,0.9449,0.947,0.947,0.9489,0.7379,0.95,0.6032
0.87,0.7,0.947,0.7262,0.9162,0.6446,0.938,0.9449,0.947,0.947,0.9489,0.7379,0.95,0.6032
0.87,0.71,0.947,0.7262,0.9162,0.6446,0.938,0.9449,0.947,0.947,0.9489,0.7379,0.95,0.6032
0.87,0.72,0.947,0.7262,0.9162,0.6446,0.938,0.9449,0.947,0.947,0.9489,0.7379,0.95,0.6032
0.87,0.73,0.947,0.7262,0.9162,0.6446,0.938,0.9449,0.947,0.947,0.9489,0.7379,0.95,0.6032
0.87,0.74,0.9451,0.717,0.9139,0.6316,0.9358,0.9429,0.9451,0.9451,0.947,0.7255,0.9487,0.5873
0.87,0.75,0.9451,0.717,0.9139,0.6316,0.9358,0.9429,0.9451,0.9451,0.947,0.7255,0.9487,0.5873
0.87,0.76,0.9451,0.717,0.9139,0.6316,0.9358,0.9429,0.9451,0.9451,0.947,0.7255,0.9487,0.5873
0.87,0.77,0.9451,0.717,0.9139,0.6316,0.9358,0.9429,0.9451,0.9451,0.947,0.7255,0.9487,0.5873
0.87,0.78,0.9451,0.717,0.9139,0.6316,0.9358,0.9429,0.9451,0.9451,0.947,0.7255,0.9487,0.5873
0.87,0.79,0.9451,0.717,0.9139,0.6316,0.9358,0.9429,0.9451,0.9451,0.947,0.7255,0.9487,0.5873
0.87,0.8,0.9451,0.717,0.9139,0.6316,0.9358,0.9429,0.9451,0.9451,0.947,0.7255,0.9487,0.5873
0.87,0.81,0.9432,0.7073,0.9137,0.6138,0.9339,0.9412,0.9432,0.9432,0.9451,0.7129,0.9474,0.5714
0.87,0.82,0.9432,0.7073,0.9137,0.6138,0.9339,0.9412,0.9432,0.9432,0.9451,0.7129,0.9474,0.5714
0.87,0.83,0.9432,0.7073,0.9137,0.6138,0.9339,0.9412,0.9432,0.9432,0.9451,0.7129,0.9474,0.5714
0.87,0.84,0.9432,0.7073,0.9137,0.6138,0.9339,0.9412,0.9432,0.9432,0.9451,0.7129,0.9474,0.5714
0.87,0.85,0.9432,0.7073,0.9137,0.6138,0.9339,0.9412,0.9432,0.9432,0.9451,0.7129,0.9474,0.5714
0.87,0.86,0.9432,0.7073,0.9137,0.6138,0.9339,0.9412,0.9432,0.9432,0.9451,0.7129,0.9474,0.5714
0.87,0.87,0.9432,0.7073,0.9137,0.6138,0.9339,0.9412,0.9432,0.9432,0.9451,0.7129,0.9474,0.5714
0.88,0.0,0.9432,0.7073,0.9137,0.6138,0.9339,0.9412,0.9432,0.9432,0.9451,0.7129,0.9474,0.5714
0.88,0.01,0.928,0.7418,0.719,0.7716,0.9314,0.936,0.928,0.928,0.9318,0.7313,0.6901,0.7778
0.88,0.02,0.9489,0.7816,0.7917,0.775,0.9475,0.9466,0.9489,0.9489,0.9527,0.7967,0.8167,0.7778
0.88,0.03,0.9545,0.7947,0.8314,0.7759,0.9522,0.9526,0.9545,0.9545,0.9583,0.8167,0.8596,0.7778
0.88,0.04,0.9545,0.7889,0.8406,0.7632,0.9513,0.952,0.9545,0.9545,0.9583,0.8136,0.8727,0.7619
0.88,0.05,0.9564,0.7938,0.8692,0.7635,0.953,0.9562,0.9564,0.9564,0.9602,0.8205,0.8889,0.7619
0.88,0.06,0.9564,0.7938,0.8692,0.7635,0.953,0.9562,0.9564,0.9564,0.9602,0.8205,0.8889,0.7619
0.88,0.07,0.9564,0.7938,0.8692,0.7635,0.953,0.9562,0.9564,0.9564,0.9602,0.8205,0.8889,0.7619
0.88,0.08,0.9583,0.8024,0.8851,0.7638,0.9549,0.958,0.9583,0.9583,0.9621,0.8276,0.9057,0.7619
0.88,0.09,0.9583,0.8024,0.8851,0.7638,0.9549,0.958,0.9583,0.9583,0.9621,0.8276,0.9057,0.7619
0.88,0.1,0.9583,0.8024,0.8851,0.7638,0.9549,0.958,0.9583,0.9583,0.9621,0.8276,0.9057,0.7619
0.88,0.11,0.9545,0.7679,0.8733,0.7189,0.9489,0.9515,0.9545,0.9545,0.9583,0.8036,0.9184,0.7143
0.88,0.12,0.9545,0.7679,0.8733,0.7189,0.9489,0.9515,0.9545,0.9545,0.9583,0.8036,0.9184,0.7143
0.88,0.13,0.9564,0.773,0.8837,0.7192,0.9506,0.953,0.9564,0.9564,0.9602,0.8108,0.9375,0.7143
0.88,0.14,0.9564,0.773,0.8837,0.7192,0.9506,0.953,0.9564,0.9564,0.9602,0.8108,0.9375,0.7143
0.88,0.15,0.9564,0.773,0.8837,0.7192,0.9506,0.953,0.9564,0.9564,0.9602,0.8108,0.9375,0.7143
0.88,0.16,0.9564,0.773,0.8837,0.7192,0.9506,0.953,0.9564,0.9564,0.9602,0.8108,0.9375,0.7143
0.88,0.17,0.9564,0.773,0.8837,0.7192,0.9506,0.953,0.9564,0.9564,0.9602,0.8108,0.9375,0.7143
0.88,0.18,0.9564,0.773,0.8837,0.7192,0.9506,0.953,0.9564,0.9564,0.9602,0.8108,0.9375,0.7143
0.88,0.19,0.9564,0.773,0.8837,0.7192,0.9506,0.953,0.9564,0.9564,0.9602,0.8108,0.9375,0.7143
0.88,0.2,0.9564,0.773,0.8837,0.7192,0.9506,0.953,0.9564,0.9564,0.9602,0.8108,0.9375,0.7143
0.88,0.21,0.9564,0.773,0.8837,0.7192,0.9506,0.953,0.9564,0.9564,0.9602,0.8108,0.9375,0.7143
0.88,0.22,0.9564,0.773,0.8837,0.7192,0.9506,0.953,0.9564,0.9564,0.9602,0.8108,0.9375,0.7143
0.88,0.23,0.9564,0.773,0.8837,0.7192,0.9506,0.953,0.9564,0.9564,0.9602,0.8108,0.9375,0.7143
0.88,0.24,0.9583,0.7786,0.8964,0.7195,0.9523,0.955,0.9583,0.9583,0.9621,0.8182,0.9574,0.7143
0.88,0.25,0.9564,0.7724,0.8952,0.71,0.9502,0.953,0.9564,0.9564,0.9602,0.8073,0.9565,0.6984
0.88,0.26,0.9564,0.7724,0.8952,0.71,0.9502,0.953,0.9564,0.9564,0.9602,0.8073,0.9565,0.6984
0.88,0.27,0.9564,0.7724,0.8952,0.71,0.9502,0.953,0.9564,0.9564,0.9602,0.8073,0.9565,0.6984
0.88,0.28,0.9564,0.7724,0.8952,0.71,0.9502,0.953,0.9564,0.9564,0.9602,0.8073,0.9565,0.6984
0.88,0.29,0.9564,0.7724,0.8952,0.71,0.9502,0.953,0.9564,0.9564,0.9602,0.8073,0.9565,0.6984
0.88,0.3,0.9564,0.7724,0.8952,0.71,0.9502,0.953,0.9564,0.9564,0.9602,0.8073,0.9565,0.6984
0.88,0.31,0.9564,0.7724,0.8952,0.71,0.9502,0.953,0.9564,0.9564,0.9602,0.8073,0.9565,0.6984
0.88,0.32,0.9564,0.7724,0.8952,0.71,0.9502,0.953,0.9564,0.9564,0.9602,0.8073,0.9565,0.6984
0.88,0.33,0.9564,0.7724,0.8952,0.71,0.9502,0.953,0.9564,0.9564,0.9602,0.8073,0.9565,0.6984
0.88,0.34,0.9564,0.7724,0.8952,0.71,0.9502,0.953,0.9564,0.9564,0.9602,0.8073,0.9565,0.6984
0.88,0.35,0.9564,0.7724,0.8952,0.71,0.9502,0.953,0.9564,0.9564,0.9602,0.8073,0.9565,0.6984
0.88,0.36,0.9564,0.7724,0.8952,0.71,0.9502,0.953,0.9564,0.9564,0.9602,0.8073,0.9565,0.6984
0.88,0.37,0.9564,0.7724,0.8952,0.71,0.9502,0.953,0.9564,0.9564,0.9602,0.8073,0.9565,0.6984
0.88,0.38,0.9564,0.7724,0.8952,0.71,0.9502,0.953,0.9564,0.9564,0.9602,0.8073,0.9565,0.6984
0.88,0.39,0.9564,0.7724,0.8952,0.71,0.9502,0.953,0.9564,0.9564,0.9602,0.8073,0.9565,0.6984
0.88,0.4,0.9564,0.7724,0.8952,0.71,0.9502,0.953,0.9564,0.9564,0.9602,0.8073,0.9565,0.6984
0.88,0.41,0.9564,0.7724,0.8952,0.71,0.9502,0.953,0.9564,0.9564,0.9602,0.8073,0.9565,0.6984
0.88,0.42,0.9564,0.7724,0.8952,0.71,0.9502,0.953,0.9564,0.9564,0.9602,0.8073,0.9565,0.6984
0.88,0.43,0.9564,0.7724,0.8952,0.71,0.9502,0.953,0.9564,0.9564,0.9602,0.8073,0.9565,0.6984
0.88,0.44,0.9564,0.7724,0.8952,0.71,0.9502,0.953,0.9564,0.9564,0.9602,0.8073,0.9565,0.6984
0.88,0.45,0.9564,0.7724,0.8952,0.71,0.9502,0.953,0.9564,0.9564,0.9602,0.8073,0.9565,0.6984
0.88,0.46,0.9564,0.7724,0.8952,0.71,0.9502,0.953,0.9564,0.9564,0.9602,0.8073,0.9565,0.6984
0.88,0.47,0.9564,0.7724,0.8952,0.71,0.9502,0.953,0.9564,0.9564,0.9602,0.8073,0.9565,0.6984
0.88,0.48,0.9545,0.7639,0.8949,0.6957,0.9482,0.9513,0.9545,0.9545,0.9583,0.7963,0.9556,0.6825
0.88,0.49,0.9545,0.7639,0.8949,0.6957,0.9482,0.9513,0.9545,0.9545,0.9583,0.7963,0.9556,0.6825
0.88,0.5,0.9508,0.7421,0.8932,0.6732,0.9429,0.9476,0.9508,0.9508,0.9545,0.7736,0.9535,0.6508
0.88,0.51,0.9508,0.7463,0.9168,0.6732,0.9425,0.9484,0.9508,0.9508,0.9527,0.7619,0.9524,0.6349
0.88,0.52,0.9508,0.7463,0.9168,0.6732,0.9425,0.9484,0.9508,0.9508,0.9527,0.7619,0.9524,0.6349
0.88,0.53,0.9508,0.7463,0.9168,0.6732,0.9425,0.9484,0.9508,0.9508,0.9527,0.7619,0.9524,0.6349
0.88,0.54,0.9508,0.7463,0.9168,0.6732,0.9425,0.9484,0.9508,0.9508,0.9527,0.7619,0.9524,0.6349
0.88,0.55,0.9508,0.7463,0.9168,0.6732,0.9425,0.9484,0.9508,0.9508,0.9527,0.7619,0.9524,0.6349
0.88,0.56,0.9508,0.7463,0.9168,0.6732,0.9425,0.9484,0.9508,0.9508,0.9527,0.7619,0.9524,0.6349
0.88,0.57,0.9508,0.7463,0.9168,0.6732,0.9425,0.9484,0.9508,0.9508,0.9527,0.7619,0.9524,0.6349
0.88,0.58,0.9508,0.7463,0.9168,0.6732,0.9425,0.9484,0.9508,0.9508,0.9527,0.7619,0.9524,0.6349
0.88,0.59,0.9508,0.7463,0.9168,0.6732,0.9425,0.9484,0.9508,0.9508,0.9527,0.7619,0.9524,0.6349
0.88,0.6,0.9508,0.7463,0.9168,0.6732,0.9425,0.9484,0.9508,0.9508,0.9527,0.7619,0.9524,0.6349
0.88,0.61,0.9508,0.7463,0.9168,0.6732,0.9425,0.9484,0.9508,0.9508,0.9527,0.7619,0.9524,0.6349
0.88,0.62,0.9508,0.7463,0.9168,0.6732,0.9425,0.9484,0.9508,0.9508,0.9527,0.7619,0.9524,0.6349
0.88,0.63,0.947,0.7262,0.9162,0.6446,0.938,0.9449,0.947,0.947,0.9489,0.7379,0.95,0.6032
0.88,0.64,0.947,0.7262,0.9162,0.6446,0.938,0.9449,0.947,0.947,0.9489,0.7379,0.95,0.6032
0.88,0.65,0.947,0.7262,0.9162,0.6446,0.938,0.9449,0.947,0.947,0.9489,0.7379,0.95,0.6032
0.88,0.66,0.947,0.7262,0.9162,0.6446,0.938,0.9449,0.947,0.947,0.9489,0.7379,0.95,0.6032
0.88,0.67,0.947,0.7262,0.9162,0.6446,0.938,0.9449,0.947,0.947,0.9489,0.7379,0.95,0.6032
0.88,0.68,0.947,0.7262,0.9162,0.6446,0.938,0.9449,0.947,0.947,0.9489,0.7379,0.95,0.6032
0.88,0.69,0.947,0.7262,0.9162,0.6446,0.938,0.9449,0.947,0.947,0.9489,0.7379,0.95,0.6032
0.88,0.7,0.947,0.7262,0.9162,0.6446,0.938,0.9449,0.947,0.947,0.9489,0.7379,0.95,0.6032
0.88,0.71,0.947,0.7262,0.9162,0.6446,0.938,0.9449,0.947,0.947,0.9489,0.7379,0.95,0.6032
0.88,0.72,0.947,0.7262,0.9162,0.6446,0.938,0.9449,0.947,0.947,0.9489,0.7379,0.95,0.6032
0.88,0.73,0.947,0.7262,0.9162,0.6446,0.938,0.9449,0.947,0.947,0.9489,0.7379,0.95,0.6032
0.88,0.74,0.9451,0.717,0.9139,0.6316,0.9358,0.9429,0.9451,0.9451,0.947,0.7255,0.9487,0.5873
0.88,0.75,0.9451,0.717,0.9139,0.6316,0.9358,0.9429,0.9451,0.9451,0.947,0.7255,0.9487,0.5873
0.88,0.76,0.9451,0.717,0.9139,0.6316,0.9358,0.9429,0.9451,0.9451,0.947,0.7255,0.9487,0.5873
0.88,0.77,0.9451,0.717,0.9139,0.6316,0.9358,0.9429,0.9451,0.9451,0.947,0.7255,0.9487,0.5873
0.88,0.78,0.9451,0.717,0.9139,0.6316,0.9358,0.9429,0.9451,0.9451,0.947,0.7255,0.9487,0.5873
0.88,0.79,0.9451,0.717,0.9139,0.6316,0.9358,0.9429,0.9451,0.9451,0.947,0.7255,0.9487,0.5873
0.88,0.8,0.9451,0.717,0.9139,0.6316,0.9358,0.9429,0.9451,0.9451,0.947,0.7255,0.9487,0.5873
0.88,0.81,0.9432,0.7073,0.9137,0.6138,0.9339,0.9412,0.9432,0.9432,0.9451,0.7129,0.9474,0.5714
0.88,0.82,0.9432,0.7073,0.9137,0.6138,0.9339,0.9412,0.9432,0.9432,0.9451,0.7129,0.9474,0.5714
0.88,0.83,0.9432,0.7073,0.9137,0.6138,0.9339,0.9412,0.9432,0.9432,0.9451,0.7129,0.9474,0.5714
0.88,0.84,0.9432,0.7073,0.9137,0.6138,0.9339,0.9412,0.9432,0.9432,0.9451,0.7129,0.9474,0.5714
0.88,0.85,0.9432,0.7073,0.9137,0.6138,0.9339,0.9412,0.9432,0.9432,0.9451,0.7129,0.9474,0.5714
0.88,0.86,0.9432,0.7073,0.9137,0.6138,0.9339,0.9412,0.9432,0.9432,0.9451,0.7129,0.9474,0.5714
0.88,0.87,0.9432,0.7073,0.9137,0.6138,0.9339,0.9412,0.9432,0.9432,0.9451,0.7129,0.9474,0.5714
0.88,0.88,0.9432,0.7073,0.9137,0.6138,0.9339,0.9412,0.9432,0.9432,0.9451,0.7129,0.9474,0.5714
0.89,0.0,0.9432,0.7124,0.961,0.6138,0.9336,0.9446,0.9432,0.9432,0.9432,0.7,0.9459,0.5556
0.89,0.01,0.928,0.7517,0.7422,0.7716,0.9307,0.9348,0.928,0.928,0.928,0.7121,0.6812,0.746
0.89,0.02,0.9489,0.7931,0.8237,0.775,0.9469,0.9464,0.9489,0.9489,0.9489,0.7769,0.8103,0.746
0.89,0.03,0.9545,0.8061,0.8635,0.7759,0.9517,0.9524,0.9545,0.9545,0.9545,0.7966,0.8545,0.746
0.89,0.04,0.9545,0.8003,0.8727,0.7632,0.9508,0.9519,0.9545,0.9545,0.9545,0.7931,0.8679,0.7302
0.89,0.05,0.9564,0.8052,0.9013,0.7635,0.9524,0.9561,0.9564,0.9564,0.9564,0.8,0.8846,0.7302
0.89,0.06,0.9564,0.8052,0.9013,0.7635,0.9524,0.9561,0.9564,0.9564,0.9564,0.8,0.8846,0.7302
0.89,0.07,0.9564,0.8052,0.9013,0.7635,0.9524,0.9561,0.9564,0.9564,0.9564,0.8,0.8846,0.7302
0.89,0.08,0.9583,0.8138,0.9172,0.7638,0.9543,0.9579,0.9583,0.9583,0.9583,0.807,0.902,0.7302
0.89,0.09,0.9583,0.8138,0.9172,0.7638,0.9543,0.9579,0.9583,0.9583,0.9583,0.807,0.902,0.7302
0.89,0.1,0.9583,0.8138,0.9172,0.7638,0.9543,0.9579,0.9583,0.9583,0.9583,0.807,0.902,0.7302
0.89,0.11,0.9545,0.7771,0.9441,0.7189,0.9481,0.9555,0.9545,0.9545,0.9545,0.7818,0.9149,0.6825
0.89,0.12,0.9545,0.7771,0.9441,0.7189,0.9481,0.9555,0.9545,0.9545,0.9545,0.7818,0.9149,0.6825
0.89,0.13,0.9564,0.7822,0.9545,0.7192,0.9498,0.9571,0.9564,0.9564,0.9564,0.789,0.9348,0.6825
0.89,0.14,0.9564,0.7822,0.9545,0.7192,0.9498,0.9571,0.9564,0.9564,0.9564,0.789,0.9348,0.6825
0.89,0.15,0.9564,0.7822,0.9545,0.7192,0.9498,0.9571,0.9564,0.9564,0.9564,0.789,0.9348,0.6825
0.89,0.16,0.9564,0.7822,0.9545,0.7192,0.9498,0.9571,0.9564,0.9564,0.9564,0.789,0.9348,0.6825
0.89,0.17,0.9564,0.7822,0.9545,0.7192,0.9498,0.9571,0.9564,0.9564,0.9564,0.789,0.9348,0.6825
0.89,0.18,0.9564,0.7822,0.9545,0.7192,0.9498,0.9571,0.9564,0.9564,0.9564,0.789,0.9348,0.6825
0.89,0.19,0.9564,0.7822,0.9545,0.7192,0.9498,0.9571,0.9564,0.9564,0.9564,0.789,0.9348,0.6825
0.89,0.2,0.9564,0.7822,0.9545,0.7192,0.9498,0.9571,0.9564,0.9564,0.9564,0.789,0.9348,0.6825
0.89,0.21,0.9564,0.7822,0.9545,0.7192,0.9498,0.9571,0.9564,0.9564,0.9564,0.789,0.9348,0.6825
0.89,0.22,0.9564,0.7822,0.9545,0.7192,0.9498,0.9571,0.9564,0.9564,0.9564,0.789,0.9348,0.6825
0.89,0.23,0.9564,0.7822,0.9545,0.7192,0.9498,0.9571,0.9564,0.9564,0.9564,0.789,0.9348,0.6825
0.89,0.24,0.9583,0.7878,0.9672,0.7195,0.9515,0.959,0.9583,0.9583,0.9583,0.7963,0.9556,0.6825
0.89,0.25,0.9564,0.7816,0.966,0.71,0.9494,0.9571,0.9564,0.9564,0.9564,0.785,0.9545,0.6667
0.89,0.26,0.9564,0.7816,0.966,0.71,0.9494,0.9571,0.9564,0.9564,0.9564,0.785,0.9545,0.6667
0.89,0.27,0.9564,0.7816,0.966,0.71,0.9494,0.9571,0.9564,0.9564,0.9564,0.785,0.9545,0.6667
0.89,0.28,0.9564,0.7816,0.966,0.71,0.9494,0.9571,0.9564,0.9564,0.9564,0.785,0.9545,0.6667
0.89,0.29,0.9564,0.7816,0.966,0.71,0.9494,0.9571,0.9564,0.9564,0.9564,0.785,0.9545,0.6667
0.89,0.3,0.9564,0.7816,0.966,0.71,0.9494,0.9571,0.9564,0.9564,0.9564,0.785,0.9545,0.6667
0.89,0.31,0.9564,0.7816,0.966,0.71,0.9494,0.9571,0.9564,0.9564,0.9564,0.785,0.9545,0.6667
0.89,0.32,0.9564,0.7816,0.966,0.71,0.9494,0.9571,0.9564,0.9564,0.9564,0.785,0.9545,0.6667
0.89,0.33,0.9564,0.7816,0.966,0.71,0.9494,0.9571,0.9564,0.9564,0.9564,0.785,0.9545,0.6667
0.89,0.34,0.9564,0.7816,0.966,0.71,0.9494,0.9571,0.9564,0.9564,0.9564,0.785,0.9545,0.6667
0.89,0.35,0.9564,0.7816,0.966,0.71,0.9494,0.9571,0.9564,0.9564,0.9564,0.785,0.9545,0.6667
0.89,0.36,0.9564,0.7816,0.966,0.71,0.9494,0.9571,0.9564,0.9564,0.9564,0.785,0.9545,0.6667
0.89,0.37,0.9564,0.7816,0.966,0.71,0.9494,0.9571,0.9564,0.9564,0.9564,0.785,0.9545,0.6667
0.89,0.38,0.9564,0.7816,0.966,0.71,0.9494,0.9571,0.9564,0.9564,0.9564,0.785,0.9545,0.6667
0.89,0.39,0.9564,0.7816,0.966,0.71,0.9494,0.9571,0.9564,0.9564,0.9564,0.785,0.9545,0.6667
0.89,0.4,0.9564,0.7816,0.966,0.71,0.9494,0.9571,0.9564,0.9564,0.9564,0.785,0.9545,0.6667
0.89,0.41,0.9564,0.7816,0.966,0.71,0.9494,0.9571,0.9564,0.9564,0.9564,0.785,0.9545,0.6667
0.89,0.42,0.9564,0.7816,0.966,0.71,0.9494,0.9571,0.9564,0.9564,0.9564,0.785,0.9545,0.6667
0.89,0.43,0.9564,0.7816,0.966,0.71,0.9494,0.9571,0.9564,0.9564,0.9564,0.785,0.9545,0.6667
0.89,0.44,0.9564,0.7816,0.966,0.71,0.9494,0.9571,0.9564,0.9564,0.9564,0.785,0.9545,0.6667
0.89,0.45,0.9564,0.7816,0.966,0.71,0.9494,0.9571,0.9564,0.9564,0.9564,0.785,0.9545,0.6667
0.89,0.46,0.9564,0.7816,0.966,0.71,0.9494,0.9571,0.9564,0.9564,0.9564,0.785,0.9545,0.6667
0.89,0.47,0.9564,0.7816,0.966,0.71,0.9494,0.9571,0.9564,0.9564,0.9564,0.785,0.9545,0.6667
0.89,0.48,0.9545,0.7731,0.9657,0.6957,0.9474,0.9554,0.9545,0.9545,0.9545,0.7736,0.9535,0.6508
0.89,0.49,0.9545,0.7731,0.9657,0.6957,0.9474,0.9554,0.9545,0.9545,0.9545,0.7736,0.9535,0.6508
0.89,0.5,0.9508,0.7513,0.9641,0.6732,0.9421,0.9517,0.9508,0.9508,0.9508,0.75,0.9512,0.619
0.89,0.51,0.9508,0.7513,0.9641,0.6732,0.9421,0.9517,0.9508,0.9508,0.9508,0.75,0.9512,0.619
0.89,0.52,0.9508,0.7513,0.9641,0.6732,0.9421,0.9517,0.9508,0.9508,0.9508,0.75,0.9512,0.619
0.89,0.53,0.9508,0.7513,0.9641,0.6732,0.9421,0.9517,0.9508,0.9508,0.9508,0.75,0.9512,0.619
0.89,0.54,0.9508,0.7513,0.9641,0.6732,0.9421,0.9517,0.9508,0.9508,0.9508,0.75,0.9512,0.619
0.89,0.55,0.9508,0.7513,0.9641,0.6732,0.9421,0.9517,0.9508,0.9508,0.9508,0.75,0.9512,0.619
0.89,0.56,0.9508,0.7513,0.9641,0.6732,0.9421,0.9517,0.9508,0.9508,0.9508,0.75,0.9512,0.619
0.89,0.57,0.9508,0.7513,0.9641,0.6732,0.9421,0.9517,0.9508,0.9508,0.9508,0.75,0.9512,0.619
0.89,0.58,0.9508,0.7513,0.9641,0.6732,0.9421,0.9517,0.9508,0.9508,0.9508,0.75,0.9512,0.619
0.89,0.59,0.9508,0.7513,0.9641,0.6732,0.9421,0.9517,0.9508,0.9508,0.9508,0.75,0.9512,0.619
0.89,0.6,0.9508,0.7513,0.9641,0.6732,0.9421,0.9517,0.9508,0.9508,0.9508,0.75,0.9512,0.619
0.89,0.61,0.9508,0.7513,0.9641,0.6732,0.9421,0.9517,0.9508,0.9508,0.9508,0.75,0.9512,0.619
0.89,0.62,0.9508,0.7513,0.9641,0.6732,0.9421,0.9517,0.9508,0.9508,0.9508,0.75,0.9512,0.619
0.89,0.63,0.947,0.7312,0.9635,0.6446,0.9377,0.9483,0.947,0.947,0.947,0.7255,0.9487,0.5873
0.89,0.64,0.947,0.7312,0.9635,0.6446,0.9377,0.9483,0.947,0.947,0.947,0.7255,0.9487,0.5873
0.89,0.65,0.947,0.7312,0.9635,0.6446,0.9377,0.9483,0.947,0.947,0.947,0.7255,0.9487,0.5873
0.89,0.66,0.947,0.7312,0.9635,0.6446,0.9377,0.9483,0.947,0.947,0.947,0.7255,0.9487,0.5873
0.89,0.67,0.947,0.7312,0.9635,0.6446,0.9377,0.9483,0.947,0.947,0.947,0.7255,0.9487,0.5873
0.89,0.68,0.947,0.7312,0.9635,0.6446,0.9377,0.9483,0.947,0.947,0.947,0.7255,0.9487,0.5873
0.89,0.69,0.947,0.7312,0.9635,0.6446,0.9377,0.9483,0.947,0.947,0.947,0.7255,0.9487,0.5873
0.89,0.7,0.947,0.7312,0.9635,0.6446,0.9377,0.9483,0.947,0.947,0.947,0.7255,0.9487,0.5873
0.89,0.71,0.947,0.7312,0.9635,0.6446,0.9377,0.9483,0.947,0.947,0.947,0.7255,0.9487,0.5873
0.89,0.72,0.947,0.7312,0.9635,0.6446,0.9377,0.9483,0.947,0.947,0.947,0.7255,0.9487,0.5873
0.89,0.73,0.947,0.7312,0.9635,0.6446,0.9377,0.9483,0.947,0.947,0.947,0.7255,0.9487,0.5873
0.89,0.74,0.9451,0.722,0.9613,0.6316,0.9355,0.9463,0.9451,0.9451,0.9451,0.7129,0.9474,0.5714
0.89,0.75,0.9451,0.722,0.9613,0.6316,0.9355,0.9463,0.9451,0.9451,0.9451,0.7129,0.9474,0.5714
0.89,0.76,0.9451,0.722,0.9613,0.6316,0.9355,0.9463,0.9451,0.9451,0.9451,0.7129,0.9474,0.5714
0.89,0.77,0.9451,0.722,0.9613,0.6316,0.9355,0.9463,0.9451,0.9451,0.9451,0.7129,0.9474,0.5714
0.89,0.78,0.9451,0.722,0.9613,0.6316,0.9355,0.9463,0.9451,0.9451,0.9451,0.7129,0.9474,0.5714
0.89,0.79,0.9451,0.722,0.9613,0.6316,0.9355,0.9463,0.9451,0.9451,0.9451,0.7129,0.9474,0.5714
0.89,0.8,0.9451,0.722,0.9613,0.6316,0.9355,0.9463,0.9451,0.9451,0.9451,0.7129,0.9474,0.5714
0.89,0.81,0.9432,0.7124,0.961,0.6138,0.9336,0.9446,0.9432,0.9432,0.9432,0.7,0.9459,0.5556
0.89,0.82,0.9432,0.7124,0.961,0.6138,0.9336,0.9446,0.9432,0.9432,0.9432,0.7,0.9459,0.5556
0.89,0.83,0.9432,0.7124,0.961,0.6138,0.9336,0.9446,0.9432,0.9432,0.9432,0.7,0.9459,0.5556
0.89,0.84,0.9432,0.7124,0.961,0.6138,0.9336,0.9446,0.9432,0.9432,0.9432,0.7,0.9459,0.5556
0.89,0.85,0.9432,0.7124,0.961,0.6138,0.9336,0.9446,0.9432,0.9432,0.9432,0.7,0.9459,0.5556
0.89,0.86,0.9432,0.7124,0.961,0.6138,0.9336,0.9446,0.9432,0.9432,0.9432,0.7,0.9459,0.5556
0.89,0.87,0.9432,0.7124,0.961,0.6138,0.9336,0.9446,0.9432,0.9432,0.9432,0.7,0.9459,0.5556
0.89,0.88,0.9432,0.7124,0.961,0.6138,0.9336,0.9446,0.9432,0.9432,0.9432,0.7,0.9459,0.5556
0.89,0.89,0.9432,0.7124,0.961,0.6138,0.9336,0.9446,0.9432,0.9432,0.9432,0.7,0.9459,0.5556
0.9,0.0,0.9413,0.7003,0.9607,0.5995,0.9311,0.9429,0.9413,0.9413,0.9413,0.6869,0.9444,0.5397
0.9,0.01,0.928,0.7517,0.7422,0.7716,0.9307,0.9348,0.928,0.928,0.928,0.7121,0.6812,0.746
0.9,0.02,0.9489,0.7931,0.8237,0.775,0.9469,0.9464,0.9489,0.9489,0.9489,0.7769,0.8103,0.746
0.9,0.03,0.9545,0.8061,0.8635,0.7759,0.9517,0.9524,0.9545,0.9545,0.9545,0.7966,0.8545,0.746
0.9,0.04,0.9545,0.8003,0.8727,0.7632,0.9508,0.9519,0.9545,0.9545,0.9545,0.7931,0.8679,0.7302
0.9,0.05,0.9564,0.8052,0.9013,0.7635,0.9524,0.9561,0.9564,0.9564,0.9564,0.8,0.8846,0.7302
0.9,0.06,0.9564,0.8052,0.9013,0.7635,0.9524,0.9561,0.9564,0.9564,0.9564,0.8,0.8846,0.7302
0.9,0.07,0.9564,0.8052,0.9013,0.7635,0.9524,0.9561,0.9564,0.9564,0.9564,0.8,0.8846,0.7302
0.9,0.08,0.9583,0.8138,0.9172,0.7638,0.9543,0.9579,0.9583,0.9583,0.9583,0.807,0.902,0.7302
0.9,0.09,0.9583,0.8138,0.9172,0.7638,0.9543,0.9579,0.9583,0.9583,0.9583,0.807,0.902,0.7302
0.9,0.1,0.9583,0.8138,0.9172,0.7638,0.9543,0.9579,0.9583,0.9583,0.9583,0.807,0.902,0.7302
0.9,0.11,0.9545,0.7771,0.9441,0.7189,0.9481,0.9555,0.9545,0.9545,0.9545,0.7818,0.9149,0.6825
0.9,0.12,0.9545,0.7771,0.9441,0.7189,0.9481,0.9555,0.9545,0.9545,0.9545,0.7818,0.9149,0.6825
0.9,0.13,0.9564,0.7822,0.9545,0.7192,0.9498,0.9571,0.9564,0.9564,0.9564,0.789,0.9348,0.6825
0.9,0.14,0.9564,0.7822,0.9545,0.7192,0.9498,0.9571,0.9564,0.9564,0.9564,0.789,0.9348,0.6825
0.9,0.15,0.9564,0.7822,0.9545,0.7192,0.9498,0.9571,0.9564,0.9564,0.9564,0.789,0.9348,0.6825
0.9,0.16,0.9564,0.7822,0.9545,0.7192,0.9498,0.9571,0.9564,0.9564,0.9564,0.789,0.9348,0.6825
0.9,0.17,0.9564,0.7822,0.9545,0.7192,0.9498,0.9571,0.9564,0.9564,0.9564,0.789,0.9348,0.6825
0.9,0.18,0.9564,0.7822,0.9545,0.7192,0.9498,0.9571,0.9564,0.9564,0.9564,0.789,0.9348,0.6825
0.9,0.19,0.9564,0.7822,0.9545,0.7192,0.9498,0.9571,0.9564,0.9564,0.9564,0.789,0.9348,0.6825
0.9,0.2,0.9564,0.7822,0.9545,0.7192,0.9498,0.9571,0.9564,0.9564,0.9564,0.789,0.9348,0.6825
0.9,0.21,0.9564,0.7822,0.9545,0.7192,0.9498,0.9571,0.9564,0.9564,0.9564,0.789,0.9348,0.6825
0.9,0.22,0.9564,0.7822,0.9545,0.7192,0.9498,0.9571,0.9564,0.9564,0.9564,0.789,0.9348,0.6825
0.9,0.23,0.9564,0.7822,0.9545,0.7192,0.9498,0.9571,0.9564,0.9564,0.9564,0.789,0.9348,0.6825
0.9,0.24,0.9583,0.7878,0.9672,0.7195,0.9515,0.959,0.9583,0.9583,0.9583,0.7963,0.9556,0.6825
0.9,0.25,0.9564,0.7816,0.966,0.71,0.9494,0.9571,0.9564,0.9564,0.9564,0.785,0.9545,0.6667
0.9,0.26,0.9564,0.7816,0.966,0.71,0.9494,0.9571,0.9564,0.9564,0.9564,0.785,0.9545,0.6667
0.9,0.27,0.9564,0.7816,0.966,0.71,0.9494,0.9571,0.9564,0.9564,0.9564,0.785,0.9545,0.6667
0.9,0.28,0.9564,0.7816,0.966,0.71,0.9494,0.9571,0.9564,0.9564,0.9564,0.785,0.9545,0.6667
0.9,0.29,0.9564,0.7816,0.966,0.71,0.9494,0.9571,0.9564,0.9564,0.9564,0.785,0.9545,0.6667
0.9,0.3,0.9564,0.7816,0.966,0.71,0.9494,0.9571,0.9564,0.9564,0.9564,0.785,0.9545,0.6667
0.9,0.31,0.9564,0.7816,0.966,0.71,0.9494,0.9571,0.9564,0.9564,0.9564,0.785,0.9545,0.6667
0.9,0.32,0.9564,0.7816,0.966,0.71,0.9494,0.9571,0.9564,0.9564,0.9564,0.785,0.9545,0.6667
0.9,0.33,0.9564,0.7816,0.966,0.71,0.9494,0.9571,0.9564,0.9564,0.9564,0.785,0.9545,0.6667
0.9,0.34,0.9564,0.7816,0.966,0.71,0.9494,0.9571,0.9564,0.9564,0.9564,0.785,0.9545,0.6667
0.9,0.35,0.9564,0.7816,0.966,0.71,0.9494,0.9571,0.9564,0.9564,0.9564,0.785,0.9545,0.6667
0.9,0.36,0.9564,0.7816,0.966,0.71,0.9494,0.9571,0.9564,0.9564,0.9564,0.785,0.9545,0.6667
0.9,0.37,0.9564,0.7816,0.966,0.71,0.9494,0.9571,0.9564,0.9564,0.9564,0.785,0.9545,0.6667
0.9,0.38,0.9564,0.7816,0.966,0.71,0.9494,0.9571,0.9564,0.9564,0.9564,0.785,0.9545,0.6667
0.9,0.39,0.9564,0.7816,0.966,0.71,0.9494,0.9571,0.9564,0.9564,0.9564,0.785,0.9545,0.6667
0.9,0.4,0.9564,0.7816,0.966,0.71,0.9494,0.9571,0.9564,0.9564,0.9564,0.785,0.9545,0.6667
0.9,0.41,0.9564,0.7816,0.966,0.71,0.9494,0.9571,0.9564,0.9564,0.9564,0.785,0.9545,0.6667
0.9,0.42,0.9564,0.7816,0.966,0.71,0.9494,0.9571,0.9564,0.9564,0.9564,0.785,0.9545,0.6667
0.9,0.43,0.9564,0.7816,0.966,0.71,0.9494,0.9571,0.9564,0.9564,0.9564,0.785,0.9545,0.6667
0.9,0.44,0.9564,0.7816,0.966,0.71,0.9494,0.9571,0.9564,0.9564,0.9564,0.785,0.9545,0.6667
0.9,0.45,0.9564,0.7816,0.966,0.71,0.9494,0.9571,0.9564,0.9564,0.9564,0.785,0.9545,0.6667
0.9,0.46,0.9564,0.7816,0.966,0.71,0.9494,0.9571,0.9564,0.9564,0.9564,0.785,0.9545,0.6667
0.9,0.47,0.9564,0.7816,0.966,0.71,0.9494,0.9571,0.9564,0.9564,0.9564,0.785,0.9545,0.6667
0.9,0.48,0.9545,0.7731,0.9657,0.6957,0.9474,0.9554,0.9545,0.9545,0.9545,0.7736,0.9535,0.6508
0.9,0.49,0.9545,0.7731,0.9657,0.6957,0.9474,0.9554,0.9545,0.9545,0.9545,0.7736,0.9535,0.6508
0.9,0.5,0.9508,0.7513,0.9641,0.6732,0.9421,0.9517,0.9508,0.9508,0.9508,0.75,0.9512,0.619
0.9,0.51,0.9508,0.7513,0.9641,0.6732,0.9421,0.9517,0.9508,0.9508,0.9508,0.75,0.9512,0.619
0.9,0.52,0.9508,0.7513,0.9641,0.6732,0.9421,0.9517,0.9508,0.9508,0.9508,0.75,0.9512,0.619
0.9,0.53,0.9508,0.7513,0.9641,0.6732,0.9421,0.9517,0.9508,0.9508,0.9508,0.75,0.9512,0.619
0.9,0.54,0.9508,0.7513,0.9641,0.6732,0.9421,0.9517,0.9508,0.9508,0.9508,0.75,0.9512,0.619
0.9,0.55,0.9508,0.7513,0.9641,0.6732,0.9421,0.9517,0.9508,0.9508,0.9508,0.75,0.9512,0.619
0.9,0.56,0.9508,0.7513,0.9641,0.6732,0.9421,0.9517,0.9508,0.9508,0.9508,0.75,0.9512,0.619
0.9,0.57,0.9508,0.7513,0.9641,0.6732,0.9421,0.9517,0.9508,0.9508,0.9508,0.75,0.9512,0.619
0.9,0.58,0.9508,0.7513,0.9641,0.6732,0.9421,0.9517,0.9508,0.9508,0.9508,0.75,0.9512,0.619
0.9,0.59,0.9508,0.7513,0.9641,0.6732,0.9421,0.9517,0.9508,0.9508,0.9508,0.75,0.9512,0.619
0.9,0.6,0.9508,0.7513,0.9641,0.6732,0.9421,0.9517,0.9508,0.9508,0.9508,0.75,0.9512,0.619
0.9,0.61,0.9508,0.7513,0.9641,0.6732,0.9421,0.9517,0.9508,0.9508,0.9508,0.75,0.9512,0.619
0.9,0.62,0.9508,0.7513,0.9641,0.6732,0.9421,0.9517,0.9508,0.9508,0.9508,0.75,0.9512,0.619
0.9,0.63,0.947,0.7312,0.9635,0.6446,0.9377,0.9483,0.947,0.947,0.947,0.7255,0.9487,0.5873
0.9,0.64,0.947,0.7312,0.9635,0.6446,0.9377,0.9483,0.947,0.947,0.947,0.7255,0.9487,0.5873
0.9,0.65,0.947,0.7312,0.9635,0.6446,0.9377,0.9483,0.947,0.947,0.947,0.7255,0.9487,0.5873
0.9,0.66,0.947,0.7312,0.9635,0.6446,0.9377,0.9483,0.947,0.947,0.947,0.7255,0.9487,0.5873
0.9,0.67,0.947,0.7312,0.9635,0.6446,0.9377,0.9483,0.947,0.947,0.947,0.7255,0.9487,0.5873
0.9,0.68,0.947,0.7312,0.9635,0.6446,0.9377,0.9483,0.947,0.947,0.947,0.7255,0.9487,0.5873
0.9,0.69,0.947,0.7312,0.9635,0.6446,0.9377,0.9483,0.947,0.947,0.947,0.7255,0.9487,0.5873
0.9,0.7,0.947,0.7312,0.9635,0.6446,0.9377,0.9483,0.947,0.947,0.947,0.7255,0.9487,0.5873
0.9,0.71,0.947,0.7312,0.9635,0.6446,0.9377,0.9483,0.947,0.947,0.947,0.7255,0.9487,0.5873
0.9,0.72,0.947,0.7312,0.9635,0.6446,0.9377,0.9483,0.947,0.947,0.947,0.7255,0.9487,0.5873
0.9,0.73,0.947,0.7312,0.9635,0.6446,0.9377,0.9483,0.947,0.947,0.947,0.7255,0.9487,0.5873
0.9,0.74,0.9451,0.722,0.9613,0.6316,0.9355,0.9463,0.9451,0.9451,0.9451,0.7129,0.9474,0.5714
0.9,0.75,0.9451,0.722,0.9613,0.6316,0.9355,0.9463,0.9451,0.9451,0.9451,0.7129,0.9474,0.5714
0.9,0.76,0.9451,0.722,0.9613,0.6316,0.9355,0.9463,0.9451,0.9451,0.9451,0.7129,0.9474,0.5714
0.9,0.77,0.9451,0.722,0.9613,0.6316,0.9355,0.9463,0.9451,0.9451,0.9451,0.7129,0.9474,0.5714
0.9,0.78,0.9451,0.722,0.9613,0.6316,0.9355,0.9463,0.9451,0.9451,0.9451,0.7129,0.9474,0.5714
0.9,0.79,0.9451,0.722,0.9613,0.6316,0.9355,0.9463,0.9451,0.9451,0.9451,0.7129,0.9474,0.5714
0.9,0.8,0.9451,0.722,0.9613,0.6316,0.9355,0.9463,0.9451,0.9451,0.9451,0.7129,0.9474,0.5714
0.9,0.81,0.9432,0.7124,0.961,0.6138,0.9336,0.9446,0.9432,0.9432,0.9432,0.7,0.9459,0.5556
0.9,0.82,0.9432,0.7124,0.961,0.6138,0.9336,0.9446,0.9432,0.9432,0.9432,0.7,0.9459,0.5556
0.9,0.83,0.9432,0.7124,0.961,0.6138,0.9336,0.9446,0.9432,0.9432,0.9432,0.7,0.9459,0.5556
0.9,0.84,0.9432,0.7124,0.961,0.6138,0.9336,0.9446,0.9432,0.9432,0.9432,0.7,0.9459,0.5556
0.9,0.85,0.9432,0.7124,0.961,0.6138,0.9336,0.9446,0.9432,0.9432,0.9432,0.7,0.9459,0.5556
0.9,0.86,0.9432,0.7124,0.961,0.6138,0.9336,0.9446,0.9432,0.9432,0.9432,0.7,0.9459,0.5556
0.9,0.87,0.9432,0.7124,0.961,0.6138,0.9336,0.9446,0.9432,0.9432,0.9432,0.7,0.9459,0.5556
0.9,0.88,0.9432,0.7124,0.961,0.6138,0.9336,0.9446,0.9432,0.9432,0.9432,0.7,0.9459,0.5556
0.9,0.89,0.9432,0.7124,0.961,0.6138,0.9336,0.9446,0.9432,0.9432,0.9432,0.7,0.9459,0.5556
0.9,0.9,0.9413,0.7003,0.9607,0.5995,0.9311,0.9429,0.9413,0.9413,0.9413,0.6869,0.9444,0.5397
0.91,0.0,0.9394,0.6829,0.9605,0.5865,0.9277,0.9412,0.9394,0.9394,0.9394,0.6735,0.9429,0.5238
0.91,0.01,0.9242,0.7328,0.7276,0.7456,0.9262,0.929,0.9242,0.9242,0.9242,0.6923,0.6716,0.7143
0.91,0.02,0.9451,0.769,0.805,0.749,0.9416,0.9402,0.9451,0.9451,0.9451,0.7563,0.8036,0.7143
0.91,0.03,0.9508,0.779,0.851,0.7499,0.9459,0.9471,0.9508,0.9508,0.9508,0.7759,0.8491,0.7143
0.91,0.04,0.9527,0.7859,0.8653,0.7502,0.9478,0.9491,0.9527,0.9527,0.9527,0.7826,0.8654,0.7143
0.91,0.05,0.9545,0.7901,0.901,0.7505,0.9493,0.9543,0.9545,0.9545,0.9545,0.7895,0.8824,0.7143
0.91,0.06,0.9545,0.7901,0.901,0.7505,0.9493,0.9543,0.9545,0.9545,0.9545,0.7895,0.8824,0.7143
0.91,0.07,0.9545,0.7901,0.901,0.7505,0.9493,0.9543,0.9545,0.9545,0.9545,0.7895,0.8824,0.7143
0.91,0.08,0.9564,0.7987,0.9169,0.7508,0.9512,0.9561,0.9564,0.9564,0.9564,0.7965,0.9,0.7143
0.91,0.09,0.9564,0.7987,0.9169,0.7508,0.9512,0.9561,0.9564,0.9564,0.9564,0.7965,0.9,0.7143
0.91,0.1,0.9564,0.7987,0.9169,0.7508,0.9512,0.9561,0.9564,0.9564,0.9564,0.7965,0.9,0.7143
0.91,0.11,0.9527,0.762,0.9438,0.7059,0.945,0.9538,0.9527,0.9527,0.9527,0.7706,0.913,0.6667
0.91,0.12,0.9527,0.762,0.9438,0.7059,0.945,0.9538,0.9527,0.9527,0.9527,0.7706,0.913,0.6667
0.91,0.13,0.9545,0.7671,0.9542,0.7062,0.9467,0.9554,0.9545,0.9545,0.9545,0.7778,0.9333,0.6667
0.91,0.14,0.9545,0.7671,0.9542,0.7062,0.9467,0.9554,0.9545,0.9545,0.9545,0.7778,0.9333,0.6667
0.91,0.15,0.9545,0.7671,0.9542,0.7062,0.9467,0.9554,0.9545,0.9545,0.9545,0.7778,0.9333,0.6667
0.91,0.16,0.9545,0.7671,0.9542,0.7062,0.9467,0.9554,0.9545,0.9545,0.9545,0.7778,0.9333,0.6667
0.91,0.17,0.9545,0.7671,0.9542,0.7062,0.9467,0.9554,0.9545,0.9545,0.9545,0.7778,0.9333,0.6667
0.91,0.18,0.9545,0.7671,0.9542,0.7062,0.9467,0.9554,0.9545,0.9545,0.9545,0.7778,0.9333,0.6667
0.91,0.19,0.9545,0.7671,0.9542,0.7062,0.9467,0.9554,0.9545,0.9545,0.9545,0.7778,0.9333,0.6667
0.91,0.2,0.9545,0.7671,0.9542,0.7062,0.9467,0.9554,0.9545,0.9545,0.9545,0.7778,0.9333,0.6667
0.91,0.21,0.9545,0.7671,0.9542,0.7062,0.9467,0.9554,0.9545,0.9545,0.9545,0.7778,0.9333,0.6667
0.91,0.22,0.9545,0.7671,0.9542,0.7062,0.9467,0.9554,0.9545,0.9545,0.9545,0.7778,0.9333,0.6667
0.91,0.23,0.9545,0.7671,0.9542,0.7062,0.9467,0.9554,0.9545,0.9545,0.9545,0.7778,0.9333,0.6667
0.91,0.24,0.9564,0.7727,0.9669,0.7065,0.9484,0.9573,0.9564,0.9564,0.9564,0.785,0.9545,0.6667
0.91,0.25,0.9545,0.7665,0.9657,0.697,0.9463,0.9554,0.9545,0.9545,0.9545,0.7736,0.9535,0.6508
0.91,0.26,0.9545,0.7665,0.9657,0.697,0.9463,0.9554,0.9545,0.9545,0.9545,0.7736,0.9535,0.6508
0.91,0.27,0.9545,0.7665,0.9657,0.697,0.9463,0.9554,0.9545,0.9545,0.9545,0.7736,0.9535,0.6508
0.91,0.28,0.9545,0.7665,0.9657,0.697,0.9463,0.9554,0.9545,0.9545,0.9545,0.7736,0.9535,0.6508
0.91,0.29,0.9545,0.7665,0.9657,0.697,0.9463,0.9554,0.9545,0.9545,0.9545,0.7736,0.9535,0.6508
0.91,0.3,0.9545,0.7665,0.9657,0.697,0.9463,0.9554,0.9545,0.9545,0.9545,0.7736,0.9535,0.6508
0.91,0.31,0.9545,0.7665,0.9657,0.697,0.9463,0.9554,0.9545,0.9545,0.9545,0.7736,0.9535,0.6508
0.91,0.32,0.9545,0.7665,0.9657,0.697,0.9463,0.9554,0.9545,0.9545,0.9545,0.7736,0.9535,0.6508
0.91,0.33,0.9545,0.7665,0.9657,0.697,0.9463,0.9554,0.9545,0.9545,0.9545,0.7736,0.9535,0.6508
0.91,0.34,0.9545,0.7665,0.9657,0.697,0.9463,0.9554,0.9545,0.9545,0.9545,0.7736,0.9535,0.6508
0.91,0.35,0.9545,0.7665,0.9657,0.697,0.9463,0.9554,0.9545,0.9545,0.9545,0.7736,0.9535,0.6508
0.91,0.36,0.9545,0.7665,0.9657,0.697,0.9463,0.9554,0.9545,0.9545,0.9545,0.7736,0.9535,0.6508
0.91,0.37,0.9545,0.7665,0.9657,0.697,0.9463,0.9554,0.9545,0.9545,0.9545,0.7736,0.9535,0.6508
0.91,0.38,0.9545,0.7665,0.9657,0.697,0.9463,0.9554,0.9545,0.9545,0.9545,0.7736,0.9535,0.6508
0.91,0.39,0.9545,0.7665,0.9657,0.697,0.9463,0.9554,0.9545,0.9545,0.9545,0.7736,0.9535,0.6508
0.91,0.4,0.9545,0.7665,0.9657,0.697,0.9463,0.9554,0.9545,0.9545,0.9545,0.7736,0.9535,0.6508
0.91,0.41,0.9545,0.7665,0.9657,0.697,0.9463,0.9554,0.9545,0.9545,0.9545,0.7736,0.9535,0.6508
0.91,0.42,0.9545,0.7665,0.9657,0.697,0.9463,0.9554,0.9545,0.9545,0.9545,0.7736,0.9535,0.6508
0.91,0.43,0.9545,0.7665,0.9657,0.697,0.9463,0.9554,0.9545,0.9545,0.9545,0.7736,0.9535,0.6508
0.91,0.44,0.9545,0.7665,0.9657,0.697,0.9463,0.9554,0.9545,0.9545,0.9545,0.7736,0.9535,0.6508
0.91,0.45,0.9545,0.7665,0.9657,0.697,0.9463,0.9554,0.9545,0.9545,0.9545,0.7736,0.9535,0.6508
0.91,0.46,0.9545,0.7665,0.9657,0.697,0.9463,0.9554,0.9545,0.9545,0.9545,0.7736,0.9535,0.6508
0.91,0.47,0.9545,0.7665,0.9657,0.697,0.9463,0.9554,0.9545,0.9545,0.9545,0.7736,0.9535,0.6508
0.91,0.48,0.9527,0.758,0.9655,0.6827,0.9443,0.9536,0.9527,0.9527,0.9527,0.7619,0.9524,0.6349
0.91,0.49,0.9527,0.758,0.9655,0.6827,0.9443,0.9536,0.9527,0.9527,0.9527,0.7619,0.9524,0.6349
0.91,0.5,0.9489,0.7339,0.9638,0.6602,0.9387,0.95,0.9489,0.9489,0.9489,0.7379,0.95,0.6032
0.91,0.51,0.9489,0.7339,0.9638,0.6602,0.9387,0.95,0.9489,0.9489,0.9489,0.7379,0.95,0.6032
0.91,0.52,0.9489,0.7339,0.9638,0.6602,0.9387,0.95,0.9489,0.9489,0.9489,0.7379,0.95,0.6032
0.91,0.53,0.9489,0.7339,0.9638,0.6602,0.9387,0.95,0.9489,0.9489,0.9489,0.7379,0.95,0.6032
0.91,0.54,0.9489,0.7339,0.9638,0.6602,0.9387,0.95,0.9489,0.9489,0.9489,0.7379,0.95,0.6032
0.91,0.55,0.9489,0.7339,0.9638,0.6602,0.9387,0.95,0.9489,0.9489,0.9489,0.7379,0.95,0.6032
0.91,0.56,0.9489,0.7339,0.9638,0.6602,0.9387,0.95,0.9489,0.9489,0.9489,0.7379,0.95,0.6032
0.91,0.57,0.9489,0.7339,0.9638,0.6602,0.9387,0.95,0.9489,0.9489,0.9489,0.7379,0.95,0.6032
0.91,0.58,0.9489,0.7339,0.9638,0.6602,0.9387,0.95,0.9489,0.9489,0.9489,0.7379,0.95,0.6032
0.91,0.59,0.9489,0.7339,0.9638,0.6602,0.9387,0.95,0.9489,0.9489,0.9489,0.7379,0.95,0.6032
0.91,0.6,0.9489,0.7339,0.9638,0.6602,0.9387,0.95,0.9489,0.9489,0.9489,0.7379,0.95,0.6032
0.91,0.61,0.9489,0.7339,0.9638,0.6602,0.9387,0.95,0.9489,0.9489,0.9489,0.7379,0.95,0.6032
0.91,0.62,0.9489,0.7339,0.9638,0.6602,0.9387,0.95,0.9489,0.9489,0.9489,0.7379,0.95,0.6032
0.91,0.63,0.9451,0.7138,0.9633,0.6316,0.9343,0.9466,0.9451,0.9451,0.9451,0.7129,0.9474,0.5714
0.91,0.64,0.9451,0.7138,0.9633,0.6316,0.9343,0.9466,0.9451,0.9451,0.9451,0.7129,0.9474,0.5714
0.91,0.65,0.9451,0.7138,0.9633,0.6316,0.9343,0.9466,0.9451,0.9451,0.9451,0.7129,0.9474,0.5714
0.91,0.66,0.9451,0.7138,0.9633,0.6316,0.9343,0.9466,0.9451,0.9451,0.9451,0.7129,0.9474,0.5714
0.91,0.67,0.9451,0.7138,0.9633,0.6316,0.9343,0.9466,0.9451,0.9451,0.9451,0.7129,0.9474,0.5714
0.91,0.68,0.9451,0.7138,0.9633,0.6316,0.9343,0.9466,0.9451,0.9451,0.9451,0.7129,0.9474,0.5714
0.91,0.69,0.9451,0.7138,0.9633,0.6316,0.9343,0.9466,0.9451,0.9451,0.9451,0.7129,0.9474,0.5714
0.91,0.7,0.9451,0.7138,0.9633,0.6316,0.9343,0.9466,0.9451,0.9451,0.9451,0.7129,0.9474,0.5714
0.91,0.71,0.9451,0.7138,0.9633,0.6316,0.9343,0.9466,0.9451,0.9451,0.9451,0.7129,0.9474,0.5714
0.91,0.72,0.9451,0.7138,0.9633,0.6316,0.9343,0.9466,0.9451,0.9451,0.9451,0.7129,0.9474,0.5714
0.91,0.73,0.9451,0.7138,0.9633,0.6316,0.9343,0.9466,0.9451,0.9451,0.9451,0.7129,0.9474,0.5714
0.91,0.74,0.9432,0.7046,0.961,0.6186,0.9321,0.9446,0.9432,0.9432,0.9432,0.7,0.9459,0.5556
0.91,0.75,0.9432,0.7046,0.961,0.6186,0.9321,0.9446,0.9432,0.9432,0.9432,0.7,0.9459,0.5556
0.91,0.76,0.9432,0.7046,0.961,0.6186,0.9321,0.9446,0.9432,0.9432,0.9432,0.7,0.9459,0.5556
0.91,0.77,0.9432,0.7046,0.961,0.6186,0.9321,0.9446,0.9432,0.9432,0.9432,0.7,0.9459,0.5556
0.91,0.78,0.9432,0.7046,0.961,0.6186,0.9321,0.9446,0.9432,0.9432,0.9432,0.7,0.9459,0.5556
0.91,0.79,0.9432,0.7046,0.961,0.6186,0.9321,0.9446,0.9432,0.9432,0.9432,0.7,0.9459,0.5556
0.91,0.8,0.9432,0.7046,0.961,0.6186,0.9321,0.9446,0.9432,0.9432,0.9432,0.7,0.9459,0.5556
0.91,0.81,0.9413,0.695,0.9607,0.6008,0.9302,0.9429,0.9413,0.9413,0.9413,0.6869,0.9444,0.5397
0.91,0.82,0.9413,0.695,0.9607,0.6008,0.9302,0.9429,0.9413,0.9413,0.9413,0.6869,0.9444,0.5397
0.91,0.83,0.9413,0.695,0.9607,0.6008,0.9302,0.9429,0.9413,0.9413,0.9413,0.6869,0.9444,0.5397
0.91,0.84,0.9413,0.695,0.9607,0.6008,0.9302,0.9429,0.9413,0.9413,0.9413,0.6869,0.9444,0.5397
0.91,0.85,0.9413,0.695,0.9607,0.6008,0.9302,0.9429,0.9413,0.9413,0.9413,0.6869,0.9444,0.5397
0.91,0.86,0.9413,0.695,0.9607,0.6008,0.9302,0.9429,0.9413,0.9413,0.9413,0.6869,0.9444,0.5397
0.91,0.87,0.9413,0.695,0.9607,0.6008,0.9302,0.9429,0.9413,0.9413,0.9413,0.6869,0.9444,0.5397
0.91,0.88,0.9413,0.695,0.9607,0.6008,0.9302,0.9429,0.9413,0.9413,0.9413,0.6869,0.9444,0.5397
0.91,0.89,0.9413,0.695,0.9607,0.6008,0.9302,0.9429,0.9413,0.9413,0.9413,0.6869,0.9444,0.5397
0.91,0.9,0.9394,0.6829,0.9605,0.5865,0.9277,0.9412,0.9394,0.9394,0.9394,0.6735,0.9429,0.5238
0.91,0.91,0.9394,0.6829,0.9605,0.5865,0.9277,0.9412,0.9394,0.9394,0.9394,0.6735,0.9429,0.5238
0.92,0.0,0.9413,0.6875,0.9735,0.5868,0.9295,0.9439,0.9413,0.9413,0.9413,0.6804,0.9706,0.5238
0.92,0.01,0.9242,0.7328,0.7276,0.7456,0.9262,0.929,0.9242,0.9242,0.9242,0.6923,0.6716,0.7143
0.92,0.02,0.9451,0.769,0.805,0.749,0.9416,0.9402,0.9451,0.9451,0.9451,0.7563,0.8036,0.7143
0.92,0.03,0.9508,0.779,0.851,0.7499,0.9459,0.9471,0.9508,0.9508,0.9508,0.7759,0.8491,0.7143
0.92,0.04,0.9527,0.7859,0.8653,0.7502,0.9478,0.9491,0.9527,0.9527,0.9527,0.7826,0.8654,0.7143
0.92,0.05,0.9545,0.7901,0.901,0.7505,0.9493,0.9543,0.9545,0.9545,0.9545,0.7895,0.8824,0.7143
0.92,0.06,0.9545,0.7901,0.901,0.7505,0.9493,0.9543,0.9545,0.9545,0.9545,0.7895,0.8824,0.7143
0.92,0.07,0.9545,0.7901,0.901,0.7505,0.9493,0.9543,0.9545,0.9545,0.9545,0.7895,0.8824,0.7143
0.92,0.08,0.9564,0.7987,0.9169,0.7508,0.9512,0.9561,0.9564,0.9564,0.9564,0.7965,0.9,0.7143
0.92,0.09,0.9564,0.7987,0.9169,0.7508,0.9512,0.9561,0.9564,0.9564,0.9564,0.7965,0.9,0.7143
0.92,0.1,0.9564,0.7987,0.9169,0.7508,0.9512,0.9561,0.9564,0.9564,0.9564,0.7965,0.9,0.7143
0.92,0.11,0.9527,0.762,0.9438,0.7059,0.945,0.9538,0.9527,0.9527,0.9527,0.7706,0.913,0.6667
0.92,0.12,0.9527,0.762,0.9438,0.7059,0.945,0.9538,0.9527,0.9527,0.9527,0.7706,0.913,0.6667
0.92,0.13,0.9545,0.7671,0.9542,0.7062,0.9467,0.9554,0.9545,0.9545,0.9545,0.7778,0.9333,0.6667
0.92,0.14,0.9545,0.7671,0.9542,0.7062,0.9467,0.9554,0.9545,0.9545,0.9545,0.7778,0.9333,0.6667
0.92,0.15,0.9545,0.7671,0.9542,0.7062,0.9467,0.9554,0.9545,0.9545,0.9545,0.7778,0.9333,0.6667
0.92,0.16,0.9545,0.7671,0.9542,0.7062,0.9467,0.9554,0.9545,0.9545,0.9545,0.7778,0.9333,0.6667
0.92,0.17,0.9545,0.7671,0.9542,0.7062,0.9467,0.9554,0.9545,0.9545,0.9545,0.7778,0.9333,0.6667
0.92,0.18,0.9545,0.7671,0.9542,0.7062,0.9467,0.9554,0.9545,0.9545,0.9545,0.7778,0.9333,0.6667
0.92,0.19,0.9545,0.7671,0.9542,0.7062,0.9467,0.9554,0.9545,0.9545,0.9545,0.7778,0.9333,0.6667
0.92,0.2,0.9545,0.7671,0.9542,0.7062,0.9467,0.9554,0.9545,0.9545,0.9545,0.7778,0.9333,0.6667
0.92,0.21,0.9545,0.7671,0.9542,0.7062,0.9467,0.9554,0.9545,0.9545,0.9545,0.7778,0.9333,0.6667
0.92,0.22,0.9545,0.7671,0.9542,0.7062,0.9467,0.9554,0.9545,0.9545,0.9545,0.7778,0.9333,0.6667
0.92,0.23,0.9545,0.7671,0.9542,0.7062,0.9467,0.9554,0.9545,0.9545,0.9545,0.7778,0.9333,0.6667
0.92,0.24,0.9564,0.7727,0.9669,0.7065,0.9484,0.9573,0.9564,0.9564,0.9564,0.785,0.9545,0.6667
0.92,0.25,0.9545,0.7665,0.9657,0.697,0.9463,0.9554,0.9545,0.9545,0.9545,0.7736,0.9535,0.6508
0.92,0.26,0.9545,0.7665,0.9657,0.697,0.9463,0.9554,0.9545,0.9545,0.9545,0.7736,0.9535,0.6508
0.92,0.27,0.9545,0.7665,0.9657,0.697,0.9463,0.9554,0.9545,0.9545,0.9545,0.7736,0.9535,0.6508
0.92,0.28,0.9545,0.7665,0.9657,0.697,0.9463,0.9554,0.9545,0.9545,0.9545,0.7736,0.9535,0.6508
0.92,0.29,0.9545,0.7665,0.9657,0.697,0.9463,0.9554,0.9545,0.9545,0.9545,0.7736,0.9535,0.6508
0.92,0.3,0.9545,0.7665,0.9657,0.697,0.9463,0.9554,0.9545,0.9545,0.9545,0.7736,0.9535,0.6508
0.92,0.31,0.9545,0.7665,0.9657,0.697,0.9463,0.9554,0.9545,0.9545,0.9545,0.7736,0.9535,0.6508
0.92,0.32,0.9545,0.7665,0.9657,0.697,0.9463,0.9554,0.9545,0.9545,0.9545,0.7736,0.9535,0.6508
0.92,0.33,0.9545,0.7665,0.9657,0.697,0.9463,0.9554,0.9545,0.9545,0.9545,0.7736,0.9535,0.6508
0.92,0.34,0.9545,0.7665,0.9657,0.697,0.9463,0.9554,0.9545,0.9545,0.9545,0.7736,0.9535,0.6508
0.92,0.35,0.9545,0.7665,0.9657,0.697,0.9463,0.9554,0.9545,0.9545,0.9545,0.7736,0.9535,0.6508
0.92,0.36,0.9545,0.7665,0.9657,0.697,0.9463,0.9554,0.9545,0.9545,0.9545,0.7736,0.9535,0.6508
0.92,0.37,0.9545,0.7665,0.9657,0.697,0.9463,0.9554,0.9545,0.9545,0.9545,0.7736,0.9535,0.6508
0.92,0.38,0.9545,0.7665,0.9657,0.697,0.9463,0.9554,0.9545,0.9545,0.9545,0.7736,0.9535,0.6508
0.92,0.39,0.9545,0.7665,0.9657,0.697,0.9463,0.9554,0.9545,0.9545,0.9545,0.7736,0.9535,0.6508
0.92,0.4,0.9545,0.7665,0.9657,0.697,0.9463,0.9554,0.9545,0.9545,0.9545,0.7736,0.9535,0.6508
0.92,0.41,0.9545,0.7665,0.9657,0.697,0.9463,0.9554,0.9545,0.9545,0.9545,0.7736,0.9535,0.6508
0.92,0.42,0.9545,0.7665,0.9657,0.697,0.9463,0.9554,0.9545,0.9545,0.9545,0.7736,0.9535,0.6508
0.92,0.43,0.9545,0.7665,0.9657,0.697,0.9463,0.9554,0.9545,0.9545,0.9545,0.7736,0.9535,0.6508
0.92,0.44,0.9545,0.7665,0.9657,0.697,0.9463,0.9554,0.9545,0.9545,0.9545,0.7736,0.9535,0.6508
0.92,0.45,0.9545,0.7665,0.9657,0.697,0.9463,0.9554,0.9545,0.9545,0.9545,0.7736,0.9535,0.6508
0.92,0.46,0.9545,0.7665,0.9657,0.697,0.9463,0.9554,0.9545,0.9545,0.9545,0.7736,0.9535,0.6508
0.92,0.47,0.9545,0.7665,0.9657,0.697,0.9463,0.9554,0.9545,0.9545,0.9545,0.7736,0.9535,0.6508
0.92,0.48,0.9527,0.758,0.9655,0.6827,0.9443,0.9536,0.9527,0.9527,0.9527,0.7619,0.9524,0.6349
0.92,0.49,0.9527,0.758,0.9655,0.6827,0.9443,0.9536,0.9527,0.9527,0.9527,0.7619,0.9524,0.6349
0.92,0.5,0.9489,0.7339,0.9638,0.6602,0.9387,0.95,0.9489,0.9489,0.9489,0.7379,0.95,0.6032
0.92,0.51,0.9489,0.7339,0.9638,0.6602,0.9387,0.95,0.9489,0.9489,0.9489,0.7379,0.95,0.6032
0.92,0.52,0.9489,0.7339,0.9638,0.6602,0.9387,0.95,0.9489,0.9489,0.9489,0.7379,0.95,0.6032
0.92,0.53,0.9489,0.7339,0.9638,0.6602,0.9387,0.95,0.9489,0.9489,0.9489,0.7379,0.95,0.6032
0.92,0.54,0.9489,0.7339,0.9638,0.6602,0.9387,0.95,0.9489,0.9489,0.9489,0.7379,0.95,0.6032
0.92,0.55,0.9489,0.7339,0.9638,0.6602,0.9387,0.95,0.9489,0.9489,0.9489,0.7379,0.95,0.6032
0.92,0.56,0.9489,0.7339,0.9638,0.6602,0.9387,0.95,0.9489,0.9489,0.9489,0.7379,0.95,0.6032
0.92,0.57,0.9489,0.7339,0.9638,0.6602,0.9387,0.95,0.9489,0.9489,0.9489,0.7379,0.95,0.6032
0.92,0.58,0.9489,0.7339,0.9638,0.6602,0.9387,0.95,0.9489,0.9489,0.9489,0.7379,0.95,0.6032
0.92,0.59,0.9489,0.7339,0.9638,0.6602,0.9387,0.95,0.9489,0.9489,0.9489,0.7379,0.95,0.6032
0.92,0.6,0.9489,0.7339,0.9638,0.6602,0.9387,0.95,0.9489,0.9489,0.9489,0.7379,0.95,0.6032
0.92,0.61,0.9489,0.7339,0.9638,0.6602,0.9387,0.95,0.9489,0.9489,0.9489,0.7379,0.95,0.6032
0.92,0.62,0.9489,0.7339,0.9638,0.6602,0.9387,0.95,0.9489,0.9489,0.9489,0.7379,0.95,0.6032
0.92,0.63,0.9451,0.7138,0.9633,0.6316,0.9343,0.9466,0.9451,0.9451,0.9451,0.7129,0.9474,0.5714
0.92,0.64,0.9451,0.7138,0.9633,0.6316,0.9343,0.9466,0.9451,0.9451,0.9451,0.7129,0.9474,0.5714
0.92,0.65,0.9451,0.7138,0.9633,0.6316,0.9343,0.9466,0.9451,0.9451,0.9451,0.7129,0.9474,0.5714
0.92,0.66,0.9451,0.7138,0.9633,0.6316,0.9343,0.9466,0.9451,0.9451,0.9451,0.7129,0.9474,0.5714
0.92,0.67,0.9451,0.7138,0.9633,0.6316,0.9343,0.9466,0.9451,0.9451,0.9451,0.7129,0.9474,0.5714
0.92,0.68,0.9451,0.7138,0.9633,0.6316,0.9343,0.9466,0.9451,0.9451,0.9451,0.7129,0.9474,0.5714
0.92,0.69,0.9451,0.7138,0.9633,0.6316,0.9343,0.9466,0.9451,0.9451,0.9451,0.7129,0.9474,0.5714
0.92,0.7,0.9451,0.7138,0.9633,0.6316,0.9343,0.9466,0.9451,0.9451,0.9451,0.7129,0.9474,0.5714
0.92,0.71,0.9451,0.7138,0.9633,0.6316,0.9343,0.9466,0.9451,0.9451,0.9451,0.7129,0.9474,0.5714
0.92,0.72,0.9451,0.7138,0.9633,0.6316,0.9343,0.9466,0.9451,0.9451,0.9451,0.7129,0.9474,0.5714
0.92,0.73,0.9451,0.7138,0.9633,0.6316,0.9343,0.9466,0.9451,0.9451,0.9451,0.7129,0.9474,0.5714
0.92,0.74,0.9432,0.7046,0.961,0.6186,0.9321,0.9446,0.9432,0.9432,0.9432,0.7,0.9459,0.5556
0.92,0.75,0.9432,0.7046,0.961,0.6186,0.9321,0.9446,0.9432,0.9432,0.9432,0.7,0.9459,0.5556
0.92,0.76,0.9432,0.7046,0.961,0.6186,0.9321,0.9446,0.9432,0.9432,0.9432,0.7,0.9459,0.5556
0.92,0.77,0.9432,0.7046,0.961,0.6186,0.9321,0.9446,0.9432,0.9432,0.9432,0.7,0.9459,0.5556
0.92,0.78,0.9432,0.7046,0.961,0.6186,0.9321,0.9446,0.9432,0.9432,0.9432,0.7,0.9459,0.5556
0.92,0.79,0.9432,0.7046,0.961,0.6186,0.9321,0.9446,0.9432,0.9432,0.9432,0.7,0.9459,0.5556
0.92,0.8,0.9432,0.7046,0.961,0.6186,0.9321,0.9446,0.9432,0.9432,0.9432,0.7,0.9459,0.5556
0.92,0.81,0.9413,0.695,0.9607,0.6008,0.9302,0.9429,0.9413,0.9413,0.9413,0.6869,0.9444,0.5397
0.92,0.82,0.9413,0.695,0.9607,0.6008,0.9302,0.9429,0.9413,0.9413,0.9413,0.6869,0.9444,0.5397
0.92,0.83,0.9413,0.695,0.9607,0.6008,0.9302,0.9429,0.9413,0.9413,0.9413,0.6869,0.9444,0.5397
0.92,0.84,0.9413,0.695,0.9607,0.6008,0.9302,0.9429,0.9413,0.9413,0.9413,0.6869,0.9444,0.5397
0.92,0.85,0.9413,0.695,0.9607,0.6008,0.9302,0.9429,0.9413,0.9413,0.9413,0.6869,0.9444,0.5397
0.92,0.86,0.9413,0.695,0.9607,0.6008,0.9302,0.9429,0.9413,0.9413,0.9413,0.6869,0.9444,0.5397
0.92,0.87,0.9413,0.695,0.9607,0.6008,0.9302,0.9429,0.9413,0.9413,0.9413,0.6869,0.9444,0.5397
0.92,0.88,0.9413,0.695,0.9607,0.6008,0.9302,0.9429,0.9413,0.9413,0.9413,0.6869,0.9444,0.5397
0.92,0.89,0.9413,0.695,0.9607,0.6008,0.9302,0.9429,0.9413,0.9413,0.9413,0.6869,0.9444,0.5397
0.92,0.9,0.9394,0.6829,0.9605,0.5865,0.9277,0.9412,0.9394,0.9394,0.9394,0.6735,0.9429,0.5238
0.92,0.91,0.9394,0.6829,0.9605,0.5865,0.9277,0.9412,0.9394,0.9394,0.9394,0.6735,0.9429,0.5238
0.92,0.92,0.9413,0.6875,0.9735,0.5868,0.9295,0.9439,0.9413,0.9413,0.9413,0.6804,0.9706,0.5238
0.93,0.0,0.9394,0.6802,0.9732,0.5773,0.9272,0.9422,0.9394,0.9394,0.9394,0.6667,0.9697,0.5079
0.93,0.01,0.9167,0.707,0.7223,0.7075,0.9175,0.9209,0.9167,0.9167,0.9167,0.6508,0.6508,0.6508
0.93,0.02,0.9375,0.7432,0.7998,0.7109,0.933,0.9323,0.9375,0.9375,0.9375,0.713,0.7885,0.6508
0.93,0.03,0.9432,0.7532,0.8457,0.7118,0.9373,0.9392,0.9432,0.9432,0.9432,0.7321,0.8367,0.6508
0.93,0.04,0.9451,0.7601,0.86,0.7121,0.9391,0.9412,0.9451,0.9451,0.9451,0.7387,0.8542,0.6508
0.93,0.05,0.947,0.7643,0.8958,0.7124,0.9407,0.9465,0.947,0.947,0.947,0.7455,0.8723,0.6508
0.93,0.06,0.947,0.7643,0.8958,0.7124,0.9407,0.9465,0.947,0.947,0.947,0.7455,0.8723,0.6508
0.93,0.07,0.947,0.7643,0.8958,0.7124,0.9407,0.9465,0.947,0.947,0.947,0.7455,0.8723,0.6508
0.93,0.08,0.9489,0.7729,0.9117,0.7127,0.9425,0.9482,0.9489,0.9489,0.9489,0.7523,0.8913,0.6508
0.93,0.09,0.9489,0.7729,0.9117,0.7127,0.9425,0.9482,0.9489,0.9489,0.9489,0.7523,0.8913,0.6508
0.93,0.1,0.9489,0.7729,0.9117,0.7127,0.9425,0.9482,0.9489,0.9489,0.9489,0.7523,0.8913,0.6508
0.93,0.11,0.947,0.742,0.9397,0.6773,0.9384,0.9479,0.947,0.947,0.947,0.7358,0.907,0.619
0.93,0.12,0.947,0.742,0.9397,0.6773,0.9384,0.9479,0.947,0.947,0.947,0.7358,0.907,0.619
0.93,0.13,0.9489,0.7471,0.9501,0.6776,0.9401,0.9495,0.9489,0.9489,0.9489,0.7429,0.9286,0.619
0.93,0.14,0.9489,0.7471,0.9501,0.6776,0.9401,0.9495,0.9489,0.9489,0.9489,0.7429,0.9286,0.619
0.93,0.15,0.9489,0.7471,0.9501,0.6776,0.9401,0.9495,0.9489,0.9489,0.9489,0.7429,0.9286,0.619
0.93,0.16,0.9489,0.7471,0.9501,0.6776,0.9401,0.9495,0.9489,0.9489,0.9489,0.7429,0.9286,0.619
0.93,0.17,0.9489,0.7471,0.9501,0.6776,0.9401,0.9495,0.9489,0.9489,0.9489,0.7429,0.9286,0.619
0.93,0.18,0.9489,0.7471,0.9501,0.6776,0.9401,0.9495,0.9489,0.9489,0.9489,0.7429,0.9286,0.619
0.93,0.19,0.9489,0.7471,0.9501,0.6776,0.9401,0.9495,0.9489,0.9489,0.9489,0.7429,0.9286,0.619
0.93,0.2,0.9489,0.7471,0.9501,0.6776,0.9401,0.9495,0.9489,0.9489,0.9489,0.7429,0.9286,0.619
0.93,0.21,0.9489,0.7471,0.9501,0.6776,0.9401,0.9495,0.9489,0.9489,0.9489,0.7429,0.9286,0.619
0.93,0.22,0.9489,0.7471,0.9501,0.6776,0.9401,0.9495,0.9489,0.9489,0.9489,0.7429,0.9286,0.619
0.93,0.23,0.9489,0.7471,0.9501,0.6776,0.9401,0.9495,0.9489,0.9489,0.9489,0.7429,0.9286,0.619
0.93,0.24,0.9508,0.7527,0.9628,0.678,0.9418,0.9514,0.9508,0.9508,0.9508,0.75,0.9512,0.619
0.93,0.25,0.9508,0.7527,0.9628,0.678,0.9418,0.9514,0.9508,0.9508,0.9508,0.75,0.9512,0.619
0.93,0.26,0.9508,0.7527,0.9628,0.678,0.9418,0.9514,0.9508,0.9508,0.9508,0.75,0.9512,0.619
0.93,0.27,0.9508,0.7527,0.9628,0.678,0.9418,0.9514,0.9508,0.9508,0.9508,0.75,0.9512,0.619
0.93,0.28,0.9508,0.7527,0.9628,0.678,0.9418,0.9514,0.9508,0.9508,0.9508,0.75,0.9512,0.619
0.93,0.29,0.9508,0.7527,0.9628,0.678,0.9418,0.9514,0.9508,0.9508,0.9508,0.75,0.9512,0.619
0.93,0.3,0.9508,0.7527,0.9628,0.678,0.9418,0.9514,0.9508,0.9508,0.9508,0.75,0.9512,0.619
0.93,0.31,0.9508,0.7527,0.9628,0.678,0.9418,0.9514,0.9508,0.9508,0.9508,0.75,0.9512,0.619
0.93,0.32,0.9508,0.7527,0.9628,0.678,0.9418,0.9514,0.9508,0.9508,0.9508,0.75,0.9512,0.619
0.93,0.33,0.9508,0.7527,0.9628,0.678,0.9418,0.9514,0.9508,0.9508,0.9508,0.75,0.9512,0.619
0.93,0.34,0.9508,0.7527,0.9628,0.678,0.9418,0.9514,0.9508,0.9508,0.9508,0.75,0.9512,0.619
0.93,0.35,0.9508,0.7527,0.9628,0.678,0.9418,0.9514,0.9508,0.9508,0.9508,0.75,0.9512,0.619
0.93,0.36,0.9508,0.7527,0.9628,0.678,0.9418,0.9514,0.9508,0.9508,0.9508,0.75,0.9512,0.619
0.93,0.37,0.9508,0.7527,0.9628,0.678,0.9418,0.9514,0.9508,0.9508,0.9508,0.75,0.9512,0.619
0.93,0.38,0.9508,0.7527,0.9628,0.678,0.9418,0.9514,0.9508,0.9508,0.9508,0.75,0.9512,0.619
0.93,0.39,0.9508,0.7527,0.9628,0.678,0.9418,0.9514,0.9508,0.9508,0.9508,0.75,0.9512,0.619
0.93,0.4,0.9508,0.7527,0.9628,0.678,0.9418,0.9514,0.9508,0.9508,0.9508,0.75,0.9512,0.619
0.93,0.41,0.9508,0.7527,0.9628,0.678,0.9418,0.9514,0.9508,0.9508,0.9508,0.75,0.9512,0.619
0.93,0.42,0.9508,0.7527,0.9628,0.678,0.9418,0.9514,0.9508,0.9508,0.9508,0.75,0.9512,0.619
0.93,0.43,0.9508,0.7527,0.9628,0.678,0.9418,0.9514,0.9508,0.9508,0.9508,0.75,0.9512,0.619
0.93,0.44,0.9508,0.7527,0.9628,0.678,0.9418,0.9514,0.9508,0.9508,0.9508,0.75,0.9512,0.619
0.93,0.45,0.9508,0.7527,0.9628,0.678,0.9418,0.9514,0.9508,0.9508,0.9508,0.75,0.9512,0.619
0.93,0.46,0.9508,0.7527,0.9628,0.678,0.9418,0.9514,0.9508,0.9508,0.9508,0.75,0.9512,0.619
0.93,0.47,0.9508,0.7527,0.9628,0.678,0.9418,0.9514,0.9508,0.9508,0.9508,0.75,0.9512,0.619
0.93,0.48,0.9489,0.7442,0.9625,0.6637,0.9398,0.9497,0.9489,0.9489,0.9489,0.7379,0.95,0.6032
0.93,0.49,0.9489,0.7442,0.9625,0.6637,0.9398,0.9497,0.9489,0.9489,0.9489,0.7379,0.95,0.6032
0.93,0.5,0.947,0.7267,0.9622,0.6507,0.9364,0.948,0.947,0.947,0.947,0.7255,0.9487,0.5873
0.93,0.51,0.947,0.7267,0.9622,0.6507,0.9364,0.948,0.947,0.947,0.947,0.7255,0.9487,0.5873
0.93,0.52,0.947,0.7267,0.9622,0.6507,0.9364,0.948,0.947,0.947,0.947,0.7255,0.9487,0.5873
0.93,0.53,0.947,0.7267,0.9622,0.6507,0.9364,0.948,0.947,0.947,0.947,0.7255,0.9487,0.5873
0.93,0.54,0.947,0.7267,0.9622,0.6507,0.9364,0.948,0.947,0.947,0.947,0.7255,0.9487,0.5873
0.93,0.55,0.947,0.7267,0.9622,0.6507,0.9364,0.948,0.947,0.947,0.947,0.7255,0.9487,0.5873
0.93,0.56,0.947,0.7267,0.9622,0.6507,0.9364,0.948,0.947,0.947,0.947,0.7255,0.9487,0.5873
0.93,0.57,0.947,0.7267,0.9622,0.6507,0.9364,0.948,0.947,0.947,0.947,0.7255,0.9487,0.5873
0.93,0.58,0.947,0.7267,0.9622,0.6507,0.9364,0.948,0.947,0.947,0.947,0.7255,0.9487,0.5873
0.93,0.59,0.947,0.7267,0.9622,0.6507,0.9364,0.948,0.947,0.947,0.947,0.7255,0.9487,0.5873
0.93,0.6,0.947,0.7267,0.9622,0.6507,0.9364,0.948,0.947,0.947,0.947,0.7255,0.9487,0.5873
0.93,0.61,0.947,0.7267,0.9622,0.6507,0.9364,0.948,0.947,0.947,0.947,0.7255,0.9487,0.5873
0.93,0.62,0.947,0.7267,0.9622,0.6507,0.9364,0.948,0.947,0.947,0.947,0.7255,0.9487,0.5873
0.93,0.63,0.9432,0.7066,0.9617,0.6221,0.932,0.9446,0.9432,0.9432,0.9432,0.7,0.9459,0.5556
0.93,0.64,0.9432,0.7066,0.9617,0.6221,0.932,0.9446,0.9432,0.9432,0.9432,0.7,0.9459,0.5556
0.93,0.65,0.9432,0.7066,0.9617,0.6221,0.932,0.9446,0.9432,0.9432,0.9432,0.7,0.9459,0.5556
0.93,0.66,0.9432,0.7066,0.9617,0.6221,0.932,0.9446,0.9432,0.9432,0.9432,0.7,0.9459,0.5556
0.93,0.67,0.9432,0.7066,0.9617,0.6221,0.932,0.9446,0.9432,0.9432,0.9432,0.7,0.9459,0.5556
0.93,0.68,0.9432,0.7066,0.9617,0.6221,0.932,0.9446,0.9432,0.9432,0.9432,0.7,0.9459,0.5556
0.93,0.69,0.9432,0.7066,0.9617,0.6221,0.932,0.9446,0.9432,0.9432,0.9432,0.7,0.9459,0.5556
0.93,0.7,0.9432,0.7066,0.9617,0.6221,0.932,0.9446,0.9432,0.9432,0.9432,0.7,0.9459,0.5556
0.93,0.71,0.9432,0.7066,0.9617,0.6221,0.932,0.9446,0.9432,0.9432,0.9432,0.7,0.9459,0.5556
0.93,0.72,0.9432,0.7066,0.9617,0.6221,0.932,0.9446,0.9432,0.9432,0.9432,0.7,0.9459,0.5556
0.93,0.73,0.9432,0.7066,0.9617,0.6221,0.932,0.9446,0.9432,0.9432,0.9432,0.7,0.9459,0.5556
0.93,0.74,0.9413,0.6974,0.9594,0.6091,0.9298,0.9426,0.9413,0.9413,0.9413,0.6869,0.9444,0.5397
0.93,0.75,0.9413,0.6974,0.9594,0.6091,0.9298,0.9426,0.9413,0.9413,0.9413,0.6869,0.9444,0.5397
0.93,0.76,0.9413,0.6974,0.9594,0.6091,0.9298,0.9426,0.9413,0.9413,0.9413,0.6869,0.9444,0.5397
0.93,0.77,0.9413,0.6974,0.9594,0.6091,0.9298,0.9426,0.9413,0.9413,0.9413,0.6869,0.9444,0.5397
0.93,0.78,0.9413,0.6974,0.9594,0.6091,0.9298,0.9426,0.9413,0.9413,0.9413,0.6869,0.9444,0.5397
0.93,0.79,0.9413,0.6974,0.9594,0.6091,0.9298,0.9426,0.9413,0.9413,0.9413,0.6869,0.9444,0.5397
0.93,0.8,0.9413,0.6974,0.9594,0.6091,0.9298,0.9426,0.9413,0.9413,0.9413,0.6869,0.9444,0.5397
0.93,0.81,0.9394,0.6878,0.9592,0.5913,0.9279,0.941,0.9394,0.9394,0.9394,0.6735,0.9429,0.5238
0.93,0.82,0.9394,0.6878,0.9592,0.5913,0.9279,0.941,0.9394,0.9394,0.9394,0.6735,0.9429,0.5238
0.93,0.83,0.9394,0.6878,0.9592,0.5913,0.9279,0.941,0.9394,0.9394,0.9394,0.6735,0.9429,0.5238
0.93,0.84,0.9394,0.6878,0.9592,0.5913,0.9279,0.941,0.9394,0.9394,0.9394,0.6735,0.9429,0.5238
0.93,0.85,0.9394,0.6878,0.9592,0.5913,0.9279,0.941,0.9394,0.9394,0.9394,0.6735,0.9429,0.5238
0.93,0.86,0.9394,0.6878,0.9592,0.5913,0.9279,0.941,0.9394,0.9394,0.9394,0.6735,0.9429,0.5238
0.93,0.87,0.9394,0.6878,0.9592,0.5913,0.9279,0.941,0.9394,0.9394,0.9394,0.6735,0.9429,0.5238
0.93,0.88,0.9394,0.6878,0.9592,0.5913,0.9279,0.941,0.9394,0.9394,0.9394,0.6735,0.9429,0.5238
0.93,0.89,0.9394,0.6878,0.9592,0.5913,0.9279,0.941,0.9394,0.9394,0.9394,0.6735,0.9429,0.5238
0.93,0.9,0.9375,0.6757,0.9589,0.577,0.9254,0.9393,0.9375,0.9375,0.9375,0.6598,0.9412,0.5079
0.93,0.91,0.9375,0.6757,0.9589,0.577,0.9254,0.9393,0.9375,0.9375,0.9375,0.6598,0.9412,0.5079
0.93,0.92,0.9394,0.6802,0.9732,0.5773,0.9272,0.9422,0.9394,0.9394,0.9394,0.6667,0.9697,0.5079
0.93,0.93,0.9394,0.6802,0.9732,0.5773,0.9272,0.9422,0.9394,0.9394,0.9394,0.6667,0.9697,0.5079
0.94,0.0,0.9356,0.6409,0.9727,0.5451,0.921,0.9389,0.9356,0.9356,0.9356,0.6383,0.9677,0.4762
0.94,0.01,0.9167,0.707,0.7223,0.7075,0.9175,0.9209,0.9167,0.9167,0.9167,0.6508,0.6508,0.6508
0.94,0.02,0.9375,0.7432,0.7998,0.7109,0.933,0.9323,0.9375,0.9375,0.9375,0.713,0.7885,0.6508
0.94,0.03,0.9432,0.7532,0.8457,0.7118,0.9373,0.9392,0.9432,0.9432,0.9432,0.7321,0.8367,0.6508
0.94,0.04,0.9451,0.7601,0.86,0.7121,0.9391,0.9412,0.9451,0.9451,0.9451,0.7387,0.8542,0.6508
0.94,0.05,0.947,0.7643,0.8958,0.7124,0.9407,0.9465,0.947,0.947,0.947,0.7455,0.8723,0.6508
0.94,0.06,0.947,0.7643,0.8958,0.7124,0.9407,0.9465,0.947,0.947,0.947,0.7455,0.8723,0.6508
0.94,0.07,0.947,0.7643,0.8958,0.7124,0.9407,0.9465,0.947,0.947,0.947,0.7455,0.8723,0.6508
0.94,0.08,0.9489,0.7729,0.9117,0.7127,0.9425,0.9482,0.9489,0.9489,0.9489,0.7523,0.8913,0.6508
0.94,0.09,0.9489,0.7729,0.9117,0.7127,0.9425,0.9482,0.9489,0.9489,0.9489,0.7523,0.8913,0.6508
0.94,0.1,0.9489,0.7729,0.9117,0.7127,0.9425,0.9482,0.9489,0.9489,0.9489,0.7523,0.8913,0.6508
0.94,0.11,0.947,0.742,0.9397,0.6773,0.9384,0.9479,0.947,0.947,0.947,0.7358,0.907,0.619
0.94,0.12,0.947,0.742,0.9397,0.6773,0.9384,0.9479,0.947,0.947,0.947,0.7358,0.907,0.619
0.94,0.13,0.9489,0.7471,0.9501,0.6776,0.9401,0.9495,0.9489,0.9489,0.9489,0.7429,0.9286,0.619
0.94,0.14,0.9489,0.7471,0.9501,0.6776,0.9401,0.9495,0.9489,0.9489,0.9489,0.7429,0.9286,0.619
0.94,0.15,0.9489,0.7471,0.9501,0.6776,0.9401,0.9495,0.9489,0.9489,0.9489,0.7429,0.9286,0.619
0.94,0.16,0.9489,0.7471,0.9501,0.6776,0.9401,0.9495,0.9489,0.9489,0.9489,0.7429,0.9286,0.619
0.94,0.17,0.9489,0.7471,0.9501,0.6776,0.9401,0.9495,0.9489,0.9489,0.9489,0.7429,0.9286,0.619
0.94,0.18,0.9489,0.7471,0.9501,0.6776,0.9401,0.9495,0.9489,0.9489,0.9489,0.7429,0.9286,0.619
0.94,0.19,0.9489,0.7471,0.9501,0.6776,0.9401,0.9495,0.9489,0.9489,0.9489,0.7429,0.9286,0.619
0.94,0.2,0.9489,0.7471,0.9501,0.6776,0.9401,0.9495,0.9489,0.9489,0.9489,0.7429,0.9286,0.619
0.94,0.21,0.9489,0.7471,0.9501,0.6776,0.9401,0.9495,0.9489,0.9489,0.9489,0.7429,0.9286,0.619
0.94,0.22,0.9489,0.7471,0.9501,0.6776,0.9401,0.9495,0.9489,0.9489,0.9489,0.7429,0.9286,0.619
0.94,0.23,0.9489,0.7471,0.9501,0.6776,0.9401,0.9495,0.9489,0.9489,0.9489,0.7429,0.9286,0.619
0.94,0.24,0.9508,0.7527,0.9628,0.678,0.9418,0.9514,0.9508,0.9508,0.9508,0.75,0.9512,0.619
0.94,0.25,0.9508,0.7527,0.9628,0.678,0.9418,0.9514,0.9508,0.9508,0.9508,0.75,0.9512,0.619
0.94,0.26,0.9508,0.7527,0.9628,0.678,0.9418,0.9514,0.9508,0.9508,0.9508,0.75,0.9512,0.619
0.94,0.27,0.9508,0.7527,0.9628,0.678,0.9418,0.9514,0.9508,0.9508,0.9508,0.75,0.9512,0.619
0.94,0.28,0.9508,0.7527,0.9628,0.678,0.9418,0.9514,0.9508,0.9508,0.9508,0.75,0.9512,0.619
0.94,0.29,0.9508,0.7527,0.9628,0.678,0.9418,0.9514,0.9508,0.9508,0.9508,0.75,0.9512,0.619
0.94,0.3,0.9508,0.7527,0.9628,0.678,0.9418,0.9514,0.9508,0.9508,0.9508,0.75,0.9512,0.619
0.94,0.31,0.9508,0.7527,0.9628,0.678,0.9418,0.9514,0.9508,0.9508,0.9508,0.75,0.9512,0.619
0.94,0.32,0.9508,0.7527,0.9628,0.678,0.9418,0.9514,0.9508,0.9508,0.9508,0.75,0.9512,0.619
0.94,0.33,0.9508,0.7527,0.9628,0.678,0.9418,0.9514,0.9508,0.9508,0.9508,0.75,0.9512,0.619
0.94,0.34,0.9508,0.7527,0.9628,0.678,0.9418,0.9514,0.9508,0.9508,0.9508,0.75,0.9512,0.619
0.94,0.35,0.9508,0.7527,0.9628,0.678,0.9418,0.9514,0.9508,0.9508,0.9508,0.75,0.9512,0.619
0.94,0.36,0.9508,0.7527,0.9628,0.678,0.9418,0.9514,0.9508,0.9508,0.9508,0.75,0.9512,0.619
0.94,0.37,0.9508,0.7527,0.9628,0.678,0.9418,0.9514,0.9508,0.9508,0.9508,0.75,0.9512,0.619
0.94,0.38,0.9508,0.7527,0.9628,0.678,0.9418,0.9514,0.9508,0.9508,0.9508,0.75,0.9512,0.619
0.94,0.39,0.9508,0.7527,0.9628,0.678,0.9418,0.9514,0.9508,0.9508,0.9508,0.75,0.9512,0.619
0.94,0.4,0.9508,0.7527,0.9628,0.678,0.9418,0.9514,0.9508,0.9508,0.9508,0.75,0.9512,0.619
0.94,0.41,0.9508,0.7527,0.9628,0.678,0.9418,0.9514,0.9508,0.9508,0.9508,0.75,0.9512,0.619
0.94,0.42,0.9508,0.7527,0.9628,0.678,0.9418,0.9514,0.9508,0.9508,0.9508,0.75,0.9512,0.619
0.94,0.43,0.9508,0.7527,0.9628,0.678,0.9418,0.9514,0.9508,0.9508,0.9508,0.75,0.9512,0.619
0.94,0.44,0.9508,0.7527,0.9628,0.678,0.9418,0.9514,0.9508,0.9508,0.9508,0.75,0.9512,0.619
0.94,0.45,0.9508,0.7527,0.9628,0.678,0.9418,0.9514,0.9508,0.9508,0.9508,0.75,0.9512,0.619
0.94,0.46,0.9508,0.7527,0.9628,0.678,0.9418,0.9514,0.9508,0.9508,0.9508,0.75,0.9512,0.619
0.94,0.47,0.9508,0.7527,0.9628,0.678,0.9418,0.9514,0.9508,0.9508,0.9508,0.75,0.9512,0.619
0.94,0.48,0.9489,0.7442,0.9625,0.6637,0.9398,0.9497,0.9489,0.9489,0.9489,0.7379,0.95,0.6032
0.94,0.49,0.9489,0.7442,0.9625,0.6637,0.9398,0.9497,0.9489,0.9489,0.9489,0.7379,0.95,0.6032
0.94,0.5,0.947,0.7267,0.9622,0.6507,0.9364,0.948,0.947,0.947,0.947,0.7255,0.9487,0.5873
0.94,0.51,0.947,0.7267,0.9622,0.6507,0.9364,0.948,0.947,0.947,0.947,0.7255,0.9487,0.5873
0.94,0.52,0.947,0.7267,0.9622,0.6507,0.9364,0.948,0.947,0.947,0.947,0.7255,0.9487,0.5873
0.94,0.53,0.947,0.7267,0.9622,0.6507,0.9364,0.948,0.947,0.947,0.947,0.7255,0.9487,0.5873
0.94,0.54,0.947,0.7267,0.9622,0.6507,0.9364,0.948,0.947,0.947,0.947,0.7255,0.9487,0.5873
0.94,0.55,0.947,0.7267,0.9622,0.6507,0.9364,0.948,0.947,0.947,0.947,0.7255,0.9487,0.5873
0.94,0.56,0.947,0.7267,0.9622,0.6507,0.9364,0.948,0.947,0.947,0.947,0.7255,0.9487,0.5873
0.94,0.57,0.947,0.7267,0.9622,0.6507,0.9364,0.948,0.947,0.947,0.947,0.7255,0.9487,0.5873
0.94,0.58,0.947,0.7267,0.9622,0.6507,0.9364,0.948,0.947,0.947,0.947,0.7255,0.9487,0.5873
0.94,0.59,0.947,0.7267,0.9622,0.6507,0.9364,0.948,0.947,0.947,0.947,0.7255,0.9487,0.5873
0.94,0.6,0.947,0.7267,0.9622,0.6507,0.9364,0.948,0.947,0.947,0.947,0.7255,0.9487,0.5873
0.94,0.61,0.947,0.7267,0.9622,0.6507,0.9364,0.948,0.947,0.947,0.947,0.7255,0.9487,0.5873
0.94,0.62,0.947,0.7267,0.9622,0.6507,0.9364,0.948,0.947,0.947,0.947,0.7255,0.9487,0.5873
0.94,0.63,0.9432,0.7066,0.9617,0.6221,0.932,0.9446,0.9432,0.9432,0.9432,0.7,0.9459,0.5556
0.94,0.64,0.9432,0.7066,0.9617,0.6221,0.932,0.9446,0.9432,0.9432,0.9432,0.7,0.9459,0.5556
0.94,0.65,0.9432,0.7066,0.9617,0.6221,0.932,0.9446,0.9432,0.9432,0.9432,0.7,0.9459,0.5556
0.94,0.66,0.9432,0.7066,0.9617,0.6221,0.932,0.9446,0.9432,0.9432,0.9432,0.7,0.9459,0.5556
0.94,0.67,0.9432,0.7066,0.9617,0.6221,0.932,0.9446,0.9432,0.9432,0.9432,0.7,0.9459,0.5556
0.94,0.68,0.9432,0.7066,0.9617,0.6221,0.932,0.9446,0.9432,0.9432,0.9432,0.7,0.9459,0.5556
0.94,0.69,0.9432,0.7066,0.9617,0.6221,0.932,0.9446,0.9432,0.9432,0.9432,0.7,0.9459,0.5556
0.94,0.7,0.9432,0.7066,0.9617,0.6221,0.932,0.9446,0.9432,0.9432,0.9432,0.7,0.9459,0.5556
0.94,0.71,0.9432,0.7066,0.9617,0.6221,0.932,0.9446,0.9432,0.9432,0.9432,0.7,0.9459,0.5556
0.94,0.72,0.9432,0.7066,0.9617,0.6221,0.932,0.9446,0.9432,0.9432,0.9432,0.7,0.9459,0.5556
0.94,0.73,0.9432,0.7066,0.9617,0.6221,0.932,0.9446,0.9432,0.9432,0.9432,0.7,0.9459,0.5556
0.94,0.74,0.9413,0.6974,0.9594,0.6091,0.9298,0.9426,0.9413,0.9413,0.9413,0.6869,0.9444,0.5397
0.94,0.75,0.9413,0.6974,0.9594,0.6091,0.9298,0.9426,0.9413,0.9413,0.9413,0.6869,0.9444,0.5397
0.94,0.76,0.9413,0.6974,0.9594,0.6091,0.9298,0.9426,0.9413,0.9413,0.9413,0.6869,0.9444,0.5397
0.94,0.77,0.9413,0.6974,0.9594,0.6091,0.9298,0.9426,0.9413,0.9413,0.9413,0.6869,0.9444,0.5397
0.94,0.78,0.9413,0.6974,0.9594,0.6091,0.9298,0.9426,0.9413,0.9413,0.9413,0.6869,0.9444,0.5397
0.94,0.79,0.9413,0.6974,0.9594,0.6091,0.9298,0.9426,0.9413,0.9413,0.9413,0.6869,0.9444,0.5397
0.94,0.8,0.9413,0.6974,0.9594,0.6091,0.9298,0.9426,0.9413,0.9413,0.9413,0.6869,0.9444,0.5397
0.94,0.81,0.9394,0.6878,0.9592,0.5913,0.9279,0.941,0.9394,0.9394,0.9394,0.6735,0.9429,0.5238
0.94,0.82,0.9394,0.6878,0.9592,0.5913,0.9279,0.941,0.9394,0.9394,0.9394,0.6735,0.9429,0.5238
0.94,0.83,0.9394,0.6878,0.9592,0.5913,0.9279,0.941,0.9394,0.9394,0.9394,0.6735,0.9429,0.5238
0.94,0.84,0.9394,0.6878,0.9592,0.5913,0.9279,0.941,0.9394,0.9394,0.9394,0.6735,0.9429,0.5238
0.94,0.85,0.9394,0.6878,0.9592,0.5913,0.9279,0.941,0.9394,0.9394,0.9394,0.6735,0.9429,0.5238
0.94,0.86,0.9394,0.6878,0.9592,0.5913,0.9279,0.941,0.9394,0.9394,0.9394,0.6735,0.9429,0.5238
0.94,0.87,0.9394,0.6878,0.9592,0.5913,0.9279,0.941,0.9394,0.9394,0.9394,0.6735,0.9429,0.5238
0.94,0.88,0.9394,0.6878,0.9592,0.5913,0.9279,0.941,0.9394,0.9394,0.9394,0.6735,0.9429,0.5238
0.94,0.89,0.9394,0.6878,0.9592,0.5913,0.9279,0.941,0.9394,0.9394,0.9394,0.6735,0.9429,0.5238
0.94,0.9,0.9375,0.6757,0.9589,0.577,0.9254,0.9393,0.9375,0.9375,0.9375,0.6598,0.9412,0.5079
0.94,0.91,0.9375,0.6757,0.9589,0.577,0.9254,0.9393,0.9375,0.9375,0.9375,0.6598,0.9412,0.5079
0.94,0.92,0.9394,0.6802,0.9732,0.5773,0.9272,0.9422,0.9394,0.9394,0.9394,0.6667,0.9697,0.5079
0.94,0.93,0.9394,0.6802,0.9732,0.5773,0.9272,0.9422,0.9394,0.9394,0.9394,0.6667,0.9697,0.5079
0.94,0.94,0.9356,0.6409,0.9727,0.5451,0.921,0.9389,0.9356,0.9356,0.9356,0.6383,0.9677,0.4762
0.95,0.0,0.9356,0.615,0.8474,0.5276,0.9185,0.9248,0.9356,0.9356,0.9356,0.6304,1.0,0.4603
0.95,0.01,0.9129,0.6251,0.6259,0.6367,0.9072,0.9039,0.9129,0.9129,0.9129,0.6167,0.6491,0.5873
0.95,0.02,0.9318,0.6548,0.6844,0.6398,0.921,0.9132,0.9318,0.9318,0.9318,0.6727,0.7872,0.5873
0.95,0.03,0.9375,0.6648,0.7303,0.6407,0.9253,0.9202,0.9375,0.9375,0.9375,0.6916,0.8409,0.5873
0.95,0.04,0.9394,0.6717,0.7447,0.641,0.9272,0.9222,0.9394,0.9394,0.9394,0.6981,0.8605,0.5873
0.95,0.05,0.9413,0.676,0.7804,0.6413,0.9287,0.9275,0.9413,0.9413,0.9413,0.7048,0.881,0.5873
0.95,0.06,0.9413,0.676,0.7804,0.6413,0.9287,0.9275,0.9413,0.9413,0.9413,0.7048,0.881,0.5873
0.95,0.07,0.9413,0.676,0.7804,0.6413,0.9287,0.9275,0.9413,0.9413,0.9413,0.7048,0.881,0.5873
0.95,0.08,0.9432,0.6845,0.7963,0.6416,0.9306,0.9293,0.9432,0.9432,0.9432,0.7115,0.9024,0.5873
0.95,0.09,0.9432,0.6845,0.7963,0.6416,0.9306,0.9293,0.9432,0.9432,0.9432,0.7115,0.9024,0.5873
0.95,0.1,0.9432,0.6845,0.7963,0.6416,0.9306,0.9293,0.9432,0.9432,0.9432,0.7115,0.9024,0.5873
0.95,0.11,0.9432,0.6845,0.7963,0.6416,0.9306,0.9293,0.9432,0.9432,0.9432,0.7115,0.9024,0.5873
0.95,0.12,0.9432,0.6845,0.7963,0.6416,0.9306,0.9293,0.9432,0.9432,0.9432,0.7115,0.9024,0.5873
0.95,0.13,0.9451,0.6896,0.8067,0.6419,0.9322,0.9309,0.9451,0.9451,0.9451,0.7184,0.925,0.5873
0.95,0.14,0.9451,0.6896,0.8067,0.6419,0.9322,0.9309,0.9451,0.9451,0.9451,0.7184,0.925,0.5873
0.95,0.15,0.9451,0.6896,0.8067,0.6419,0.9322,0.9309,0.9451,0.9451,0.9451,0.7184,0.925,0.5873
0.95,0.16,0.9451,0.6896,0.8067,0.6419,0.9322,0.9309,0.9451,0.9451,0.9451,0.7184,0.925,0.5873
0.95,0.17,0.9451,0.6896,0.8067,0.6419,0.9322,0.9309,0.9451,0.9451,0.9451,0.7184,0.925,0.5873
0.95,0.18,0.9451,0.6896,0.8067,0.6419,0.9322,0.9309,0.9451,0.9451,0.9451,0.7184,0.925,0.5873
0.95,0.19,0.9451,0.6896,0.8067,0.6419,0.9322,0.9309,0.9451,0.9451,0.9451,0.7184,0.925,0.5873
0.95,0.2,0.9451,0.6896,0.8067,0.6419,0.9322,0.9309,0.9451,0.9451,0.9451,0.7184,0.925,0.5873
0.95,0.21,0.9451,0.6896,0.8067,0.6419,0.9322,0.9309,0.9451,0.9451,0.9451,0.7184,0.925,0.5873
0.95,0.22,0.9451,0.6896,0.8067,0.6419,0.9322,0.9309,0.9451,0.9451,0.9451,0.7184,0.925,0.5873
0.95,0.23,0.9451,0.6896,0.8067,0.6419,0.9322,0.9309,0.9451,0.9451,0.9451,0.7184,0.925,0.5873
0.95,0.24,0.947,0.6952,0.8194,0.6422,0.934,0.9329,0.947,0.947,0.947,0.7255,0.9487,0.5873
0.95,0.25,0.947,0.6952,0.8194,0.6422,0.934,0.9329,0.947,0.947,0.947,0.7255,0.9487,0.5873
0.95,0.26,0.947,0.6952,0.8194,0.6422,0.934,0.9329,0.947,0.947,0.947,0.7255,0.9487,0.5873
0.95,0.27,0.947,0.6952,0.8194,0.6422,0.934,0.9329,0.947,0.947,0.947,0.7255,0.9487,0.5873
0.95,0.28,0.947,0.6952,0.8194,0.6422,0.934,0.9329,0.947,0.947,0.947,0.7255,0.9487,0.5873
0.95,0.29,0.947,0.6952,0.8194,0.6422,0.934,0.9329,0.947,0.947,0.947,0.7255,0.9487,0.5873
0.95,0.3,0.947,0.6952,0.8194,0.6422,0.934,0.9329,0.947,0.947,0.947,0.7255,0.9487,0.5873
0.95,0.31,0.947,0.6952,0.8194,0.6422,0.934,0.9329,0.947,0.947,0.947,0.7255,0.9487,0.5873
0.95,0.32,0.947,0.6952,0.8194,0.6422,0.934,0.9329,0.947,0.947,0.947,0.7255,0.9487,0.5873
0.95,0.33,0.947,0.6952,0.8194,0.6422,0.934,0.9329,0.947,0.947,0.947,0.7255,0.9487,0.5873
0.95,0.34,0.947,0.6952,0.8194,0.6422,0.934,0.9329,0.947,0.947,0.947,0.7255,0.9487,0.5873
0.95,0.35,0.947,0.6952,0.8194,0.6422,0.934,0.9329,0.947,0.947,0.947,0.7255,0.9487,0.5873
0.95,0.36,0.947,0.6952,0.8194,0.6422,0.934,0.9329,0.947,0.947,0.947,0.7255,0.9487,0.5873
0.95,0.37,0.947,0.6952,0.8194,0.6422,0.934,0.9329,0.947,0.947,0.947,0.7255,0.9487,0.5873
0.95,0.38,0.947,0.6952,0.8194,0.6422,0.934,0.9329,0.947,0.947,0.947,0.7255,0.9487,0.5873
0.95,0.39,0.947,0.6952,0.8194,0.6422,0.934,0.9329,0.947,0.947,0.947,0.7255,0.9487,0.5873
0.95,0.4,0.947,0.6952,0.8194,0.6422,0.934,0.9329,0.947,0.947,0.947,0.7255,0.9487,0.5873
0.95,0.41,0.947,0.6952,0.8194,0.6422,0.934,0.9329,0.947,0.947,0.947,0.7255,0.9487,0.5873
0.95,0.42,0.947,0.6952,0.8194,0.6422,0.934,0.9329,0.947,0.947,0.947,0.7255,0.9487,0.5873
0.95,0.43,0.947,0.6952,0.8194,0.6422,0.934,0.9329,0.947,0.947,0.947,0.7255,0.9487,0.5873
0.95,0.44,0.947,0.6952,0.8194,0.6422,0.934,0.9329,0.947,0.947,0.947,0.7255,0.9487,0.5873
0.95,0.45,0.947,0.6952,0.8194,0.6422,0.934,0.9329,0.947,0.947,0.947,0.7255,0.9487,0.5873
0.95,0.46,0.947,0.6952,0.8194,0.6422,0.934,0.9329,0.947,0.947,0.947,0.7255,0.9487,0.5873
0.95,0.47,0.947,0.6952,0.8194,0.6422,0.934,0.9329,0.947,0.947,0.947,0.7255,0.9487,0.5873
0.95,0.48,0.9451,0.6867,0.8191,0.628,0.932,0.9312,0.9451,0.9451,0.9451,0.7129,0.9474,0.5714
0.95,0.49,0.9451,0.6867,0.8191,0.628,0.932,0.9312,0.9451,0.9451,0.9451,0.7129,0.9474,0.5714
0.95,0.5,0.9432,0.6693,0.8188,0.615,0.9286,0.9295,0.9432,0.9432,0.9432,0.7,0.9459,0.5556
0.95,0.51,0.9432,0.6693,0.8188,0.615,0.9286,0.9295,0.9432,0.9432,0.9432,0.7,0.9459,0.5556
0.95,0.52,0.9432,0.6693,0.8188,0.615,0.9286,0.9295,0.9432,0.9432,0.9432,0.7,0.9459,0.5556
0.95,0.53,0.9432,0.6693,0.8188,0.615,0.9286,0.9295,0.9432,0.9432,0.9432,0.7,0.9459,0.5556
0.95,0.54,0.9432,0.6693,0.8188,0.615,0.9286,0.9295,0.9432,0.9432,0.9432,0.7,0.9459,0.5556
0.95,0.55,0.9432,0.6693,0.8188,0.615,0.9286,0.9295,0.9432,0.9432,0.9432,0.7,0.9459,0.5556
0.95,0.56,0.9432,0.6693,0.8188,0.615,0.9286,0.9295,0.9432,0.9432,0.9432,0.7,0.9459,0.5556
0.95,0.57,0.9432,0.6693,0.8188,0.615,0.9286,0.9295,0.9432,0.9432,0.9432,0.7,0.9459,0.5556
0.95,0.58,0.9432,0.6693,0.8188,0.615,0.9286,0.9295,0.9432,0.9432,0.9432,0.7,0.9459,0.5556
0.95,0.59,0.9432,0.6693,0.8188,0.615,0.9286,0.9295,0.9432,0.9432,0.9432,0.7,0.9459,0.5556
0.95,0.6,0.9432,0.6693,0.8188,0.615,0.9286,0.9295,0.9432,0.9432,0.9432,0.7,0.9459,0.5556
0.95,0.61,0.9432,0.6693,0.8188,0.615,0.9286,0.9295,0.9432,0.9432,0.9432,0.7,0.9459,0.5556
0.95,0.62,0.9432,0.6693,0.8188,0.615,0.9286,0.9295,0.9432,0.9432,0.9432,0.7,0.9459,0.5556
0.95,0.63,0.9394,0.6492,0.8183,0.5864,0.9242,0.9261,0.9394,0.9394,0.9394,0.6735,0.9429,0.5238
0.95,0.64,0.9394,0.6492,0.8183,0.5864,0.9242,0.9261,0.9394,0.9394,0.9394,0.6735,0.9429,0.5238
0.95,0.65,0.9394,0.6492,0.8183,0.5864,0.9242,0.9261,0.9394,0.9394,0.9394,0.6735,0.9429,0.5238
0.95,0.66,0.9394,0.6492,0.8183,0.5864,0.9242,0.9261,0.9394,0.9394,0.9394,0.6735,0.9429,0.5238
0.95,0.67,0.9394,0.6492,0.8183,0.5864,0.9242,0.9261,0.9394,0.9394,0.9394,0.6735,0.9429,0.5238
0.95,0.68,0.9394,0.6492,0.8183,0.5864,0.9242,0.9261,0.9394,0.9394,0.9394,0.6735,0.9429,0.5238
0.95,0.69,0.9394,0.6492,0.8183,0.5864,0.9242,0.9261,0.9394,0.9394,0.9394,0.6735,0.9429,0.5238
0.95,0.7,0.9394,0.6492,0.8183,0.5864,0.9242,0.9261,0.9394,0.9394,0.9394,0.6735,0.9429,0.5238
0.95,0.71,0.9394,0.6492,0.8183,0.5864,0.9242,0.9261,0.9394,0.9394,0.9394,0.6735,0.9429,0.5238
0.95,0.72,0.9394,0.6492,0.8183,0.5864,0.9242,0.9261,0.9394,0.9394,0.9394,0.6735,0.9429,0.5238
0.95,0.73,0.9394,0.6492,0.8183,0.5864,0.9242,0.9261,0.9394,0.9394,0.9394,0.6735,0.9429,0.5238
0.95,0.74,0.9375,0.64,0.816,0.5734,0.9219,0.9241,0.9375,0.9375,0.9375,0.6598,0.9412,0.5079
0.95,0.75,0.9375,0.64,0.816,0.5734,0.9219,0.9241,0.9375,0.9375,0.9375,0.6598,0.9412,0.5079
0.95,0.76,0.9375,0.64,0.816,0.5734,0.9219,0.9241,0.9375,0.9375,0.9375,0.6598,0.9412,0.5079
0.95,0.77,0.9375,0.64,0.816,0.5734,0.9219,0.9241,0.9375,0.9375,0.9375,0.6598,0.9412,0.5079
0.95,0.78,0.9375,0.64,0.816,0.5734,0.9219,0.9241,0.9375,0.9375,0.9375,0.6598,0.9412,0.5079
0.95,0.79,0.9375,0.64,0.816,0.5734,0.9219,0.9241,0.9375,0.9375,0.9375,0.6598,0.9412,0.5079
0.95,0.8,0.9375,0.64,0.816,0.5734,0.9219,0.9241,0.9375,0.9375,0.9375,0.6598,0.9412,0.5079
0.95,0.81,0.9356,0.6304,0.8158,0.5556,0.9201,0.9225,0.9356,0.9356,0.9356,0.6458,0.9394,0.4921
0.95,0.82,0.9356,0.6304,0.8158,0.5556,0.9201,0.9225,0.9356,0.9356,0.9356,0.6458,0.9394,0.4921
0.95,0.83,0.9356,0.6304,0.8158,0.5556,0.9201,0.9225,0.9356,0.9356,0.9356,0.6458,0.9394,0.4921
0.95,0.84,0.9356,0.6304,0.8158,0.5556,0.9201,0.9225,0.9356,0.9356,0.9356,0.6458,0.9394,0.4921
0.95,0.85,0.9356,0.6304,0.8158,0.5556,0.9201,0.9225,0.9356,0.9356,0.9356,0.6458,0.9394,0.4921
0.95,0.86,0.9356,0.6304,0.8158,0.5556,0.9201,0.9225,0.9356,0.9356,0.9356,0.6458,0.9394,0.4921
0.95,0.87,0.9356,0.6304,0.8158,0.5556,0.9201,0.9225,0.9356,0.9356,0.9356,0.6458,0.9394,0.4921
0.95,0.88,0.9356,0.6304,0.8158,0.5556,0.9201,0.9225,0.9356,0.9356,0.9356,0.6458,0.9394,0.4921
0.95,0.89,0.9356,0.6304,0.8158,0.5556,0.9201,0.9225,0.9356,0.9356,0.9356,0.6458,0.9394,0.4921
0.95,0.9,0.9337,0.6183,0.8155,0.5413,0.9176,0.9208,0.9337,0.9337,0.9337,0.6316,0.9375,0.4762
0.95,0.91,0.9337,0.6183,0.8155,0.5413,0.9176,0.9208,0.9337,0.9337,0.9337,0.6316,0.9375,0.4762
0.95,0.92,0.9356,0.6227,0.8298,0.5416,0.9194,0.9238,0.9356,0.9356,0.9356,0.6383,0.9677,0.4762
0.95,0.93,0.9356,0.6227,0.8298,0.5416,0.9194,0.9238,0.9356,0.9356,0.9356,0.6383,0.9677,0.4762
0.95,0.94,0.9337,0.609,0.8295,0.5273,0.9167,0.9221,0.9337,0.9337,0.9337,0.6237,0.9667,0.4603
0.95,0.95,0.9356,0.615,0.8474,0.5276,0.9185,0.9248,0.9356,0.9356,0.9356,0.6304,1.0,0.4603
0.96,0.0,0.9337,0.5947,0.8471,0.5146,0.9147,0.9232,0.9337,0.9337,0.9337,0.6154,1.0,0.4444
0.96,0.01,0.9091,0.603,0.6067,0.6107,0.9023,0.8976,0.9091,0.9091,0.9091,0.5932,0.6364,0.5556
0.96,0.02,0.928,0.6248,0.6512,0.6138,0.9149,0.905,0.928,0.928,0.928,0.6481,0.7778,0.5556
0.96,0.03,0.9337,0.6294,0.6941,0.6147,0.9184,0.9116,0.9337,0.9337,0.9337,0.6667,0.8333,0.5556
0.96,0.04,0.9356,0.6363,0.7084,0.615,0.9202,0.9136,0.9356,0.9356,0.9356,0.6731,0.8537,0.5556
0.96,0.05,0.9375,0.6383,0.7798,0.6153,0.9215,0.9241,0.9375,0.9375,0.9375,0.6796,0.875,0.5556
0.96,0.06,0.9375,0.6383,0.7798,0.6153,0.9215,0.9241,0.9375,0.9375,0.9375,0.6796,0.875,0.5556
0.96,0.07,0.9375,0.6383,0.7798,0.6153,0.9215,0.9241,0.9375,0.9375,0.9375,0.6796,0.875,0.5556
0.96,0.08,0.9394,0.6468,0.7957,0.6157,0.9233,0.9259,0.9394,0.9394,0.9394,0.6863,0.8974,0.5556
0.96,0.09,0.9394,0.6468,0.7957,0.6157,0.9233,0.9259,0.9394,0.9394,0.9394,0.6863,0.8974,0.5556
0.96,0.1,0.9394,0.6468,0.7957,0.6157,0.9233,0.9259,0.9394,0.9394,0.9394,0.6863,0.8974,0.5556
0.96,0.11,0.9394,0.6468,0.7957,0.6157,0.9233,0.9259,0.9394,0.9394,0.9394,0.6863,0.8974,0.5556
0.96,0.12,0.9394,0.6468,0.7957,0.6157,0.9233,0.9259,0.9394,0.9394,0.9394,0.6863,0.8974,0.5556
0.96,0.13,0.9413,0.6519,0.8061,0.616,0.925,0.9275,0.9413,0.9413,0.9413,0.6931,0.9211,0.5556
0.96,0.14,0.9413,0.6519,0.8061,0.616,0.925,0.9275,0.9413,0.9413,0.9413,0.6931,0.9211,0.5556
0.96,0.15,0.9413,0.6519,0.8061,0.616,0.925,0.9275,0.9413,0.9413,0.9413,0.6931,0.9211,0.5556
0.96,0.16,0.9413,0.6519,0.8061,0.616,0.925,0.9275,0.9413,0.9413,0.9413,0.6931,0.9211,0.5556
0.96,0.17,0.9413,0.6519,0.8061,0.616,0.925,0.9275,0.9413,0.9413,0.9413,0.6931,0.9211,0.5556
0.96,0.18,0.9413,0.6519,0.8061,0.616,0.925,0.9275,0.9413,0.9413,0.9413,0.6931,0.9211,0.5556
0.96,0.19,0.9413,0.6519,0.8061,0.616,0.925,0.9275,0.9413,0.9413,0.9413,0.6931,0.9211,0.5556
0.96,0.2,0.9413,0.6519,0.8061,0.616,0.925,0.9275,0.9413,0.9413,0.9413,0.6931,0.9211,0.5556
0.96,0.21,0.9413,0.6519,0.8061,0.616,0.925,0.9275,0.9413,0.9413,0.9413,0.6931,0.9211,0.5556
0.96,0.22,0.9413,0.6519,0.8061,0.616,0.925,0.9275,0.9413,0.9413,0.9413,0.6931,0.9211,0.5556
0.96,0.23,0.9413,0.6519,0.8061,0.616,0.925,0.9275,0.9413,0.9413,0.9413,0.6931,0.9211,0.5556
0.96,0.24,0.9432,0.6575,0.8188,0.6163,0.9267,0.9295,0.9432,0.9432,0.9432,0.7,0.9459,0.5556
0.96,0.25,0.9432,0.6575,0.8188,0.6163,0.9267,0.9295,0.9432,0.9432,0.9432,0.7,0.9459,0.5556
0.96,0.26,0.9432,0.6575,0.8188,0.6163,0.9267,0.9295,0.9432,0.9432,0.9432,0.7,0.9459,0.5556
0.96,0.27,0.9432,0.6575,0.8188,0.6163,0.9267,0.9295,0.9432,0.9432,0.9432,0.7,0.9459,0.5556
0.96,0.28,0.9432,0.6575,0.8188,0.6163,0.9267,0.9295,0.9432,0.9432,0.9432,0.7,0.9459,0.5556
0.96,0.29,0.9432,0.6575,0.8188,0.6163,0.9267,0.9295,0.9432,0.9432,0.9432,0.7,0.9459,0.5556
0.96,0.3,0.9432,0.6575,0.8188,0.6163,0.9267,0.9295,0.9432,0.9432,0.9432,0.7,0.9459,0.5556
0.96,0.31,0.9432,0.6575,0.8188,0.6163,0.9267,0.9295,0.9432,0.9432,0.9432,0.7,0.9459,0.5556
0.96,0.32,0.9432,0.6575,0.8188,0.6163,0.9267,0.9295,0.9432,0.9432,0.9432,0.7,0.9459,0.5556
0.96,0.33,0.9432,0.6575,0.8188,0.6163,0.9267,0.9295,0.9432,0.9432,0.9432,0.7,0.9459,0.5556
0.96,0.34,0.9432,0.6575,0.8188,0.6163,0.9267,0.9295,0.9432,0.9432,0.9432,0.7,0.9459,0.5556
0.96,0.35,0.9432,0.6575,0.8188,0.6163,0.9267,0.9295,0.9432,0.9432,0.9432,0.7,0.9459,0.5556
0.96,0.36,0.9432,0.6575,0.8188,0.6163,0.9267,0.9295,0.9432,0.9432,0.9432,0.7,0.9459,0.5556
0.96,0.37,0.9432,0.6575,0.8188,0.6163,0.9267,0.9295,0.9432,0.9432,0.9432,0.7,0.9459,0.5556
0.96,0.38,0.9432,0.6575,0.8188,0.6163,0.9267,0.9295,0.9432,0.9432,0.9432,0.7,0.9459,0.5556
0.96,0.39,0.9432,0.6575,0.8188,0.6163,0.9267,0.9295,0.9432,0.9432,0.9432,0.7,0.9459,0.5556
0.96,0.4,0.9432,0.6575,0.8188,0.6163,0.9267,0.9295,0.9432,0.9432,0.9432,0.7,0.9459,0.5556
0.96,0.41,0.9432,0.6575,0.8188,0.6163,0.9267,0.9295,0.9432,0.9432,0.9432,0.7,0.9459,0.5556
0.96,0.42,0.9432,0.6575,0.8188,0.6163,0.9267,0.9295,0.9432,0.9432,0.9432,0.7,0.9459,0.5556
0.96,0.43,0.9432,0.6575,0.8188,0.6163,0.9267,0.9295,0.9432,0.9432,0.9432,0.7,0.9459,0.5556
0.96,0.44,0.9432,0.6575,0.8188,0.6163,0.9267,0.9295,0.9432,0.9432,0.9432,0.7,0.9459,0.5556
0.96,0.45,0.9432,0.6575,0.8188,0.6163,0.9267,0.9295,0.9432,0.9432,0.9432,0.7,0.9459,0.5556
0.96,0.46,0.9432,0.6575,0.8188,0.6163,0.9267,0.9295,0.9432,0.9432,0.9432,0.7,0.9459,0.5556
0.96,0.47,0.9432,0.6575,0.8188,0.6163,0.9267,0.9295,0.9432,0.9432,0.9432,0.7,0.9459,0.5556
0.96,0.48,0.9413,0.649,0.8186,0.602,0.9247,0.9278,0.9413,0.9413,0.9413,0.6869,0.9444,0.5397
0.96,0.49,0.9413,0.649,0.8186,0.602,0.9247,0.9278,0.9413,0.9413,0.9413,0.6869,0.9444,0.5397
0.96,0.5,0.9413,0.649,0.8186,0.602,0.9247,0.9278,0.9413,0.9413,0.9413,0.6869,0.9444,0.5397
0.96,0.51,0.9413,0.649,0.8186,0.602,0.9247,0.9278,0.9413,0.9413,0.9413,0.6869,0.9444,0.5397
0.96,0.52,0.9413,0.649,0.8186,0.602,0.9247,0.9278,0.9413,0.9413,0.9413,0.6869,0.9444,0.5397
0.96,0.53,0.9413,0.649,0.8186,0.602,0.9247,0.9278,0.9413,0.9413,0.9413,0.6869,0.9444,0.5397
0.96,0.54,0.9413,0.649,0.8186,0.602,0.9247,0.9278,0.9413,0.9413,0.9413,0.6869,0.9444,0.5397
0.96,0.55,0.9413,0.649,0.8186,0.602,0.9247,0.9278,0.9413,0.9413,0.9413,0.6869,0.9444,0.5397
0.96,0.56,0.9413,0.649,0.8186,0.602,0.9247,0.9278,0.9413,0.9413,0.9413,0.6869,0.9444,0.5397
0.96,0.57,0.9413,0.649,0.8186,0.602,0.9247,0.9278,0.9413,0.9413,0.9413,0.6869,0.9444,0.5397
0.96,0.58,0.9413,0.649,0.8186,0.602,0.9247,0.9278,0.9413,0.9413,0.9413,0.6869,0.9444,0.5397
0.96,0.59,0.9413,0.649,0.8186,0.602,0.9247,0.9278,0.9413,0.9413,0.9413,0.6869,0.9444,0.5397
0.96,0.6,0.9413,0.649,0.8186,0.602,0.9247,0.9278,0.9413,0.9413,0.9413,0.6869,0.9444,0.5397
0.96,0.61,0.9413,0.649,0.8186,0.602,0.9247,0.9278,0.9413,0.9413,0.9413,0.6869,0.9444,0.5397
0.96,0.62,0.9413,0.649,0.8186,0.602,0.9247,0.9278,0.9413,0.9413,0.9413,0.6869,0.9444,0.5397
0.96,0.63,0.9375,0.6289,0.818,0.5734,0.9203,0.9244,0.9375,0.9375,0.9375,0.6598,0.9412,0.5079
0.96,0.64,0.9375,0.6289,0.818,0.5734,0.9203,0.9244,0.9375,0.9375,0.9375,0.6598,0.9412,0.5079
0.96,0.65,0.9375,0.6289,0.818,0.5734,0.9203,0.9244,0.9375,0.9375,0.9375,0.6598,0.9412,0.5079
0.96,0.66,0.9375,0.6289,0.818,0.5734,0.9203,0.9244,0.9375,0.9375,0.9375,0.6598,0.9412,0.5079
0.96,0.67,0.9375,0.6289,0.818,0.5734,0.9203,0.9244,0.9375,0.9375,0.9375,0.6598,0.9412,0.5079
0.96,0.68,0.9375,0.6289,0.818,0.5734,0.9203,0.9244,0.9375,0.9375,0.9375,0.6598,0.9412,0.5079
0.96,0.69,0.9375,0.6289,0.818,0.5734,0.9203,0.9244,0.9375,0.9375,0.9375,0.6598,0.9412,0.5079
0.96,0.7,0.9375,0.6289,0.818,0.5734,0.9203,0.9244,0.9375,0.9375,0.9375,0.6598,0.9412,0.5079
0.96,0.71,0.9375,0.6289,0.818,0.5734,0.9203,0.9244,0.9375,0.9375,0.9375,0.6598,0.9412,0.5079
0.96,0.72,0.9375,0.6289,0.818,0.5734,0.9203,0.9244,0.9375,0.9375,0.9375,0.6598,0.9412,0.5079
0.96,0.73,0.9375,0.6289,0.818,0.5734,0.9203,0.9244,0.9375,0.9375,0.9375,0.6598,0.9412,0.5079
0.96,0.74,0.9356,0.6197,0.8158,0.5604,0.9181,0.9225,0.9356,0.9356,0.9356,0.6458,0.9394,0.4921
0.96,0.75,0.9356,0.6197,0.8158,0.5604,0.9181,0.9225,0.9356,0.9356,0.9356,0.6458,0.9394,0.4921
0.96,0.76,0.9356,0.6197,0.8158,0.5604,0.9181,0.9225,0.9356,0.9356,0.9356,0.6458,0.9394,0.4921
0.96,0.77,0.9356,0.6197,0.8158,0.5604,0.9181,0.9225,0.9356,0.9356,0.9356,0.6458,0.9394,0.4921
0.96,0.78,0.9356,0.6197,0.8158,0.5604,0.9181,0.9225,0.9356,0.9356,0.9356,0.6458,0.9394,0.4921
0.96,0.79,0.9356,0.6197,0.8158,0.5604,0.9181,0.9225,0.9356,0.9356,0.9356,0.6458,0.9394,0.4921
0.96,0.8,0.9356,0.6197,0.8158,0.5604,0.9181,0.9225,0.9356,0.9356,0.9356,0.6458,0.9394,0.4921
0.96,0.81,0.9337,0.6101,0.8155,0.5426,0.9162,0.9208,0.9337,0.9337,0.9337,0.6316,0.9375,0.4762
0.96,0.82,0.9337,0.6101,0.8155,0.5426,0.9162,0.9208,0.9337,0.9337,0.9337,0.6316,0.9375,0.4762
0.96,0.83,0.9337,0.6101,0.8155,0.5426,0.9162,0.9208,0.9337,0.9337,0.9337,0.6316,0.9375,0.4762
0.96,0.84,0.9337,0.6101,0.8155,0.5426,0.9162,0.9208,0.9337,0.9337,0.9337,0.6316,0.9375,0.4762
0.96,0.85,0.9337,0.6101,0.8155,0.5426,0.9162,0.9208,0.9337,0.9337,0.9337,0.6316,0.9375,0.4762
0.96,0.86,0.9337,0.6101,0.8155,0.5426,0.9162,0.9208,0.9337,0.9337,0.9337,0.6316,0.9375,0.4762
0.96,0.87,0.9337,0.6101,0.8155,0.5426,0.9162,0.9208,0.9337,0.9337,0.9337,0.6316,0.9375,0.4762
0.96,0.88,0.9337,0.6101,0.8155,0.5426,0.9162,0.9208,0.9337,0.9337,0.9337,0.6316,0.9375,0.4762
0.96,0.89,0.9337,0.6101,0.8155,0.5426,0.9162,0.9208,0.9337,0.9337,0.9337,0.6316,0.9375,0.4762
0.96,0.9,0.9318,0.598,0.8152,0.5283,0.9138,0.9192,0.9318,0.9318,0.9318,0.617,0.9355,0.4603
0.96,0.91,0.9318,0.598,0.8152,0.5283,0.9138,0.9192,0.9318,0.9318,0.9318,0.617,0.9355,0.4603
0.96,0.92,0.9337,0.6025,0.8295,0.5286,0.9156,0.9221,0.9337,0.9337,0.9337,0.6237,0.9667,0.4603
0.96,0.93,0.9337,0.6025,0.8295,0.5286,0.9156,0.9221,0.9337,0.9337,0.9337,0.6237,0.9667,0.4603
0.96,0.94,0.9318,0.5887,0.8293,0.5143,0.9129,0.9205,0.9318,0.9318,0.9318,0.6087,0.9655,0.4444
0.96,0.95,0.9337,0.5947,0.8471,0.5146,0.9147,0.9232,0.9337,0.9337,0.9337,0.6154,1.0,0.4444
0.96,0.96,0.9337,0.5947,0.8471,0.5146,0.9147,0.9232,0.9337,0.9337,0.9337,0.6154,1.0,0.4444
0.97,0.0,0.9337,0.5947,0.8471,0.5146,0.9147,0.9232,0.9337,0.9337,0.9337,0.6154,1.0,0.4444
0.97,0.01,0.9091,0.603,0.6067,0.6107,0.9023,0.8976,0.9091,0.9091,0.9091,0.5932,0.6364,0.5556
0.97,0.02,0.928,0.6248,0.6512,0.6138,0.9149,0.905,0.928,0.928,0.928,0.6481,0.7778,0.5556
0.97,0.03,0.9337,0.6294,0.6941,0.6147,0.9184,0.9116,0.9337,0.9337,0.9337,0.6667,0.8333,0.5556
0.97,0.04,0.9356,0.6363,0.7084,0.615,0.9202,0.9136,0.9356,0.9356,0.9356,0.6731,0.8537,0.5556
0.97,0.05,0.9375,0.6383,0.7798,0.6153,0.9215,0.9241,0.9375,0.9375,0.9375,0.6796,0.875,0.5556
0.97,0.06,0.9375,0.6383,0.7798,0.6153,0.9215,0.9241,0.9375,0.9375,0.9375,0.6796,0.875,0.5556
0.97,0.07,0.9375,0.6383,0.7798,0.6153,0.9215,0.9241,0.9375,0.9375,0.9375,0.6796,0.875,0.5556
0.97,0.08,0.9394,0.6468,0.7957,0.6157,0.9233,0.9259,0.9394,0.9394,0.9394,0.6863,0.8974,0.5556
0.97,0.09,0.9394,0.6468,0.7957,0.6157,0.9233,0.9259,0.9394,0.9394,0.9394,0.6863,0.8974,0.5556
0.97,0.1,0.9394,0.6468,0.7957,0.6157,0.9233,0.9259,0.9394,0.9394,0.9394,0.6863,0.8974,0.5556
0.97,0.11,0.9394,0.6468,0.7957,0.6157,0.9233,0.9259,0.9394,0.9394,0.9394,0.6863,0.8974,0.5556
0.97,0.12,0.9394,0.6468,0.7957,0.6157,0.9233,0.9259,0.9394,0.9394,0.9394,0.6863,0.8974,0.5556
0.97,0.13,0.9413,0.6519,0.8061,0.616,0.925,0.9275,0.9413,0.9413,0.9413,0.6931,0.9211,0.5556
0.97,0.14,0.9413,0.6519,0.8061,0.616,0.925,0.9275,0.9413,0.9413,0.9413,0.6931,0.9211,0.5556
0.97,0.15,0.9413,0.6519,0.8061,0.616,0.925,0.9275,0.9413,0.9413,0.9413,0.6931,0.9211,0.5556
0.97,0.16,0.9413,0.6519,0.8061,0.616,0.925,0.9275,0.9413,0.9413,0.9413,0.6931,0.9211,0.5556
0.97,0.17,0.9413,0.6519,0.8061,0.616,0.925,0.9275,0.9413,0.9413,0.9413,0.6931,0.9211,0.5556
0.97,0.18,0.9413,0.6519,0.8061,0.616,0.925,0.9275,0.9413,0.9413,0.9413,0.6931,0.9211,0.5556
0.97,0.19,0.9413,0.6519,0.8061,0.616,0.925,0.9275,0.9413,0.9413,0.9413,0.6931,0.9211,0.5556
0.97,0.2,0.9413,0.6519,0.8061,0.616,0.925,0.9275,0.9413,0.9413,0.9413,0.6931,0.9211,0.5556
0.97,0.21,0.9413,0.6519,0.8061,0.616,0.925,0.9275,0.9413,0.9413,0.9413,0.6931,0.9211,0.5556
0.97,0.22,0.9413,0.6519,0.8061,0.616,0.925,0.9275,0.9413,0.9413,0.9413,0.6931,0.9211,0.5556
0.97,0.23,0.9413,0.6519,0.8061,0.616,0.925,0.9275,0.9413,0.9413,0.9413,0.6931,0.9211,0.5556
0.97,0.24,0.9432,0.6575,0.8188,0.6163,0.9267,0.9295,0.9432,0.9432,0.9432,0.7,0.9459,0.5556
0.97,0.25,0.9432,0.6575,0.8188,0.6163,0.9267,0.9295,0.9432,0.9432,0.9432,0.7,0.9459,0.5556
0.97,0.26,0.9432,0.6575,0.8188,0.6163,0.9267,0.9295,0.9432,0.9432,0.9432,0.7,0.9459,0.5556
0.97,0.27,0.9432,0.6575,0.8188,0.6163,0.9267,0.9295,0.9432,0.9432,0.9432,0.7,0.9459,0.5556
0.97,0.28,0.9432,0.6575,0.8188,0.6163,0.9267,0.9295,0.9432,0.9432,0.9432,0.7,0.9459,0.5556
0.97,0.29,0.9432,0.6575,0.8188,0.6163,0.9267,0.9295,0.9432,0.9432,0.9432,0.7,0.9459,0.5556
0.97,0.3,0.9432,0.6575,0.8188,0.6163,0.9267,0.9295,0.9432,0.9432,0.9432,0.7,0.9459,0.5556
0.97,0.31,0.9432,0.6575,0.8188,0.6163,0.9267,0.9295,0.9432,0.9432,0.9432,0.7,0.9459,0.5556
0.97,0.32,0.9432,0.6575,0.8188,0.6163,0.9267,0.9295,0.9432,0.9432,0.9432,0.7,0.9459,0.5556
0.97,0.33,0.9432,0.6575,0.8188,0.6163,0.9267,0.9295,0.9432,0.9432,0.9432,0.7,0.9459,0.5556
0.97,0.34,0.9432,0.6575,0.8188,0.6163,0.9267,0.9295,0.9432,0.9432,0.9432,0.7,0.9459,0.5556
0.97,0.35,0.9432,0.6575,0.8188,0.6163,0.9267,0.9295,0.9432,0.9432,0.9432,0.7,0.9459,0.5556
0.97,0.36,0.9432,0.6575,0.8188,0.6163,0.9267,0.9295,0.9432,0.9432,0.9432,0.7,0.9459,0.5556
0.97,0.37,0.9432,0.6575,0.8188,0.6163,0.9267,0.9295,0.9432,0.9432,0.9432,0.7,0.9459,0.5556
0.97,0.38,0.9432,0.6575,0.8188,0.6163,0.9267,0.9295,0.9432,0.9432,0.9432,0.7,0.9459,0.5556
0.97,0.39,0.9432,0.6575,0.8188,0.6163,0.9267,0.9295,0.9432,0.9432,0.9432,0.7,0.9459,0.5556
0.97,0.4,0.9432,0.6575,0.8188,0.6163,0.9267,0.9295,0.9432,0.9432,0.9432,0.7,0.9459,0.5556
0.97,0.41,0.9432,0.6575,0.8188,0.6163,0.9267,0.9295,0.9432,0.9432,0.9432,0.7,0.9459,0.5556
0.97,0.42,0.9432,0.6575,0.8188,0.6163,0.9267,0.9295,0.9432,0.9432,0.9432,0.7,0.9459,0.5556
0.97,0.43,0.9432,0.6575,0.8188,0.6163,0.9267,0.9295,0.9432,0.9432,0.9432,0.7,0.9459,0.5556
0.97,0.44,0.9432,0.6575,0.8188,0.6163,0.9267,0.9295,0.9432,0.9432,0.9432,0.7,0.9459,0.5556
0.97,0.45,0.9432,0.6575,0.8188,0.6163,0.9267,0.9295,0.9432,0.9432,0.9432,0.7,0.9459,0.5556
0.97,0.46,0.9432,0.6575,0.8188,0.6163,0.9267,0.9295,0.9432,0.9432,0.9432,0.7,0.9459,0.5556
0.97,0.47,0.9432,0.6575,0.8188,0.6163,0.9267,0.9295,0.9432,0.9432,0.9432,0.7,0.9459,0.5556
0.97,0.48,0.9413,0.649,0.8186,0.602,0.9247,0.9278,0.9413,0.9413,0.9413,0.6869,0.9444,0.5397
0.97,0.49,0.9413,0.649,0.8186,0.602,0.9247,0.9278,0.9413,0.9413,0.9413,0.6869,0.9444,0.5397
0.97,0.5,0.9413,0.649,0.8186,0.602,0.9247,0.9278,0.9413,0.9413,0.9413,0.6869,0.9444,0.5397
0.97,0.51,0.9413,0.649,0.8186,0.602,0.9247,0.9278,0.9413,0.9413,0.9413,0.6869,0.9444,0.5397
0.97,0.52,0.9413,0.649,0.8186,0.602,0.9247,0.9278,0.9413,0.9413,0.9413,0.6869,0.9444,0.5397
0.97,0.53,0.9413,0.649,0.8186,0.602,0.9247,0.9278,0.9413,0.9413,0.9413,0.6869,0.9444,0.5397
0.97,0.54,0.9413,0.649,0.8186,0.602,0.9247,0.9278,0.9413,0.9413,0.9413,0.6869,0.9444,0.5397
0.97,0.55,0.9413,0.649,0.8186,0.602,0.9247,0.9278,0.9413,0.9413,0.9413,0.6869,0.9444,0.5397
0.97,0.56,0.9413,0.649,0.8186,0.602,0.9247,0.9278,0.9413,0.9413,0.9413,0.6869,0.9444,0.5397
0.97,0.57,0.9413,0.649,0.8186,0.602,0.9247,0.9278,0.9413,0.9413,0.9413,0.6869,0.9444,0.5397
0.97,0.58,0.9413,0.649,0.8186,0.602,0.9247,0.9278,0.9413,0.9413,0.9413,0.6869,0.9444,0.5397
0.97,0.59,0.9413,0.649,0.8186,0.602,0.9247,0.9278,0.9413,0.9413,0.9413,0.6869,0.9444,0.5397
0.97,0.6,0.9413,0.649,0.8186,0.602,0.9247,0.9278,0.9413,0.9413,0.9413,0.6869,0.9444,0.5397
0.97,0.61,0.9413,0.649,0.8186,0.602,0.9247,0.9278,0.9413,0.9413,0.9413,0.6869,0.9444,0.5397
0.97,0.62,0.9413,0.649,0.8186,0.602,0.9247,0.9278,0.9413,0.9413,0.9413,0.6869,0.9444,0.5397
0.97,0.63,0.9375,0.6289,0.818,0.5734,0.9203,0.9244,0.9375,0.9375,0.9375,0.6598,0.9412,0.5079
0.97,0.64,0.9375,0.6289,0.818,0.5734,0.9203,0.9244,0.9375,0.9375,0.9375,0.6598,0.9412,0.5079
0.97,0.65,0.9375,0.6289,0.818,0.5734,0.9203,0.9244,0.9375,0.9375,0.9375,0.6598,0.9412,0.5079
0.97,0.66,0.9375,0.6289,0.818,0.5734,0.9203,0.9244,0.9375,0.9375,0.9375,0.6598,0.9412,0.5079
0.97,0.67,0.9375,0.6289,0.818,0.5734,0.9203,0.9244,0.9375,0.9375,0.9375,0.6598,0.9412,0.5079
0.97,0.68,0.9375,0.6289,0.818,0.5734,0.9203,0.9244,0.9375,0.9375,0.9375,0.6598,0.9412,0.5079
0.97,0.69,0.9375,0.6289,0.818,0.5734,0.9203,0.9244,0.9375,0.9375,0.9375,0.6598,0.9412,0.5079
0.97,0.7,0.9375,0.6289,0.818,0.5734,0.9203,0.9244,0.9375,0.9375,0.9375,0.6598,0.9412,0.5079
0.97,0.71,0.9375,0.6289,0.818,0.5734,0.9203,0.9244,0.9375,0.9375,0.9375,0.6598,0.9412,0.5079
0.97,0.72,0.9375,0.6289,0.818,0.5734,0.9203,0.9244,0.9375,0.9375,0.9375,0.6598,0.9412,0.5079
0.97,0.73,0.9375,0.6289,0.818,0.5734,0.9203,0.9244,0.9375,0.9375,0.9375,0.6598,0.9412,0.5079
0.97,0.74,0.9356,0.6197,0.8158,0.5604,0.9181,0.9225,0.9356,0.9356,0.9356,0.6458,0.9394,0.4921
0.97,0.75,0.9356,0.6197,0.8158,0.5604,0.9181,0.9225,0.9356,0.9356,0.9356,0.6458,0.9394,0.4921
0.97,0.76,0.9356,0.6197,0.8158,0.5604,0.9181,0.9225,0.9356,0.9356,0.9356,0.6458,0.9394,0.4921
0.97,0.77,0.9356,0.6197,0.8158,0.5604,0.9181,0.9225,0.9356,0.9356,0.9356,0.6458,0.9394,0.4921
0.97,0.78,0.9356,0.6197,0.8158,0.5604,0.9181,0.9225,0.9356,0.9356,0.9356,0.6458,0.9394,0.4921
0.97,0.79,0.9356,0.6197,0.8158,0.5604,0.9181,0.9225,0.9356,0.9356,0.9356,0.6458,0.9394,0.4921
0.97,0.8,0.9356,0.6197,0.8158,0.5604,0.9181,0.9225,0.9356,0.9356,0.9356,0.6458,0.9394,0.4921
0.97,0.81,0.9337,0.6101,0.8155,0.5426,0.9162,0.9208,0.9337,0.9337,0.9337,0.6316,0.9375,0.4762
0.97,0.82,0.9337,0.6101,0.8155,0.5426,0.9162,0.9208,0.9337,0.9337,0.9337,0.6316,0.9375,0.4762
0.97,0.83,0.9337,0.6101,0.8155,0.5426,0.9162,0.9208,0.9337,0.9337,0.9337,0.6316,0.9375,0.4762
0.97,0.84,0.9337,0.6101,0.8155,0.5426,0.9162,0.9208,0.9337,0.9337,0.9337,0.6316,0.9375,0.4762
0.97,0.85,0.9337,0.6101,0.8155,0.5426,0.9162,0.9208,0.9337,0.9337,0.9337,0.6316,0.9375,0.4762
0.97,0.86,0.9337,0.6101,0.8155,0.5426,0.9162,0.9208,0.9337,0.9337,0.9337,0.6316,0.9375,0.4762
0.97,0.87,0.9337,0.6101,0.8155,0.5426,0.9162,0.9208,0.9337,0.9337,0.9337,0.6316,0.9375,0.4762
0.97,0.88,0.9337,0.6101,0.8155,0.5426,0.9162,0.9208,0.9337,0.9337,0.9337,0.6316,0.9375,0.4762
0.97,0.89,0.9337,0.6101,0.8155,0.5426,0.9162,0.9208,0.9337,0.9337,0.9337,0.6316,0.9375,0.4762
0.97,0.9,0.9318,0.598,0.8152,0.5283,0.9138,0.9192,0.9318,0.9318,0.9318,0.617,0.9355,0.4603
0.97,0.91,0.9318,0.598,0.8152,0.5283,0.9138,0.9192,0.9318,0.9318,0.9318,0.617,0.9355,0.4603
0.97,0.92,0.9337,0.6025,0.8295,0.5286,0.9156,0.9221,0.9337,0.9337,0.9337,0.6237,0.9667,0.4603
0.97,0.93,0.9337,0.6025,0.8295,0.5286,0.9156,0.9221,0.9337,0.9337,0.9337,0.6237,0.9667,0.4603
0.97,0.94,0.9318,0.5887,0.8293,0.5143,0.9129,0.9205,0.9318,0.9318,0.9318,0.6087,0.9655,0.4444
0.97,0.95,0.9337,0.5947,0.8471,0.5146,0.9147,0.9232,0.9337,0.9337,0.9337,0.6154,1.0,0.4444
0.97,0.96,0.9337,0.5947,0.8471,0.5146,0.9147,0.9232,0.9337,0.9337,0.9337,0.6154,1.0,0.4444
0.97,0.97,0.9337,0.5947,0.8471,0.5146,0.9147,0.9232,0.9337,0.9337,0.9337,0.6154,1.0,0.4444
0.98,0.0,0.9318,0.5708,0.704,0.5016,0.9103,0.9007,0.9318,0.9318,0.9318,0.6,1.0,0.4286
0.98,0.01,0.928,0.5921,0.5947,0.6011,0.9103,0.8954,0.928,0.928,0.928,0.6415,0.7907,0.5397
0.98,0.02,0.9337,0.6074,0.6224,0.6021,0.9152,0.8996,0.9337,0.9337,0.9337,0.6602,0.85,0.5397
0.98,0.03,0.9337,0.6074,0.6224,0.6021,0.9152,0.8996,0.9337,0.9337,0.9337,0.6602,0.85,0.5397
0.98,0.04,0.9356,0.6143,0.6367,0.6024,0.9171,0.9016,0.9356,0.9356,0.9356,0.6667,0.8718,0.5397
0.98,0.05,0.9356,0.6143,0.6367,0.6024,0.9171,0.9016,0.9356,0.9356,0.9356,0.6667,0.8718,0.5397
0.98,0.06,0.9356,0.6143,0.6367,0.6024,0.9171,0.9016,0.9356,0.9356,0.9356,0.6667,0.8718,0.5397
0.98,0.07,0.9356,0.6143,0.6367,0.6024,0.9171,0.9016,0.9356,0.9356,0.9356,0.6667,0.8718,0.5397
0.98,0.08,0.9375,0.6229,0.6526,0.6027,0.919,0.9034,0.9375,0.9375,0.9375,0.6733,0.8947,0.5397
0.98,0.09,0.9375,0.6229,0.6526,0.6027,0.919,0.9034,0.9375,0.9375,0.9375,0.6733,0.8947,0.5397
0.98,0.1,0.9375,0.6229,0.6526,0.6027,0.919,0.9034,0.9375,0.9375,0.9375,0.6733,0.8947,0.5397
0.98,0.11,0.9375,0.6229,0.6526,0.6027,0.919,0.9034,0.9375,0.9375,0.9375,0.6733,0.8947,0.5397
0.98,0.12,0.9375,0.6229,0.6526,0.6027,0.919,0.9034,0.9375,0.9375,0.9375,0.6733,0.8947,0.5397
0.98,0.13,0.9394,0.628,0.663,0.603,0.9206,0.905,0.9394,0.9394,0.9394,0.68,0.9189,0.5397
0.98,0.14,0.9394,0.628,0.663,0.603,0.9206,0.905,0.9394,0.9394,0.9394,0.68,0.9189,0.5397
0.98,0.15,0.9394,0.628,0.663,0.603,0.9206,0.905,0.9394,0.9394,0.9394,0.68,0.9189,0.5397
0.98,0.16,0.9394,0.628,0.663,0.603,0.9206,0.905,0.9394,0.9394,0.9394,0.68,0.9189,0.5397
0.98,0.17,0.9394,0.628,0.663,0.603,0.9206,0.905,0.9394,0.9394,0.9394,0.68,0.9189,0.5397
0.98,0.18,0.9394,0.628,0.663,0.603,0.9206,0.905,0.9394,0.9394,0.9394,0.68,0.9189,0.5397
0.98,0.19,0.9394,0.628,0.663,0.603,0.9206,0.905,0.9394,0.9394,0.9394,0.68,0.9189,0.5397
0.98,0.2,0.9394,0.628,0.663,0.603,0.9206,0.905,0.9394,0.9394,0.9394,0.68,0.9189,0.5397
0.98,0.21,0.9394,0.628,0.663,0.603,0.9206,0.905,0.9394,0.9394,0.9394,0.68,0.9189,0.5397
0.98,0.22,0.9394,0.628,0.663,0.603,0.9206,0.905,0.9394,0.9394,0.9394,0.68,0.9189,0.5397
0.98,0.23,0.9394,0.628,0.663,0.603,0.9206,0.905,0.9394,0.9394,0.9394,0.68,0.9189,0.5397
0.98,0.24,0.9413,0.6336,0.6757,0.6033,0.9224,0.9069,0.9413,0.9413,0.9413,0.6869,0.9444,0.5397
0.98,0.25,0.9413,0.6336,0.6757,0.6033,0.9224,0.9069,0.9413,0.9413,0.9413,0.6869,0.9444,0.5397
0.98,0.26,0.9413,0.6336,0.6757,0.6033,0.9224,0.9069,0.9413,0.9413,0.9413,0.6869,0.9444,0.5397
0.98,0.27,0.9413,0.6336,0.6757,0.6033,0.9224,0.9069,0.9413,0.9413,0.9413,0.6869,0.9444,0.5397
0.98,0.28,0.9413,0.6336,0.6757,0.6033,0.9224,0.9069,0.9413,0.9413,0.9413,0.6869,0.9444,0.5397
0.98,0.29,0.9413,0.6336,0.6757,0.6033,0.9224,0.9069,0.9413,0.9413,0.9413,0.6869,0.9444,0.5397
0.98,0.3,0.9413,0.6336,0.6757,0.6033,0.9224,0.9069,0.9413,0.9413,0.9413,0.6869,0.9444,0.5397
0.98,0.31,0.9413,0.6336,0.6757,0.6033,0.9224,0.9069,0.9413,0.9413,0.9413,0.6869,0.9444,0.5397
0.98,0.32,0.9413,0.6336,0.6757,0.6033,0.9224,0.9069,0.9413,0.9413,0.9413,0.6869,0.9444,0.5397
0.98,0.33,0.9413,0.6336,0.6757,0.6033,0.9224,0.9069,0.9413,0.9413,0.9413,0.6869,0.9444,0.5397
0.98,0.34,0.9413,0.6336,0.6757,0.6033,0.9224,0.9069,0.9413,0.9413,0.9413,0.6869,0.9444,0.5397
0.98,0.35,0.9413,0.6336,0.6757,0.6033,0.9224,0.9069,0.9413,0.9413,0.9413,0.6869,0.9444,0.5397
0.98,0.36,0.9413,0.6336,0.6757,0.6033,0.9224,0.9069,0.9413,0.9413,0.9413,0.6869,0.9444,0.5397
0.98,0.37,0.9413,0.6336,0.6757,0.6033,0.9224,0.9069,0.9413,0.9413,0.9413,0.6869,0.9444,0.5397
0.98,0.38,0.9413,0.6336,0.6757,0.6033,0.9224,0.9069,0.9413,0.9413,0.9413,0.6869,0.9444,0.5397
0.98,0.39,0.9413,0.6336,0.6757,0.6033,0.9224,0.9069,0.9413,0.9413,0.9413,0.6869,0.9444,0.5397
0.98,0.4,0.9413,0.6336,0.6757,0.6033,0.9224,0.9069,0.9413,0.9413,0.9413,0.6869,0.9444,0.5397
0.98,0.41,0.9413,0.6336,0.6757,0.6033,0.9224,0.9069,0.9413,0.9413,0.9413,0.6869,0.9444,0.5397
0.98,0.42,0.9413,0.6336,0.6757,0.6033,0.9224,0.9069,0.9413,0.9413,0.9413,0.6869,0.9444,0.5397
0.98,0.43,0.9413,0.6336,0.6757,0.6033,0.9224,0.9069,0.9413,0.9413,0.9413,0.6869,0.9444,0.5397
0.98,0.44,0.9413,0.6336,0.6757,0.6033,0.9224,0.9069,0.9413,0.9413,0.9413,0.6869,0.9444,0.5397
0.98,0.45,0.9413,0.6336,0.6757,0.6033,0.9224,0.9069,0.9413,0.9413,0.9413,0.6869,0.9444,0.5397
0.98,0.46,0.9413,0.6336,0.6757,0.6033,0.9224,0.9069,0.9413,0.9413,0.9413,0.6869,0.9444,0.5397
0.98,0.47,0.9413,0.6336,0.6757,0.6033,0.9224,0.9069,0.9413,0.9413,0.9413,0.6869,0.9444,0.5397
0.98,0.48,0.9394,0.6251,0.6754,0.589,0.9204,0.9053,0.9394,0.9394,0.9394,0.6735,0.9429,0.5238
0.98,0.49,0.9394,0.6251,0.6754,0.589,0.9204,0.9053,0.9394,0.9394,0.9394,0.6735,0.9429,0.5238
0.98,0.5,0.9394,0.6251,0.6754,0.589,0.9204,0.9053,0.9394,0.9394,0.9394,0.6735,0.9429,0.5238
0.98,0.51,0.9394,0.6251,0.6754,0.589,0.9204,0.9053,0.9394,0.9394,0.9394,0.6735,0.9429,0.5238
0.98,0.52,0.9394,0.6251,0.6754,0.589,0.9204,0.9053,0.9394,0.9394,0.9394,0.6735,0.9429,0.5238
0.98,0.53,0.9394,0.6251,0.6754,0.589,0.9204,0.9053,0.9394,0.9394,0.9394,0.6735,0.9429,0.5238
0.98,0.54,0.9394,0.6251,0.6754,0.589,0.9204,0.9053,0.9394,0.9394,0.9394,0.6735,0.9429,0.5238
0.98,0.55,0.9394,0.6251,0.6754,0.589,0.9204,0.9053,0.9394,0.9394,0.9394,0.6735,0.9429,0.5238
0.98,0.56,0.9394,0.6251,0.6754,0.589,0.9204,0.9053,0.9394,0.9394,0.9394,0.6735,0.9429,0.5238
0.98,0.57,0.9394,0.6251,0.6754,0.589,0.9204,0.9053,0.9394,0.9394,0.9394,0.6735,0.9429,0.5238
0.98,0.58,0.9394,0.6251,0.6754,0.589,0.9204,0.9053,0.9394,0.9394,0.9394,0.6735,0.9429,0.5238
0.98,0.59,0.9394,0.6251,0.6754,0.589,0.9204,0.9053,0.9394,0.9394,0.9394,0.6735,0.9429,0.5238
0.98,0.6,0.9394,0.6251,0.6754,0.589,0.9204,0.9053,0.9394,0.9394,0.9394,0.6735,0.9429,0.5238
0.98,0.61,0.9394,0.6251,0.6754,0.589,0.9204,0.9053,0.9394,0.9394,0.9394,0.6735,0.9429,0.5238
0.98,0.62,0.9394,0.6251,0.6754,0.589,0.9204,0.9053,0.9394,0.9394,0.9394,0.6735,0.9429,0.5238
0.98,0.63,0.9356,0.6049,0.6749,0.5604,0.916,0.9019,0.9356,0.9356,0.9356,0.6458,0.9394,0.4921
0.98,0.64,0.9356,0.6049,0.6749,0.5604,0.916,0.9019,0.9356,0.9356,0.9356,0.6458,0.9394,0.4921
0.98,0.65,0.9356,0.6049,0.6749,0.5604,0.916,0.9019,0.9356,0.9356,0.9356,0.6458,0.9394,0.4921
0.98,0.66,0.9356,0.6049,0.6749,0.5604,0.916,0.9019,0.9356,0.9356,0.9356,0.6458,0.9394,0.4921
0.98,0.67,0.9356,0.6049,0.6749,0.5604,0.916,0.9019,0.9356,0.9356,0.9356,0.6458,0.9394,0.4921
0.98,0.68,0.9356,0.6049,0.6749,0.5604,0.916,0.9019,0.9356,0.9356,0.9356,0.6458,0.9394,0.4921
0.98,0.69,0.9356,0.6049,0.6749,0.5604,0.916,0.9019,0.9356,0.9356,0.9356,0.6458,0.9394,0.4921
0.98,0.7,0.9356,0.6049,0.6749,0.5604,0.916,0.9019,0.9356,0.9356,0.9356,0.6458,0.9394,0.4921
0.98,0.71,0.9356,0.6049,0.6749,0.5604,0.916,0.9019,0.9356,0.9356,0.9356,0.6458,0.9394,0.4921
0.98,0.72,0.9356,0.6049,0.6749,0.5604,0.916,0.9019,0.9356,0.9356,0.9356,0.6458,0.9394,0.4921
0.98,0.73,0.9356,0.6049,0.6749,0.5604,0.916,0.9019,0.9356,0.9356,0.9356,0.6458,0.9394,0.4921
0.98,0.74,0.9337,0.5958,0.6726,0.5474,0.9138,0.9,0.9337,0.9337,0.9337,0.6316,0.9375,0.4762
0.98,0.75,0.9337,0.5958,0.6726,0.5474,0.9138,0.9,0.9337,0.9337,0.9337,0.6316,0.9375,0.4762
0.98,0.76,0.9337,0.5958,0.6726,0.5474,0.9138,0.9,0.9337,0.9337,0.9337,0.6316,0.9375,0.4762
0.98,0.77,0.9337,0.5958,0.6726,0.5474,0.9138,0.9,0.9337,0.9337,0.9337,0.6316,0.9375,0.4762
0.98,0.78,0.9337,0.5958,0.6726,0.5474,0.9138,0.9,0.9337,0.9337,0.9337,0.6316,0.9375,0.4762
0.98,0.79,0.9337,0.5958,0.6726,0.5474,0.9138,0.9,0.9337,0.9337,0.9337,0.6316,0.9375,0.4762
0.98,0.8,0.9337,0.5958,0.6726,0.5474,0.9138,0.9,0.9337,0.9337,0.9337,0.6316,0.9375,0.4762
0.98,0.81,0.9318,0.5861,0.6724,0.5296,0.9119,0.8983,0.9318,0.9318,0.9318,0.617,0.9355,0.4603
0.98,0.82,0.9318,0.5861,0.6724,0.5296,0.9119,0.8983,0.9318,0.9318,0.9318,0.617,0.9355,0.4603
0.98,0.83,0.9318,0.5861,0.6724,0.5296,0.9119,0.8983,0.9318,0.9318,0.9318,0.617,0.9355,0.4603
0.98,0.84,0.9318,0.5861,0.6724,0.5296,0.9119,0.8983,0.9318,0.9318,0.9318,0.617,0.9355,0.4603
0.98,0.85,0.9318,0.5861,0.6724,0.5296,0.9119,0.8983,0.9318,0.9318,0.9318,0.617,0.9355,0.4603
0.98,0.86,0.9318,0.5861,0.6724,0.5296,0.9119,0.8983,0.9318,0.9318,0.9318,0.617,0.9355,0.4603
0.98,0.87,0.9318,0.5861,0.6724,0.5296,0.9119,0.8983,0.9318,0.9318,0.9318,0.617,0.9355,0.4603
0.98,0.88,0.9318,0.5861,0.6724,0.5296,0.9119,0.8983,0.9318,0.9318,0.9318,0.617,0.9355,0.4603
0.98,0.89,0.9318,0.5861,0.6724,0.5296,0.9119,0.8983,0.9318,0.9318,0.9318,0.617,0.9355,0.4603
0.98,0.9,0.9299,0.5741,0.6721,0.5153,0.9094,0.8967,0.9299,0.9299,0.9299,0.6022,0.9333,0.4444
0.98,0.91,0.9299,0.5741,0.6721,0.5153,0.9094,0.8967,0.9299,0.9299,0.9299,0.6022,0.9333,0.4444
0.98,0.92,0.9318,0.5785,0.6864,0.5156,0.9112,0.8996,0.9318,0.9318,0.9318,0.6087,0.9655,0.4444
0.98,0.93,0.9318,0.5785,0.6864,0.5156,0.9112,0.8996,0.9318,0.9318,0.9318,0.6087,0.9655,0.4444
0.98,0.94,0.9299,0.5648,0.6861,0.5013,0.9085,0.898,0.9299,0.9299,0.9299,0.5934,0.9643,0.4286
0.98,0.95,0.9318,0.5708,0.704,0.5016,0.9103,0.9007,0.9318,0.9318,0.9318,0.6,1.0,0.4286
0.98,0.96,0.9318,0.5708,0.704,0.5016,0.9103,0.9007,0.9318,0.9318,0.9318,0.6,1.0,0.4286
0.98,0.97,0.9318,0.5708,0.704,0.5016,0.9103,0.9007,0.9318,0.9318,0.9318,0.6,1.0,0.4286
0.98,0.98,0.9318,0.5708,0.704,0.5016,0.9103,0.9007,0.9318,0.9318,0.9318,0.6,1.0,0.4286
0.99,0.0,0.9318,0.5708,0.704,0.5016,0.9103,0.9007,0.9318,0.9318,0.9318,0.6,1.0,0.4286
0.99,0.01,0.928,0.5921,0.5947,0.6011,0.9103,0.8954,0.928,0.928,0.928,0.6415,0.7907,0.5397
0.99,0.02,0.9337,0.6074,0.6224,0.6021,0.9152,0.8996,0.9337,0.9337,0.9337,0.6602,0.85,0.5397
0.99,0.03,0.9337,0.6074,0.6224,0.6021,0.9152,0.8996,0.9337,0.9337,0.9337,0.6602,0.85,0.5397
0.99,0.04,0.9356,0.6143,0.6367,0.6024,0.9171,0.9016,0.9356,0.9356,0.9356,0.6667,0.8718,0.5397
0.99,0.05,0.9356,0.6143,0.6367,0.6024,0.9171,0.9016,0.9356,0.9356,0.9356,0.6667,0.8718,0.5397
0.99,0.06,0.9356,0.6143,0.6367,0.6024,0.9171,0.9016,0.9356,0.9356,0.9356,0.6667,0.8718,0.5397
0.99,0.07,0.9356,0.6143,0.6367,0.6024,0.9171,0.9016,0.9356,0.9356,0.9356,0.6667,0.8718,0.5397
0.99,0.08,0.9375,0.6229,0.6526,0.6027,0.919,0.9034,0.9375,0.9375,0.9375,0.6733,0.8947,0.5397
0.99,0.09,0.9375,0.6229,0.6526,0.6027,0.919,0.9034,0.9375,0.9375,0.9375,0.6733,0.8947,0.5397
0.99,0.1,0.9375,0.6229,0.6526,0.6027,0.919,0.9034,0.9375,0.9375,0.9375,0.6733,0.8947,0.5397
0.99,0.11,0.9375,0.6229,0.6526,0.6027,0.919,0.9034,0.9375,0.9375,0.9375,0.6733,0.8947,0.5397
0.99,0.12,0.9375,0.6229,0.6526,0.6027,0.919,0.9034,0.9375,0.9375,0.9375,0.6733,0.8947,0.5397
0.99,0.13,0.9394,0.628,0.663,0.603,0.9206,0.905,0.9394,0.9394,0.9394,0.68,0.9189,0.5397
0.99,0.14,0.9394,0.628,0.663,0.603,0.9206,0.905,0.9394,0.9394,0.9394,0.68,0.9189,0.5397
0.99,0.15,0.9394,0.628,0.663,0.603,0.9206,0.905,0.9394,0.9394,0.9394,0.68,0.9189,0.5397
0.99,0.16,0.9394,0.628,0.663,0.603,0.9206,0.905,0.9394,0.9394,0.9394,0.68,0.9189,0.5397
0.99,0.17,0.9394,0.628,0.663,0.603,0.9206,0.905,0.9394,0.9394,0.9394,0.68,0.9189,0.5397
0.99,0.18,0.9394,0.628,0.663,0.603,0.9206,0.905,0.9394,0.9394,0.9394,0.68,0.9189,0.5397
0.99,0.19,0.9394,0.628,0.663,0.603,0.9206,0.905,0.9394,0.9394,0.9394,0.68,0.9189,0.5397
0.99,0.2,0.9394,0.628,0.663,0.603,0.9206,0.905,0.9394,0.9394,0.9394,0.68,0.9189,0.5397
0.99,0.21,0.9394,0.628,0.663,0.603,0.9206,0.905,0.9394,0.9394,0.9394,0.68,0.9189,0.5397
0.99,0.22,0.9394,0.628,0.663,0.603,0.9206,0.905,0.9394,0.9394,0.9394,0.68,0.9189,0.5397
0.99,0.23,0.9394,0.628,0.663,0.603,0.9206,0.905,0.9394,0.9394,0.9394,0.68,0.9189,0.5397
0.99,0.24,0.9413,0.6336,0.6757,0.6033,0.9224,0.9069,0.9413,0.9413,0.9413,0.6869,0.9444,0.5397
0.99,0.25,0.9413,0.6336,0.6757,0.6033,0.9224,0.9069,0.9413,0.9413,0.9413,0.6869,0.9444,0.5397
0.99,0.26,0.9413,0.6336,0.6757,0.6033,0.9224,0.9069,0.9413,0.9413,0.9413,0.6869,0.9444,0.5397
0.99,0.27,0.9413,0.6336,0.6757,0.6033,0.9224,0.9069,0.9413,0.9413,0.9413,0.6869,0.9444,0.5397
0.99,0.28,0.9413,0.6336,0.6757,0.6033,0.9224,0.9069,0.9413,0.9413,0.9413,0.6869,0.9444,0.5397
0.99,0.29,0.9413,0.6336,0.6757,0.6033,0.9224,0.9069,0.9413,0.9413,0.9413,0.6869,0.9444,0.5397
0.99,0.3,0.9413,0.6336,0.6757,0.6033,0.9224,0.9069,0.9413,0.9413,0.9413,0.6869,0.9444,0.5397
0.99,0.31,0.9413,0.6336,0.6757,0.6033,0.9224,0.9069,0.9413,0.9413,0.9413,0.6869,0.9444,0.5397
0.99,0.32,0.9413,0.6336,0.6757,0.6033,0.9224,0.9069,0.9413,0.9413,0.9413,0.6869,0.9444,0.5397
0.99,0.33,0.9413,0.6336,0.6757,0.6033,0.9224,0.9069,0.9413,0.9413,0.9413,0.6869,0.9444,0.5397
0.99,0.34,0.9413,0.6336,0.6757,0.6033,0.9224,0.9069,0.9413,0.9413,0.9413,0.6869,0.9444,0.5397
0.99,0.35,0.9413,0.6336,0.6757,0.6033,0.9224,0.9069,0.9413,0.9413,0.9413,0.6869,0.9444,0.5397
0.99,0.36,0.9413,0.6336,0.6757,0.6033,0.9224,0.9069,0.9413,0.9413,0.9413,0.6869,0.9444,0.5397
0.99,0.37,0.9413,0.6336,0.6757,0.6033,0.9224,0.9069,0.9413,0.9413,0.9413,0.6869,0.9444,0.5397
0.99,0.38,0.9413,0.6336,0.6757,0.6033,0.9224,0.9069,0.9413,0.9413,0.9413,0.6869,0.9444,0.5397
0.99,0.39,0.9413,0.6336,0.6757,0.6033,0.9224,0.9069,0.9413,0.9413,0.9413,0.6869,0.9444,0.5397
0.99,0.4,0.9413,0.6336,0.6757,0.6033,0.9224,0.9069,0.9413,0.9413,0.9413,0.6869,0.9444,0.5397
0.99,0.41,0.9413,0.6336,0.6757,0.6033,0.9224,0.9069,0.9413,0.9413,0.9413,0.6869,0.9444,0.5397
0.99,0.42,0.9413,0.6336,0.6757,0.6033,0.9224,0.9069,0.9413,0.9413,0.9413,0.6869,0.9444,0.5397
0.99,0.43,0.9413,0.6336,0.6757,0.6033,0.9224,0.9069,0.9413,0.9413,0.9413,0.6869,0.9444,0.5397
0.99,0.44,0.9413,0.6336,0.6757,0.6033,0.9224,0.9069,0.9413,0.9413,0.9413,0.6869,0.9444,0.5397
0.99,0.45,0.9413,0.6336,0.6757,0.6033,0.9224,0.9069,0.9413,0.9413,0.9413,0.6869,0.9444,0.5397
0.99,0.46,0.9413,0.6336,0.6757,0.6033,0.9224,0.9069,0.9413,0.9413,0.9413,0.6869,0.9444,0.5397
0.99,0.47,0.9413,0.6336,0.6757,0.6033,0.9224,0.9069,0.9413,0.9413,0.9413,0.6869,0.9444,0.5397
0.99,0.48,0.9394,0.6251,0.6754,0.589,0.9204,0.9053,0.9394,0.9394,0.9394,0.6735,0.9429,0.5238
0.99,0.49,0.9394,0.6251,0.6754,0.589,0.9204,0.9053,0.9394,0.9394,0.9394,0.6735,0.9429,0.5238
0.99,0.5,0.9394,0.6251,0.6754,0.589,0.9204,0.9053,0.9394,0.9394,0.9394,0.6735,0.9429,0.5238
0.99,0.51,0.9394,0.6251,0.6754,0.589,0.9204,0.9053,0.9394,0.9394,0.9394,0.6735,0.9429,0.5238
0.99,0.52,0.9394,0.6251,0.6754,0.589,0.9204,0.9053,0.9394,0.9394,0.9394,0.6735,0.9429,0.5238
0.99,0.53,0.9394,0.6251,0.6754,0.589,0.9204,0.9053,0.9394,0.9394,0.9394,0.6735,0.9429,0.5238
0.99,0.54,0.9394,0.6251,0.6754,0.589,0.9204,0.9053,0.9394,0.9394,0.9394,0.6735,0.9429,0.5238
0.99,0.55,0.9394,0.6251,0.6754,0.589,0.9204,0.9053,0.9394,0.9394,0.9394,0.6735,0.9429,0.5238
0.99,0.56,0.9394,0.6251,0.6754,0.589,0.9204,0.9053,0.9394,0.9394,0.9394,0.6735,0.9429,0.5238
0.99,0.57,0.9394,0.6251,0.6754,0.589,0.9204,0.9053,0.9394,0.9394,0.9394,0.6735,0.9429,0.5238
0.99,0.58,0.9394,0.6251,0.6754,0.589,0.9204,0.9053,0.9394,0.9394,0.9394,0.6735,0.9429,0.5238
0.99,0.59,0.9394,0.6251,0.6754,0.589,0.9204,0.9053,0.9394,0.9394,0.9394,0.6735,0.9429,0.5238
0.99,0.6,0.9394,0.6251,0.6754,0.589,0.9204,0.9053,0.9394,0.9394,0.9394,0.6735,0.9429,0.5238
0.99,0.61,0.9394,0.6251,0.6754,0.589,0.9204,0.9053,0.9394,0.9394,0.9394,0.6735,0.9429,0.5238
0.99,0.62,0.9394,0.6251,0.6754,0.589,0.9204,0.9053,0.9394,0.9394,0.9394,0.6735,0.9429,0.5238
0.99,0.63,0.9356,0.6049,0.6749,0.5604,0.916,0.9019,0.9356,0.9356,0.9356,0.6458,0.9394,0.4921
0.99,0.64,0.9356,0.6049,0.6749,0.5604,0.916,0.9019,0.9356,0.9356,0.9356,0.6458,0.9394,0.4921
0.99,0.65,0.9356,0.6049,0.6749,0.5604,0.916,0.9019,0.9356,0.9356,0.9356,0.6458,0.9394,0.4921
0.99,0.66,0.9356,0.6049,0.6749,0.5604,0.916,0.9019,0.9356,0.9356,0.9356,0.6458,0.9394,0.4921
0.99,0.67,0.9356,0.6049,0.6749,0.5604,0.916,0.9019,0.9356,0.9356,0.9356,0.6458,0.9394,0.4921
0.99,0.68,0.9356,0.6049,0.6749,0.5604,0.916,0.9019,0.9356,0.9356,0.9356,0.6458,0.9394,0.4921
0.99,0.69,0.9356,0.6049,0.6749,0.5604,0.916,0.9019,0.9356,0.9356,0.9356,0.6458,0.9394,0.4921
0.99,0.7,0.9356,0.6049,0.6749,0.5604,0.916,0.9019,0.9356,0.9356,0.9356,0.6458,0.9394,0.4921
0.99,0.71,0.9356,0.6049,0.6749,0.5604,0.916,0.9019,0.9356,0.9356,0.9356,0.6458,0.9394,0.4921
0.99,0.72,0.9356,0.6049,0.6749,0.5604,0.916,0.9019,0.9356,0.9356,0.9356,0.6458,0.9394,0.4921
0.99,0.73,0.9356,0.6049,0.6749,0.5604,0.916,0.9019,0.9356,0.9356,0.9356,0.6458,0.9394,0.4921
0.99,0.74,0.9337,0.5958,0.6726,0.5474,0.9138,0.9,0.9337,0.9337,0.9337,0.6316,0.9375,0.4762
0.99,0.75,0.9337,0.5958,0.6726,0.5474,0.9138,0.9,0.9337,0.9337,0.9337,0.6316,0.9375,0.4762
0.99,0.76,0.9337,0.5958,0.6726,0.5474,0.9138,0.9,0.9337,0.9337,0.9337,0.6316,0.9375,0.4762
0.99,0.77,0.9337,0.5958,0.6726,0.5474,0.9138,0.9,0.9337,0.9337,0.9337,0.6316,0.9375,0.4762
0.99,0.78,0.9337,0.5958,0.6726,0.5474,0.9138,0.9,0.9337,0.9337,0.9337,0.6316,0.9375,0.4762
0.99,0.79,0.9337,0.5958,0.6726,0.5474,0.9138,0.9,0.9337,0.9337,0.9337,0.6316,0.9375,0.4762
0.99,0.8,0.9337,0.5958,0.6726,0.5474,0.9138,0.9,0.9337,0.9337,0.9337,0.6316,0.9375,0.4762
0.99,0.81,0.9318,0.5861,0.6724,0.5296,0.9119,0.8983,0.9318,0.9318,0.9318,0.617,0.9355,0.4603
0.99,0.82,0.9318,0.5861,0.6724,0.5296,0.9119,0.8983,0.9318,0.9318,0.9318,0.617,0.9355,0.4603
0.99,0.83,0.9318,0.5861,0.6724,0.5296,0.9119,0.8983,0.9318,0.9318,0.9318,0.617,0.9355,0.4603
0.99,0.84,0.9318,0.5861,0.6724,0.5296,0.9119,0.8983,0.9318,0.9318,0.9318,0.617,0.9355,0.4603
0.99,0.85,0.9318,0.5861,0.6724,0.5296,0.9119,0.8983,0.9318,0.9318,0.9318,0.617,0.9355,0.4603
0.99,0.86,0.9318,0.5861,0.6724,0.5296,0.9119,0.8983,0.9318,0.9318,0.9318,0.617,0.9355,0.4603
0.99,0.87,0.9318,0.5861,0.6724,0.5296,0.9119,0.8983,0.9318,0.9318,0.9318,0.617,0.9355,0.4603
0.99,0.88,0.9318,0.5861,0.6724,0.5296,0.9119,0.8983,0.9318,0.9318,0.9318,0.617,0.9355,0.4603
0.99,0.89,0.9318,0.5861,0.6724,0.5296,0.9119,0.8983,0.9318,0.9318,0.9318,0.617,0.9355,0.4603
0.99,0.9,0.9299,0.5741,0.6721,0.5153,0.9094,0.8967,0.9299,0.9299,0.9299,0.6022,0.9333,0.4444
0.99,0.91,0.9299,0.5741,0.6721,0.5153,0.9094,0.8967,0.9299,0.9299,0.9299,0.6022,0.9333,0.4444
0.99,0.92,0.9318,0.5785,0.6864,0.5156,0.9112,0.8996,0.9318,0.9318,0.9318,0.6087,0.9655,0.4444
0.99,0.93,0.9318,0.5785,0.6864,0.5156,0.9112,0.8996,0.9318,0.9318,0.9318,0.6087,0.9655,0.4444
0.99,0.94,0.9299,0.5648,0.6861,0.5013,0.9085,0.898,0.9299,0.9299,0.9299,0.5934,0.9643,0.4286
0.99,0.95,0.9318,0.5708,0.704,0.5016,0.9103,0.9007,0.9318,0.9318,0.9318,0.6,1.0,0.4286
0.99,0.96,0.9318,0.5708,0.704,0.5016,0.9103,0.9007,0.9318,0.9318,0.9318,0.6,1.0,0.4286
0.99,0.97,0.9318,0.5708,0.704,0.5016,0.9103,0.9007,0.9318,0.9318,0.9318,0.6,1.0,0.4286
0.99,0.98,0.9318,0.5708,0.704,0.5016,0.9103,0.9007,0.9318,0.9318,0.9318,0.6,1.0,0.4286
0.99,0.99,0.9318,0.5708,0.704,0.5016,0.9103,0.9007,0.9318,0.9318,0.9318,0.6,1.0,0.4286
1.0,0.0,0.9205,0.4901,0.7025,0.4162,0.8943,0.8911,0.9205,0.9205,0.9205,0.5,1.0,0.3333
1.0,0.01,0.9186,0.5166,0.6188,0.5017,0.8961,0.8873,0.9186,0.9186,0.9186,0.5567,0.7941,0.4286
1.0,0.02,0.9223,0.5256,0.6348,0.5024,0.8993,0.8899,0.9223,0.9223,0.9223,0.5684,0.8438,0.4286
1.0,0.03,0.9223,0.5256,0.6348,0.5024,0.8993,0.8899,0.9223,0.9223,0.9223,0.5684,0.8438,0.4286
1.0,0.04,0.9223,0.5256,0.6348,0.5024,0.8993,0.8899,0.9223,0.9223,0.9223,0.5684,0.8438,0.4286
1.0,0.05,0.9223,0.5256,0.6348,0.5024,0.8993,0.8899,0.9223,0.9223,0.9223,0.5684,0.8438,0.4286
1.0,0.06,0.9223,0.5256,0.6348,0.5024,0.8993,0.8899,0.9223,0.9223,0.9223,0.5684,0.8438,0.4286
1.0,0.07,0.9223,0.5256,0.6348,0.5024,0.8993,0.8899,0.9223,0.9223,0.9223,0.5684,0.8438,0.4286
1.0,0.08,0.9242,0.5341,0.6507,0.5027,0.9011,0.8917,0.9242,0.9242,0.9242,0.5745,0.871,0.4286
1.0,0.09,0.9242,0.5341,0.6507,0.5027,0.9011,0.8917,0.9242,0.9242,0.9242,0.5745,0.871,0.4286
1.0,0.1,0.9242,0.5341,0.6507,0.5027,0.9011,0.8917,0.9242,0.9242,0.9242,0.5745,0.871,0.4286
1.0,0.11,0.9242,0.5341,0.6507,0.5027,0.9011,0.8917,0.9242,0.9242,0.9242,0.5745,0.871,0.4286
1.0,0.12,0.9242,0.5341,0.6507,0.5027,0.9011,0.8917,0.9242,0.9242,0.9242,0.5745,0.871,0.4286
1.0,0.13,0.9261,0.5392,0.6611,0.503,0.9028,0.8933,0.9261,0.9261,0.9261,0.5806,0.9,0.4286
1.0,0.14,0.9261,0.5392,0.6611,0.503,0.9028,0.8933,0.9261,0.9261,0.9261,0.5806,0.9,0.4286
1.0,0.15,0.9261,0.5392,0.6611,0.503,0.9028,0.8933,0.9261,0.9261,0.9261,0.5806,0.9,0.4286
1.0,0.16,0.9261,0.5392,0.6611,0.503,0.9028,0.8933,0.9261,0.9261,0.9261,0.5806,0.9,0.4286
1.0,0.17,0.9261,0.5392,0.6611,0.503,0.9028,0.8933,0.9261,0.9261,0.9261,0.5806,0.9,0.4286
1.0,0.18,0.9261,0.5392,0.6611,0.503,0.9028,0.8933,0.9261,0.9261,0.9261,0.5806,0.9,0.4286
1.0,0.19,0.9261,0.5392,0.6611,0.503,0.9028,0.8933,0.9261,0.9261,0.9261,0.5806,0.9,0.4286
1.0,0.2,0.9261,0.5392,0.6611,0.503,0.9028,0.8933,0.9261,0.9261,0.9261,0.5806,0.9,0.4286
1.0,0.21,0.9261,0.5392,0.6611,0.503,0.9028,0.8933,0.9261,0.9261,0.9261,0.5806,0.9,0.4286
1.0,0.22,0.9261,0.5392,0.6611,0.503,0.9028,0.8933,0.9261,0.9261,0.9261,0.5806,0.9,0.4286
1.0,0.23,0.9261,0.5392,0.6611,0.503,0.9028,0.8933,0.9261,0.9261,0.9261,0.5806,0.9,0.4286
1.0,0.24,0.928,0.5448,0.6738,0.5033,0.9046,0.8953,0.928,0.928,0.928,0.587,0.931,0.4286
1.0,0.25,0.928,0.5448,0.6738,0.5033,0.9046,0.8953,0.928,0.928,0.928,0.587,0.931,0.4286
1.0,0.26,0.928,0.5448,0.6738,0.5033,0.9046,0.8953,0.928,0.928,0.928,0.587,0.931,0.4286
1.0,0.27,0.928,0.5448,0.6738,0.5033,0.9046,0.8953,0.928,0.928,0.928,0.587,0.931,0.4286
1.0,0.28,0.928,0.5448,0.6738,0.5033,0.9046,0.8953,0.928,0.928,0.928,0.587,0.931,0.4286
1.0,0.29,0.928,0.5448,0.6738,0.5033,0.9046,0.8953,0.928,0.928,0.928,0.587,0.931,0.4286
1.0,0.3,0.928,0.5448,0.6738,0.5033,0.9046,0.8953,0.928,0.928,0.928,0.587,0.931,0.4286
1.0,0.31,0.928,0.5448,0.6738,0.5033,0.9046,0.8953,0.928,0.928,0.928,0.587,0.931,0.4286
1.0,0.32,0.928,0.5448,0.6738,0.5033,0.9046,0.8953,0.928,0.928,0.928,0.587,0.931,0.4286
1.0,0.33,0.928,0.5448,0.6738,0.5033,0.9046,0.8953,0.928,0.928,0.928,0.587,0.931,0.4286
1.0,0.34,0.928,0.5448,0.6738,0.5033,0.9046,0.8953,0.928,0.928,0.928,0.587,0.931,0.4286
1.0,0.35,0.928,0.5448,0.6738,0.5033,0.9046,0.8953,0.928,0.928,0.928,0.587,0.931,0.4286
1.0,0.36,0.928,0.5448,0.6738,0.5033,0.9046,0.8953,0.928,0.928,0.928,0.587,0.931,0.4286
1.0,0.37,0.928,0.5448,0.6738,0.5033,0.9046,0.8953,0.928,0.928,0.928,0.587,0.931,0.4286
1.0,0.38,0.928,0.5448,0.6738,0.5033,0.9046,0.8953,0.928,0.928,0.928,0.587,0.931,0.4286
1.0,0.39,0.928,0.5448,0.6738,0.5033,0.9046,0.8953,0.928,0.928,0.928,0.587,0.931,0.4286
1.0,0.4,0.928,0.5448,0.6738,0.5033,0.9046,0.8953,0.928,0.928,0.928,0.587,0.931,0.4286
1.0,0.41,0.928,0.5448,0.6738,0.5033,0.9046,0.8953,0.928,0.928,0.928,0.587,0.931,0.4286
1.0,0.42,0.928,0.5448,0.6738,0.5033,0.9046,0.8953,0.928,0.928,0.928,0.587,0.931,0.4286
1.0,0.43,0.928,0.5448,0.6738,0.5033,0.9046,0.8953,0.928,0.928,0.928,0.587,0.931,0.4286
1.0,0.44,0.928,0.5448,0.6738,0.5033,0.9046,0.8953,0.928,0.928,0.928,0.587,0.931,0.4286
1.0,0.45,0.928,0.5448,0.6738,0.5033,0.9046,0.8953,0.928,0.928,0.928,0.587,0.931,0.4286
1.0,0.46,0.928,0.5448,0.6738,0.5033,0.9046,0.8953,0.928,0.928,0.928,0.587,0.931,0.4286
1.0,0.47,0.928,0.5448,0.6738,0.5033,0.9046,0.8953,0.928,0.928,0.928,0.587,0.931,0.4286
1.0,0.48,0.928,0.5448,0.6738,0.5033,0.9046,0.8953,0.928,0.928,0.928,0.587,0.931,0.4286
1.0,0.49,0.928,0.5448,0.6738,0.5033,0.9046,0.8953,0.928,0.928,0.928,0.587,0.931,0.4286
1.0,0.5,0.928,0.5448,0.6738,0.5033,0.9046,0.8953,0.928,0.928,0.928,0.587,0.931,0.4286
1.0,0.51,0.928,0.5448,0.6738,0.5033,0.9046,0.8953,0.928,0.928,0.928,0.587,0.931,0.4286
1.0,0.52,0.928,0.5448,0.6738,0.5033,0.9046,0.8953,0.928,0.928,0.928,0.587,0.931,0.4286
1.0,0.53,0.928,0.5448,0.6738,0.5033,0.9046,0.8953,0.928,0.928,0.928,0.587,0.931,0.4286
1.0,0.54,0.928,0.5448,0.6738,0.5033,0.9046,0.8953,0.928,0.928,0.928,0.587,0.931,0.4286
1.0,0.55,0.928,0.5448,0.6738,0.5033,0.9046,0.8953,0.928,0.928,0.928,0.587,0.931,0.4286
1.0,0.56,0.928,0.5448,0.6738,0.5033,0.9046,0.8953,0.928,0.928,0.928,0.587,0.931,0.4286
1.0,0.57,0.928,0.5448,0.6738,0.5033,0.9046,0.8953,0.928,0.928,0.928,0.587,0.931,0.4286
1.0,0.58,0.928,0.5448,0.6738,0.5033,0.9046,0.8953,0.928,0.928,0.928,0.587,0.931,0.4286
1.0,0.59,0.928,0.5448,0.6738,0.5033,0.9046,0.8953,0.928,0.928,0.928,0.587,0.931,0.4286
1.0,0.6,0.928,0.5448,0.6738,0.5033,0.9046,0.8953,0.928,0.928,0.928,0.587,0.931,0.4286
1.0,0.61,0.928,0.5448,0.6738,0.5033,0.9046,0.8953,0.928,0.928,0.928,0.587,0.931,0.4286
1.0,0.62,0.928,0.5448,0.6738,0.5033,0.9046,0.8953,0.928,0.928,0.928,0.587,0.931,0.4286
1.0,0.63,0.928,0.5448,0.6738,0.5033,0.9046,0.8953,0.928,0.928,0.928,0.587,0.931,0.4286
1.0,0.64,0.928,0.5448,0.6738,0.5033,0.9046,0.8953,0.928,0.928,0.928,0.587,0.931,0.4286
1.0,0.65,0.928,0.5448,0.6738,0.5033,0.9046,0.8953,0.928,0.928,0.928,0.587,0.931,0.4286
1.0,0.66,0.928,0.5448,0.6738,0.5033,0.9046,0.8953,0.928,0.928,0.928,0.587,0.931,0.4286
1.0,0.67,0.928,0.5448,0.6738,0.5033,0.9046,0.8953,0.928,0.928,0.928,0.587,0.931,0.4286
1.0,0.68,0.928,0.5448,0.6738,0.5033,0.9046,0.8953,0.928,0.928,0.928,0.587,0.931,0.4286
1.0,0.69,0.928,0.5448,0.6738,0.5033,0.9046,0.8953,0.928,0.928,0.928,0.587,0.931,0.4286
1.0,0.7,0.928,0.5448,0.6738,0.5033,0.9046,0.8953,0.928,0.928,0.928,0.587,0.931,0.4286
1.0,0.71,0.928,0.5448,0.6738,0.5033,0.9046,0.8953,0.928,0.928,0.928,0.587,0.931,0.4286
1.0,0.72,0.928,0.5448,0.6738,0.5033,0.9046,0.8953,0.928,0.928,0.928,0.587,0.931,0.4286
1.0,0.73,0.928,0.5448,0.6738,0.5033,0.9046,0.8953,0.928,0.928,0.928,0.587,0.931,0.4286
1.0,0.74,0.9261,0.5357,0.6716,0.4903,0.9024,0.8934,0.9261,0.9261,0.9261,0.5714,0.9286,0.4127
1.0,0.75,0.9261,0.5357,0.6716,0.4903,0.9024,0.8934,0.9261,0.9261,0.9261,0.5714,0.9286,0.4127
1.0,0.76,0.9261,0.5357,0.6716,0.4903,0.9024,0.8934,0.9261,0.9261,0.9261,0.5714,0.9286,0.4127
1.0,0.77,0.9261,0.5357,0.6716,0.4903,0.9024,0.8934,0.9261,0.9261,0.9261,0.5714,0.9286,0.4127
1.0,0.78,0.9261,0.5357,0.6716,0.4903,0.9024,0.8934,0.9261,0.9261,0.9261,0.5714,0.9286,0.4127
1.0,0.79,0.9261,0.5357,0.6716,0.4903,0.9024,0.8934,0.9261,0.9261,0.9261,0.5714,0.9286,0.4127
1.0,0.8,0.9261,0.5357,0.6716,0.4903,0.9024,0.8934,0.9261,0.9261,0.9261,0.5714,0.9286,0.4127
1.0,0.81,0.9242,0.526,0.6713,0.4724,0.9005,0.8918,0.9242,0.9242,0.9242,0.5556,0.9259,0.3968
1.0,0.82,0.9242,0.526,0.6713,0.4724,0.9005,0.8918,0.9242,0.9242,0.9242,0.5556,0.9259,0.3968
1.0,0.83,0.9242,0.526,0.6713,0.4724,0.9005,0.8918,0.9242,0.9242,0.9242,0.5556,0.9259,0.3968
1.0,0.84,0.9242,0.526,0.6713,0.4724,0.9005,0.8918,0.9242,0.9242,0.9242,0.5556,0.9259,0.3968
1.0,0.85,0.9242,0.526,0.6713,0.4724,0.9005,0.8918,0.9242,0.9242,0.9242,0.5556,0.9259,0.3968
1.0,0.86,0.9242,0.526,0.6713,0.4724,0.9005,0.8918,0.9242,0.9242,0.9242,0.5556,0.9259,0.3968
1.0,0.87,0.9242,0.526,0.6713,0.4724,0.9005,0.8918,0.9242,0.9242,0.9242,0.5556,0.9259,0.3968
1.0,0.88,0.9242,0.526,0.6713,0.4724,0.9005,0.8918,0.9242,0.9242,0.9242,0.5556,0.9259,0.3968
1.0,0.89,0.9242,0.526,0.6713,0.4724,0.9005,0.8918,0.9242,0.9242,0.9242,0.5556,0.9259,0.3968
1.0,0.9,0.9242,0.526,0.6713,0.4724,0.9005,0.8918,0.9242,0.9242,0.9242,0.5556,0.9259,0.3968
1.0,0.91,0.9242,0.526,0.6713,0.4724,0.9005,0.8918,0.9242,0.9242,0.9242,0.5556,0.9259,0.3968
1.0,0.92,0.9261,0.5305,0.6856,0.4727,0.9023,0.8947,0.9261,0.9261,0.9261,0.5618,0.9615,0.3968
1.0,0.93,0.9261,0.5305,0.6856,0.4727,0.9023,0.8947,0.9261,0.9261,0.9261,0.5618,0.9615,0.3968
1.0,0.94,0.9261,0.5305,0.6856,0.4727,0.9023,0.8947,0.9261,0.9261,0.9261,0.5618,0.9615,0.3968
1.0,0.95,0.928,0.5365,0.7035,0.4731,0.9041,0.8975,0.928,0.928,0.928,0.5682,1.0,0.3968
1.0,0.96,0.928,0.5365,0.7035,0.4731,0.9041,0.8975,0.928,0.928,0.928,0.5682,1.0,0.3968
1.0,0.97,0.928,0.5365,0.7035,0.4731,0.9041,0.8975,0.928,0.928,0.928,0.5682,1.0,0.3968
1.0,0.98,0.928,0.5365,0.7035,0.4731,0.9041,0.8975,0.928,0.928,0.928,0.5682,1.0,0.3968
1.0,0.99,0.928,0.5365,0.7035,0.4731,0.9041,0.8975,0.928,0.928,0.928,0.5682,1.0,0.3968
1.0,1.0,0.9205,0.4901,0.7025,0.4162,0.8943,0.8911,0.9205,0.9205,0.9205,0.5,1.0,0.3333
