tau_1,tau_2,patch_acc_multi,patch_f1_macro,patch_pre_macro,patch_rec_macro,patch_f1_weighted,patch_pre_weighted,patch_rec_weighted,patch_f1_micro,patch_acc_bin,patch_f1_bin,patch_pre_bin,patch_rec_bin
0.0,0.0,0.9697,0.8317,0.8719,0.8068,0.9679,0.9685,0.9697,0.9697,0.9848,0.9245,1.0,0.8596
0.01,0.0,0.9697,0.8317,0.8719,0.8068,0.9679,0.9685,0.9697,0.9697,0.9848,0.9245,1.0,0.8596
0.01,0.01,0.9167,0.7586,0.7495,0.85,0.9335,0.9584,0.9167,0.9167,0.9318,0.7429,0.6265,0.9123
0.02,0.0,0.9697,0.8317,0.8719,0.8068,0.9679,0.9685,0.9697,0.9697,0.9848,0.9245,1.0,0.8596
0.02,0.01,0.9167,0.7586,0.7495,0.85,0.9335,0.9584,0.9167,0.9167,0.9318,0.7429,0.6265,0.9123
0.02,0.02,0.9375,0.7713,0.7741,0.8332,0.9458,0.9599,0.9375,0.9375,0.9527,0.8031,0.7286,0.8947
0.03,0.0,0.9697,0.8317,0.8719,0.8068,0.9679,0.9685,0.9697,0.9697,0.9848,0.9245,1.0,0.8596
0.03,0.01,0.9167,0.7586,0.7495,0.85,0.9335,0.9584,0.9167,0.9167,0.9318,0.7429,0.6265,0.9123
0.03,0.02,0.9375,0.7713,0.7741,0.8332,0.9458,0.9599,0.9375,0.9375,0.9527,0.8031,0.7286,0.8947
0.03,0.03,0.9527,0.7953,0.8033,0.8357,0.9561,0.9638,0.9527,0.9527,0.9678,0.8571,0.8226,0.8947
0.04,0.0,0.9697,0.8317,0.8719,0.8068,0.9679,0.9685,0.9697,0.9697,0.9848,0.9245,1.0,0.8596
0.04,0.01,0.9167,0.7586,0.7495,0.85,0.9335,0.9584,0.9167,0.9167,0.9318,0.7429,0.6265,0.9123
0.04,0.02,0.9375,0.7713,0.7741,0.8332,0.9458,0.9599,0.9375,0.9375,0.9527,0.8031,0.7286,0.8947
0.04,0.03,0.9527,0.7953,0.8033,0.8357,0.9561,0.9638,0.9527,0.9527,0.9678,0.8571,0.8226,0.8947
0.04,0.04,0.9602,0.8116,0.8189,0.8369,0.9612,0.9651,0.9602,0.9602,0.9754,0.887,0.8793,0.8947
0.05,0.0,0.9697,0.8317,0.8719,0.8068,0.9679,0.9685,0.9697,0.9697,0.9848,0.9245,1.0,0.8596
0.05,0.01,0.9167,0.7586,0.7495,0.85,0.9335,0.9584,0.9167,0.9167,0.9318,0.7429,0.6265,0.9123
0.05,0.02,0.9375,0.7713,0.7741,0.8332,0.9458,0.9599,0.9375,0.9375,0.9527,0.8031,0.7286,0.8947
0.05,0.03,0.9527,0.7953,0.8033,0.8357,0.9561,0.9638,0.9527,0.9527,0.9678,0.8571,0.8226,0.8947
0.05,0.04,0.9602,0.8116,0.8189,0.8369,0.9612,0.9651,0.9602,0.9602,0.9754,0.887,0.8793,0.8947
0.05,0.05,0.964,0.8225,0.8309,0.8375,0.964,0.9661,0.964,0.964,0.9792,0.9027,0.9107,0.8947
0.06,0.0,0.9697,0.8317,0.8719,0.8068,0.9679,0.9685,0.9697,0.9697,0.9848,0.9245,1.0,0.8596
0.06,0.01,0.9167,0.7586,0.7495,0.85,0.9335,0.9584,0.9167,0.9167,0.9318,0.7429,0.6265,0.9123
0.06,0.02,0.9375,0.7713,0.7741,0.8332,0.9458,0.9599,0.9375,0.9375,0.9527,0.8031,0.7286,0.8947
0.06,0.03,0.9527,0.7953,0.8033,0.8357,0.9561,0.9638,0.9527,0.9527,0.9678,0.8571,0.8226,0.8947
0.06,0.04,0.9602,0.8116,0.8189,0.8369,0.9612,0.9651,0.9602,0.9602,0.9754,0.887,0.8793,0.8947
0.06,0.05,0.964,0.8225,0.8309,0.8375,0.964,0.9661,0.964,0.964,0.9792,0.9027,0.9107,0.8947
0.06,0.06,0.9697,0.8382,0.8601,0.8384,0.9689,0.9705,0.9697,0.9697,0.9848,0.9273,0.9623,0.8947
0.07,0.0,0.9697,0.8317,0.8719,0.8068,0.9679,0.9685,0.9697,0.9697,0.9848,0.9245,1.0,0.8596
0.07,0.01,0.9167,0.7586,0.7495,0.85,0.9335,0.9584,0.9167,0.9167,0.9318,0.7429,0.6265,0.9123
0.07,0.02,0.9375,0.7713,0.7741,0.8332,0.9458,0.9599,0.9375,0.9375,0.9527,0.8031,0.7286,0.8947
0.07,0.03,0.9527,0.7953,0.8033,0.8357,0.9561,0.9638,0.9527,0.9527,0.9678,0.8571,0.8226,0.8947
0.07,0.04,0.9602,0.8116,0.8189,0.8369,0.9612,0.9651,0.9602,0.9602,0.9754,0.887,0.8793,0.8947
0.07,0.05,0.964,0.8225,0.8309,0.8375,0.964,0.9661,0.964,0.964,0.9792,0.9027,0.9107,0.8947
0.07,0.06,0.9697,0.8382,0.8601,0.8384,0.9689,0.9705,0.9697,0.9697,0.9848,0.9273,0.9623,0.8947
0.07,0.07,0.9678,0.8262,0.8535,0.8146,0.967,0.9681,0.9678,0.9678,0.983,0.9174,0.9615,0.8772
0.08,0.0,0.9697,0.8317,0.8719,0.8068,0.9679,0.9685,0.9697,0.9697,0.9848,0.9245,1.0,0.8596
0.08,0.01,0.9167,0.7586,0.7495,0.85,0.9335,0.9584,0.9167,0.9167,0.9318,0.7429,0.6265,0.9123
0.08,0.02,0.9375,0.7713,0.7741,0.8332,0.9458,0.9599,0.9375,0.9375,0.9527,0.8031,0.7286,0.8947
0.08,0.03,0.9527,0.7953,0.8033,0.8357,0.9561,0.9638,0.9527,0.9527,0.9678,0.8571,0.8226,0.8947
0.08,0.04,0.9602,0.8116,0.8189,0.8369,0.9612,0.9651,0.9602,0.9602,0.9754,0.887,0.8793,0.8947
0.08,0.05,0.964,0.8225,0.8309,0.8375,0.964,0.9661,0.964,0.964,0.9792,0.9027,0.9107,0.8947
0.08,0.06,0.9697,0.8382,0.8601,0.8384,0.9689,0.9705,0.9697,0.9697,0.9848,0.9273,0.9623,0.8947
0.08,0.07,0.9678,0.8262,0.8535,0.8146,0.967,0.9681,0.9678,0.9678,0.983,0.9174,0.9615,0.8772
0.08,0.08,0.9697,0.8331,0.8634,0.8149,0.9685,0.9689,0.9697,0.9697,0.9848,0.9259,0.9804,0.8772
0.09,0.0,0.9697,0.8317,0.8719,0.8068,0.9679,0.9685,0.9697,0.9697,0.9848,0.9245,1.0,0.8596
0.09,0.01,0.9167,0.7586,0.7495,0.85,0.9335,0.9584,0.9167,0.9167,0.9318,0.7429,0.6265,0.9123
0.09,0.02,0.9375,0.7713,0.7741,0.8332,0.9458,0.9599,0.9375,0.9375,0.9527,0.8031,0.7286,0.8947
0.09,0.03,0.9527,0.7953,0.8033,0.8357,0.9561,0.9638,0.9527,0.9527,0.9678,0.8571,0.8226,0.8947
0.09,0.04,0.9602,0.8116,0.8189,0.8369,0.9612,0.9651,0.9602,0.9602,0.9754,0.887,0.8793,0.8947
0.09,0.05,0.964,0.8225,0.8309,0.8375,0.964,0.9661,0.964,0.964,0.9792,0.9027,0.9107,0.8947
0.09,0.06,0.9697,0.8382,0.8601,0.8384,0.9689,0.9705,0.9697,0.9697,0.9848,0.9273,0.9623,0.8947
0.09,0.07,0.9678,0.8262,0.8535,0.8146,0.967,0.9681,0.9678,0.9678,0.983,0.9174,0.9615,0.8772
0.09,0.08,0.9697,0.8331,0.8634,0.8149,0.9685,0.9689,0.9697,0.9697,0.9848,0.9259,0.9804,0.8772
0.09,0.09,0.9716,0.837,0.8729,0.8152,0.97,0.9705,0.9716,0.9716,0.9867,0.9346,1.0,0.8772
0.1,0.0,0.9697,0.8317,0.8719,0.8068,0.9679,0.9685,0.9697,0.9697,0.9848,0.9245,1.0,0.8596
0.1,0.01,0.9167,0.7586,0.7495,0.85,0.9335,0.9584,0.9167,0.9167,0.9318,0.7429,0.6265,0.9123
0.1,0.02,0.9375,0.7713,0.7741,0.8332,0.9458,0.9599,0.9375,0.9375,0.9527,0.8031,0.7286,0.8947
0.1,0.03,0.9527,0.7953,0.8033,0.8357,0.9561,0.9638,0.9527,0.9527,0.9678,0.8571,0.8226,0.8947
0.1,0.04,0.9602,0.8116,0.8189,0.8369,0.9612,0.9651,0.9602,0.9602,0.9754,0.887,0.8793,0.8947
0.1,0.05,0.964,0.8225,0.8309,0.8375,0.964,0.9661,0.964,0.964,0.9792,0.9027,0.9107,0.8947
0.1,0.06,0.9697,0.8382,0.8601,0.8384,0.9689,0.9705,0.9697,0.9697,0.9848,0.9273,0.9623,0.8947
0.1,0.07,0.9678,0.8262,0.8535,0.8146,0.967,0.9681,0.9678,0.9678,0.983,0.9174,0.9615,0.8772
0.1,0.08,0.9697,0.8331,0.8634,0.8149,0.9685,0.9689,0.9697,0.9697,0.9848,0.9259,0.9804,0.8772
0.1,0.09,0.9716,0.837,0.8729,0.8152,0.97,0.9705,0.9716,0.9716,0.9867,0.9346,1.0,0.8772
0.1,0.1,0.9716,0.837,0.8729,0.8152,0.97,0.9705,0.9716,0.9716,0.9867,0.9346,1.0,0.8772
0.11,0.0,0.9697,0.8317,0.8719,0.8068,0.9679,0.9685,0.9697,0.9697,0.9848,0.9245,1.0,0.8596
0.11,0.01,0.9167,0.7586,0.7495,0.85,0.9335,0.9584,0.9167,0.9167,0.9318,0.7429,0.6265,0.9123
0.11,0.02,0.9375,0.7713,0.7741,0.8332,0.9458,0.9599,0.9375,0.9375,0.9527,0.8031,0.7286,0.8947
0.11,0.03,0.9527,0.7953,0.8033,0.8357,0.9561,0.9638,0.9527,0.9527,0.9678,0.8571,0.8226,0.8947
0.11,0.04,0.9602,0.8116,0.8189,0.8369,0.9612,0.9651,0.9602,0.9602,0.9754,0.887,0.8793,0.8947
0.11,0.05,0.964,0.8225,0.8309,0.8375,0.964,0.9661,0.964,0.964,0.9792,0.9027,0.9107,0.8947
0.11,0.06,0.9697,0.8382,0.8601,0.8384,0.9689,0.9705,0.9697,0.9697,0.9848,0.9273,0.9623,0.8947
0.11,0.07,0.9678,0.8262,0.8535,0.8146,0.967,0.9681,0.9678,0.9678,0.983,0.9174,0.9615,0.8772
0.11,0.08,0.9697,0.8331,0.8634,0.8149,0.9685,0.9689,0.9697,0.9697,0.9848,0.9259,0.9804,0.8772
0.11,0.09,0.9716,0.837,0.8729,0.8152,0.97,0.9705,0.9716,0.9716,0.9867,0.9346,1.0,0.8772
0.11,0.1,0.9716,0.837,0.8729,0.8152,0.97,0.9705,0.9716,0.9716,0.9867,0.9346,1.0,0.8772
0.11,0.11,0.9716,0.837,0.8729,0.8152,0.97,0.9705,0.9716,0.9716,0.9867,0.9346,1.0,0.8772
0.12,0.0,0.9697,0.8317,0.8719,0.8068,0.9679,0.9685,0.9697,0.9697,0.9848,0.9245,1.0,0.8596
0.12,0.01,0.9167,0.7586,0.7495,0.85,0.9335,0.9584,0.9167,0.9167,0.9318,0.7429,0.6265,0.9123
0.12,0.02,0.9375,0.7713,0.7741,0.8332,0.9458,0.9599,0.9375,0.9375,0.9527,0.8031,0.7286,0.8947
0.12,0.03,0.9527,0.7953,0.8033,0.8357,0.9561,0.9638,0.9527,0.9527,0.9678,0.8571,0.8226,0.8947
0.12,0.04,0.9602,0.8116,0.8189,0.8369,0.9612,0.9651,0.9602,0.9602,0.9754,0.887,0.8793,0.8947
0.12,0.05,0.964,0.8225,0.8309,0.8375,0.964,0.9661,0.964,0.964,0.9792,0.9027,0.9107,0.8947
0.12,0.06,0.9697,0.8382,0.8601,0.8384,0.9689,0.9705,0.9697,0.9697,0.9848,0.9273,0.9623,0.8947
0.12,0.07,0.9678,0.8262,0.8535,0.8146,0.967,0.9681,0.9678,0.9678,0.983,0.9174,0.9615,0.8772
0.12,0.08,0.9697,0.8331,0.8634,0.8149,0.9685,0.9689,0.9697,0.9697,0.9848,0.9259,0.9804,0.8772
0.12,0.09,0.9716,0.837,0.8729,0.8152,0.97,0.9705,0.9716,0.9716,0.9867,0.9346,1.0,0.8772
0.12,0.1,0.9716,0.837,0.8729,0.8152,0.97,0.9705,0.9716,0.9716,0.9867,0.9346,1.0,0.8772
0.12,0.11,0.9716,0.837,0.8729,0.8152,0.97,0.9705,0.9716,0.9716,0.9867,0.9346,1.0,0.8772
0.12,0.12,0.9716,0.837,0.8729,0.8152,0.97,0.9705,0.9716,0.9716,0.9867,0.9346,1.0,0.8772
0.13,0.0,0.9697,0.8317,0.8719,0.8068,0.9679,0.9685,0.9697,0.9697,0.9848,0.9245,1.0,0.8596
0.13,0.01,0.9167,0.7586,0.7495,0.85,0.9335,0.9584,0.9167,0.9167,0.9318,0.7429,0.6265,0.9123
0.13,0.02,0.9375,0.7713,0.7741,0.8332,0.9458,0.9599,0.9375,0.9375,0.9527,0.8031,0.7286,0.8947
0.13,0.03,0.9527,0.7953,0.8033,0.8357,0.9561,0.9638,0.9527,0.9527,0.9678,0.8571,0.8226,0.8947
0.13,0.04,0.9602,0.8116,0.8189,0.8369,0.9612,0.9651,0.9602,0.9602,0.9754,0.887,0.8793,0.8947
0.13,0.05,0.964,0.8225,0.8309,0.8375,0.964,0.9661,0.964,0.964,0.9792,0.9027,0.9107,0.8947
0.13,0.06,0.9697,0.8382,0.8601,0.8384,0.9689,0.9705,0.9697,0.9697,0.9848,0.9273,0.9623,0.8947
0.13,0.07,0.9678,0.8262,0.8535,0.8146,0.967,0.9681,0.9678,0.9678,0.983,0.9174,0.9615,0.8772
0.13,0.08,0.9697,0.8331,0.8634,0.8149,0.9685,0.9689,0.9697,0.9697,0.9848,0.9259,0.9804,0.8772
0.13,0.09,0.9716,0.837,0.8729,0.8152,0.97,0.9705,0.9716,0.9716,0.9867,0.9346,1.0,0.8772
0.13,0.1,0.9716,0.837,0.8729,0.8152,0.97,0.9705,0.9716,0.9716,0.9867,0.9346,1.0,0.8772
0.13,0.11,0.9716,0.837,0.8729,0.8152,0.97,0.9705,0.9716,0.9716,0.9867,0.9346,1.0,0.8772
0.13,0.12,0.9716,0.837,0.8729,0.8152,0.97,0.9705,0.9716,0.9716,0.9867,0.9346,1.0,0.8772
0.13,0.13,0.9716,0.837,0.8729,0.8152,0.97,0.9705,0.9716,0.9716,0.9867,0.9346,1.0,0.8772
0.14,0.0,0.9697,0.8317,0.8719,0.8068,0.9679,0.9685,0.9697,0.9697,0.9848,0.9245,1.0,0.8596
0.14,0.01,0.9167,0.7586,0.7495,0.85,0.9335,0.9584,0.9167,0.9167,0.9318,0.7429,0.6265,0.9123
0.14,0.02,0.9375,0.7713,0.7741,0.8332,0.9458,0.9599,0.9375,0.9375,0.9527,0.8031,0.7286,0.8947
0.14,0.03,0.9527,0.7953,0.8033,0.8357,0.9561,0.9638,0.9527,0.9527,0.9678,0.8571,0.8226,0.8947
0.14,0.04,0.9602,0.8116,0.8189,0.8369,0.9612,0.9651,0.9602,0.9602,0.9754,0.887,0.8793,0.8947
0.14,0.05,0.964,0.8225,0.8309,0.8375,0.964,0.9661,0.964,0.964,0.9792,0.9027,0.9107,0.8947
0.14,0.06,0.9697,0.8382,0.8601,0.8384,0.9689,0.9705,0.9697,0.9697,0.9848,0.9273,0.9623,0.8947
0.14,0.07,0.9678,0.8262,0.8535,0.8146,0.967,0.9681,0.9678,0.9678,0.983,0.9174,0.9615,0.8772
0.14,0.08,0.9697,0.8331,0.8634,0.8149,0.9685,0.9689,0.9697,0.9697,0.9848,0.9259,0.9804,0.8772
0.14,0.09,0.9716,0.837,0.8729,0.8152,0.97,0.9705,0.9716,0.9716,0.9867,0.9346,1.0,0.8772
0.14,0.1,0.9716,0.837,0.8729,0.8152,0.97,0.9705,0.9716,0.9716,0.9867,0.9346,1.0,0.8772
0.14,0.11,0.9716,0.837,0.8729,0.8152,0.97,0.9705,0.9716,0.9716,0.9867,0.9346,1.0,0.8772
0.14,0.12,0.9716,0.837,0.8729,0.8152,0.97,0.9705,0.9716,0.9716,0.9867,0.9346,1.0,0.8772
0.14,0.13,0.9716,0.837,0.8729,0.8152,0.97,0.9705,0.9716,0.9716,0.9867,0.9346,1.0,0.8772
0.14,0.14,0.9716,0.837,0.8729,0.8152,0.97,0.9705,0.9716,0.9716,0.9867,0.9346,1.0,0.8772
0.15,0.0,0.9697,0.8317,0.8719,0.8068,0.9679,0.9685,0.9697,0.9697,0.9848,0.9245,1.0,0.8596
0.15,0.01,0.9167,0.7586,0.7495,0.85,0.9335,0.9584,0.9167,0.9167,0.9318,0.7429,0.6265,0.9123
0.15,0.02,0.9375,0.7713,0.7741,0.8332,0.9458,0.9599,0.9375,0.9375,0.9527,0.8031,0.7286,0.8947
0.15,0.03,0.9527,0.7953,0.8033,0.8357,0.9561,0.9638,0.9527,0.9527,0.9678,0.8571,0.8226,0.8947
0.15,0.04,0.9602,0.8116,0.8189,0.8369,0.9612,0.9651,0.9602,0.9602,0.9754,0.887,0.8793,0.8947
0.15,0.05,0.964,0.8225,0.8309,0.8375,0.964,0.9661,0.964,0.964,0.9792,0.9027,0.9107,0.8947
0.15,0.06,0.9697,0.8382,0.8601,0.8384,0.9689,0.9705,0.9697,0.9697,0.9848,0.9273,0.9623,0.8947
0.15,0.07,0.9678,0.8262,0.8535,0.8146,0.967,0.9681,0.9678,0.9678,0.983,0.9174,0.9615,0.8772
0.15,0.08,0.9697,0.8331,0.8634,0.8149,0.9685,0.9689,0.9697,0.9697,0.9848,0.9259,0.9804,0.8772
0.15,0.09,0.9716,0.837,0.8729,0.8152,0.97,0.9705,0.9716,0.9716,0.9867,0.9346,1.0,0.8772
0.15,0.1,0.9716,0.837,0.8729,0.8152,0.97,0.9705,0.9716,0.9716,0.9867,0.9346,1.0,0.8772
0.15,0.11,0.9716,0.837,0.8729,0.8152,0.97,0.9705,0.9716,0.9716,0.9867,0.9346,1.0,0.8772
0.15,0.12,0.9716,0.837,0.8729,0.8152,0.97,0.9705,0.9716,0.9716,0.9867,0.9346,1.0,0.8772
0.15,0.13,0.9716,0.837,0.8729,0.8152,0.97,0.9705,0.9716,0.9716,0.9867,0.9346,1.0,0.8772
0.15,0.14,0.9716,0.837,0.8729,0.8152,0.97,0.9705,0.9716,0.9716,0.9867,0.9346,1.0,0.8772
0.15,0.15,0.9716,0.837,0.8729,0.8152,0.97,0.9705,0.9716,0.9716,0.9867,0.9346,1.0,0.8772
0.16,0.0,0.9697,0.8317,0.8719,0.8068,0.9679,0.9685,0.9697,0.9697,0.9848,0.9245,1.0,0.8596
0.16,0.01,0.9167,0.7586,0.7495,0.85,0.9335,0.9584,0.9167,0.9167,0.9318,0.7429,0.6265,0.9123
0.16,0.02,0.9375,0.7713,0.7741,0.8332,0.9458,0.9599,0.9375,0.9375,0.9527,0.8031,0.7286,0.8947
0.16,0.03,0.9527,0.7953,0.8033,0.8357,0.9561,0.9638,0.9527,0.9527,0.9678,0.8571,0.8226,0.8947
0.16,0.04,0.9602,0.8116,0.8189,0.8369,0.9612,0.9651,0.9602,0.9602,0.9754,0.887,0.8793,0.8947
0.16,0.05,0.964,0.8225,0.8309,0.8375,0.964,0.9661,0.964,0.964,0.9792,0.9027,0.9107,0.8947
0.16,0.06,0.9697,0.8382,0.8601,0.8384,0.9689,0.9705,0.9697,0.9697,0.9848,0.9273,0.9623,0.8947
0.16,0.07,0.9678,0.8262,0.8535,0.8146,0.967,0.9681,0.9678,0.9678,0.983,0.9174,0.9615,0.8772
0.16,0.08,0.9697,0.8331,0.8634,0.8149,0.9685,0.9689,0.9697,0.9697,0.9848,0.9259,0.9804,0.8772
0.16,0.09,0.9716,0.837,0.8729,0.8152,0.97,0.9705,0.9716,0.9716,0.9867,0.9346,1.0,0.8772
0.16,0.1,0.9716,0.837,0.8729,0.8152,0.97,0.9705,0.9716,0.9716,0.9867,0.9346,1.0,0.8772
0.16,0.11,0.9716,0.837,0.8729,0.8152,0.97,0.9705,0.9716,0.9716,0.9867,0.9346,1.0,0.8772
0.16,0.12,0.9716,0.837,0.8729,0.8152,0.97,0.9705,0.9716,0.9716,0.9867,0.9346,1.0,0.8772
0.16,0.13,0.9716,0.837,0.8729,0.8152,0.97,0.9705,0.9716,0.9716,0.9867,0.9346,1.0,0.8772
0.16,0.14,0.9716,0.837,0.8729,0.8152,0.97,0.9705,0.9716,0.9716,0.9867,0.9346,1.0,0.8772
0.16,0.15,0.9716,0.837,0.8729,0.8152,0.97,0.9705,0.9716,0.9716,0.9867,0.9346,1.0,0.8772
0.16,0.16,0.9697,0.8317,0.8719,0.8068,0.9679,0.9685,0.9697,0.9697,0.9848,0.9245,1.0,0.8596
0.17,0.0,0.9697,0.8317,0.8719,0.8068,0.9679,0.9685,0.9697,0.9697,0.9848,0.9245,1.0,0.8596
0.17,0.01,0.9167,0.7586,0.7495,0.85,0.9335,0.9584,0.9167,0.9167,0.9318,0.7429,0.6265,0.9123
0.17,0.02,0.9375,0.7713,0.7741,0.8332,0.9458,0.9599,0.9375,0.9375,0.9527,0.8031,0.7286,0.8947
0.17,0.03,0.9527,0.7953,0.8033,0.8357,0.9561,0.9638,0.9527,0.9527,0.9678,0.8571,0.8226,0.8947
0.17,0.04,0.9602,0.8116,0.8189,0.8369,0.9612,0.9651,0.9602,0.9602,0.9754,0.887,0.8793,0.8947
0.17,0.05,0.964,0.8225,0.8309,0.8375,0.964,0.9661,0.964,0.964,0.9792,0.9027,0.9107,0.8947
0.17,0.06,0.9697,0.8382,0.8601,0.8384,0.9689,0.9705,0.9697,0.9697,0.9848,0.9273,0.9623,0.8947
0.17,0.07,0.9678,0.8262,0.8535,0.8146,0.967,0.9681,0.9678,0.9678,0.983,0.9174,0.9615,0.8772
0.17,0.08,0.9697,0.8331,0.8634,0.8149,0.9685,0.9689,0.9697,0.9697,0.9848,0.9259,0.9804,0.8772
0.17,0.09,0.9716,0.837,0.8729,0.8152,0.97,0.9705,0.9716,0.9716,0.9867,0.9346,1.0,0.8772
0.17,0.1,0.9716,0.837,0.8729,0.8152,0.97,0.9705,0.9716,0.9716,0.9867,0.9346,1.0,0.8772
0.17,0.11,0.9716,0.837,0.8729,0.8152,0.97,0.9705,0.9716,0.9716,0.9867,0.9346,1.0,0.8772
0.17,0.12,0.9716,0.837,0.8729,0.8152,0.97,0.9705,0.9716,0.9716,0.9867,0.9346,1.0,0.8772
0.17,0.13,0.9716,0.837,0.8729,0.8152,0.97,0.9705,0.9716,0.9716,0.9867,0.9346,1.0,0.8772
0.17,0.14,0.9716,0.837,0.8729,0.8152,0.97,0.9705,0.9716,0.9716,0.9867,0.9346,1.0,0.8772
0.17,0.15,0.9716,0.837,0.8729,0.8152,0.97,0.9705,0.9716,0.9716,0.9867,0.9346,1.0,0.8772
0.17,0.16,0.9697,0.8317,0.8719,0.8068,0.9679,0.9685,0.9697,0.9697,0.9848,0.9245,1.0,0.8596
0.17,0.17,0.9697,0.8317,0.8719,0.8068,0.9679,0.9685,0.9697,0.9697,0.9848,0.9245,1.0,0.8596
0.18,0.0,0.9697,0.8317,0.8719,0.8068,0.9679,0.9685,0.9697,0.9697,0.9848,0.9245,1.0,0.8596
0.18,0.01,0.9167,0.7586,0.7495,0.85,0.9335,0.9584,0.9167,0.9167,0.9318,0.7429,0.6265,0.9123
0.18,0.02,0.9375,0.7713,0.7741,0.8332,0.9458,0.9599,0.9375,0.9375,0.9527,0.8031,0.7286,0.8947
0.18,0.03,0.9527,0.7953,0.8033,0.8357,0.9561,0.9638,0.9527,0.9527,0.9678,0.8571,0.8226,0.8947
0.18,0.04,0.9602,0.8116,0.8189,0.8369,0.9612,0.9651,0.9602,0.9602,0.9754,0.887,0.8793,0.8947
0.18,0.05,0.964,0.8225,0.8309,0.8375,0.964,0.9661,0.964,0.964,0.9792,0.9027,0.9107,0.8947
0.18,0.06,0.9697,0.8382,0.8601,0.8384,0.9689,0.9705,0.9697,0.9697,0.9848,0.9273,0.9623,0.8947
0.18,0.07,0.9678,0.8262,0.8535,0.8146,0.967,0.9681,0.9678,0.9678,0.983,0.9174,0.9615,0.8772
0.18,0.08,0.9697,0.8331,0.8634,0.8149,0.9685,0.9689,0.9697,0.9697,0.9848,0.9259,0.9804,0.8772
0.18,0.09,0.9716,0.837,0.8729,0.8152,0.97,0.9705,0.9716,0.9716,0.9867,0.9346,1.0,0.8772
0.18,0.1,0.9716,0.837,0.8729,0.8152,0.97,0.9705,0.9716,0.9716,0.9867,0.9346,1.0,0.8772
0.18,0.11,0.9716,0.837,0.8729,0.8152,0.97,0.9705,0.9716,0.9716,0.9867,0.9346,1.0,0.8772
0.18,0.12,0.9716,0.837,0.8729,0.8152,0.97,0.9705,0.9716,0.9716,0.9867,0.9346,1.0,0.8772
0.18,0.13,0.9716,0.837,0.8729,0.8152,0.97,0.9705,0.9716,0.9716,0.9867,0.9346,1.0,0.8772
0.18,0.14,0.9716,0.837,0.8729,0.8152,0.97,0.9705,0.9716,0.9716,0.9867,0.9346,1.0,0.8772
0.18,0.15,0.9716,0.837,0.8729,0.8152,0.97,0.9705,0.9716,0.9716,0.9867,0.9346,1.0,0.8772
0.18,0.16,0.9697,0.8317,0.8719,0.8068,0.9679,0.9685,0.9697,0.9697,0.9848,0.9245,1.0,0.8596
0.18,0.17,0.9697,0.8317,0.8719,0.8068,0.9679,0.9685,0.9697,0.9697,0.9848,0.9245,1.0,0.8596
0.18,0.18,0.9697,0.8317,0.8719,0.8068,0.9679,0.9685,0.9697,0.9697,0.9848,0.9245,1.0,0.8596
0.19,0.0,0.9697,0.8317,0.8719,0.8068,0.9679,0.9685,0.9697,0.9697,0.9848,0.9245,1.0,0.8596
0.19,0.01,0.9167,0.7586,0.7495,0.85,0.9335,0.9584,0.9167,0.9167,0.9318,0.7429,0.6265,0.9123
0.19,0.02,0.9375,0.7713,0.7741,0.8332,0.9458,0.9599,0.9375,0.9375,0.9527,0.8031,0.7286,0.8947
0.19,0.03,0.9527,0.7953,0.8033,0.8357,0.9561,0.9638,0.9527,0.9527,0.9678,0.8571,0.8226,0.8947
0.19,0.04,0.9602,0.8116,0.8189,0.8369,0.9612,0.9651,0.9602,0.9602,0.9754,0.887,0.8793,0.8947
0.19,0.05,0.964,0.8225,0.8309,0.8375,0.964,0.9661,0.964,0.964,0.9792,0.9027,0.9107,0.8947
0.19,0.06,0.9697,0.8382,0.8601,0.8384,0.9689,0.9705,0.9697,0.9697,0.9848,0.9273,0.9623,0.8947
0.19,0.07,0.9678,0.8262,0.8535,0.8146,0.967,0.9681,0.9678,0.9678,0.983,0.9174,0.9615,0.8772
0.19,0.08,0.9697,0.8331,0.8634,0.8149,0.9685,0.9689,0.9697,0.9697,0.9848,0.9259,0.9804,0.8772
0.19,0.09,0.9716,0.837,0.8729,0.8152,0.97,0.9705,0.9716,0.9716,0.9867,0.9346,1.0,0.8772
0.19,0.1,0.9716,0.837,0.8729,0.8152,0.97,0.9705,0.9716,0.9716,0.9867,0.9346,1.0,0.8772
0.19,0.11,0.9716,0.837,0.8729,0.8152,0.97,0.9705,0.9716,0.9716,0.9867,0.9346,1.0,0.8772
0.19,0.12,0.9716,0.837,0.8729,0.8152,0.97,0.9705,0.9716,0.9716,0.9867,0.9346,1.0,0.8772
0.19,0.13,0.9716,0.837,0.8729,0.8152,0.97,0.9705,0.9716,0.9716,0.9867,0.9346,1.0,0.8772
0.19,0.14,0.9716,0.837,0.8729,0.8152,0.97,0.9705,0.9716,0.9716,0.9867,0.9346,1.0,0.8772
0.19,0.15,0.9716,0.837,0.8729,0.8152,0.97,0.9705,0.9716,0.9716,0.9867,0.9346,1.0,0.8772
0.19,0.16,0.9697,0.8317,0.8719,0.8068,0.9679,0.9685,0.9697,0.9697,0.9848,0.9245,1.0,0.8596
0.19,0.17,0.9697,0.8317,0.8719,0.8068,0.9679,0.9685,0.9697,0.9697,0.9848,0.9245,1.0,0.8596
0.19,0.18,0.9697,0.8317,0.8719,0.8068,0.9679,0.9685,0.9697,0.9697,0.9848,0.9245,1.0,0.8596
0.19,0.19,0.9697,0.8317,0.8719,0.8068,0.9679,0.9685,0.9697,0.9697,0.9848,0.9245,1.0,0.8596
0.2,0.0,0.9697,0.8317,0.8719,0.8068,0.9679,0.9685,0.9697,0.9697,0.9848,0.9245,1.0,0.8596
0.2,0.01,0.9167,0.7586,0.7495,0.85,0.9335,0.9584,0.9167,0.9167,0.9318,0.7429,0.6265,0.9123
0.2,0.02,0.9375,0.7713,0.7741,0.8332,0.9458,0.9599,0.9375,0.9375,0.9527,0.8031,0.7286,0.8947
0.2,0.03,0.9527,0.7953,0.8033,0.8357,0.9561,0.9638,0.9527,0.9527,0.9678,0.8571,0.8226,0.8947
0.2,0.04,0.9602,0.8116,0.8189,0.8369,0.9612,0.9651,0.9602,0.9602,0.9754,0.887,0.8793,0.8947
0.2,0.05,0.964,0.8225,0.8309,0.8375,0.964,0.9661,0.964,0.964,0.9792,0.9027,0.9107,0.8947
0.2,0.06,0.9697,0.8382,0.8601,0.8384,0.9689,0.9705,0.9697,0.9697,0.9848,0.9273,0.9623,0.8947
0.2,0.07,0.9678,0.8262,0.8535,0.8146,0.967,0.9681,0.9678,0.9678,0.983,0.9174,0.9615,0.8772
0.2,0.08,0.9697,0.8331,0.8634,0.8149,0.9685,0.9689,0.9697,0.9697,0.9848,0.9259,0.9804,0.8772
0.2,0.09,0.9716,0.837,0.8729,0.8152,0.97,0.9705,0.9716,0.9716,0.9867,0.9346,1.0,0.8772
0.2,0.1,0.9716,0.837,0.8729,0.8152,0.97,0.9705,0.9716,0.9716,0.9867,0.9346,1.0,0.8772
0.2,0.11,0.9716,0.837,0.8729,0.8152,0.97,0.9705,0.9716,0.9716,0.9867,0.9346,1.0,0.8772
0.2,0.12,0.9716,0.837,0.8729,0.8152,0.97,0.9705,0.9716,0.9716,0.9867,0.9346,1.0,0.8772
0.2,0.13,0.9716,0.837,0.8729,0.8152,0.97,0.9705,0.9716,0.9716,0.9867,0.9346,1.0,0.8772
0.2,0.14,0.9716,0.837,0.8729,0.8152,0.97,0.9705,0.9716,0.9716,0.9867,0.9346,1.0,0.8772
0.2,0.15,0.9716,0.837,0.8729,0.8152,0.97,0.9705,0.9716,0.9716,0.9867,0.9346,1.0,0.8772
0.2,0.16,0.9697,0.8317,0.8719,0.8068,0.9679,0.9685,0.9697,0.9697,0.9848,0.9245,1.0,0.8596
0.2,0.17,0.9697,0.8317,0.8719,0.8068,0.9679,0.9685,0.9697,0.9697,0.9848,0.9245,1.0,0.8596
0.2,0.18,0.9697,0.8317,0.8719,0.8068,0.9679,0.9685,0.9697,0.9697,0.9848,0.9245,1.0,0.8596
0.2,0.19,0.9697,0.8317,0.8719,0.8068,0.9679,0.9685,0.9697,0.9697,0.9848,0.9245,1.0,0.8596
0.2,0.2,0.9697,0.8317,0.8719,0.8068,0.9679,0.9685,0.9697,0.9697,0.9848,0.9245,1.0,0.8596
0.21,0.0,0.9697,0.8317,0.8719,0.8068,0.9679,0.9685,0.9697,0.9697,0.9848,0.9245,1.0,0.8596
0.21,0.01,0.9167,0.7586,0.7495,0.85,0.9335,0.9584,0.9167,0.9167,0.9318,0.7429,0.6265,0.9123
0.21,0.02,0.9375,0.7713,0.7741,0.8332,0.9458,0.9599,0.9375,0.9375,0.9527,0.8031,0.7286,0.8947
0.21,0.03,0.9527,0.7953,0.8033,0.8357,0.9561,0.9638,0.9527,0.9527,0.9678,0.8571,0.8226,0.8947
0.21,0.04,0.9602,0.8116,0.8189,0.8369,0.9612,0.9651,0.9602,0.9602,0.9754,0.887,0.8793,0.8947
0.21,0.05,0.964,0.8225,0.8309,0.8375,0.964,0.9661,0.964,0.964,0.9792,0.9027,0.9107,0.8947
0.21,0.06,0.9697,0.8382,0.8601,0.8384,0.9689,0.9705,0.9697,0.9697,0.9848,0.9273,0.9623,0.8947
0.21,0.07,0.9678,0.8262,0.8535,0.8146,0.967,0.9681,0.9678,0.9678,0.983,0.9174,0.9615,0.8772
0.21,0.08,0.9697,0.8331,0.8634,0.8149,0.9685,0.9689,0.9697,0.9697,0.9848,0.9259,0.9804,0.8772
0.21,0.09,0.9716,0.837,0.8729,0.8152,0.97,0.9705,0.9716,0.9716,0.9867,0.9346,1.0,0.8772
0.21,0.1,0.9716,0.837,0.8729,0.8152,0.97,0.9705,0.9716,0.9716,0.9867,0.9346,1.0,0.8772
0.21,0.11,0.9716,0.837,0.8729,0.8152,0.97,0.9705,0.9716,0.9716,0.9867,0.9346,1.0,0.8772
0.21,0.12,0.9716,0.837,0.8729,0.8152,0.97,0.9705,0.9716,0.9716,0.9867,0.9346,1.0,0.8772
0.21,0.13,0.9716,0.837,0.8729,0.8152,0.97,0.9705,0.9716,0.9716,0.9867,0.9346,1.0,0.8772
0.21,0.14,0.9716,0.837,0.8729,0.8152,0.97,0.9705,0.9716,0.9716,0.9867,0.9346,1.0,0.8772
0.21,0.15,0.9716,0.837,0.8729,0.8152,0.97,0.9705,0.9716,0.9716,0.9867,0.9346,1.0,0.8772
0.21,0.16,0.9697,0.8317,0.8719,0.8068,0.9679,0.9685,0.9697,0.9697,0.9848,0.9245,1.0,0.8596
0.21,0.17,0.9697,0.8317,0.8719,0.8068,0.9679,0.9685,0.9697,0.9697,0.9848,0.9245,1.0,0.8596
0.21,0.18,0.9697,0.8317,0.8719,0.8068,0.9679,0.9685,0.9697,0.9697,0.9848,0.9245,1.0,0.8596
0.21,0.19,0.9697,0.8317,0.8719,0.8068,0.9679,0.9685,0.9697,0.9697,0.9848,0.9245,1.0,0.8596
0.21,0.2,0.9697,0.8317,0.8719,0.8068,0.9679,0.9685,0.9697,0.9697,0.9848,0.9245,1.0,0.8596
0.21,0.21,0.9697,0.8317,0.8719,0.8068,0.9679,0.9685,0.9697,0.9697,0.9848,0.9245,1.0,0.8596
0.22,0.0,0.9697,0.8317,0.8719,0.8068,0.9679,0.9685,0.9697,0.9697,0.9848,0.9245,1.0,0.8596
0.22,0.01,0.9167,0.7586,0.7495,0.85,0.9335,0.9584,0.9167,0.9167,0.9318,0.7429,0.6265,0.9123
0.22,0.02,0.9375,0.7713,0.7741,0.8332,0.9458,0.9599,0.9375,0.9375,0.9527,0.8031,0.7286,0.8947
0.22,0.03,0.9527,0.7953,0.8033,0.8357,0.9561,0.9638,0.9527,0.9527,0.9678,0.8571,0.8226,0.8947
0.22,0.04,0.9602,0.8116,0.8189,0.8369,0.9612,0.9651,0.9602,0.9602,0.9754,0.887,0.8793,0.8947
0.22,0.05,0.964,0.8225,0.8309,0.8375,0.964,0.9661,0.964,0.964,0.9792,0.9027,0.9107,0.8947
0.22,0.06,0.9697,0.8382,0.8601,0.8384,0.9689,0.9705,0.9697,0.9697,0.9848,0.9273,0.9623,0.8947
0.22,0.07,0.9678,0.8262,0.8535,0.8146,0.967,0.9681,0.9678,0.9678,0.983,0.9174,0.9615,0.8772
0.22,0.08,0.9697,0.8331,0.8634,0.8149,0.9685,0.9689,0.9697,0.9697,0.9848,0.9259,0.9804,0.8772
0.22,0.09,0.9716,0.837,0.8729,0.8152,0.97,0.9705,0.9716,0.9716,0.9867,0.9346,1.0,0.8772
0.22,0.1,0.9716,0.837,0.8729,0.8152,0.97,0.9705,0.9716,0.9716,0.9867,0.9346,1.0,0.8772
0.22,0.11,0.9716,0.837,0.8729,0.8152,0.97,0.9705,0.9716,0.9716,0.9867,0.9346,1.0,0.8772
0.22,0.12,0.9716,0.837,0.8729,0.8152,0.97,0.9705,0.9716,0.9716,0.9867,0.9346,1.0,0.8772
0.22,0.13,0.9716,0.837,0.8729,0.8152,0.97,0.9705,0.9716,0.9716,0.9867,0.9346,1.0,0.8772
0.22,0.14,0.9716,0.837,0.8729,0.8152,0.97,0.9705,0.9716,0.9716,0.9867,0.9346,1.0,0.8772
0.22,0.15,0.9716,0.837,0.8729,0.8152,0.97,0.9705,0.9716,0.9716,0.9867,0.9346,1.0,0.8772
0.22,0.16,0.9697,0.8317,0.8719,0.8068,0.9679,0.9685,0.9697,0.9697,0.9848,0.9245,1.0,0.8596
0.22,0.17,0.9697,0.8317,0.8719,0.8068,0.9679,0.9685,0.9697,0.9697,0.9848,0.9245,1.0,0.8596
0.22,0.18,0.9697,0.8317,0.8719,0.8068,0.9679,0.9685,0.9697,0.9697,0.9848,0.9245,1.0,0.8596
0.22,0.19,0.9697,0.8317,0.8719,0.8068,0.9679,0.9685,0.9697,0.9697,0.9848,0.9245,1.0,0.8596
0.22,0.2,0.9697,0.8317,0.8719,0.8068,0.9679,0.9685,0.9697,0.9697,0.9848,0.9245,1.0,0.8596
0.22,0.21,0.9697,0.8317,0.8719,0.8068,0.9679,0.9685,0.9697,0.9697,0.9848,0.9245,1.0,0.8596
0.22,0.22,0.9697,0.8317,0.8719,0.8068,0.9679,0.9685,0.9697,0.9697,0.9848,0.9245,1.0,0.8596
0.23,0.0,0.9697,0.8317,0.8719,0.8068,0.9679,0.9685,0.9697,0.9697,0.9848,0.9245,1.0,0.8596
0.23,0.01,0.9167,0.7586,0.7495,0.85,0.9335,0.9584,0.9167,0.9167,0.9318,0.7429,0.6265,0.9123
0.23,0.02,0.9375,0.7713,0.7741,0.8332,0.9458,0.9599,0.9375,0.9375,0.9527,0.8031,0.7286,0.8947
0.23,0.03,0.9527,0.7953,0.8033,0.8357,0.9561,0.9638,0.9527,0.9527,0.9678,0.8571,0.8226,0.8947
0.23,0.04,0.9602,0.8116,0.8189,0.8369,0.9612,0.9651,0.9602,0.9602,0.9754,0.887,0.8793,0.8947
0.23,0.05,0.964,0.8225,0.8309,0.8375,0.964,0.9661,0.964,0.964,0.9792,0.9027,0.9107,0.8947
0.23,0.06,0.9697,0.8382,0.8601,0.8384,0.9689,0.9705,0.9697,0.9697,0.9848,0.9273,0.9623,0.8947
0.23,0.07,0.9678,0.8262,0.8535,0.8146,0.967,0.9681,0.9678,0.9678,0.983,0.9174,0.9615,0.8772
0.23,0.08,0.9697,0.8331,0.8634,0.8149,0.9685,0.9689,0.9697,0.9697,0.9848,0.9259,0.9804,0.8772
0.23,0.09,0.9716,0.837,0.8729,0.8152,0.97,0.9705,0.9716,0.9716,0.9867,0.9346,1.0,0.8772
0.23,0.1,0.9716,0.837,0.8729,0.8152,0.97,0.9705,0.9716,0.9716,0.9867,0.9346,1.0,0.8772
0.23,0.11,0.9716,0.837,0.8729,0.8152,0.97,0.9705,0.9716,0.9716,0.9867,0.9346,1.0,0.8772
0.23,0.12,0.9716,0.837,0.8729,0.8152,0.97,0.9705,0.9716,0.9716,0.9867,0.9346,1.0,0.8772
0.23,0.13,0.9716,0.837,0.8729,0.8152,0.97,0.9705,0.9716,0.9716,0.9867,0.9346,1.0,0.8772
0.23,0.14,0.9716,0.837,0.8729,0.8152,0.97,0.9705,0.9716,0.9716,0.9867,0.9346,1.0,0.8772
0.23,0.15,0.9716,0.837,0.8729,0.8152,0.97,0.9705,0.9716,0.9716,0.9867,0.9346,1.0,0.8772
0.23,0.16,0.9697,0.8317,0.8719,0.8068,0.9679,0.9685,0.9697,0.9697,0.9848,0.9245,1.0,0.8596
0.23,0.17,0.9697,0.8317,0.8719,0.8068,0.9679,0.9685,0.9697,0.9697,0.9848,0.9245,1.0,0.8596
0.23,0.18,0.9697,0.8317,0.8719,0.8068,0.9679,0.9685,0.9697,0.9697,0.9848,0.9245,1.0,0.8596
0.23,0.19,0.9697,0.8317,0.8719,0.8068,0.9679,0.9685,0.9697,0.9697,0.9848,0.9245,1.0,0.8596
0.23,0.2,0.9697,0.8317,0.8719,0.8068,0.9679,0.9685,0.9697,0.9697,0.9848,0.9245,1.0,0.8596
0.23,0.21,0.9697,0.8317,0.8719,0.8068,0.9679,0.9685,0.9697,0.9697,0.9848,0.9245,1.0,0.8596
0.23,0.22,0.9697,0.8317,0.8719,0.8068,0.9679,0.9685,0.9697,0.9697,0.9848,0.9245,1.0,0.8596
0.23,0.23,0.9697,0.8317,0.8719,0.8068,0.9679,0.9685,0.9697,0.9697,0.9848,0.9245,1.0,0.8596
0.24,0.0,0.9697,0.8317,0.8719,0.8068,0.9679,0.9685,0.9697,0.9697,0.9848,0.9245,1.0,0.8596
0.24,0.01,0.9167,0.7586,0.7495,0.85,0.9335,0.9584,0.9167,0.9167,0.9318,0.7429,0.6265,0.9123
0.24,0.02,0.9375,0.7713,0.7741,0.8332,0.9458,0.9599,0.9375,0.9375,0.9527,0.8031,0.7286,0.8947
0.24,0.03,0.9527,0.7953,0.8033,0.8357,0.9561,0.9638,0.9527,0.9527,0.9678,0.8571,0.8226,0.8947
0.24,0.04,0.9602,0.8116,0.8189,0.8369,0.9612,0.9651,0.9602,0.9602,0.9754,0.887,0.8793,0.8947
0.24,0.05,0.964,0.8225,0.8309,0.8375,0.964,0.9661,0.964,0.964,0.9792,0.9027,0.9107,0.8947
0.24,0.06,0.9697,0.8382,0.8601,0.8384,0.9689,0.9705,0.9697,0.9697,0.9848,0.9273,0.9623,0.8947
0.24,0.07,0.9678,0.8262,0.8535,0.8146,0.967,0.9681,0.9678,0.9678,0.983,0.9174,0.9615,0.8772
0.24,0.08,0.9697,0.8331,0.8634,0.8149,0.9685,0.9689,0.9697,0.9697,0.9848,0.9259,0.9804,0.8772
0.24,0.09,0.9716,0.837,0.8729,0.8152,0.97,0.9705,0.9716,0.9716,0.9867,0.9346,1.0,0.8772
0.24,0.1,0.9716,0.837,0.8729,0.8152,0.97,0.9705,0.9716,0.9716,0.9867,0.9346,1.0,0.8772
0.24,0.11,0.9716,0.837,0.8729,0.8152,0.97,0.9705,0.9716,0.9716,0.9867,0.9346,1.0,0.8772
0.24,0.12,0.9716,0.837,0.8729,0.8152,0.97,0.9705,0.9716,0.9716,0.9867,0.9346,1.0,0.8772
0.24,0.13,0.9716,0.837,0.8729,0.8152,0.97,0.9705,0.9716,0.9716,0.9867,0.9346,1.0,0.8772
0.24,0.14,0.9716,0.837,0.8729,0.8152,0.97,0.9705,0.9716,0.9716,0.9867,0.9346,1.0,0.8772
0.24,0.15,0.9716,0.837,0.8729,0.8152,0.97,0.9705,0.9716,0.9716,0.9867,0.9346,1.0,0.8772
0.24,0.16,0.9697,0.8317,0.8719,0.8068,0.9679,0.9685,0.9697,0.9697,0.9848,0.9245,1.0,0.8596
0.24,0.17,0.9697,0.8317,0.8719,0.8068,0.9679,0.9685,0.9697,0.9697,0.9848,0.9245,1.0,0.8596
0.24,0.18,0.9697,0.8317,0.8719,0.8068,0.9679,0.9685,0.9697,0.9697,0.9848,0.9245,1.0,0.8596
0.24,0.19,0.9697,0.8317,0.8719,0.8068,0.9679,0.9685,0.9697,0.9697,0.9848,0.9245,1.0,0.8596
0.24,0.2,0.9697,0.8317,0.8719,0.8068,0.9679,0.9685,0.9697,0.9697,0.9848,0.9245,1.0,0.8596
0.24,0.21,0.9697,0.8317,0.8719,0.8068,0.9679,0.9685,0.9697,0.9697,0.9848,0.9245,1.0,0.8596
0.24,0.22,0.9697,0.8317,0.8719,0.8068,0.9679,0.9685,0.9697,0.9697,0.9848,0.9245,1.0,0.8596
0.24,0.23,0.9697,0.8317,0.8719,0.8068,0.9679,0.9685,0.9697,0.9697,0.9848,0.9245,1.0,0.8596
0.24,0.24,0.9697,0.8317,0.8719,0.8068,0.9679,0.9685,0.9697,0.9697,0.9848,0.9245,1.0,0.8596
0.25,0.0,0.9697,0.8317,0.8719,0.8068,0.9679,0.9685,0.9697,0.9697,0.9848,0.9245,1.0,0.8596
0.25,0.01,0.9167,0.7586,0.7495,0.85,0.9335,0.9584,0.9167,0.9167,0.9318,0.7429,0.6265,0.9123
0.25,0.02,0.9375,0.7713,0.7741,0.8332,0.9458,0.9599,0.9375,0.9375,0.9527,0.8031,0.7286,0.8947
0.25,0.03,0.9527,0.7953,0.8033,0.8357,0.9561,0.9638,0.9527,0.9527,0.9678,0.8571,0.8226,0.8947
0.25,0.04,0.9602,0.8116,0.8189,0.8369,0.9612,0.9651,0.9602,0.9602,0.9754,0.887,0.8793,0.8947
0.25,0.05,0.964,0.8225,0.8309,0.8375,0.964,0.9661,0.964,0.964,0.9792,0.9027,0.9107,0.8947
0.25,0.06,0.9697,0.8382,0.8601,0.8384,0.9689,0.9705,0.9697,0.9697,0.9848,0.9273,0.9623,0.8947
0.25,0.07,0.9678,0.8262,0.8535,0.8146,0.967,0.9681,0.9678,0.9678,0.983,0.9174,0.9615,0.8772
0.25,0.08,0.9697,0.8331,0.8634,0.8149,0.9685,0.9689,0.9697,0.9697,0.9848,0.9259,0.9804,0.8772
0.25,0.09,0.9716,0.837,0.8729,0.8152,0.97,0.9705,0.9716,0.9716,0.9867,0.9346,1.0,0.8772
0.25,0.1,0.9716,0.837,0.8729,0.8152,0.97,0.9705,0.9716,0.9716,0.9867,0.9346,1.0,0.8772
0.25,0.11,0.9716,0.837,0.8729,0.8152,0.97,0.9705,0.9716,0.9716,0.9867,0.9346,1.0,0.8772
0.25,0.12,0.9716,0.837,0.8729,0.8152,0.97,0.9705,0.9716,0.9716,0.9867,0.9346,1.0,0.8772
0.25,0.13,0.9716,0.837,0.8729,0.8152,0.97,0.9705,0.9716,0.9716,0.9867,0.9346,1.0,0.8772
0.25,0.14,0.9716,0.837,0.8729,0.8152,0.97,0.9705,0.9716,0.9716,0.9867,0.9346,1.0,0.8772
0.25,0.15,0.9716,0.837,0.8729,0.8152,0.97,0.9705,0.9716,0.9716,0.9867,0.9346,1.0,0.8772
0.25,0.16,0.9697,0.8317,0.8719,0.8068,0.9679,0.9685,0.9697,0.9697,0.9848,0.9245,1.0,0.8596
0.25,0.17,0.9697,0.8317,0.8719,0.8068,0.9679,0.9685,0.9697,0.9697,0.9848,0.9245,1.0,0.8596
0.25,0.18,0.9697,0.8317,0.8719,0.8068,0.9679,0.9685,0.9697,0.9697,0.9848,0.9245,1.0,0.8596
0.25,0.19,0.9697,0.8317,0.8719,0.8068,0.9679,0.9685,0.9697,0.9697,0.9848,0.9245,1.0,0.8596
0.25,0.2,0.9697,0.8317,0.8719,0.8068,0.9679,0.9685,0.9697,0.9697,0.9848,0.9245,1.0,0.8596
0.25,0.21,0.9697,0.8317,0.8719,0.8068,0.9679,0.9685,0.9697,0.9697,0.9848,0.9245,1.0,0.8596
0.25,0.22,0.9697,0.8317,0.8719,0.8068,0.9679,0.9685,0.9697,0.9697,0.9848,0.9245,1.0,0.8596
0.25,0.23,0.9697,0.8317,0.8719,0.8068,0.9679,0.9685,0.9697,0.9697,0.9848,0.9245,1.0,0.8596
0.25,0.24,0.9697,0.8317,0.8719,0.8068,0.9679,0.9685,0.9697,0.9697,0.9848,0.9245,1.0,0.8596
0.25,0.25,0.9697,0.8317,0.8719,0.8068,0.9679,0.9685,0.9697,0.9697,0.9848,0.9245,1.0,0.8596
0.26,0.0,0.9697,0.8317,0.8719,0.8068,0.9679,0.9685,0.9697,0.9697,0.9848,0.9245,1.0,0.8596
0.26,0.01,0.9167,0.7586,0.7495,0.85,0.9335,0.9584,0.9167,0.9167,0.9318,0.7429,0.6265,0.9123
0.26,0.02,0.9375,0.7713,0.7741,0.8332,0.9458,0.9599,0.9375,0.9375,0.9527,0.8031,0.7286,0.8947
0.26,0.03,0.9527,0.7953,0.8033,0.8357,0.9561,0.9638,0.9527,0.9527,0.9678,0.8571,0.8226,0.8947
0.26,0.04,0.9602,0.8116,0.8189,0.8369,0.9612,0.9651,0.9602,0.9602,0.9754,0.887,0.8793,0.8947
0.26,0.05,0.964,0.8225,0.8309,0.8375,0.964,0.9661,0.964,0.964,0.9792,0.9027,0.9107,0.8947
0.26,0.06,0.9697,0.8382,0.8601,0.8384,0.9689,0.9705,0.9697,0.9697,0.9848,0.9273,0.9623,0.8947
0.26,0.07,0.9678,0.8262,0.8535,0.8146,0.967,0.9681,0.9678,0.9678,0.983,0.9174,0.9615,0.8772
0.26,0.08,0.9697,0.8331,0.8634,0.8149,0.9685,0.9689,0.9697,0.9697,0.9848,0.9259,0.9804,0.8772
0.26,0.09,0.9716,0.837,0.8729,0.8152,0.97,0.9705,0.9716,0.9716,0.9867,0.9346,1.0,0.8772
0.26,0.1,0.9716,0.837,0.8729,0.8152,0.97,0.9705,0.9716,0.9716,0.9867,0.9346,1.0,0.8772
0.26,0.11,0.9716,0.837,0.8729,0.8152,0.97,0.9705,0.9716,0.9716,0.9867,0.9346,1.0,0.8772
0.26,0.12,0.9716,0.837,0.8729,0.8152,0.97,0.9705,0.9716,0.9716,0.9867,0.9346,1.0,0.8772
0.26,0.13,0.9716,0.837,0.8729,0.8152,0.97,0.9705,0.9716,0.9716,0.9867,0.9346,1.0,0.8772
0.26,0.14,0.9716,0.837,0.8729,0.8152,0.97,0.9705,0.9716,0.9716,0.9867,0.9346,1.0,0.8772
0.26,0.15,0.9716,0.837,0.8729,0.8152,0.97,0.9705,0.9716,0.9716,0.9867,0.9346,1.0,0.8772
0.26,0.16,0.9697,0.8317,0.8719,0.8068,0.9679,0.9685,0.9697,0.9697,0.9848,0.9245,1.0,0.8596
0.26,0.17,0.9697,0.8317,0.8719,0.8068,0.9679,0.9685,0.9697,0.9697,0.9848,0.9245,1.0,0.8596
0.26,0.18,0.9697,0.8317,0.8719,0.8068,0.9679,0.9685,0.9697,0.9697,0.9848,0.9245,1.0,0.8596
0.26,0.19,0.9697,0.8317,0.8719,0.8068,0.9679,0.9685,0.9697,0.9697,0.9848,0.9245,1.0,0.8596
0.26,0.2,0.9697,0.8317,0.8719,0.8068,0.9679,0.9685,0.9697,0.9697,0.9848,0.9245,1.0,0.8596
0.26,0.21,0.9697,0.8317,0.8719,0.8068,0.9679,0.9685,0.9697,0.9697,0.9848,0.9245,1.0,0.8596
0.26,0.22,0.9697,0.8317,0.8719,0.8068,0.9679,0.9685,0.9697,0.9697,0.9848,0.9245,1.0,0.8596
0.26,0.23,0.9697,0.8317,0.8719,0.8068,0.9679,0.9685,0.9697,0.9697,0.9848,0.9245,1.0,0.8596
0.26,0.24,0.9697,0.8317,0.8719,0.8068,0.9679,0.9685,0.9697,0.9697,0.9848,0.9245,1.0,0.8596
0.26,0.25,0.9697,0.8317,0.8719,0.8068,0.9679,0.9685,0.9697,0.9697,0.9848,0.9245,1.0,0.8596
0.26,0.26,0.9697,0.8317,0.8719,0.8068,0.9679,0.9685,0.9697,0.9697,0.9848,0.9245,1.0,0.8596
0.27,0.0,0.9697,0.8317,0.8719,0.8068,0.9679,0.9685,0.9697,0.9697,0.9848,0.9245,1.0,0.8596
0.27,0.01,0.9167,0.7586,0.7495,0.85,0.9335,0.9584,0.9167,0.9167,0.9318,0.7429,0.6265,0.9123
0.27,0.02,0.9375,0.7713,0.7741,0.8332,0.9458,0.9599,0.9375,0.9375,0.9527,0.8031,0.7286,0.8947
0.27,0.03,0.9527,0.7953,0.8033,0.8357,0.9561,0.9638,0.9527,0.9527,0.9678,0.8571,0.8226,0.8947
0.27,0.04,0.9602,0.8116,0.8189,0.8369,0.9612,0.9651,0.9602,0.9602,0.9754,0.887,0.8793,0.8947
0.27,0.05,0.964,0.8225,0.8309,0.8375,0.964,0.9661,0.964,0.964,0.9792,0.9027,0.9107,0.8947
0.27,0.06,0.9697,0.8382,0.8601,0.8384,0.9689,0.9705,0.9697,0.9697,0.9848,0.9273,0.9623,0.8947
0.27,0.07,0.9678,0.8262,0.8535,0.8146,0.967,0.9681,0.9678,0.9678,0.983,0.9174,0.9615,0.8772
0.27,0.08,0.9697,0.8331,0.8634,0.8149,0.9685,0.9689,0.9697,0.9697,0.9848,0.9259,0.9804,0.8772
0.27,0.09,0.9716,0.837,0.8729,0.8152,0.97,0.9705,0.9716,0.9716,0.9867,0.9346,1.0,0.8772
0.27,0.1,0.9716,0.837,0.8729,0.8152,0.97,0.9705,0.9716,0.9716,0.9867,0.9346,1.0,0.8772
0.27,0.11,0.9716,0.837,0.8729,0.8152,0.97,0.9705,0.9716,0.9716,0.9867,0.9346,1.0,0.8772
0.27,0.12,0.9716,0.837,0.8729,0.8152,0.97,0.9705,0.9716,0.9716,0.9867,0.9346,1.0,0.8772
0.27,0.13,0.9716,0.837,0.8729,0.8152,0.97,0.9705,0.9716,0.9716,0.9867,0.9346,1.0,0.8772
0.27,0.14,0.9716,0.837,0.8729,0.8152,0.97,0.9705,0.9716,0.9716,0.9867,0.9346,1.0,0.8772
0.27,0.15,0.9716,0.837,0.8729,0.8152,0.97,0.9705,0.9716,0.9716,0.9867,0.9346,1.0,0.8772
0.27,0.16,0.9697,0.8317,0.8719,0.8068,0.9679,0.9685,0.9697,0.9697,0.9848,0.9245,1.0,0.8596
0.27,0.17,0.9697,0.8317,0.8719,0.8068,0.9679,0.9685,0.9697,0.9697,0.9848,0.9245,1.0,0.8596
0.27,0.18,0.9697,0.8317,0.8719,0.8068,0.9679,0.9685,0.9697,0.9697,0.9848,0.9245,1.0,0.8596
0.27,0.19,0.9697,0.8317,0.8719,0.8068,0.9679,0.9685,0.9697,0.9697,0.9848,0.9245,1.0,0.8596
0.27,0.2,0.9697,0.8317,0.8719,0.8068,0.9679,0.9685,0.9697,0.9697,0.9848,0.9245,1.0,0.8596
0.27,0.21,0.9697,0.8317,0.8719,0.8068,0.9679,0.9685,0.9697,0.9697,0.9848,0.9245,1.0,0.8596
0.27,0.22,0.9697,0.8317,0.8719,0.8068,0.9679,0.9685,0.9697,0.9697,0.9848,0.9245,1.0,0.8596
0.27,0.23,0.9697,0.8317,0.8719,0.8068,0.9679,0.9685,0.9697,0.9697,0.9848,0.9245,1.0,0.8596
0.27,0.24,0.9697,0.8317,0.8719,0.8068,0.9679,0.9685,0.9697,0.9697,0.9848,0.9245,1.0,0.8596
0.27,0.25,0.9697,0.8317,0.8719,0.8068,0.9679,0.9685,0.9697,0.9697,0.9848,0.9245,1.0,0.8596
0.27,0.26,0.9697,0.8317,0.8719,0.8068,0.9679,0.9685,0.9697,0.9697,0.9848,0.9245,1.0,0.8596
0.27,0.27,0.9697,0.8317,0.8719,0.8068,0.9679,0.9685,0.9697,0.9697,0.9848,0.9245,1.0,0.8596
0.28,0.0,0.9697,0.8317,0.8719,0.8068,0.9679,0.9685,0.9697,0.9697,0.9848,0.9245,1.0,0.8596
0.28,0.01,0.9167,0.7586,0.7495,0.85,0.9335,0.9584,0.9167,0.9167,0.9318,0.7429,0.6265,0.9123
0.28,0.02,0.9375,0.7713,0.7741,0.8332,0.9458,0.9599,0.9375,0.9375,0.9527,0.8031,0.7286,0.8947
0.28,0.03,0.9527,0.7953,0.8033,0.8357,0.9561,0.9638,0.9527,0.9527,0.9678,0.8571,0.8226,0.8947
0.28,0.04,0.9602,0.8116,0.8189,0.8369,0.9612,0.9651,0.9602,0.9602,0.9754,0.887,0.8793,0.8947
0.28,0.05,0.964,0.8225,0.8309,0.8375,0.964,0.9661,0.964,0.964,0.9792,0.9027,0.9107,0.8947
0.28,0.06,0.9697,0.8382,0.8601,0.8384,0.9689,0.9705,0.9697,0.9697,0.9848,0.9273,0.9623,0.8947
0.28,0.07,0.9678,0.8262,0.8535,0.8146,0.967,0.9681,0.9678,0.9678,0.983,0.9174,0.9615,0.8772
0.28,0.08,0.9697,0.8331,0.8634,0.8149,0.9685,0.9689,0.9697,0.9697,0.9848,0.9259,0.9804,0.8772
0.28,0.09,0.9716,0.837,0.8729,0.8152,0.97,0.9705,0.9716,0.9716,0.9867,0.9346,1.0,0.8772
0.28,0.1,0.9716,0.837,0.8729,0.8152,0.97,0.9705,0.9716,0.9716,0.9867,0.9346,1.0,0.8772
0.28,0.11,0.9716,0.837,0.8729,0.8152,0.97,0.9705,0.9716,0.9716,0.9867,0.9346,1.0,0.8772
0.28,0.12,0.9716,0.837,0.8729,0.8152,0.97,0.9705,0.9716,0.9716,0.9867,0.9346,1.0,0.8772
0.28,0.13,0.9716,0.837,0.8729,0.8152,0.97,0.9705,0.9716,0.9716,0.9867,0.9346,1.0,0.8772
0.28,0.14,0.9716,0.837,0.8729,0.8152,0.97,0.9705,0.9716,0.9716,0.9867,0.9346,1.0,0.8772
0.28,0.15,0.9716,0.837,0.8729,0.8152,0.97,0.9705,0.9716,0.9716,0.9867,0.9346,1.0,0.8772
0.28,0.16,0.9697,0.8317,0.8719,0.8068,0.9679,0.9685,0.9697,0.9697,0.9848,0.9245,1.0,0.8596
0.28,0.17,0.9697,0.8317,0.8719,0.8068,0.9679,0.9685,0.9697,0.9697,0.9848,0.9245,1.0,0.8596
0.28,0.18,0.9697,0.8317,0.8719,0.8068,0.9679,0.9685,0.9697,0.9697,0.9848,0.9245,1.0,0.8596
0.28,0.19,0.9697,0.8317,0.8719,0.8068,0.9679,0.9685,0.9697,0.9697,0.9848,0.9245,1.0,0.8596
0.28,0.2,0.9697,0.8317,0.8719,0.8068,0.9679,0.9685,0.9697,0.9697,0.9848,0.9245,1.0,0.8596
0.28,0.21,0.9697,0.8317,0.8719,0.8068,0.9679,0.9685,0.9697,0.9697,0.9848,0.9245,1.0,0.8596
0.28,0.22,0.9697,0.8317,0.8719,0.8068,0.9679,0.9685,0.9697,0.9697,0.9848,0.9245,1.0,0.8596
0.28,0.23,0.9697,0.8317,0.8719,0.8068,0.9679,0.9685,0.9697,0.9697,0.9848,0.9245,1.0,0.8596
0.28,0.24,0.9697,0.8317,0.8719,0.8068,0.9679,0.9685,0.9697,0.9697,0.9848,0.9245,1.0,0.8596
0.28,0.25,0.9697,0.8317,0.8719,0.8068,0.9679,0.9685,0.9697,0.9697,0.9848,0.9245,1.0,0.8596
0.28,0.26,0.9697,0.8317,0.8719,0.8068,0.9679,0.9685,0.9697,0.9697,0.9848,0.9245,1.0,0.8596
0.28,0.27,0.9697,0.8317,0.8719,0.8068,0.9679,0.9685,0.9697,0.9697,0.9848,0.9245,1.0,0.8596
0.28,0.28,0.9697,0.8317,0.8719,0.8068,0.9679,0.9685,0.9697,0.9697,0.9848,0.9245,1.0,0.8596
0.29,0.0,0.9697,0.8317,0.8719,0.8068,0.9679,0.9685,0.9697,0.9697,0.9848,0.9245,1.0,0.8596
0.29,0.01,0.9167,0.7586,0.7495,0.85,0.9335,0.9584,0.9167,0.9167,0.9318,0.7429,0.6265,0.9123
0.29,0.02,0.9375,0.7713,0.7741,0.8332,0.9458,0.9599,0.9375,0.9375,0.9527,0.8031,0.7286,0.8947
0.29,0.03,0.9527,0.7953,0.8033,0.8357,0.9561,0.9638,0.9527,0.9527,0.9678,0.8571,0.8226,0.8947
0.29,0.04,0.9602,0.8116,0.8189,0.8369,0.9612,0.9651,0.9602,0.9602,0.9754,0.887,0.8793,0.8947
0.29,0.05,0.964,0.8225,0.8309,0.8375,0.964,0.9661,0.964,0.964,0.9792,0.9027,0.9107,0.8947
0.29,0.06,0.9697,0.8382,0.8601,0.8384,0.9689,0.9705,0.9697,0.9697,0.9848,0.9273,0.9623,0.8947
0.29,0.07,0.9678,0.8262,0.8535,0.8146,0.967,0.9681,0.9678,0.9678,0.983,0.9174,0.9615,0.8772
0.29,0.08,0.9697,0.8331,0.8634,0.8149,0.9685,0.9689,0.9697,0.9697,0.9848,0.9259,0.9804,0.8772
0.29,0.09,0.9716,0.837,0.8729,0.8152,0.97,0.9705,0.9716,0.9716,0.9867,0.9346,1.0,0.8772
0.29,0.1,0.9716,0.837,0.8729,0.8152,0.97,0.9705,0.9716,0.9716,0.9867,0.9346,1.0,0.8772
0.29,0.11,0.9716,0.837,0.8729,0.8152,0.97,0.9705,0.9716,0.9716,0.9867,0.9346,1.0,0.8772
0.29,0.12,0.9716,0.837,0.8729,0.8152,0.97,0.9705,0.9716,0.9716,0.9867,0.9346,1.0,0.8772
0.29,0.13,0.9716,0.837,0.8729,0.8152,0.97,0.9705,0.9716,0.9716,0.9867,0.9346,1.0,0.8772
0.29,0.14,0.9716,0.837,0.8729,0.8152,0.97,0.9705,0.9716,0.9716,0.9867,0.9346,1.0,0.8772
0.29,0.15,0.9716,0.837,0.8729,0.8152,0.97,0.9705,0.9716,0.9716,0.9867,0.9346,1.0,0.8772
0.29,0.16,0.9697,0.8317,0.8719,0.8068,0.9679,0.9685,0.9697,0.9697,0.9848,0.9245,1.0,0.8596
0.29,0.17,0.9697,0.8317,0.8719,0.8068,0.9679,0.9685,0.9697,0.9697,0.9848,0.9245,1.0,0.8596
0.29,0.18,0.9697,0.8317,0.8719,0.8068,0.9679,0.9685,0.9697,0.9697,0.9848,0.9245,1.0,0.8596
0.29,0.19,0.9697,0.8317,0.8719,0.8068,0.9679,0.9685,0.9697,0.9697,0.9848,0.9245,1.0,0.8596
0.29,0.2,0.9697,0.8317,0.8719,0.8068,0.9679,0.9685,0.9697,0.9697,0.9848,0.9245,1.0,0.8596
0.29,0.21,0.9697,0.8317,0.8719,0.8068,0.9679,0.9685,0.9697,0.9697,0.9848,0.9245,1.0,0.8596
0.29,0.22,0.9697,0.8317,0.8719,0.8068,0.9679,0.9685,0.9697,0.9697,0.9848,0.9245,1.0,0.8596
0.29,0.23,0.9697,0.8317,0.8719,0.8068,0.9679,0.9685,0.9697,0.9697,0.9848,0.9245,1.0,0.8596
0.29,0.24,0.9697,0.8317,0.8719,0.8068,0.9679,0.9685,0.9697,0.9697,0.9848,0.9245,1.0,0.8596
0.29,0.25,0.9697,0.8317,0.8719,0.8068,0.9679,0.9685,0.9697,0.9697,0.9848,0.9245,1.0,0.8596
0.29,0.26,0.9697,0.8317,0.8719,0.8068,0.9679,0.9685,0.9697,0.9697,0.9848,0.9245,1.0,0.8596
0.29,0.27,0.9697,0.8317,0.8719,0.8068,0.9679,0.9685,0.9697,0.9697,0.9848,0.9245,1.0,0.8596
0.29,0.28,0.9697,0.8317,0.8719,0.8068,0.9679,0.9685,0.9697,0.9697,0.9848,0.9245,1.0,0.8596
0.29,0.29,0.9697,0.8317,0.8719,0.8068,0.9679,0.9685,0.9697,0.9697,0.9848,0.9245,1.0,0.8596
0.3,0.0,0.9697,0.8317,0.8719,0.8068,0.9679,0.9685,0.9697,0.9697,0.9848,0.9245,1.0,0.8596
0.3,0.01,0.9167,0.7586,0.7495,0.85,0.9335,0.9584,0.9167,0.9167,0.9318,0.7429,0.6265,0.9123
0.3,0.02,0.9375,0.7713,0.7741,0.8332,0.9458,0.9599,0.9375,0.9375,0.9527,0.8031,0.7286,0.8947
0.3,0.03,0.9527,0.7953,0.8033,0.8357,0.9561,0.9638,0.9527,0.9527,0.9678,0.8571,0.8226,0.8947
0.3,0.04,0.9602,0.8116,0.8189,0.8369,0.9612,0.9651,0.9602,0.9602,0.9754,0.887,0.8793,0.8947
0.3,0.05,0.964,0.8225,0.8309,0.8375,0.964,0.9661,0.964,0.964,0.9792,0.9027,0.9107,0.8947
0.3,0.06,0.9697,0.8382,0.8601,0.8384,0.9689,0.9705,0.9697,0.9697,0.9848,0.9273,0.9623,0.8947
0.3,0.07,0.9678,0.8262,0.8535,0.8146,0.967,0.9681,0.9678,0.9678,0.983,0.9174,0.9615,0.8772
0.3,0.08,0.9697,0.8331,0.8634,0.8149,0.9685,0.9689,0.9697,0.9697,0.9848,0.9259,0.9804,0.8772
0.3,0.09,0.9716,0.837,0.8729,0.8152,0.97,0.9705,0.9716,0.9716,0.9867,0.9346,1.0,0.8772
0.3,0.1,0.9716,0.837,0.8729,0.8152,0.97,0.9705,0.9716,0.9716,0.9867,0.9346,1.0,0.8772
0.3,0.11,0.9716,0.837,0.8729,0.8152,0.97,0.9705,0.9716,0.9716,0.9867,0.9346,1.0,0.8772
0.3,0.12,0.9716,0.837,0.8729,0.8152,0.97,0.9705,0.9716,0.9716,0.9867,0.9346,1.0,0.8772
0.3,0.13,0.9716,0.837,0.8729,0.8152,0.97,0.9705,0.9716,0.9716,0.9867,0.9346,1.0,0.8772
0.3,0.14,0.9716,0.837,0.8729,0.8152,0.97,0.9705,0.9716,0.9716,0.9867,0.9346,1.0,0.8772
0.3,0.15,0.9716,0.837,0.8729,0.8152,0.97,0.9705,0.9716,0.9716,0.9867,0.9346,1.0,0.8772
0.3,0.16,0.9697,0.8317,0.8719,0.8068,0.9679,0.9685,0.9697,0.9697,0.9848,0.9245,1.0,0.8596
0.3,0.17,0.9697,0.8317,0.8719,0.8068,0.9679,0.9685,0.9697,0.9697,0.9848,0.9245,1.0,0.8596
0.3,0.18,0.9697,0.8317,0.8719,0.8068,0.9679,0.9685,0.9697,0.9697,0.9848,0.9245,1.0,0.8596
0.3,0.19,0.9697,0.8317,0.8719,0.8068,0.9679,0.9685,0.9697,0.9697,0.9848,0.9245,1.0,0.8596
0.3,0.2,0.9697,0.8317,0.8719,0.8068,0.9679,0.9685,0.9697,0.9697,0.9848,0.9245,1.0,0.8596
0.3,0.21,0.9697,0.8317,0.8719,0.8068,0.9679,0.9685,0.9697,0.9697,0.9848,0.9245,1.0,0.8596
0.3,0.22,0.9697,0.8317,0.8719,0.8068,0.9679,0.9685,0.9697,0.9697,0.9848,0.9245,1.0,0.8596
0.3,0.23,0.9697,0.8317,0.8719,0.8068,0.9679,0.9685,0.9697,0.9697,0.9848,0.9245,1.0,0.8596
0.3,0.24,0.9697,0.8317,0.8719,0.8068,0.9679,0.9685,0.9697,0.9697,0.9848,0.9245,1.0,0.8596
0.3,0.25,0.9697,0.8317,0.8719,0.8068,0.9679,0.9685,0.9697,0.9697,0.9848,0.9245,1.0,0.8596
0.3,0.26,0.9697,0.8317,0.8719,0.8068,0.9679,0.9685,0.9697,0.9697,0.9848,0.9245,1.0,0.8596
0.3,0.27,0.9697,0.8317,0.8719,0.8068,0.9679,0.9685,0.9697,0.9697,0.9848,0.9245,1.0,0.8596
0.3,0.28,0.9697,0.8317,0.8719,0.8068,0.9679,0.9685,0.9697,0.9697,0.9848,0.9245,1.0,0.8596
0.3,0.29,0.9697,0.8317,0.8719,0.8068,0.9679,0.9685,0.9697,0.9697,0.9848,0.9245,1.0,0.8596
0.3,0.3,0.9697,0.8317,0.8719,0.8068,0.9679,0.9685,0.9697,0.9697,0.9848,0.9245,1.0,0.8596
0.31,0.0,0.9697,0.8317,0.8719,0.8068,0.9679,0.9685,0.9697,0.9697,0.9848,0.9245,1.0,0.8596
0.31,0.01,0.9167,0.7586,0.7495,0.85,0.9335,0.9584,0.9167,0.9167,0.9318,0.7429,0.6265,0.9123
0.31,0.02,0.9375,0.7713,0.7741,0.8332,0.9458,0.9599,0.9375,0.9375,0.9527,0.8031,0.7286,0.8947
0.31,0.03,0.9527,0.7953,0.8033,0.8357,0.9561,0.9638,0.9527,0.9527,0.9678,0.8571,0.8226,0.8947
0.31,0.04,0.9602,0.8116,0.8189,0.8369,0.9612,0.9651,0.9602,0.9602,0.9754,0.887,0.8793,0.8947
0.31,0.05,0.964,0.8225,0.8309,0.8375,0.964,0.9661,0.964,0.964,0.9792,0.9027,0.9107,0.8947
0.31,0.06,0.9697,0.8382,0.8601,0.8384,0.9689,0.9705,0.9697,0.9697,0.9848,0.9273,0.9623,0.8947
0.31,0.07,0.9678,0.8262,0.8535,0.8146,0.967,0.9681,0.9678,0.9678,0.983,0.9174,0.9615,0.8772
0.31,0.08,0.9697,0.8331,0.8634,0.8149,0.9685,0.9689,0.9697,0.9697,0.9848,0.9259,0.9804,0.8772
0.31,0.09,0.9716,0.837,0.8729,0.8152,0.97,0.9705,0.9716,0.9716,0.9867,0.9346,1.0,0.8772
0.31,0.1,0.9716,0.837,0.8729,0.8152,0.97,0.9705,0.9716,0.9716,0.9867,0.9346,1.0,0.8772
0.31,0.11,0.9716,0.837,0.8729,0.8152,0.97,0.9705,0.9716,0.9716,0.9867,0.9346,1.0,0.8772
0.31,0.12,0.9716,0.837,0.8729,0.8152,0.97,0.9705,0.9716,0.9716,0.9867,0.9346,1.0,0.8772
0.31,0.13,0.9716,0.837,0.8729,0.8152,0.97,0.9705,0.9716,0.9716,0.9867,0.9346,1.0,0.8772
0.31,0.14,0.9716,0.837,0.8729,0.8152,0.97,0.9705,0.9716,0.9716,0.9867,0.9346,1.0,0.8772
0.31,0.15,0.9716,0.837,0.8729,0.8152,0.97,0.9705,0.9716,0.9716,0.9867,0.9346,1.0,0.8772
0.31,0.16,0.9697,0.8317,0.8719,0.8068,0.9679,0.9685,0.9697,0.9697,0.9848,0.9245,1.0,0.8596
0.31,0.17,0.9697,0.8317,0.8719,0.8068,0.9679,0.9685,0.9697,0.9697,0.9848,0.9245,1.0,0.8596
0.31,0.18,0.9697,0.8317,0.8719,0.8068,0.9679,0.9685,0.9697,0.9697,0.9848,0.9245,1.0,0.8596
0.31,0.19,0.9697,0.8317,0.8719,0.8068,0.9679,0.9685,0.9697,0.9697,0.9848,0.9245,1.0,0.8596
0.31,0.2,0.9697,0.8317,0.8719,0.8068,0.9679,0.9685,0.9697,0.9697,0.9848,0.9245,1.0,0.8596
0.31,0.21,0.9697,0.8317,0.8719,0.8068,0.9679,0.9685,0.9697,0.9697,0.9848,0.9245,1.0,0.8596
0.31,0.22,0.9697,0.8317,0.8719,0.8068,0.9679,0.9685,0.9697,0.9697,0.9848,0.9245,1.0,0.8596
0.31,0.23,0.9697,0.8317,0.8719,0.8068,0.9679,0.9685,0.9697,0.9697,0.9848,0.9245,1.0,0.8596
0.31,0.24,0.9697,0.8317,0.8719,0.8068,0.9679,0.9685,0.9697,0.9697,0.9848,0.9245,1.0,0.8596
0.31,0.25,0.9697,0.8317,0.8719,0.8068,0.9679,0.9685,0.9697,0.9697,0.9848,0.9245,1.0,0.8596
0.31,0.26,0.9697,0.8317,0.8719,0.8068,0.9679,0.9685,0.9697,0.9697,0.9848,0.9245,1.0,0.8596
0.31,0.27,0.9697,0.8317,0.8719,0.8068,0.9679,0.9685,0.9697,0.9697,0.9848,0.9245,1.0,0.8596
0.31,0.28,0.9697,0.8317,0.8719,0.8068,0.9679,0.9685,0.9697,0.9697,0.9848,0.9245,1.0,0.8596
0.31,0.29,0.9697,0.8317,0.8719,0.8068,0.9679,0.9685,0.9697,0.9697,0.9848,0.9245,1.0,0.8596
0.31,0.3,0.9697,0.8317,0.8719,0.8068,0.9679,0.9685,0.9697,0.9697,0.9848,0.9245,1.0,0.8596
0.31,0.31,0.9697,0.8317,0.8719,0.8068,0.9679,0.9685,0.9697,0.9697,0.9848,0.9245,1.0,0.8596
0.32,0.0,0.9697,0.8317,0.8719,0.8068,0.9679,0.9685,0.9697,0.9697,0.9848,0.9245,1.0,0.8596
0.32,0.01,0.9167,0.7586,0.7495,0.85,0.9335,0.9584,0.9167,0.9167,0.9318,0.7429,0.6265,0.9123
0.32,0.02,0.9375,0.7713,0.7741,0.8332,0.9458,0.9599,0.9375,0.9375,0.9527,0.8031,0.7286,0.8947
0.32,0.03,0.9527,0.7953,0.8033,0.8357,0.9561,0.9638,0.9527,0.9527,0.9678,0.8571,0.8226,0.8947
0.32,0.04,0.9602,0.8116,0.8189,0.8369,0.9612,0.9651,0.9602,0.9602,0.9754,0.887,0.8793,0.8947
0.32,0.05,0.964,0.8225,0.8309,0.8375,0.964,0.9661,0.964,0.964,0.9792,0.9027,0.9107,0.8947
0.32,0.06,0.9697,0.8382,0.8601,0.8384,0.9689,0.9705,0.9697,0.9697,0.9848,0.9273,0.9623,0.8947
0.32,0.07,0.9678,0.8262,0.8535,0.8146,0.967,0.9681,0.9678,0.9678,0.983,0.9174,0.9615,0.8772
0.32,0.08,0.9697,0.8331,0.8634,0.8149,0.9685,0.9689,0.9697,0.9697,0.9848,0.9259,0.9804,0.8772
0.32,0.09,0.9716,0.837,0.8729,0.8152,0.97,0.9705,0.9716,0.9716,0.9867,0.9346,1.0,0.8772
0.32,0.1,0.9716,0.837,0.8729,0.8152,0.97,0.9705,0.9716,0.9716,0.9867,0.9346,1.0,0.8772
0.32,0.11,0.9716,0.837,0.8729,0.8152,0.97,0.9705,0.9716,0.9716,0.9867,0.9346,1.0,0.8772
0.32,0.12,0.9716,0.837,0.8729,0.8152,0.97,0.9705,0.9716,0.9716,0.9867,0.9346,1.0,0.8772
0.32,0.13,0.9716,0.837,0.8729,0.8152,0.97,0.9705,0.9716,0.9716,0.9867,0.9346,1.0,0.8772
0.32,0.14,0.9716,0.837,0.8729,0.8152,0.97,0.9705,0.9716,0.9716,0.9867,0.9346,1.0,0.8772
0.32,0.15,0.9716,0.837,0.8729,0.8152,0.97,0.9705,0.9716,0.9716,0.9867,0.9346,1.0,0.8772
0.32,0.16,0.9697,0.8317,0.8719,0.8068,0.9679,0.9685,0.9697,0.9697,0.9848,0.9245,1.0,0.8596
0.32,0.17,0.9697,0.8317,0.8719,0.8068,0.9679,0.9685,0.9697,0.9697,0.9848,0.9245,1.0,0.8596
0.32,0.18,0.9697,0.8317,0.8719,0.8068,0.9679,0.9685,0.9697,0.9697,0.9848,0.9245,1.0,0.8596
0.32,0.19,0.9697,0.8317,0.8719,0.8068,0.9679,0.9685,0.9697,0.9697,0.9848,0.9245,1.0,0.8596
0.32,0.2,0.9697,0.8317,0.8719,0.8068,0.9679,0.9685,0.9697,0.9697,0.9848,0.9245,1.0,0.8596
0.32,0.21,0.9697,0.8317,0.8719,0.8068,0.9679,0.9685,0.9697,0.9697,0.9848,0.9245,1.0,0.8596
0.32,0.22,0.9697,0.8317,0.8719,0.8068,0.9679,0.9685,0.9697,0.9697,0.9848,0.9245,1.0,0.8596
0.32,0.23,0.9697,0.8317,0.8719,0.8068,0.9679,0.9685,0.9697,0.9697,0.9848,0.9245,1.0,0.8596
0.32,0.24,0.9697,0.8317,0.8719,0.8068,0.9679,0.9685,0.9697,0.9697,0.9848,0.9245,1.0,0.8596
0.32,0.25,0.9697,0.8317,0.8719,0.8068,0.9679,0.9685,0.9697,0.9697,0.9848,0.9245,1.0,0.8596
0.32,0.26,0.9697,0.8317,0.8719,0.8068,0.9679,0.9685,0.9697,0.9697,0.9848,0.9245,1.0,0.8596
0.32,0.27,0.9697,0.8317,0.8719,0.8068,0.9679,0.9685,0.9697,0.9697,0.9848,0.9245,1.0,0.8596
0.32,0.28,0.9697,0.8317,0.8719,0.8068,0.9679,0.9685,0.9697,0.9697,0.9848,0.9245,1.0,0.8596
0.32,0.29,0.9697,0.8317,0.8719,0.8068,0.9679,0.9685,0.9697,0.9697,0.9848,0.9245,1.0,0.8596
0.32,0.3,0.9697,0.8317,0.8719,0.8068,0.9679,0.9685,0.9697,0.9697,0.9848,0.9245,1.0,0.8596
0.32,0.31,0.9697,0.8317,0.8719,0.8068,0.9679,0.9685,0.9697,0.9697,0.9848,0.9245,1.0,0.8596
0.32,0.32,0.9697,0.8317,0.8719,0.8068,0.9679,0.9685,0.9697,0.9697,0.9848,0.9245,1.0,0.8596
0.33,0.0,0.9697,0.8317,0.8719,0.8068,0.9679,0.9685,0.9697,0.9697,0.9848,0.9245,1.0,0.8596
0.33,0.01,0.9167,0.7586,0.7495,0.85,0.9335,0.9584,0.9167,0.9167,0.9318,0.7429,0.6265,0.9123
0.33,0.02,0.9375,0.7713,0.7741,0.8332,0.9458,0.9599,0.9375,0.9375,0.9527,0.8031,0.7286,0.8947
0.33,0.03,0.9527,0.7953,0.8033,0.8357,0.9561,0.9638,0.9527,0.9527,0.9678,0.8571,0.8226,0.8947
0.33,0.04,0.9602,0.8116,0.8189,0.8369,0.9612,0.9651,0.9602,0.9602,0.9754,0.887,0.8793,0.8947
0.33,0.05,0.964,0.8225,0.8309,0.8375,0.964,0.9661,0.964,0.964,0.9792,0.9027,0.9107,0.8947
0.33,0.06,0.9697,0.8382,0.8601,0.8384,0.9689,0.9705,0.9697,0.9697,0.9848,0.9273,0.9623,0.8947
0.33,0.07,0.9678,0.8262,0.8535,0.8146,0.967,0.9681,0.9678,0.9678,0.983,0.9174,0.9615,0.8772
0.33,0.08,0.9697,0.8331,0.8634,0.8149,0.9685,0.9689,0.9697,0.9697,0.9848,0.9259,0.9804,0.8772
0.33,0.09,0.9716,0.837,0.8729,0.8152,0.97,0.9705,0.9716,0.9716,0.9867,0.9346,1.0,0.8772
0.33,0.1,0.9716,0.837,0.8729,0.8152,0.97,0.9705,0.9716,0.9716,0.9867,0.9346,1.0,0.8772
0.33,0.11,0.9716,0.837,0.8729,0.8152,0.97,0.9705,0.9716,0.9716,0.9867,0.9346,1.0,0.8772
0.33,0.12,0.9716,0.837,0.8729,0.8152,0.97,0.9705,0.9716,0.9716,0.9867,0.9346,1.0,0.8772
0.33,0.13,0.9716,0.837,0.8729,0.8152,0.97,0.9705,0.9716,0.9716,0.9867,0.9346,1.0,0.8772
0.33,0.14,0.9716,0.837,0.8729,0.8152,0.97,0.9705,0.9716,0.9716,0.9867,0.9346,1.0,0.8772
0.33,0.15,0.9716,0.837,0.8729,0.8152,0.97,0.9705,0.9716,0.9716,0.9867,0.9346,1.0,0.8772
0.33,0.16,0.9697,0.8317,0.8719,0.8068,0.9679,0.9685,0.9697,0.9697,0.9848,0.9245,1.0,0.8596
0.33,0.17,0.9697,0.8317,0.8719,0.8068,0.9679,0.9685,0.9697,0.9697,0.9848,0.9245,1.0,0.8596
0.33,0.18,0.9697,0.8317,0.8719,0.8068,0.9679,0.9685,0.9697,0.9697,0.9848,0.9245,1.0,0.8596
0.33,0.19,0.9697,0.8317,0.8719,0.8068,0.9679,0.9685,0.9697,0.9697,0.9848,0.9245,1.0,0.8596
0.33,0.2,0.9697,0.8317,0.8719,0.8068,0.9679,0.9685,0.9697,0.9697,0.9848,0.9245,1.0,0.8596
0.33,0.21,0.9697,0.8317,0.8719,0.8068,0.9679,0.9685,0.9697,0.9697,0.9848,0.9245,1.0,0.8596
0.33,0.22,0.9697,0.8317,0.8719,0.8068,0.9679,0.9685,0.9697,0.9697,0.9848,0.9245,1.0,0.8596
0.33,0.23,0.9697,0.8317,0.8719,0.8068,0.9679,0.9685,0.9697,0.9697,0.9848,0.9245,1.0,0.8596
0.33,0.24,0.9697,0.8317,0.8719,0.8068,0.9679,0.9685,0.9697,0.9697,0.9848,0.9245,1.0,0.8596
0.33,0.25,0.9697,0.8317,0.8719,0.8068,0.9679,0.9685,0.9697,0.9697,0.9848,0.9245,1.0,0.8596
0.33,0.26,0.9697,0.8317,0.8719,0.8068,0.9679,0.9685,0.9697,0.9697,0.9848,0.9245,1.0,0.8596
0.33,0.27,0.9697,0.8317,0.8719,0.8068,0.9679,0.9685,0.9697,0.9697,0.9848,0.9245,1.0,0.8596
0.33,0.28,0.9697,0.8317,0.8719,0.8068,0.9679,0.9685,0.9697,0.9697,0.9848,0.9245,1.0,0.8596
0.33,0.29,0.9697,0.8317,0.8719,0.8068,0.9679,0.9685,0.9697,0.9697,0.9848,0.9245,1.0,0.8596
0.33,0.3,0.9697,0.8317,0.8719,0.8068,0.9679,0.9685,0.9697,0.9697,0.9848,0.9245,1.0,0.8596
0.33,0.31,0.9697,0.8317,0.8719,0.8068,0.9679,0.9685,0.9697,0.9697,0.9848,0.9245,1.0,0.8596
0.33,0.32,0.9697,0.8317,0.8719,0.8068,0.9679,0.9685,0.9697,0.9697,0.9848,0.9245,1.0,0.8596
0.33,0.33,0.9697,0.8317,0.8719,0.8068,0.9679,0.9685,0.9697,0.9697,0.9848,0.9245,1.0,0.8596
0.34,0.0,0.9697,0.8317,0.8719,0.8068,0.9679,0.9685,0.9697,0.9697,0.9848,0.9245,1.0,0.8596
0.34,0.01,0.9167,0.7586,0.7495,0.85,0.9335,0.9584,0.9167,0.9167,0.9318,0.7429,0.6265,0.9123
0.34,0.02,0.9375,0.7713,0.7741,0.8332,0.9458,0.9599,0.9375,0.9375,0.9527,0.8031,0.7286,0.8947
0.34,0.03,0.9527,0.7953,0.8033,0.8357,0.9561,0.9638,0.9527,0.9527,0.9678,0.8571,0.8226,0.8947
0.34,0.04,0.9602,0.8116,0.8189,0.8369,0.9612,0.9651,0.9602,0.9602,0.9754,0.887,0.8793,0.8947
0.34,0.05,0.964,0.8225,0.8309,0.8375,0.964,0.9661,0.964,0.964,0.9792,0.9027,0.9107,0.8947
0.34,0.06,0.9697,0.8382,0.8601,0.8384,0.9689,0.9705,0.9697,0.9697,0.9848,0.9273,0.9623,0.8947
0.34,0.07,0.9678,0.8262,0.8535,0.8146,0.967,0.9681,0.9678,0.9678,0.983,0.9174,0.9615,0.8772
0.34,0.08,0.9697,0.8331,0.8634,0.8149,0.9685,0.9689,0.9697,0.9697,0.9848,0.9259,0.9804,0.8772
0.34,0.09,0.9716,0.837,0.8729,0.8152,0.97,0.9705,0.9716,0.9716,0.9867,0.9346,1.0,0.8772
0.34,0.1,0.9716,0.837,0.8729,0.8152,0.97,0.9705,0.9716,0.9716,0.9867,0.9346,1.0,0.8772
0.34,0.11,0.9716,0.837,0.8729,0.8152,0.97,0.9705,0.9716,0.9716,0.9867,0.9346,1.0,0.8772
0.34,0.12,0.9716,0.837,0.8729,0.8152,0.97,0.9705,0.9716,0.9716,0.9867,0.9346,1.0,0.8772
0.34,0.13,0.9716,0.837,0.8729,0.8152,0.97,0.9705,0.9716,0.9716,0.9867,0.9346,1.0,0.8772
0.34,0.14,0.9716,0.837,0.8729,0.8152,0.97,0.9705,0.9716,0.9716,0.9867,0.9346,1.0,0.8772
0.34,0.15,0.9716,0.837,0.8729,0.8152,0.97,0.9705,0.9716,0.9716,0.9867,0.9346,1.0,0.8772
0.34,0.16,0.9697,0.8317,0.8719,0.8068,0.9679,0.9685,0.9697,0.9697,0.9848,0.9245,1.0,0.8596
0.34,0.17,0.9697,0.8317,0.8719,0.8068,0.9679,0.9685,0.9697,0.9697,0.9848,0.9245,1.0,0.8596
0.34,0.18,0.9697,0.8317,0.8719,0.8068,0.9679,0.9685,0.9697,0.9697,0.9848,0.9245,1.0,0.8596
0.34,0.19,0.9697,0.8317,0.8719,0.8068,0.9679,0.9685,0.9697,0.9697,0.9848,0.9245,1.0,0.8596
0.34,0.2,0.9697,0.8317,0.8719,0.8068,0.9679,0.9685,0.9697,0.9697,0.9848,0.9245,1.0,0.8596
0.34,0.21,0.9697,0.8317,0.8719,0.8068,0.9679,0.9685,0.9697,0.9697,0.9848,0.9245,1.0,0.8596
0.34,0.22,0.9697,0.8317,0.8719,0.8068,0.9679,0.9685,0.9697,0.9697,0.9848,0.9245,1.0,0.8596
0.34,0.23,0.9697,0.8317,0.8719,0.8068,0.9679,0.9685,0.9697,0.9697,0.9848,0.9245,1.0,0.8596
0.34,0.24,0.9697,0.8317,0.8719,0.8068,0.9679,0.9685,0.9697,0.9697,0.9848,0.9245,1.0,0.8596
0.34,0.25,0.9697,0.8317,0.8719,0.8068,0.9679,0.9685,0.9697,0.9697,0.9848,0.9245,1.0,0.8596
0.34,0.26,0.9697,0.8317,0.8719,0.8068,0.9679,0.9685,0.9697,0.9697,0.9848,0.9245,1.0,0.8596
0.34,0.27,0.9697,0.8317,0.8719,0.8068,0.9679,0.9685,0.9697,0.9697,0.9848,0.9245,1.0,0.8596
0.34,0.28,0.9697,0.8317,0.8719,0.8068,0.9679,0.9685,0.9697,0.9697,0.9848,0.9245,1.0,0.8596
0.34,0.29,0.9697,0.8317,0.8719,0.8068,0.9679,0.9685,0.9697,0.9697,0.9848,0.9245,1.0,0.8596
0.34,0.3,0.9697,0.8317,0.8719,0.8068,0.9679,0.9685,0.9697,0.9697,0.9848,0.9245,1.0,0.8596
0.34,0.31,0.9697,0.8317,0.8719,0.8068,0.9679,0.9685,0.9697,0.9697,0.9848,0.9245,1.0,0.8596
0.34,0.32,0.9697,0.8317,0.8719,0.8068,0.9679,0.9685,0.9697,0.9697,0.9848,0.9245,1.0,0.8596
0.34,0.33,0.9697,0.8317,0.8719,0.8068,0.9679,0.9685,0.9697,0.9697,0.9848,0.9245,1.0,0.8596
0.34,0.34,0.9697,0.8317,0.8719,0.8068,0.9679,0.9685,0.9697,0.9697,0.9848,0.9245,1.0,0.8596
0.35,0.0,0.9697,0.8317,0.8719,0.8068,0.9679,0.9685,0.9697,0.9697,0.9848,0.9245,1.0,0.8596
0.35,0.01,0.9167,0.7586,0.7495,0.85,0.9335,0.9584,0.9167,0.9167,0.9318,0.7429,0.6265,0.9123
0.35,0.02,0.9375,0.7713,0.7741,0.8332,0.9458,0.9599,0.9375,0.9375,0.9527,0.8031,0.7286,0.8947
0.35,0.03,0.9527,0.7953,0.8033,0.8357,0.9561,0.9638,0.9527,0.9527,0.9678,0.8571,0.8226,0.8947
0.35,0.04,0.9602,0.8116,0.8189,0.8369,0.9612,0.9651,0.9602,0.9602,0.9754,0.887,0.8793,0.8947
0.35,0.05,0.964,0.8225,0.8309,0.8375,0.964,0.9661,0.964,0.964,0.9792,0.9027,0.9107,0.8947
0.35,0.06,0.9697,0.8382,0.8601,0.8384,0.9689,0.9705,0.9697,0.9697,0.9848,0.9273,0.9623,0.8947
0.35,0.07,0.9678,0.8262,0.8535,0.8146,0.967,0.9681,0.9678,0.9678,0.983,0.9174,0.9615,0.8772
0.35,0.08,0.9697,0.8331,0.8634,0.8149,0.9685,0.9689,0.9697,0.9697,0.9848,0.9259,0.9804,0.8772
0.35,0.09,0.9716,0.837,0.8729,0.8152,0.97,0.9705,0.9716,0.9716,0.9867,0.9346,1.0,0.8772
0.35,0.1,0.9716,0.837,0.8729,0.8152,0.97,0.9705,0.9716,0.9716,0.9867,0.9346,1.0,0.8772
0.35,0.11,0.9716,0.837,0.8729,0.8152,0.97,0.9705,0.9716,0.9716,0.9867,0.9346,1.0,0.8772
0.35,0.12,0.9716,0.837,0.8729,0.8152,0.97,0.9705,0.9716,0.9716,0.9867,0.9346,1.0,0.8772
0.35,0.13,0.9716,0.837,0.8729,0.8152,0.97,0.9705,0.9716,0.9716,0.9867,0.9346,1.0,0.8772
0.35,0.14,0.9716,0.837,0.8729,0.8152,0.97,0.9705,0.9716,0.9716,0.9867,0.9346,1.0,0.8772
0.35,0.15,0.9716,0.837,0.8729,0.8152,0.97,0.9705,0.9716,0.9716,0.9867,0.9346,1.0,0.8772
0.35,0.16,0.9697,0.8317,0.8719,0.8068,0.9679,0.9685,0.9697,0.9697,0.9848,0.9245,1.0,0.8596
0.35,0.17,0.9697,0.8317,0.8719,0.8068,0.9679,0.9685,0.9697,0.9697,0.9848,0.9245,1.0,0.8596
0.35,0.18,0.9697,0.8317,0.8719,0.8068,0.9679,0.9685,0.9697,0.9697,0.9848,0.9245,1.0,0.8596
0.35,0.19,0.9697,0.8317,0.8719,0.8068,0.9679,0.9685,0.9697,0.9697,0.9848,0.9245,1.0,0.8596
0.35,0.2,0.9697,0.8317,0.8719,0.8068,0.9679,0.9685,0.9697,0.9697,0.9848,0.9245,1.0,0.8596
0.35,0.21,0.9697,0.8317,0.8719,0.8068,0.9679,0.9685,0.9697,0.9697,0.9848,0.9245,1.0,0.8596
0.35,0.22,0.9697,0.8317,0.8719,0.8068,0.9679,0.9685,0.9697,0.9697,0.9848,0.9245,1.0,0.8596
0.35,0.23,0.9697,0.8317,0.8719,0.8068,0.9679,0.9685,0.9697,0.9697,0.9848,0.9245,1.0,0.8596
0.35,0.24,0.9697,0.8317,0.8719,0.8068,0.9679,0.9685,0.9697,0.9697,0.9848,0.9245,1.0,0.8596
0.35,0.25,0.9697,0.8317,0.8719,0.8068,0.9679,0.9685,0.9697,0.9697,0.9848,0.9245,1.0,0.8596
0.35,0.26,0.9697,0.8317,0.8719,0.8068,0.9679,0.9685,0.9697,0.9697,0.9848,0.9245,1.0,0.8596
0.35,0.27,0.9697,0.8317,0.8719,0.8068,0.9679,0.9685,0.9697,0.9697,0.9848,0.9245,1.0,0.8596
0.35,0.28,0.9697,0.8317,0.8719,0.8068,0.9679,0.9685,0.9697,0.9697,0.9848,0.9245,1.0,0.8596
0.35,0.29,0.9697,0.8317,0.8719,0.8068,0.9679,0.9685,0.9697,0.9697,0.9848,0.9245,1.0,0.8596
0.35,0.3,0.9697,0.8317,0.8719,0.8068,0.9679,0.9685,0.9697,0.9697,0.9848,0.9245,1.0,0.8596
0.35,0.31,0.9697,0.8317,0.8719,0.8068,0.9679,0.9685,0.9697,0.9697,0.9848,0.9245,1.0,0.8596
0.35,0.32,0.9697,0.8317,0.8719,0.8068,0.9679,0.9685,0.9697,0.9697,0.9848,0.9245,1.0,0.8596
0.35,0.33,0.9697,0.8317,0.8719,0.8068,0.9679,0.9685,0.9697,0.9697,0.9848,0.9245,1.0,0.8596
0.35,0.34,0.9697,0.8317,0.8719,0.8068,0.9679,0.9685,0.9697,0.9697,0.9848,0.9245,1.0,0.8596
0.35,0.35,0.9697,0.8317,0.8719,0.8068,0.9679,0.9685,0.9697,0.9697,0.9848,0.9245,1.0,0.8596
0.36,0.0,0.9678,0.8174,0.864,0.783,0.9659,0.9661,0.9678,0.9678,0.983,0.9143,1.0,0.8421
0.36,0.01,0.9167,0.7586,0.7495,0.85,0.9335,0.9584,0.9167,0.9167,0.9318,0.7429,0.6265,0.9123
0.36,0.02,0.9375,0.7713,0.7741,0.8332,0.9458,0.9599,0.9375,0.9375,0.9527,0.8031,0.7286,0.8947
0.36,0.03,0.9527,0.7953,0.8033,0.8357,0.9561,0.9638,0.9527,0.9527,0.9678,0.8571,0.8226,0.8947
0.36,0.04,0.9602,0.8116,0.8189,0.8369,0.9612,0.9651,0.9602,0.9602,0.9754,0.887,0.8793,0.8947
0.36,0.05,0.964,0.8225,0.8309,0.8375,0.964,0.9661,0.964,0.964,0.9792,0.9027,0.9107,0.8947
0.36,0.06,0.9697,0.8382,0.8601,0.8384,0.9689,0.9705,0.9697,0.9697,0.9848,0.9273,0.9623,0.8947
0.36,0.07,0.9678,0.8262,0.8535,0.8146,0.967,0.9681,0.9678,0.9678,0.983,0.9174,0.9615,0.8772
0.36,0.08,0.9697,0.8331,0.8634,0.8149,0.9685,0.9689,0.9697,0.9697,0.9848,0.9259,0.9804,0.8772
0.36,0.09,0.9716,0.837,0.8729,0.8152,0.97,0.9705,0.9716,0.9716,0.9867,0.9346,1.0,0.8772
0.36,0.1,0.9716,0.837,0.8729,0.8152,0.97,0.9705,0.9716,0.9716,0.9867,0.9346,1.0,0.8772
0.36,0.11,0.9716,0.837,0.8729,0.8152,0.97,0.9705,0.9716,0.9716,0.9867,0.9346,1.0,0.8772
0.36,0.12,0.9716,0.837,0.8729,0.8152,0.97,0.9705,0.9716,0.9716,0.9867,0.9346,1.0,0.8772
0.36,0.13,0.9716,0.837,0.8729,0.8152,0.97,0.9705,0.9716,0.9716,0.9867,0.9346,1.0,0.8772
0.36,0.14,0.9716,0.837,0.8729,0.8152,0.97,0.9705,0.9716,0.9716,0.9867,0.9346,1.0,0.8772
0.36,0.15,0.9716,0.837,0.8729,0.8152,0.97,0.9705,0.9716,0.9716,0.9867,0.9346,1.0,0.8772
0.36,0.16,0.9697,0.8317,0.8719,0.8068,0.9679,0.9685,0.9697,0.9697,0.9848,0.9245,1.0,0.8596
0.36,0.17,0.9697,0.8317,0.8719,0.8068,0.9679,0.9685,0.9697,0.9697,0.9848,0.9245,1.0,0.8596
0.36,0.18,0.9697,0.8317,0.8719,0.8068,0.9679,0.9685,0.9697,0.9697,0.9848,0.9245,1.0,0.8596
0.36,0.19,0.9697,0.8317,0.8719,0.8068,0.9679,0.9685,0.9697,0.9697,0.9848,0.9245,1.0,0.8596
0.36,0.2,0.9697,0.8317,0.8719,0.8068,0.9679,0.9685,0.9697,0.9697,0.9848,0.9245,1.0,0.8596
0.36,0.21,0.9697,0.8317,0.8719,0.8068,0.9679,0.9685,0.9697,0.9697,0.9848,0.9245,1.0,0.8596
0.36,0.22,0.9697,0.8317,0.8719,0.8068,0.9679,0.9685,0.9697,0.9697,0.9848,0.9245,1.0,0.8596
0.36,0.23,0.9697,0.8317,0.8719,0.8068,0.9679,0.9685,0.9697,0.9697,0.9848,0.9245,1.0,0.8596
0.36,0.24,0.9697,0.8317,0.8719,0.8068,0.9679,0.9685,0.9697,0.9697,0.9848,0.9245,1.0,0.8596
0.36,0.25,0.9697,0.8317,0.8719,0.8068,0.9679,0.9685,0.9697,0.9697,0.9848,0.9245,1.0,0.8596
0.36,0.26,0.9697,0.8317,0.8719,0.8068,0.9679,0.9685,0.9697,0.9697,0.9848,0.9245,1.0,0.8596
0.36,0.27,0.9697,0.8317,0.8719,0.8068,0.9679,0.9685,0.9697,0.9697,0.9848,0.9245,1.0,0.8596
0.36,0.28,0.9697,0.8317,0.8719,0.8068,0.9679,0.9685,0.9697,0.9697,0.9848,0.9245,1.0,0.8596
0.36,0.29,0.9697,0.8317,0.8719,0.8068,0.9679,0.9685,0.9697,0.9697,0.9848,0.9245,1.0,0.8596
0.36,0.3,0.9697,0.8317,0.8719,0.8068,0.9679,0.9685,0.9697,0.9697,0.9848,0.9245,1.0,0.8596
0.36,0.31,0.9697,0.8317,0.8719,0.8068,0.9679,0.9685,0.9697,0.9697,0.9848,0.9245,1.0,0.8596
0.36,0.32,0.9697,0.8317,0.8719,0.8068,0.9679,0.9685,0.9697,0.9697,0.9848,0.9245,1.0,0.8596
0.36,0.33,0.9697,0.8317,0.8719,0.8068,0.9679,0.9685,0.9697,0.9697,0.9848,0.9245,1.0,0.8596
0.36,0.34,0.9697,0.8317,0.8719,0.8068,0.9679,0.9685,0.9697,0.9697,0.9848,0.9245,1.0,0.8596
0.36,0.35,0.9697,0.8317,0.8719,0.8068,0.9679,0.9685,0.9697,0.9697,0.9848,0.9245,1.0,0.8596
0.36,0.36,0.9678,0.8174,0.864,0.783,0.9659,0.9661,0.9678,0.9678,0.983,0.9143,1.0,0.8421
0.37,0.0,0.9678,0.8174,0.864,0.783,0.9659,0.9661,0.9678,0.9678,0.983,0.9143,1.0,0.8421
0.37,0.01,0.9167,0.7586,0.7495,0.85,0.9335,0.9584,0.9167,0.9167,0.9318,0.7429,0.6265,0.9123
0.37,0.02,0.9375,0.7713,0.7741,0.8332,0.9458,0.9599,0.9375,0.9375,0.9527,0.8031,0.7286,0.8947
0.37,0.03,0.9527,0.7953,0.8033,0.8357,0.9561,0.9638,0.9527,0.9527,0.9678,0.8571,0.8226,0.8947
0.37,0.04,0.9602,0.8116,0.8189,0.8369,0.9612,0.9651,0.9602,0.9602,0.9754,0.887,0.8793,0.8947
0.37,0.05,0.964,0.8225,0.8309,0.8375,0.964,0.9661,0.964,0.964,0.9792,0.9027,0.9107,0.8947
0.37,0.06,0.9697,0.8382,0.8601,0.8384,0.9689,0.9705,0.9697,0.9697,0.9848,0.9273,0.9623,0.8947
0.37,0.07,0.9678,0.8262,0.8535,0.8146,0.967,0.9681,0.9678,0.9678,0.983,0.9174,0.9615,0.8772
0.37,0.08,0.9697,0.8331,0.8634,0.8149,0.9685,0.9689,0.9697,0.9697,0.9848,0.9259,0.9804,0.8772
0.37,0.09,0.9716,0.837,0.8729,0.8152,0.97,0.9705,0.9716,0.9716,0.9867,0.9346,1.0,0.8772
0.37,0.1,0.9716,0.837,0.8729,0.8152,0.97,0.9705,0.9716,0.9716,0.9867,0.9346,1.0,0.8772
0.37,0.11,0.9716,0.837,0.8729,0.8152,0.97,0.9705,0.9716,0.9716,0.9867,0.9346,1.0,0.8772
0.37,0.12,0.9716,0.837,0.8729,0.8152,0.97,0.9705,0.9716,0.9716,0.9867,0.9346,1.0,0.8772
0.37,0.13,0.9716,0.837,0.8729,0.8152,0.97,0.9705,0.9716,0.9716,0.9867,0.9346,1.0,0.8772
0.37,0.14,0.9716,0.837,0.8729,0.8152,0.97,0.9705,0.9716,0.9716,0.9867,0.9346,1.0,0.8772
0.37,0.15,0.9716,0.837,0.8729,0.8152,0.97,0.9705,0.9716,0.9716,0.9867,0.9346,1.0,0.8772
0.37,0.16,0.9697,0.8317,0.8719,0.8068,0.9679,0.9685,0.9697,0.9697,0.9848,0.9245,1.0,0.8596
0.37,0.17,0.9697,0.8317,0.8719,0.8068,0.9679,0.9685,0.9697,0.9697,0.9848,0.9245,1.0,0.8596
0.37,0.18,0.9697,0.8317,0.8719,0.8068,0.9679,0.9685,0.9697,0.9697,0.9848,0.9245,1.0,0.8596
0.37,0.19,0.9697,0.8317,0.8719,0.8068,0.9679,0.9685,0.9697,0.9697,0.9848,0.9245,1.0,0.8596
0.37,0.2,0.9697,0.8317,0.8719,0.8068,0.9679,0.9685,0.9697,0.9697,0.9848,0.9245,1.0,0.8596
0.37,0.21,0.9697,0.8317,0.8719,0.8068,0.9679,0.9685,0.9697,0.9697,0.9848,0.9245,1.0,0.8596
0.37,0.22,0.9697,0.8317,0.8719,0.8068,0.9679,0.9685,0.9697,0.9697,0.9848,0.9245,1.0,0.8596
0.37,0.23,0.9697,0.8317,0.8719,0.8068,0.9679,0.9685,0.9697,0.9697,0.9848,0.9245,1.0,0.8596
0.37,0.24,0.9697,0.8317,0.8719,0.8068,0.9679,0.9685,0.9697,0.9697,0.9848,0.9245,1.0,0.8596
0.37,0.25,0.9697,0.8317,0.8719,0.8068,0.9679,0.9685,0.9697,0.9697,0.9848,0.9245,1.0,0.8596
0.37,0.26,0.9697,0.8317,0.8719,0.8068,0.9679,0.9685,0.9697,0.9697,0.9848,0.9245,1.0,0.8596
0.37,0.27,0.9697,0.8317,0.8719,0.8068,0.9679,0.9685,0.9697,0.9697,0.9848,0.9245,1.0,0.8596
0.37,0.28,0.9697,0.8317,0.8719,0.8068,0.9679,0.9685,0.9697,0.9697,0.9848,0.9245,1.0,0.8596
0.37,0.29,0.9697,0.8317,0.8719,0.8068,0.9679,0.9685,0.9697,0.9697,0.9848,0.9245,1.0,0.8596
0.37,0.3,0.9697,0.8317,0.8719,0.8068,0.9679,0.9685,0.9697,0.9697,0.9848,0.9245,1.0,0.8596
0.37,0.31,0.9697,0.8317,0.8719,0.8068,0.9679,0.9685,0.9697,0.9697,0.9848,0.9245,1.0,0.8596
0.37,0.32,0.9697,0.8317,0.8719,0.8068,0.9679,0.9685,0.9697,0.9697,0.9848,0.9245,1.0,0.8596
0.37,0.33,0.9697,0.8317,0.8719,0.8068,0.9679,0.9685,0.9697,0.9697,0.9848,0.9245,1.0,0.8596
0.37,0.34,0.9697,0.8317,0.8719,0.8068,0.9679,0.9685,0.9697,0.9697,0.9848,0.9245,1.0,0.8596
0.37,0.35,0.9697,0.8317,0.8719,0.8068,0.9679,0.9685,0.9697,0.9697,0.9848,0.9245,1.0,0.8596
0.37,0.36,0.9678,0.8174,0.864,0.783,0.9659,0.9661,0.9678,0.9678,0.983,0.9143,1.0,0.8421
0.37,0.37,0.9678,0.8174,0.864,0.783,0.9659,0.9661,0.9678,0.9678,0.983,0.9143,1.0,0.8421
0.38,0.0,0.9678,0.8174,0.864,0.783,0.9659,0.9661,0.9678,0.9678,0.983,0.9143,1.0,0.8421
0.38,0.01,0.9167,0.7586,0.7495,0.85,0.9335,0.9584,0.9167,0.9167,0.9318,0.7429,0.6265,0.9123
0.38,0.02,0.9375,0.7713,0.7741,0.8332,0.9458,0.9599,0.9375,0.9375,0.9527,0.8031,0.7286,0.8947
0.38,0.03,0.9527,0.7953,0.8033,0.8357,0.9561,0.9638,0.9527,0.9527,0.9678,0.8571,0.8226,0.8947
0.38,0.04,0.9602,0.8116,0.8189,0.8369,0.9612,0.9651,0.9602,0.9602,0.9754,0.887,0.8793,0.8947
0.38,0.05,0.964,0.8225,0.8309,0.8375,0.964,0.9661,0.964,0.964,0.9792,0.9027,0.9107,0.8947
0.38,0.06,0.9697,0.8382,0.8601,0.8384,0.9689,0.9705,0.9697,0.9697,0.9848,0.9273,0.9623,0.8947
0.38,0.07,0.9678,0.8262,0.8535,0.8146,0.967,0.9681,0.9678,0.9678,0.983,0.9174,0.9615,0.8772
0.38,0.08,0.9697,0.8331,0.8634,0.8149,0.9685,0.9689,0.9697,0.9697,0.9848,0.9259,0.9804,0.8772
0.38,0.09,0.9716,0.837,0.8729,0.8152,0.97,0.9705,0.9716,0.9716,0.9867,0.9346,1.0,0.8772
0.38,0.1,0.9716,0.837,0.8729,0.8152,0.97,0.9705,0.9716,0.9716,0.9867,0.9346,1.0,0.8772
0.38,0.11,0.9716,0.837,0.8729,0.8152,0.97,0.9705,0.9716,0.9716,0.9867,0.9346,1.0,0.8772
0.38,0.12,0.9716,0.837,0.8729,0.8152,0.97,0.9705,0.9716,0.9716,0.9867,0.9346,1.0,0.8772
0.38,0.13,0.9716,0.837,0.8729,0.8152,0.97,0.9705,0.9716,0.9716,0.9867,0.9346,1.0,0.8772
0.38,0.14,0.9716,0.837,0.8729,0.8152,0.97,0.9705,0.9716,0.9716,0.9867,0.9346,1.0,0.8772
0.38,0.15,0.9716,0.837,0.8729,0.8152,0.97,0.9705,0.9716,0.9716,0.9867,0.9346,1.0,0.8772
0.38,0.16,0.9697,0.8317,0.8719,0.8068,0.9679,0.9685,0.9697,0.9697,0.9848,0.9245,1.0,0.8596
0.38,0.17,0.9697,0.8317,0.8719,0.8068,0.9679,0.9685,0.9697,0.9697,0.9848,0.9245,1.0,0.8596
0.38,0.18,0.9697,0.8317,0.8719,0.8068,0.9679,0.9685,0.9697,0.9697,0.9848,0.9245,1.0,0.8596
0.38,0.19,0.9697,0.8317,0.8719,0.8068,0.9679,0.9685,0.9697,0.9697,0.9848,0.9245,1.0,0.8596
0.38,0.2,0.9697,0.8317,0.8719,0.8068,0.9679,0.9685,0.9697,0.9697,0.9848,0.9245,1.0,0.8596
0.38,0.21,0.9697,0.8317,0.8719,0.8068,0.9679,0.9685,0.9697,0.9697,0.9848,0.9245,1.0,0.8596
0.38,0.22,0.9697,0.8317,0.8719,0.8068,0.9679,0.9685,0.9697,0.9697,0.9848,0.9245,1.0,0.8596
0.38,0.23,0.9697,0.8317,0.8719,0.8068,0.9679,0.9685,0.9697,0.9697,0.9848,0.9245,1.0,0.8596
0.38,0.24,0.9697,0.8317,0.8719,0.8068,0.9679,0.9685,0.9697,0.9697,0.9848,0.9245,1.0,0.8596
0.38,0.25,0.9697,0.8317,0.8719,0.8068,0.9679,0.9685,0.9697,0.9697,0.9848,0.9245,1.0,0.8596
0.38,0.26,0.9697,0.8317,0.8719,0.8068,0.9679,0.9685,0.9697,0.9697,0.9848,0.9245,1.0,0.8596
0.38,0.27,0.9697,0.8317,0.8719,0.8068,0.9679,0.9685,0.9697,0.9697,0.9848,0.9245,1.0,0.8596
0.38,0.28,0.9697,0.8317,0.8719,0.8068,0.9679,0.9685,0.9697,0.9697,0.9848,0.9245,1.0,0.8596
0.38,0.29,0.9697,0.8317,0.8719,0.8068,0.9679,0.9685,0.9697,0.9697,0.9848,0.9245,1.0,0.8596
0.38,0.3,0.9697,0.8317,0.8719,0.8068,0.9679,0.9685,0.9697,0.9697,0.9848,0.9245,1.0,0.8596
0.38,0.31,0.9697,0.8317,0.8719,0.8068,0.9679,0.9685,0.9697,0.9697,0.9848,0.9245,1.0,0.8596
0.38,0.32,0.9697,0.8317,0.8719,0.8068,0.9679,0.9685,0.9697,0.9697,0.9848,0.9245,1.0,0.8596
0.38,0.33,0.9697,0.8317,0.8719,0.8068,0.9679,0.9685,0.9697,0.9697,0.9848,0.9245,1.0,0.8596
0.38,0.34,0.9697,0.8317,0.8719,0.8068,0.9679,0.9685,0.9697,0.9697,0.9848,0.9245,1.0,0.8596
0.38,0.35,0.9697,0.8317,0.8719,0.8068,0.9679,0.9685,0.9697,0.9697,0.9848,0.9245,1.0,0.8596
0.38,0.36,0.9678,0.8174,0.864,0.783,0.9659,0.9661,0.9678,0.9678,0.983,0.9143,1.0,0.8421
0.38,0.37,0.9678,0.8174,0.864,0.783,0.9659,0.9661,0.9678,0.9678,0.983,0.9143,1.0,0.8421
0.38,0.38,0.9678,0.8174,0.864,0.783,0.9659,0.9661,0.9678,0.9678,0.983,0.9143,1.0,0.8421
0.39,0.0,0.9659,0.7696,0.8637,0.7115,0.9637,0.9642,0.9659,0.9659,0.9811,0.9038,1.0,0.8246
0.39,0.01,0.9167,0.7586,0.7495,0.85,0.9335,0.9584,0.9167,0.9167,0.9318,0.7429,0.6265,0.9123
0.39,0.02,0.9375,0.7713,0.7741,0.8332,0.9458,0.9599,0.9375,0.9375,0.9527,0.8031,0.7286,0.8947
0.39,0.03,0.9527,0.7953,0.8033,0.8357,0.9561,0.9638,0.9527,0.9527,0.9678,0.8571,0.8226,0.8947
0.39,0.04,0.9602,0.8116,0.8189,0.8369,0.9612,0.9651,0.9602,0.9602,0.9754,0.887,0.8793,0.8947
0.39,0.05,0.964,0.8225,0.8309,0.8375,0.964,0.9661,0.964,0.964,0.9792,0.9027,0.9107,0.8947
0.39,0.06,0.9697,0.8382,0.8601,0.8384,0.9689,0.9705,0.9697,0.9697,0.9848,0.9273,0.9623,0.8947
0.39,0.07,0.9678,0.8262,0.8535,0.8146,0.967,0.9681,0.9678,0.9678,0.983,0.9174,0.9615,0.8772
0.39,0.08,0.9697,0.8331,0.8634,0.8149,0.9685,0.9689,0.9697,0.9697,0.9848,0.9259,0.9804,0.8772
0.39,0.09,0.9716,0.837,0.8729,0.8152,0.97,0.9705,0.9716,0.9716,0.9867,0.9346,1.0,0.8772
0.39,0.1,0.9716,0.837,0.8729,0.8152,0.97,0.9705,0.9716,0.9716,0.9867,0.9346,1.0,0.8772
0.39,0.11,0.9716,0.837,0.8729,0.8152,0.97,0.9705,0.9716,0.9716,0.9867,0.9346,1.0,0.8772
0.39,0.12,0.9716,0.837,0.8729,0.8152,0.97,0.9705,0.9716,0.9716,0.9867,0.9346,1.0,0.8772
0.39,0.13,0.9716,0.837,0.8729,0.8152,0.97,0.9705,0.9716,0.9716,0.9867,0.9346,1.0,0.8772
0.39,0.14,0.9716,0.837,0.8729,0.8152,0.97,0.9705,0.9716,0.9716,0.9867,0.9346,1.0,0.8772
0.39,0.15,0.9716,0.837,0.8729,0.8152,0.97,0.9705,0.9716,0.9716,0.9867,0.9346,1.0,0.8772
0.39,0.16,0.9697,0.8317,0.8719,0.8068,0.9679,0.9685,0.9697,0.9697,0.9848,0.9245,1.0,0.8596
0.39,0.17,0.9697,0.8317,0.8719,0.8068,0.9679,0.9685,0.9697,0.9697,0.9848,0.9245,1.0,0.8596
0.39,0.18,0.9697,0.8317,0.8719,0.8068,0.9679,0.9685,0.9697,0.9697,0.9848,0.9245,1.0,0.8596
0.39,0.19,0.9697,0.8317,0.8719,0.8068,0.9679,0.9685,0.9697,0.9697,0.9848,0.9245,1.0,0.8596
0.39,0.2,0.9697,0.8317,0.8719,0.8068,0.9679,0.9685,0.9697,0.9697,0.9848,0.9245,1.0,0.8596
0.39,0.21,0.9697,0.8317,0.8719,0.8068,0.9679,0.9685,0.9697,0.9697,0.9848,0.9245,1.0,0.8596
0.39,0.22,0.9697,0.8317,0.8719,0.8068,0.9679,0.9685,0.9697,0.9697,0.9848,0.9245,1.0,0.8596
0.39,0.23,0.9697,0.8317,0.8719,0.8068,0.9679,0.9685,0.9697,0.9697,0.9848,0.9245,1.0,0.8596
0.39,0.24,0.9697,0.8317,0.8719,0.8068,0.9679,0.9685,0.9697,0.9697,0.9848,0.9245,1.0,0.8596
0.39,0.25,0.9697,0.8317,0.8719,0.8068,0.9679,0.9685,0.9697,0.9697,0.9848,0.9245,1.0,0.8596
0.39,0.26,0.9697,0.8317,0.8719,0.8068,0.9679,0.9685,0.9697,0.9697,0.9848,0.9245,1.0,0.8596
0.39,0.27,0.9697,0.8317,0.8719,0.8068,0.9679,0.9685,0.9697,0.9697,0.9848,0.9245,1.0,0.8596
0.39,0.28,0.9697,0.8317,0.8719,0.8068,0.9679,0.9685,0.9697,0.9697,0.9848,0.9245,1.0,0.8596
0.39,0.29,0.9697,0.8317,0.8719,0.8068,0.9679,0.9685,0.9697,0.9697,0.9848,0.9245,1.0,0.8596
0.39,0.3,0.9697,0.8317,0.8719,0.8068,0.9679,0.9685,0.9697,0.9697,0.9848,0.9245,1.0,0.8596
0.39,0.31,0.9697,0.8317,0.8719,0.8068,0.9679,0.9685,0.9697,0.9697,0.9848,0.9245,1.0,0.8596
0.39,0.32,0.9697,0.8317,0.8719,0.8068,0.9679,0.9685,0.9697,0.9697,0.9848,0.9245,1.0,0.8596
0.39,0.33,0.9697,0.8317,0.8719,0.8068,0.9679,0.9685,0.9697,0.9697,0.9848,0.9245,1.0,0.8596
0.39,0.34,0.9697,0.8317,0.8719,0.8068,0.9679,0.9685,0.9697,0.9697,0.9848,0.9245,1.0,0.8596
0.39,0.35,0.9697,0.8317,0.8719,0.8068,0.9679,0.9685,0.9697,0.9697,0.9848,0.9245,1.0,0.8596
0.39,0.36,0.9678,0.8174,0.864,0.783,0.9659,0.9661,0.9678,0.9678,0.983,0.9143,1.0,0.8421
0.39,0.37,0.9678,0.8174,0.864,0.783,0.9659,0.9661,0.9678,0.9678,0.983,0.9143,1.0,0.8421
0.39,0.38,0.9678,0.8174,0.864,0.783,0.9659,0.9661,0.9678,0.9678,0.983,0.9143,1.0,0.8421
0.39,0.39,0.9659,0.7696,0.8637,0.7115,0.9637,0.9642,0.9659,0.9659,0.9811,0.9038,1.0,0.8246
0.4,0.0,0.9659,0.7696,0.8637,0.7115,0.9637,0.9642,0.9659,0.9659,0.9811,0.9038,1.0,0.8246
0.4,0.01,0.9167,0.7586,0.7495,0.85,0.9335,0.9584,0.9167,0.9167,0.9318,0.7429,0.6265,0.9123
0.4,0.02,0.9375,0.7713,0.7741,0.8332,0.9458,0.9599,0.9375,0.9375,0.9527,0.8031,0.7286,0.8947
0.4,0.03,0.9527,0.7953,0.8033,0.8357,0.9561,0.9638,0.9527,0.9527,0.9678,0.8571,0.8226,0.8947
0.4,0.04,0.9602,0.8116,0.8189,0.8369,0.9612,0.9651,0.9602,0.9602,0.9754,0.887,0.8793,0.8947
0.4,0.05,0.964,0.8225,0.8309,0.8375,0.964,0.9661,0.964,0.964,0.9792,0.9027,0.9107,0.8947
0.4,0.06,0.9697,0.8382,0.8601,0.8384,0.9689,0.9705,0.9697,0.9697,0.9848,0.9273,0.9623,0.8947
0.4,0.07,0.9678,0.8262,0.8535,0.8146,0.967,0.9681,0.9678,0.9678,0.983,0.9174,0.9615,0.8772
0.4,0.08,0.9697,0.8331,0.8634,0.8149,0.9685,0.9689,0.9697,0.9697,0.9848,0.9259,0.9804,0.8772
0.4,0.09,0.9716,0.837,0.8729,0.8152,0.97,0.9705,0.9716,0.9716,0.9867,0.9346,1.0,0.8772
0.4,0.1,0.9716,0.837,0.8729,0.8152,0.97,0.9705,0.9716,0.9716,0.9867,0.9346,1.0,0.8772
0.4,0.11,0.9716,0.837,0.8729,0.8152,0.97,0.9705,0.9716,0.9716,0.9867,0.9346,1.0,0.8772
0.4,0.12,0.9716,0.837,0.8729,0.8152,0.97,0.9705,0.9716,0.9716,0.9867,0.9346,1.0,0.8772
0.4,0.13,0.9716,0.837,0.8729,0.8152,0.97,0.9705,0.9716,0.9716,0.9867,0.9346,1.0,0.8772
0.4,0.14,0.9716,0.837,0.8729,0.8152,0.97,0.9705,0.9716,0.9716,0.9867,0.9346,1.0,0.8772
0.4,0.15,0.9716,0.837,0.8729,0.8152,0.97,0.9705,0.9716,0.9716,0.9867,0.9346,1.0,0.8772
0.4,0.16,0.9697,0.8317,0.8719,0.8068,0.9679,0.9685,0.9697,0.9697,0.9848,0.9245,1.0,0.8596
0.4,0.17,0.9697,0.8317,0.8719,0.8068,0.9679,0.9685,0.9697,0.9697,0.9848,0.9245,1.0,0.8596
0.4,0.18,0.9697,0.8317,0.8719,0.8068,0.9679,0.9685,0.9697,0.9697,0.9848,0.9245,1.0,0.8596
0.4,0.19,0.9697,0.8317,0.8719,0.8068,0.9679,0.9685,0.9697,0.9697,0.9848,0.9245,1.0,0.8596
0.4,0.2,0.9697,0.8317,0.8719,0.8068,0.9679,0.9685,0.9697,0.9697,0.9848,0.9245,1.0,0.8596
0.4,0.21,0.9697,0.8317,0.8719,0.8068,0.9679,0.9685,0.9697,0.9697,0.9848,0.9245,1.0,0.8596
0.4,0.22,0.9697,0.8317,0.8719,0.8068,0.9679,0.9685,0.9697,0.9697,0.9848,0.9245,1.0,0.8596
0.4,0.23,0.9697,0.8317,0.8719,0.8068,0.9679,0.9685,0.9697,0.9697,0.9848,0.9245,1.0,0.8596
0.4,0.24,0.9697,0.8317,0.8719,0.8068,0.9679,0.9685,0.9697,0.9697,0.9848,0.9245,1.0,0.8596
0.4,0.25,0.9697,0.8317,0.8719,0.8068,0.9679,0.9685,0.9697,0.9697,0.9848,0.9245,1.0,0.8596
0.4,0.26,0.9697,0.8317,0.8719,0.8068,0.9679,0.9685,0.9697,0.9697,0.9848,0.9245,1.0,0.8596
0.4,0.27,0.9697,0.8317,0.8719,0.8068,0.9679,0.9685,0.9697,0.9697,0.9848,0.9245,1.0,0.8596
0.4,0.28,0.9697,0.8317,0.8719,0.8068,0.9679,0.9685,0.9697,0.9697,0.9848,0.9245,1.0,0.8596
0.4,0.29,0.9697,0.8317,0.8719,0.8068,0.9679,0.9685,0.9697,0.9697,0.9848,0.9245,1.0,0.8596
0.4,0.3,0.9697,0.8317,0.8719,0.8068,0.9679,0.9685,0.9697,0.9697,0.9848,0.9245,1.0,0.8596
0.4,0.31,0.9697,0.8317,0.8719,0.8068,0.9679,0.9685,0.9697,0.9697,0.9848,0.9245,1.0,0.8596
0.4,0.32,0.9697,0.8317,0.8719,0.8068,0.9679,0.9685,0.9697,0.9697,0.9848,0.9245,1.0,0.8596
0.4,0.33,0.9697,0.8317,0.8719,0.8068,0.9679,0.9685,0.9697,0.9697,0.9848,0.9245,1.0,0.8596
0.4,0.34,0.9697,0.8317,0.8719,0.8068,0.9679,0.9685,0.9697,0.9697,0.9848,0.9245,1.0,0.8596
0.4,0.35,0.9697,0.8317,0.8719,0.8068,0.9679,0.9685,0.9697,0.9697,0.9848,0.9245,1.0,0.8596
0.4,0.36,0.9678,0.8174,0.864,0.783,0.9659,0.9661,0.9678,0.9678,0.983,0.9143,1.0,0.8421
0.4,0.37,0.9678,0.8174,0.864,0.783,0.9659,0.9661,0.9678,0.9678,0.983,0.9143,1.0,0.8421
0.4,0.38,0.9678,0.8174,0.864,0.783,0.9659,0.9661,0.9678,0.9678,0.983,0.9143,1.0,0.8421
0.4,0.39,0.9659,0.7696,0.8637,0.7115,0.9637,0.9642,0.9659,0.9659,0.9811,0.9038,1.0,0.8246
0.4,0.4,0.9659,0.7696,0.8637,0.7115,0.9637,0.9642,0.9659,0.9659,0.9811,0.9038,1.0,0.8246
0.41,0.0,0.9659,0.7696,0.8637,0.7115,0.9637,0.9642,0.9659,0.9659,0.9811,0.9038,1.0,0.8246
0.41,0.01,0.9167,0.7586,0.7495,0.85,0.9335,0.9584,0.9167,0.9167,0.9318,0.7429,0.6265,0.9123
0.41,0.02,0.9375,0.7713,0.7741,0.8332,0.9458,0.9599,0.9375,0.9375,0.9527,0.8031,0.7286,0.8947
0.41,0.03,0.9527,0.7953,0.8033,0.8357,0.9561,0.9638,0.9527,0.9527,0.9678,0.8571,0.8226,0.8947
0.41,0.04,0.9602,0.8116,0.8189,0.8369,0.9612,0.9651,0.9602,0.9602,0.9754,0.887,0.8793,0.8947
0.41,0.05,0.964,0.8225,0.8309,0.8375,0.964,0.9661,0.964,0.964,0.9792,0.9027,0.9107,0.8947
0.41,0.06,0.9697,0.8382,0.8601,0.8384,0.9689,0.9705,0.9697,0.9697,0.9848,0.9273,0.9623,0.8947
0.41,0.07,0.9678,0.8262,0.8535,0.8146,0.967,0.9681,0.9678,0.9678,0.983,0.9174,0.9615,0.8772
0.41,0.08,0.9697,0.8331,0.8634,0.8149,0.9685,0.9689,0.9697,0.9697,0.9848,0.9259,0.9804,0.8772
0.41,0.09,0.9716,0.837,0.8729,0.8152,0.97,0.9705,0.9716,0.9716,0.9867,0.9346,1.0,0.8772
0.41,0.1,0.9716,0.837,0.8729,0.8152,0.97,0.9705,0.9716,0.9716,0.9867,0.9346,1.0,0.8772
0.41,0.11,0.9716,0.837,0.8729,0.8152,0.97,0.9705,0.9716,0.9716,0.9867,0.9346,1.0,0.8772
0.41,0.12,0.9716,0.837,0.8729,0.8152,0.97,0.9705,0.9716,0.9716,0.9867,0.9346,1.0,0.8772
0.41,0.13,0.9716,0.837,0.8729,0.8152,0.97,0.9705,0.9716,0.9716,0.9867,0.9346,1.0,0.8772
0.41,0.14,0.9716,0.837,0.8729,0.8152,0.97,0.9705,0.9716,0.9716,0.9867,0.9346,1.0,0.8772
0.41,0.15,0.9716,0.837,0.8729,0.8152,0.97,0.9705,0.9716,0.9716,0.9867,0.9346,1.0,0.8772
0.41,0.16,0.9697,0.8317,0.8719,0.8068,0.9679,0.9685,0.9697,0.9697,0.9848,0.9245,1.0,0.8596
0.41,0.17,0.9697,0.8317,0.8719,0.8068,0.9679,0.9685,0.9697,0.9697,0.9848,0.9245,1.0,0.8596
0.41,0.18,0.9697,0.8317,0.8719,0.8068,0.9679,0.9685,0.9697,0.9697,0.9848,0.9245,1.0,0.8596
0.41,0.19,0.9697,0.8317,0.8719,0.8068,0.9679,0.9685,0.9697,0.9697,0.9848,0.9245,1.0,0.8596
0.41,0.2,0.9697,0.8317,0.8719,0.8068,0.9679,0.9685,0.9697,0.9697,0.9848,0.9245,1.0,0.8596
0.41,0.21,0.9697,0.8317,0.8719,0.8068,0.9679,0.9685,0.9697,0.9697,0.9848,0.9245,1.0,0.8596
0.41,0.22,0.9697,0.8317,0.8719,0.8068,0.9679,0.9685,0.9697,0.9697,0.9848,0.9245,1.0,0.8596
0.41,0.23,0.9697,0.8317,0.8719,0.8068,0.9679,0.9685,0.9697,0.9697,0.9848,0.9245,1.0,0.8596
0.41,0.24,0.9697,0.8317,0.8719,0.8068,0.9679,0.9685,0.9697,0.9697,0.9848,0.9245,1.0,0.8596
0.41,0.25,0.9697,0.8317,0.8719,0.8068,0.9679,0.9685,0.9697,0.9697,0.9848,0.9245,1.0,0.8596
0.41,0.26,0.9697,0.8317,0.8719,0.8068,0.9679,0.9685,0.9697,0.9697,0.9848,0.9245,1.0,0.8596
0.41,0.27,0.9697,0.8317,0.8719,0.8068,0.9679,0.9685,0.9697,0.9697,0.9848,0.9245,1.0,0.8596
0.41,0.28,0.9697,0.8317,0.8719,0.8068,0.9679,0.9685,0.9697,0.9697,0.9848,0.9245,1.0,0.8596
0.41,0.29,0.9697,0.8317,0.8719,0.8068,0.9679,0.9685,0.9697,0.9697,0.9848,0.9245,1.0,0.8596
0.41,0.3,0.9697,0.8317,0.8719,0.8068,0.9679,0.9685,0.9697,0.9697,0.9848,0.9245,1.0,0.8596
0.41,0.31,0.9697,0.8317,0.8719,0.8068,0.9679,0.9685,0.9697,0.9697,0.9848,0.9245,1.0,0.8596
0.41,0.32,0.9697,0.8317,0.8719,0.8068,0.9679,0.9685,0.9697,0.9697,0.9848,0.9245,1.0,0.8596
0.41,0.33,0.9697,0.8317,0.8719,0.8068,0.9679,0.9685,0.9697,0.9697,0.9848,0.9245,1.0,0.8596
0.41,0.34,0.9697,0.8317,0.8719,0.8068,0.9679,0.9685,0.9697,0.9697,0.9848,0.9245,1.0,0.8596
0.41,0.35,0.9697,0.8317,0.8719,0.8068,0.9679,0.9685,0.9697,0.9697,0.9848,0.9245,1.0,0.8596
0.41,0.36,0.9678,0.8174,0.864,0.783,0.9659,0.9661,0.9678,0.9678,0.983,0.9143,1.0,0.8421
0.41,0.37,0.9678,0.8174,0.864,0.783,0.9659,0.9661,0.9678,0.9678,0.983,0.9143,1.0,0.8421
0.41,0.38,0.9678,0.8174,0.864,0.783,0.9659,0.9661,0.9678,0.9678,0.983,0.9143,1.0,0.8421
0.41,0.39,0.9659,0.7696,0.8637,0.7115,0.9637,0.9642,0.9659,0.9659,0.9811,0.9038,1.0,0.8246
0.41,0.4,0.9659,0.7696,0.8637,0.7115,0.9637,0.9642,0.9659,0.9659,0.9811,0.9038,1.0,0.8246
0.41,0.41,0.9659,0.7696,0.8637,0.7115,0.9637,0.9642,0.9659,0.9659,0.9811,0.9038,1.0,0.8246
0.42,0.0,0.9659,0.7696,0.8637,0.7115,0.9637,0.9642,0.9659,0.9659,0.9811,0.9038,1.0,0.8246
0.42,0.01,0.9167,0.7586,0.7495,0.85,0.9335,0.9584,0.9167,0.9167,0.9318,0.7429,0.6265,0.9123
0.42,0.02,0.9375,0.7713,0.7741,0.8332,0.9458,0.9599,0.9375,0.9375,0.9527,0.8031,0.7286,0.8947
0.42,0.03,0.9527,0.7953,0.8033,0.8357,0.9561,0.9638,0.9527,0.9527,0.9678,0.8571,0.8226,0.8947
0.42,0.04,0.9602,0.8116,0.8189,0.8369,0.9612,0.9651,0.9602,0.9602,0.9754,0.887,0.8793,0.8947
0.42,0.05,0.964,0.8225,0.8309,0.8375,0.964,0.9661,0.964,0.964,0.9792,0.9027,0.9107,0.8947
0.42,0.06,0.9697,0.8382,0.8601,0.8384,0.9689,0.9705,0.9697,0.9697,0.9848,0.9273,0.9623,0.8947
0.42,0.07,0.9678,0.8262,0.8535,0.8146,0.967,0.9681,0.9678,0.9678,0.983,0.9174,0.9615,0.8772
0.42,0.08,0.9697,0.8331,0.8634,0.8149,0.9685,0.9689,0.9697,0.9697,0.9848,0.9259,0.9804,0.8772
0.42,0.09,0.9716,0.837,0.8729,0.8152,0.97,0.9705,0.9716,0.9716,0.9867,0.9346,1.0,0.8772
0.42,0.1,0.9716,0.837,0.8729,0.8152,0.97,0.9705,0.9716,0.9716,0.9867,0.9346,1.0,0.8772
0.42,0.11,0.9716,0.837,0.8729,0.8152,0.97,0.9705,0.9716,0.9716,0.9867,0.9346,1.0,0.8772
0.42,0.12,0.9716,0.837,0.8729,0.8152,0.97,0.9705,0.9716,0.9716,0.9867,0.9346,1.0,0.8772
0.42,0.13,0.9716,0.837,0.8729,0.8152,0.97,0.9705,0.9716,0.9716,0.9867,0.9346,1.0,0.8772
0.42,0.14,0.9716,0.837,0.8729,0.8152,0.97,0.9705,0.9716,0.9716,0.9867,0.9346,1.0,0.8772
0.42,0.15,0.9716,0.837,0.8729,0.8152,0.97,0.9705,0.9716,0.9716,0.9867,0.9346,1.0,0.8772
0.42,0.16,0.9697,0.8317,0.8719,0.8068,0.9679,0.9685,0.9697,0.9697,0.9848,0.9245,1.0,0.8596
0.42,0.17,0.9697,0.8317,0.8719,0.8068,0.9679,0.9685,0.9697,0.9697,0.9848,0.9245,1.0,0.8596
0.42,0.18,0.9697,0.8317,0.8719,0.8068,0.9679,0.9685,0.9697,0.9697,0.9848,0.9245,1.0,0.8596
0.42,0.19,0.9697,0.8317,0.8719,0.8068,0.9679,0.9685,0.9697,0.9697,0.9848,0.9245,1.0,0.8596
0.42,0.2,0.9697,0.8317,0.8719,0.8068,0.9679,0.9685,0.9697,0.9697,0.9848,0.9245,1.0,0.8596
0.42,0.21,0.9697,0.8317,0.8719,0.8068,0.9679,0.9685,0.9697,0.9697,0.9848,0.9245,1.0,0.8596
0.42,0.22,0.9697,0.8317,0.8719,0.8068,0.9679,0.9685,0.9697,0.9697,0.9848,0.9245,1.0,0.8596
0.42,0.23,0.9697,0.8317,0.8719,0.8068,0.9679,0.9685,0.9697,0.9697,0.9848,0.9245,1.0,0.8596
0.42,0.24,0.9697,0.8317,0.8719,0.8068,0.9679,0.9685,0.9697,0.9697,0.9848,0.9245,1.0,0.8596
0.42,0.25,0.9697,0.8317,0.8719,0.8068,0.9679,0.9685,0.9697,0.9697,0.9848,0.9245,1.0,0.8596
0.42,0.26,0.9697,0.8317,0.8719,0.8068,0.9679,0.9685,0.9697,0.9697,0.9848,0.9245,1.0,0.8596
0.42,0.27,0.9697,0.8317,0.8719,0.8068,0.9679,0.9685,0.9697,0.9697,0.9848,0.9245,1.0,0.8596
0.42,0.28,0.9697,0.8317,0.8719,0.8068,0.9679,0.9685,0.9697,0.9697,0.9848,0.9245,1.0,0.8596
0.42,0.29,0.9697,0.8317,0.8719,0.8068,0.9679,0.9685,0.9697,0.9697,0.9848,0.9245,1.0,0.8596
0.42,0.3,0.9697,0.8317,0.8719,0.8068,0.9679,0.9685,0.9697,0.9697,0.9848,0.9245,1.0,0.8596
0.42,0.31,0.9697,0.8317,0.8719,0.8068,0.9679,0.9685,0.9697,0.9697,0.9848,0.9245,1.0,0.8596
0.42,0.32,0.9697,0.8317,0.8719,0.8068,0.9679,0.9685,0.9697,0.9697,0.9848,0.9245,1.0,0.8596
0.42,0.33,0.9697,0.8317,0.8719,0.8068,0.9679,0.9685,0.9697,0.9697,0.9848,0.9245,1.0,0.8596
0.42,0.34,0.9697,0.8317,0.8719,0.8068,0.9679,0.9685,0.9697,0.9697,0.9848,0.9245,1.0,0.8596
0.42,0.35,0.9697,0.8317,0.8719,0.8068,0.9679,0.9685,0.9697,0.9697,0.9848,0.9245,1.0,0.8596
0.42,0.36,0.9678,0.8174,0.864,0.783,0.9659,0.9661,0.9678,0.9678,0.983,0.9143,1.0,0.8421
0.42,0.37,0.9678,0.8174,0.864,0.783,0.9659,0.9661,0.9678,0.9678,0.983,0.9143,1.0,0.8421
0.42,0.38,0.9678,0.8174,0.864,0.783,0.9659,0.9661,0.9678,0.9678,0.983,0.9143,1.0,0.8421
0.42,0.39,0.9659,0.7696,0.8637,0.7115,0.9637,0.9642,0.9659,0.9659,0.9811,0.9038,1.0,0.8246
0.42,0.4,0.9659,0.7696,0.8637,0.7115,0.9637,0.9642,0.9659,0.9659,0.9811,0.9038,1.0,0.8246
0.42,0.41,0.9659,0.7696,0.8637,0.7115,0.9637,0.9642,0.9659,0.9659,0.9811,0.9038,1.0,0.8246
0.42,0.42,0.9659,0.7696,0.8637,0.7115,0.9637,0.9642,0.9659,0.9659,0.9811,0.9038,1.0,0.8246
0.43,0.0,0.9659,0.7696,0.8637,0.7115,0.9637,0.9642,0.9659,0.9659,0.9811,0.9038,1.0,0.8246
0.43,0.01,0.9167,0.7586,0.7495,0.85,0.9335,0.9584,0.9167,0.9167,0.9318,0.7429,0.6265,0.9123
0.43,0.02,0.9375,0.7713,0.7741,0.8332,0.9458,0.9599,0.9375,0.9375,0.9527,0.8031,0.7286,0.8947
0.43,0.03,0.9527,0.7953,0.8033,0.8357,0.9561,0.9638,0.9527,0.9527,0.9678,0.8571,0.8226,0.8947
0.43,0.04,0.9602,0.8116,0.8189,0.8369,0.9612,0.9651,0.9602,0.9602,0.9754,0.887,0.8793,0.8947
0.43,0.05,0.964,0.8225,0.8309,0.8375,0.964,0.9661,0.964,0.964,0.9792,0.9027,0.9107,0.8947
0.43,0.06,0.9697,0.8382,0.8601,0.8384,0.9689,0.9705,0.9697,0.9697,0.9848,0.9273,0.9623,0.8947
0.43,0.07,0.9678,0.8262,0.8535,0.8146,0.967,0.9681,0.9678,0.9678,0.983,0.9174,0.9615,0.8772
0.43,0.08,0.9697,0.8331,0.8634,0.8149,0.9685,0.9689,0.9697,0.9697,0.9848,0.9259,0.9804,0.8772
0.43,0.09,0.9716,0.837,0.8729,0.8152,0.97,0.9705,0.9716,0.9716,0.9867,0.9346,1.0,0.8772
0.43,0.1,0.9716,0.837,0.8729,0.8152,0.97,0.9705,0.9716,0.9716,0.9867,0.9346,1.0,0.8772
0.43,0.11,0.9716,0.837,0.8729,0.8152,0.97,0.9705,0.9716,0.9716,0.9867,0.9346,1.0,0.8772
0.43,0.12,0.9716,0.837,0.8729,0.8152,0.97,0.9705,0.9716,0.9716,0.9867,0.9346,1.0,0.8772
0.43,0.13,0.9716,0.837,0.8729,0.8152,0.97,0.9705,0.9716,0.9716,0.9867,0.9346,1.0,0.8772
0.43,0.14,0.9716,0.837,0.8729,0.8152,0.97,0.9705,0.9716,0.9716,0.9867,0.9346,1.0,0.8772
0.43,0.15,0.9716,0.837,0.8729,0.8152,0.97,0.9705,0.9716,0.9716,0.9867,0.9346,1.0,0.8772
0.43,0.16,0.9697,0.8317,0.8719,0.8068,0.9679,0.9685,0.9697,0.9697,0.9848,0.9245,1.0,0.8596
0.43,0.17,0.9697,0.8317,0.8719,0.8068,0.9679,0.9685,0.9697,0.9697,0.9848,0.9245,1.0,0.8596
0.43,0.18,0.9697,0.8317,0.8719,0.8068,0.9679,0.9685,0.9697,0.9697,0.9848,0.9245,1.0,0.8596
0.43,0.19,0.9697,0.8317,0.8719,0.8068,0.9679,0.9685,0.9697,0.9697,0.9848,0.9245,1.0,0.8596
0.43,0.2,0.9697,0.8317,0.8719,0.8068,0.9679,0.9685,0.9697,0.9697,0.9848,0.9245,1.0,0.8596
0.43,0.21,0.9697,0.8317,0.8719,0.8068,0.9679,0.9685,0.9697,0.9697,0.9848,0.9245,1.0,0.8596
0.43,0.22,0.9697,0.8317,0.8719,0.8068,0.9679,0.9685,0.9697,0.9697,0.9848,0.9245,1.0,0.8596
0.43,0.23,0.9697,0.8317,0.8719,0.8068,0.9679,0.9685,0.9697,0.9697,0.9848,0.9245,1.0,0.8596
0.43,0.24,0.9697,0.8317,0.8719,0.8068,0.9679,0.9685,0.9697,0.9697,0.9848,0.9245,1.0,0.8596
0.43,0.25,0.9697,0.8317,0.8719,0.8068,0.9679,0.9685,0.9697,0.9697,0.9848,0.9245,1.0,0.8596
0.43,0.26,0.9697,0.8317,0.8719,0.8068,0.9679,0.9685,0.9697,0.9697,0.9848,0.9245,1.0,0.8596
0.43,0.27,0.9697,0.8317,0.8719,0.8068,0.9679,0.9685,0.9697,0.9697,0.9848,0.9245,1.0,0.8596
0.43,0.28,0.9697,0.8317,0.8719,0.8068,0.9679,0.9685,0.9697,0.9697,0.9848,0.9245,1.0,0.8596
0.43,0.29,0.9697,0.8317,0.8719,0.8068,0.9679,0.9685,0.9697,0.9697,0.9848,0.9245,1.0,0.8596
0.43,0.3,0.9697,0.8317,0.8719,0.8068,0.9679,0.9685,0.9697,0.9697,0.9848,0.9245,1.0,0.8596
0.43,0.31,0.9697,0.8317,0.8719,0.8068,0.9679,0.9685,0.9697,0.9697,0.9848,0.9245,1.0,0.8596
0.43,0.32,0.9697,0.8317,0.8719,0.8068,0.9679,0.9685,0.9697,0.9697,0.9848,0.9245,1.0,0.8596
0.43,0.33,0.9697,0.8317,0.8719,0.8068,0.9679,0.9685,0.9697,0.9697,0.9848,0.9245,1.0,0.8596
0.43,0.34,0.9697,0.8317,0.8719,0.8068,0.9679,0.9685,0.9697,0.9697,0.9848,0.9245,1.0,0.8596
0.43,0.35,0.9697,0.8317,0.8719,0.8068,0.9679,0.9685,0.9697,0.9697,0.9848,0.9245,1.0,0.8596
0.43,0.36,0.9678,0.8174,0.864,0.783,0.9659,0.9661,0.9678,0.9678,0.983,0.9143,1.0,0.8421
0.43,0.37,0.9678,0.8174,0.864,0.783,0.9659,0.9661,0.9678,0.9678,0.983,0.9143,1.0,0.8421
0.43,0.38,0.9678,0.8174,0.864,0.783,0.9659,0.9661,0.9678,0.9678,0.983,0.9143,1.0,0.8421
0.43,0.39,0.9659,0.7696,0.8637,0.7115,0.9637,0.9642,0.9659,0.9659,0.9811,0.9038,1.0,0.8246
0.43,0.4,0.9659,0.7696,0.8637,0.7115,0.9637,0.9642,0.9659,0.9659,0.9811,0.9038,1.0,0.8246
0.43,0.41,0.9659,0.7696,0.8637,0.7115,0.9637,0.9642,0.9659,0.9659,0.9811,0.9038,1.0,0.8246
0.43,0.42,0.9659,0.7696,0.8637,0.7115,0.9637,0.9642,0.9659,0.9659,0.9811,0.9038,1.0,0.8246
0.43,0.43,0.9659,0.7696,0.8637,0.7115,0.9637,0.9642,0.9659,0.9659,0.9811,0.9038,1.0,0.8246
0.44,0.0,0.9659,0.7696,0.8637,0.7115,0.9637,0.9642,0.9659,0.9659,0.9811,0.9038,1.0,0.8246
0.44,0.01,0.9167,0.7586,0.7495,0.85,0.9335,0.9584,0.9167,0.9167,0.9318,0.7429,0.6265,0.9123
0.44,0.02,0.9375,0.7713,0.7741,0.8332,0.9458,0.9599,0.9375,0.9375,0.9527,0.8031,0.7286,0.8947
0.44,0.03,0.9527,0.7953,0.8033,0.8357,0.9561,0.9638,0.9527,0.9527,0.9678,0.8571,0.8226,0.8947
0.44,0.04,0.9602,0.8116,0.8189,0.8369,0.9612,0.9651,0.9602,0.9602,0.9754,0.887,0.8793,0.8947
0.44,0.05,0.964,0.8225,0.8309,0.8375,0.964,0.9661,0.964,0.964,0.9792,0.9027,0.9107,0.8947
0.44,0.06,0.9697,0.8382,0.8601,0.8384,0.9689,0.9705,0.9697,0.9697,0.9848,0.9273,0.9623,0.8947
0.44,0.07,0.9678,0.8262,0.8535,0.8146,0.967,0.9681,0.9678,0.9678,0.983,0.9174,0.9615,0.8772
0.44,0.08,0.9697,0.8331,0.8634,0.8149,0.9685,0.9689,0.9697,0.9697,0.9848,0.9259,0.9804,0.8772
0.44,0.09,0.9716,0.837,0.8729,0.8152,0.97,0.9705,0.9716,0.9716,0.9867,0.9346,1.0,0.8772
0.44,0.1,0.9716,0.837,0.8729,0.8152,0.97,0.9705,0.9716,0.9716,0.9867,0.9346,1.0,0.8772
0.44,0.11,0.9716,0.837,0.8729,0.8152,0.97,0.9705,0.9716,0.9716,0.9867,0.9346,1.0,0.8772
0.44,0.12,0.9716,0.837,0.8729,0.8152,0.97,0.9705,0.9716,0.9716,0.9867,0.9346,1.0,0.8772
0.44,0.13,0.9716,0.837,0.8729,0.8152,0.97,0.9705,0.9716,0.9716,0.9867,0.9346,1.0,0.8772
0.44,0.14,0.9716,0.837,0.8729,0.8152,0.97,0.9705,0.9716,0.9716,0.9867,0.9346,1.0,0.8772
0.44,0.15,0.9716,0.837,0.8729,0.8152,0.97,0.9705,0.9716,0.9716,0.9867,0.9346,1.0,0.8772
0.44,0.16,0.9697,0.8317,0.8719,0.8068,0.9679,0.9685,0.9697,0.9697,0.9848,0.9245,1.0,0.8596
0.44,0.17,0.9697,0.8317,0.8719,0.8068,0.9679,0.9685,0.9697,0.9697,0.9848,0.9245,1.0,0.8596
0.44,0.18,0.9697,0.8317,0.8719,0.8068,0.9679,0.9685,0.9697,0.9697,0.9848,0.9245,1.0,0.8596
0.44,0.19,0.9697,0.8317,0.8719,0.8068,0.9679,0.9685,0.9697,0.9697,0.9848,0.9245,1.0,0.8596
0.44,0.2,0.9697,0.8317,0.8719,0.8068,0.9679,0.9685,0.9697,0.9697,0.9848,0.9245,1.0,0.8596
0.44,0.21,0.9697,0.8317,0.8719,0.8068,0.9679,0.9685,0.9697,0.9697,0.9848,0.9245,1.0,0.8596
0.44,0.22,0.9697,0.8317,0.8719,0.8068,0.9679,0.9685,0.9697,0.9697,0.9848,0.9245,1.0,0.8596
0.44,0.23,0.9697,0.8317,0.8719,0.8068,0.9679,0.9685,0.9697,0.9697,0.9848,0.9245,1.0,0.8596
0.44,0.24,0.9697,0.8317,0.8719,0.8068,0.9679,0.9685,0.9697,0.9697,0.9848,0.9245,1.0,0.8596
0.44,0.25,0.9697,0.8317,0.8719,0.8068,0.9679,0.9685,0.9697,0.9697,0.9848,0.9245,1.0,0.8596
0.44,0.26,0.9697,0.8317,0.8719,0.8068,0.9679,0.9685,0.9697,0.9697,0.9848,0.9245,1.0,0.8596
0.44,0.27,0.9697,0.8317,0.8719,0.8068,0.9679,0.9685,0.9697,0.9697,0.9848,0.9245,1.0,0.8596
0.44,0.28,0.9697,0.8317,0.8719,0.8068,0.9679,0.9685,0.9697,0.9697,0.9848,0.9245,1.0,0.8596
0.44,0.29,0.9697,0.8317,0.8719,0.8068,0.9679,0.9685,0.9697,0.9697,0.9848,0.9245,1.0,0.8596
0.44,0.3,0.9697,0.8317,0.8719,0.8068,0.9679,0.9685,0.9697,0.9697,0.9848,0.9245,1.0,0.8596
0.44,0.31,0.9697,0.8317,0.8719,0.8068,0.9679,0.9685,0.9697,0.9697,0.9848,0.9245,1.0,0.8596
0.44,0.32,0.9697,0.8317,0.8719,0.8068,0.9679,0.9685,0.9697,0.9697,0.9848,0.9245,1.0,0.8596
0.44,0.33,0.9697,0.8317,0.8719,0.8068,0.9679,0.9685,0.9697,0.9697,0.9848,0.9245,1.0,0.8596
0.44,0.34,0.9697,0.8317,0.8719,0.8068,0.9679,0.9685,0.9697,0.9697,0.9848,0.9245,1.0,0.8596
0.44,0.35,0.9697,0.8317,0.8719,0.8068,0.9679,0.9685,0.9697,0.9697,0.9848,0.9245,1.0,0.8596
0.44,0.36,0.9678,0.8174,0.864,0.783,0.9659,0.9661,0.9678,0.9678,0.983,0.9143,1.0,0.8421
0.44,0.37,0.9678,0.8174,0.864,0.783,0.9659,0.9661,0.9678,0.9678,0.983,0.9143,1.0,0.8421
0.44,0.38,0.9678,0.8174,0.864,0.783,0.9659,0.9661,0.9678,0.9678,0.983,0.9143,1.0,0.8421
0.44,0.39,0.9659,0.7696,0.8637,0.7115,0.9637,0.9642,0.9659,0.9659,0.9811,0.9038,1.0,0.8246
0.44,0.4,0.9659,0.7696,0.8637,0.7115,0.9637,0.9642,0.9659,0.9659,0.9811,0.9038,1.0,0.8246
0.44,0.41,0.9659,0.7696,0.8637,0.7115,0.9637,0.9642,0.9659,0.9659,0.9811,0.9038,1.0,0.8246
0.44,0.42,0.9659,0.7696,0.8637,0.7115,0.9637,0.9642,0.9659,0.9659,0.9811,0.9038,1.0,0.8246
0.44,0.43,0.9659,0.7696,0.8637,0.7115,0.9637,0.9642,0.9659,0.9659,0.9811,0.9038,1.0,0.8246
0.44,0.44,0.9659,0.7696,0.8637,0.7115,0.9637,0.9642,0.9659,0.9659,0.9811,0.9038,1.0,0.8246
0.45,0.0,0.9659,0.7696,0.8637,0.7115,0.9637,0.9642,0.9659,0.9659,0.9811,0.9038,1.0,0.8246
0.45,0.01,0.9167,0.7586,0.7495,0.85,0.9335,0.9584,0.9167,0.9167,0.9318,0.7429,0.6265,0.9123
0.45,0.02,0.9375,0.7713,0.7741,0.8332,0.9458,0.9599,0.9375,0.9375,0.9527,0.8031,0.7286,0.8947
0.45,0.03,0.9527,0.7953,0.8033,0.8357,0.9561,0.9638,0.9527,0.9527,0.9678,0.8571,0.8226,0.8947
0.45,0.04,0.9602,0.8116,0.8189,0.8369,0.9612,0.9651,0.9602,0.9602,0.9754,0.887,0.8793,0.8947
0.45,0.05,0.964,0.8225,0.8309,0.8375,0.964,0.9661,0.964,0.964,0.9792,0.9027,0.9107,0.8947
0.45,0.06,0.9697,0.8382,0.8601,0.8384,0.9689,0.9705,0.9697,0.9697,0.9848,0.9273,0.9623,0.8947
0.45,0.07,0.9678,0.8262,0.8535,0.8146,0.967,0.9681,0.9678,0.9678,0.983,0.9174,0.9615,0.8772
0.45,0.08,0.9697,0.8331,0.8634,0.8149,0.9685,0.9689,0.9697,0.9697,0.9848,0.9259,0.9804,0.8772
0.45,0.09,0.9716,0.837,0.8729,0.8152,0.97,0.9705,0.9716,0.9716,0.9867,0.9346,1.0,0.8772
0.45,0.1,0.9716,0.837,0.8729,0.8152,0.97,0.9705,0.9716,0.9716,0.9867,0.9346,1.0,0.8772
0.45,0.11,0.9716,0.837,0.8729,0.8152,0.97,0.9705,0.9716,0.9716,0.9867,0.9346,1.0,0.8772
0.45,0.12,0.9716,0.837,0.8729,0.8152,0.97,0.9705,0.9716,0.9716,0.9867,0.9346,1.0,0.8772
0.45,0.13,0.9716,0.837,0.8729,0.8152,0.97,0.9705,0.9716,0.9716,0.9867,0.9346,1.0,0.8772
0.45,0.14,0.9716,0.837,0.8729,0.8152,0.97,0.9705,0.9716,0.9716,0.9867,0.9346,1.0,0.8772
0.45,0.15,0.9716,0.837,0.8729,0.8152,0.97,0.9705,0.9716,0.9716,0.9867,0.9346,1.0,0.8772
0.45,0.16,0.9697,0.8317,0.8719,0.8068,0.9679,0.9685,0.9697,0.9697,0.9848,0.9245,1.0,0.8596
0.45,0.17,0.9697,0.8317,0.8719,0.8068,0.9679,0.9685,0.9697,0.9697,0.9848,0.9245,1.0,0.8596
0.45,0.18,0.9697,0.8317,0.8719,0.8068,0.9679,0.9685,0.9697,0.9697,0.9848,0.9245,1.0,0.8596
0.45,0.19,0.9697,0.8317,0.8719,0.8068,0.9679,0.9685,0.9697,0.9697,0.9848,0.9245,1.0,0.8596
0.45,0.2,0.9697,0.8317,0.8719,0.8068,0.9679,0.9685,0.9697,0.9697,0.9848,0.9245,1.0,0.8596
0.45,0.21,0.9697,0.8317,0.8719,0.8068,0.9679,0.9685,0.9697,0.9697,0.9848,0.9245,1.0,0.8596
0.45,0.22,0.9697,0.8317,0.8719,0.8068,0.9679,0.9685,0.9697,0.9697,0.9848,0.9245,1.0,0.8596
0.45,0.23,0.9697,0.8317,0.8719,0.8068,0.9679,0.9685,0.9697,0.9697,0.9848,0.9245,1.0,0.8596
0.45,0.24,0.9697,0.8317,0.8719,0.8068,0.9679,0.9685,0.9697,0.9697,0.9848,0.9245,1.0,0.8596
0.45,0.25,0.9697,0.8317,0.8719,0.8068,0.9679,0.9685,0.9697,0.9697,0.9848,0.9245,1.0,0.8596
0.45,0.26,0.9697,0.8317,0.8719,0.8068,0.9679,0.9685,0.9697,0.9697,0.9848,0.9245,1.0,0.8596
0.45,0.27,0.9697,0.8317,0.8719,0.8068,0.9679,0.9685,0.9697,0.9697,0.9848,0.9245,1.0,0.8596
0.45,0.28,0.9697,0.8317,0.8719,0.8068,0.9679,0.9685,0.9697,0.9697,0.9848,0.9245,1.0,0.8596
0.45,0.29,0.9697,0.8317,0.8719,0.8068,0.9679,0.9685,0.9697,0.9697,0.9848,0.9245,1.0,0.8596
0.45,0.3,0.9697,0.8317,0.8719,0.8068,0.9679,0.9685,0.9697,0.9697,0.9848,0.9245,1.0,0.8596
0.45,0.31,0.9697,0.8317,0.8719,0.8068,0.9679,0.9685,0.9697,0.9697,0.9848,0.9245,1.0,0.8596
0.45,0.32,0.9697,0.8317,0.8719,0.8068,0.9679,0.9685,0.9697,0.9697,0.9848,0.9245,1.0,0.8596
0.45,0.33,0.9697,0.8317,0.8719,0.8068,0.9679,0.9685,0.9697,0.9697,0.9848,0.9245,1.0,0.8596
0.45,0.34,0.9697,0.8317,0.8719,0.8068,0.9679,0.9685,0.9697,0.9697,0.9848,0.9245,1.0,0.8596
0.45,0.35,0.9697,0.8317,0.8719,0.8068,0.9679,0.9685,0.9697,0.9697,0.9848,0.9245,1.0,0.8596
0.45,0.36,0.9678,0.8174,0.864,0.783,0.9659,0.9661,0.9678,0.9678,0.983,0.9143,1.0,0.8421
0.45,0.37,0.9678,0.8174,0.864,0.783,0.9659,0.9661,0.9678,0.9678,0.983,0.9143,1.0,0.8421
0.45,0.38,0.9678,0.8174,0.864,0.783,0.9659,0.9661,0.9678,0.9678,0.983,0.9143,1.0,0.8421
0.45,0.39,0.9659,0.7696,0.8637,0.7115,0.9637,0.9642,0.9659,0.9659,0.9811,0.9038,1.0,0.8246
0.45,0.4,0.9659,0.7696,0.8637,0.7115,0.9637,0.9642,0.9659,0.9659,0.9811,0.9038,1.0,0.8246
0.45,0.41,0.9659,0.7696,0.8637,0.7115,0.9637,0.9642,0.9659,0.9659,0.9811,0.9038,1.0,0.8246
0.45,0.42,0.9659,0.7696,0.8637,0.7115,0.9637,0.9642,0.9659,0.9659,0.9811,0.9038,1.0,0.8246
0.45,0.43,0.9659,0.7696,0.8637,0.7115,0.9637,0.9642,0.9659,0.9659,0.9811,0.9038,1.0,0.8246
0.45,0.44,0.9659,0.7696,0.8637,0.7115,0.9637,0.9642,0.9659,0.9659,0.9811,0.9038,1.0,0.8246
0.45,0.45,0.9659,0.7696,0.8637,0.7115,0.9637,0.9642,0.9659,0.9659,0.9811,0.9038,1.0,0.8246
0.46,0.0,0.9659,0.7746,0.8777,0.7115,0.9636,0.9649,0.9659,0.9659,0.9792,0.8932,1.0,0.807
0.46,0.01,0.9186,0.7708,0.7621,0.8619,0.9355,0.9605,0.9186,0.9186,0.9318,0.7429,0.6265,0.9123
0.46,0.02,0.9394,0.784,0.7878,0.8451,0.9479,0.9621,0.9394,0.9394,0.9527,0.8031,0.7286,0.8947
0.46,0.03,0.9545,0.8086,0.8183,0.8476,0.9583,0.9663,0.9545,0.9545,0.9678,0.8571,0.8226,0.8947
0.46,0.04,0.9621,0.8249,0.8338,0.8488,0.9634,0.9676,0.9621,0.9621,0.9754,0.887,0.8793,0.8947
0.46,0.05,0.9659,0.8359,0.8458,0.8494,0.9662,0.9686,0.9659,0.9659,0.9792,0.9027,0.9107,0.8947
0.46,0.06,0.9716,0.8524,0.8796,0.8503,0.9712,0.9738,0.9716,0.9716,0.9848,0.9273,0.9623,0.8947
0.46,0.07,0.9697,0.8403,0.8729,0.8265,0.9693,0.9714,0.9697,0.9697,0.983,0.9174,0.9615,0.8772
0.46,0.08,0.9716,0.8473,0.8829,0.8268,0.9708,0.9722,0.9716,0.9716,0.9848,0.9259,0.9804,0.8772
0.46,0.09,0.9735,0.8514,0.892,0.8271,0.9724,0.9737,0.9735,0.9735,0.9867,0.9346,1.0,0.8772
0.46,0.1,0.9735,0.8514,0.892,0.8271,0.9724,0.9737,0.9735,0.9735,0.9867,0.9346,1.0,0.8772
0.46,0.11,0.9735,0.8514,0.892,0.8271,0.9724,0.9737,0.9735,0.9735,0.9867,0.9346,1.0,0.8772
0.46,0.12,0.9735,0.8514,0.892,0.8271,0.9724,0.9737,0.9735,0.9735,0.9867,0.9346,1.0,0.8772
0.46,0.13,0.9735,0.8514,0.892,0.8271,0.9724,0.9737,0.9735,0.9735,0.9867,0.9346,1.0,0.8772
0.46,0.14,0.9735,0.8514,0.892,0.8271,0.9724,0.9737,0.9735,0.9735,0.9867,0.9346,1.0,0.8772
0.46,0.15,0.9735,0.8514,0.892,0.8271,0.9724,0.9737,0.9735,0.9735,0.9867,0.9346,1.0,0.8772
0.46,0.16,0.9716,0.846,0.891,0.8187,0.9703,0.9717,0.9716,0.9716,0.9848,0.9245,1.0,0.8596
0.46,0.17,0.9716,0.846,0.891,0.8187,0.9703,0.9717,0.9716,0.9716,0.9848,0.9245,1.0,0.8596
0.46,0.18,0.9716,0.846,0.891,0.8187,0.9703,0.9717,0.9716,0.9716,0.9848,0.9245,1.0,0.8596
0.46,0.19,0.9716,0.846,0.891,0.8187,0.9703,0.9717,0.9716,0.9716,0.9848,0.9245,1.0,0.8596
0.46,0.2,0.9716,0.846,0.891,0.8187,0.9703,0.9717,0.9716,0.9716,0.9848,0.9245,1.0,0.8596
0.46,0.21,0.9716,0.846,0.891,0.8187,0.9703,0.9717,0.9716,0.9716,0.9848,0.9245,1.0,0.8596
0.46,0.22,0.9716,0.846,0.891,0.8187,0.9703,0.9717,0.9716,0.9716,0.9848,0.9245,1.0,0.8596
0.46,0.23,0.9716,0.846,0.891,0.8187,0.9703,0.9717,0.9716,0.9716,0.9848,0.9245,1.0,0.8596
0.46,0.24,0.9716,0.846,0.891,0.8187,0.9703,0.9717,0.9716,0.9716,0.9848,0.9245,1.0,0.8596
0.46,0.25,0.9716,0.846,0.891,0.8187,0.9703,0.9717,0.9716,0.9716,0.9848,0.9245,1.0,0.8596
0.46,0.26,0.9716,0.846,0.891,0.8187,0.9703,0.9717,0.9716,0.9716,0.9848,0.9245,1.0,0.8596
0.46,0.27,0.9716,0.846,0.891,0.8187,0.9703,0.9717,0.9716,0.9716,0.9848,0.9245,1.0,0.8596
0.46,0.28,0.9716,0.846,0.891,0.8187,0.9703,0.9717,0.9716,0.9716,0.9848,0.9245,1.0,0.8596
0.46,0.29,0.9716,0.846,0.891,0.8187,0.9703,0.9717,0.9716,0.9716,0.9848,0.9245,1.0,0.8596
0.46,0.3,0.9716,0.846,0.891,0.8187,0.9703,0.9717,0.9716,0.9716,0.9848,0.9245,1.0,0.8596
0.46,0.31,0.9716,0.846,0.891,0.8187,0.9703,0.9717,0.9716,0.9716,0.9848,0.9245,1.0,0.8596
0.46,0.32,0.9716,0.846,0.891,0.8187,0.9703,0.9717,0.9716,0.9716,0.9848,0.9245,1.0,0.8596
0.46,0.33,0.9716,0.846,0.891,0.8187,0.9703,0.9717,0.9716,0.9716,0.9848,0.9245,1.0,0.8596
0.46,0.34,0.9716,0.846,0.891,0.8187,0.9703,0.9717,0.9716,0.9716,0.9848,0.9245,1.0,0.8596
0.46,0.35,0.9716,0.846,0.891,0.8187,0.9703,0.9717,0.9716,0.9716,0.9848,0.9245,1.0,0.8596
0.46,0.36,0.9697,0.8318,0.883,0.7949,0.9682,0.9693,0.9697,0.9697,0.983,0.9143,1.0,0.8421
0.46,0.37,0.9697,0.8318,0.883,0.7949,0.9682,0.9693,0.9697,0.9697,0.983,0.9143,1.0,0.8421
0.46,0.38,0.9697,0.8318,0.883,0.7949,0.9682,0.9693,0.9697,0.9697,0.983,0.9143,1.0,0.8421
0.46,0.39,0.9678,0.784,0.8827,0.7235,0.966,0.9675,0.9678,0.9678,0.9811,0.9038,1.0,0.8246
0.46,0.4,0.9678,0.784,0.8827,0.7235,0.966,0.9675,0.9678,0.9678,0.9811,0.9038,1.0,0.8246
0.46,0.41,0.9678,0.784,0.8827,0.7235,0.966,0.9675,0.9678,0.9678,0.9811,0.9038,1.0,0.8246
0.46,0.42,0.9678,0.784,0.8827,0.7235,0.966,0.9675,0.9678,0.9678,0.9811,0.9038,1.0,0.8246
0.46,0.43,0.9678,0.784,0.8827,0.7235,0.966,0.9675,0.9678,0.9678,0.9811,0.9038,1.0,0.8246
0.46,0.44,0.9678,0.784,0.8827,0.7235,0.966,0.9675,0.9678,0.9678,0.9811,0.9038,1.0,0.8246
0.46,0.45,0.9659,0.7746,0.8777,0.7115,0.9636,0.9649,0.9659,0.9659,0.9792,0.8932,1.0,0.807
0.46,0.46,0.9659,0.7746,0.8777,0.7115,0.9636,0.9649,0.9659,0.9659,0.9792,0.8932,1.0,0.807
0.47,0.0,0.9659,0.7746,0.8777,0.7115,0.9636,0.9649,0.9659,0.9659,0.9792,0.8932,1.0,0.807
0.47,0.01,0.9186,0.7708,0.7621,0.8619,0.9355,0.9605,0.9186,0.9186,0.9318,0.7429,0.6265,0.9123
0.47,0.02,0.9394,0.784,0.7878,0.8451,0.9479,0.9621,0.9394,0.9394,0.9527,0.8031,0.7286,0.8947
0.47,0.03,0.9545,0.8086,0.8183,0.8476,0.9583,0.9663,0.9545,0.9545,0.9678,0.8571,0.8226,0.8947
0.47,0.04,0.9621,0.8249,0.8338,0.8488,0.9634,0.9676,0.9621,0.9621,0.9754,0.887,0.8793,0.8947
0.47,0.05,0.9659,0.8359,0.8458,0.8494,0.9662,0.9686,0.9659,0.9659,0.9792,0.9027,0.9107,0.8947
0.47,0.06,0.9716,0.8524,0.8796,0.8503,0.9712,0.9738,0.9716,0.9716,0.9848,0.9273,0.9623,0.8947
0.47,0.07,0.9697,0.8403,0.8729,0.8265,0.9693,0.9714,0.9697,0.9697,0.983,0.9174,0.9615,0.8772
0.47,0.08,0.9716,0.8473,0.8829,0.8268,0.9708,0.9722,0.9716,0.9716,0.9848,0.9259,0.9804,0.8772
0.47,0.09,0.9735,0.8514,0.892,0.8271,0.9724,0.9737,0.9735,0.9735,0.9867,0.9346,1.0,0.8772
0.47,0.1,0.9735,0.8514,0.892,0.8271,0.9724,0.9737,0.9735,0.9735,0.9867,0.9346,1.0,0.8772
0.47,0.11,0.9735,0.8514,0.892,0.8271,0.9724,0.9737,0.9735,0.9735,0.9867,0.9346,1.0,0.8772
0.47,0.12,0.9735,0.8514,0.892,0.8271,0.9724,0.9737,0.9735,0.9735,0.9867,0.9346,1.0,0.8772
0.47,0.13,0.9735,0.8514,0.892,0.8271,0.9724,0.9737,0.9735,0.9735,0.9867,0.9346,1.0,0.8772
0.47,0.14,0.9735,0.8514,0.892,0.8271,0.9724,0.9737,0.9735,0.9735,0.9867,0.9346,1.0,0.8772
0.47,0.15,0.9735,0.8514,0.892,0.8271,0.9724,0.9737,0.9735,0.9735,0.9867,0.9346,1.0,0.8772
0.47,0.16,0.9716,0.846,0.891,0.8187,0.9703,0.9717,0.9716,0.9716,0.9848,0.9245,1.0,0.8596
0.47,0.17,0.9716,0.846,0.891,0.8187,0.9703,0.9717,0.9716,0.9716,0.9848,0.9245,1.0,0.8596
0.47,0.18,0.9716,0.846,0.891,0.8187,0.9703,0.9717,0.9716,0.9716,0.9848,0.9245,1.0,0.8596
0.47,0.19,0.9716,0.846,0.891,0.8187,0.9703,0.9717,0.9716,0.9716,0.9848,0.9245,1.0,0.8596
0.47,0.2,0.9716,0.846,0.891,0.8187,0.9703,0.9717,0.9716,0.9716,0.9848,0.9245,1.0,0.8596
0.47,0.21,0.9716,0.846,0.891,0.8187,0.9703,0.9717,0.9716,0.9716,0.9848,0.9245,1.0,0.8596
0.47,0.22,0.9716,0.846,0.891,0.8187,0.9703,0.9717,0.9716,0.9716,0.9848,0.9245,1.0,0.8596
0.47,0.23,0.9716,0.846,0.891,0.8187,0.9703,0.9717,0.9716,0.9716,0.9848,0.9245,1.0,0.8596
0.47,0.24,0.9716,0.846,0.891,0.8187,0.9703,0.9717,0.9716,0.9716,0.9848,0.9245,1.0,0.8596
0.47,0.25,0.9716,0.846,0.891,0.8187,0.9703,0.9717,0.9716,0.9716,0.9848,0.9245,1.0,0.8596
0.47,0.26,0.9716,0.846,0.891,0.8187,0.9703,0.9717,0.9716,0.9716,0.9848,0.9245,1.0,0.8596
0.47,0.27,0.9716,0.846,0.891,0.8187,0.9703,0.9717,0.9716,0.9716,0.9848,0.9245,1.0,0.8596
0.47,0.28,0.9716,0.846,0.891,0.8187,0.9703,0.9717,0.9716,0.9716,0.9848,0.9245,1.0,0.8596
0.47,0.29,0.9716,0.846,0.891,0.8187,0.9703,0.9717,0.9716,0.9716,0.9848,0.9245,1.0,0.8596
0.47,0.3,0.9716,0.846,0.891,0.8187,0.9703,0.9717,0.9716,0.9716,0.9848,0.9245,1.0,0.8596
0.47,0.31,0.9716,0.846,0.891,0.8187,0.9703,0.9717,0.9716,0.9716,0.9848,0.9245,1.0,0.8596
0.47,0.32,0.9716,0.846,0.891,0.8187,0.9703,0.9717,0.9716,0.9716,0.9848,0.9245,1.0,0.8596
0.47,0.33,0.9716,0.846,0.891,0.8187,0.9703,0.9717,0.9716,0.9716,0.9848,0.9245,1.0,0.8596
0.47,0.34,0.9716,0.846,0.891,0.8187,0.9703,0.9717,0.9716,0.9716,0.9848,0.9245,1.0,0.8596
0.47,0.35,0.9716,0.846,0.891,0.8187,0.9703,0.9717,0.9716,0.9716,0.9848,0.9245,1.0,0.8596
0.47,0.36,0.9697,0.8318,0.883,0.7949,0.9682,0.9693,0.9697,0.9697,0.983,0.9143,1.0,0.8421
0.47,0.37,0.9697,0.8318,0.883,0.7949,0.9682,0.9693,0.9697,0.9697,0.983,0.9143,1.0,0.8421
0.47,0.38,0.9697,0.8318,0.883,0.7949,0.9682,0.9693,0.9697,0.9697,0.983,0.9143,1.0,0.8421
0.47,0.39,0.9678,0.784,0.8827,0.7235,0.966,0.9675,0.9678,0.9678,0.9811,0.9038,1.0,0.8246
0.47,0.4,0.9678,0.784,0.8827,0.7235,0.966,0.9675,0.9678,0.9678,0.9811,0.9038,1.0,0.8246
0.47,0.41,0.9678,0.784,0.8827,0.7235,0.966,0.9675,0.9678,0.9678,0.9811,0.9038,1.0,0.8246
0.47,0.42,0.9678,0.784,0.8827,0.7235,0.966,0.9675,0.9678,0.9678,0.9811,0.9038,1.0,0.8246
0.47,0.43,0.9678,0.784,0.8827,0.7235,0.966,0.9675,0.9678,0.9678,0.9811,0.9038,1.0,0.8246
0.47,0.44,0.9678,0.784,0.8827,0.7235,0.966,0.9675,0.9678,0.9678,0.9811,0.9038,1.0,0.8246
0.47,0.45,0.9659,0.7746,0.8777,0.7115,0.9636,0.9649,0.9659,0.9659,0.9792,0.8932,1.0,0.807
0.47,0.46,0.9659,0.7746,0.8777,0.7115,0.9636,0.9649,0.9659,0.9659,0.9792,0.8932,1.0,0.807
0.47,0.47,0.9659,0.7746,0.8777,0.7115,0.9636,0.9649,0.9659,0.9659,0.9792,0.8932,1.0,0.807
0.48,0.0,0.9659,0.7746,0.8777,0.7115,0.9636,0.9649,0.9659,0.9659,0.9792,0.8932,1.0,0.807
0.48,0.01,0.9186,0.7708,0.7621,0.8619,0.9355,0.9605,0.9186,0.9186,0.9318,0.7429,0.6265,0.9123
0.48,0.02,0.9394,0.784,0.7878,0.8451,0.9479,0.9621,0.9394,0.9394,0.9527,0.8031,0.7286,0.8947
0.48,0.03,0.9545,0.8086,0.8183,0.8476,0.9583,0.9663,0.9545,0.9545,0.9678,0.8571,0.8226,0.8947
0.48,0.04,0.9621,0.8249,0.8338,0.8488,0.9634,0.9676,0.9621,0.9621,0.9754,0.887,0.8793,0.8947
0.48,0.05,0.9659,0.8359,0.8458,0.8494,0.9662,0.9686,0.9659,0.9659,0.9792,0.9027,0.9107,0.8947
0.48,0.06,0.9716,0.8524,0.8796,0.8503,0.9712,0.9738,0.9716,0.9716,0.9848,0.9273,0.9623,0.8947
0.48,0.07,0.9697,0.8403,0.8729,0.8265,0.9693,0.9714,0.9697,0.9697,0.983,0.9174,0.9615,0.8772
0.48,0.08,0.9716,0.8473,0.8829,0.8268,0.9708,0.9722,0.9716,0.9716,0.9848,0.9259,0.9804,0.8772
0.48,0.09,0.9735,0.8514,0.892,0.8271,0.9724,0.9737,0.9735,0.9735,0.9867,0.9346,1.0,0.8772
0.48,0.1,0.9735,0.8514,0.892,0.8271,0.9724,0.9737,0.9735,0.9735,0.9867,0.9346,1.0,0.8772
0.48,0.11,0.9735,0.8514,0.892,0.8271,0.9724,0.9737,0.9735,0.9735,0.9867,0.9346,1.0,0.8772
0.48,0.12,0.9735,0.8514,0.892,0.8271,0.9724,0.9737,0.9735,0.9735,0.9867,0.9346,1.0,0.8772
0.48,0.13,0.9735,0.8514,0.892,0.8271,0.9724,0.9737,0.9735,0.9735,0.9867,0.9346,1.0,0.8772
0.48,0.14,0.9735,0.8514,0.892,0.8271,0.9724,0.9737,0.9735,0.9735,0.9867,0.9346,1.0,0.8772
0.48,0.15,0.9735,0.8514,0.892,0.8271,0.9724,0.9737,0.9735,0.9735,0.9867,0.9346,1.0,0.8772
0.48,0.16,0.9716,0.846,0.891,0.8187,0.9703,0.9717,0.9716,0.9716,0.9848,0.9245,1.0,0.8596
0.48,0.17,0.9716,0.846,0.891,0.8187,0.9703,0.9717,0.9716,0.9716,0.9848,0.9245,1.0,0.8596
0.48,0.18,0.9716,0.846,0.891,0.8187,0.9703,0.9717,0.9716,0.9716,0.9848,0.9245,1.0,0.8596
0.48,0.19,0.9716,0.846,0.891,0.8187,0.9703,0.9717,0.9716,0.9716,0.9848,0.9245,1.0,0.8596
0.48,0.2,0.9716,0.846,0.891,0.8187,0.9703,0.9717,0.9716,0.9716,0.9848,0.9245,1.0,0.8596
0.48,0.21,0.9716,0.846,0.891,0.8187,0.9703,0.9717,0.9716,0.9716,0.9848,0.9245,1.0,0.8596
0.48,0.22,0.9716,0.846,0.891,0.8187,0.9703,0.9717,0.9716,0.9716,0.9848,0.9245,1.0,0.8596
0.48,0.23,0.9716,0.846,0.891,0.8187,0.9703,0.9717,0.9716,0.9716,0.9848,0.9245,1.0,0.8596
0.48,0.24,0.9716,0.846,0.891,0.8187,0.9703,0.9717,0.9716,0.9716,0.9848,0.9245,1.0,0.8596
0.48,0.25,0.9716,0.846,0.891,0.8187,0.9703,0.9717,0.9716,0.9716,0.9848,0.9245,1.0,0.8596
0.48,0.26,0.9716,0.846,0.891,0.8187,0.9703,0.9717,0.9716,0.9716,0.9848,0.9245,1.0,0.8596
0.48,0.27,0.9716,0.846,0.891,0.8187,0.9703,0.9717,0.9716,0.9716,0.9848,0.9245,1.0,0.8596
0.48,0.28,0.9716,0.846,0.891,0.8187,0.9703,0.9717,0.9716,0.9716,0.9848,0.9245,1.0,0.8596
0.48,0.29,0.9716,0.846,0.891,0.8187,0.9703,0.9717,0.9716,0.9716,0.9848,0.9245,1.0,0.8596
0.48,0.3,0.9716,0.846,0.891,0.8187,0.9703,0.9717,0.9716,0.9716,0.9848,0.9245,1.0,0.8596
0.48,0.31,0.9716,0.846,0.891,0.8187,0.9703,0.9717,0.9716,0.9716,0.9848,0.9245,1.0,0.8596
0.48,0.32,0.9716,0.846,0.891,0.8187,0.9703,0.9717,0.9716,0.9716,0.9848,0.9245,1.0,0.8596
0.48,0.33,0.9716,0.846,0.891,0.8187,0.9703,0.9717,0.9716,0.9716,0.9848,0.9245,1.0,0.8596
0.48,0.34,0.9716,0.846,0.891,0.8187,0.9703,0.9717,0.9716,0.9716,0.9848,0.9245,1.0,0.8596
0.48,0.35,0.9716,0.846,0.891,0.8187,0.9703,0.9717,0.9716,0.9716,0.9848,0.9245,1.0,0.8596
0.48,0.36,0.9697,0.8318,0.883,0.7949,0.9682,0.9693,0.9697,0.9697,0.983,0.9143,1.0,0.8421
0.48,0.37,0.9697,0.8318,0.883,0.7949,0.9682,0.9693,0.9697,0.9697,0.983,0.9143,1.0,0.8421
0.48,0.38,0.9697,0.8318,0.883,0.7949,0.9682,0.9693,0.9697,0.9697,0.983,0.9143,1.0,0.8421
0.48,0.39,0.9678,0.784,0.8827,0.7235,0.966,0.9675,0.9678,0.9678,0.9811,0.9038,1.0,0.8246
0.48,0.4,0.9678,0.784,0.8827,0.7235,0.966,0.9675,0.9678,0.9678,0.9811,0.9038,1.0,0.8246
0.48,0.41,0.9678,0.784,0.8827,0.7235,0.966,0.9675,0.9678,0.9678,0.9811,0.9038,1.0,0.8246
0.48,0.42,0.9678,0.784,0.8827,0.7235,0.966,0.9675,0.9678,0.9678,0.9811,0.9038,1.0,0.8246
0.48,0.43,0.9678,0.784,0.8827,0.7235,0.966,0.9675,0.9678,0.9678,0.9811,0.9038,1.0,0.8246
0.48,0.44,0.9678,0.784,0.8827,0.7235,0.966,0.9675,0.9678,0.9678,0.9811,0.9038,1.0,0.8246
0.48,0.45,0.9659,0.7746,0.8777,0.7115,0.9636,0.9649,0.9659,0.9659,0.9792,0.8932,1.0,0.807
0.48,0.46,0.9659,0.7746,0.8777,0.7115,0.9636,0.9649,0.9659,0.9659,0.9792,0.8932,1.0,0.807
0.48,0.47,0.9659,0.7746,0.8777,0.7115,0.9636,0.9649,0.9659,0.9659,0.9792,0.8932,1.0,0.807
0.48,0.48,0.9659,0.7746,0.8777,0.7115,0.9636,0.9649,0.9659,0.9659,0.9792,0.8932,1.0,0.807
0.49,0.0,0.9659,0.7784,0.8876,0.7115,0.9636,0.9654,0.9659,0.9659,0.9773,0.8824,1.0,0.7895
0.49,0.01,0.9186,0.7778,0.768,0.8726,0.9359,0.962,0.9186,0.9186,0.9299,0.7376,0.619,0.9123
0.49,0.02,0.9413,0.7951,0.8,0.8561,0.95,0.9648,0.9413,0.9413,0.9527,0.8031,0.7286,0.8947
0.49,0.03,0.9564,0.8198,0.83,0.8586,0.9604,0.9688,0.9564,0.9564,0.9678,0.8571,0.8226,0.8947
0.49,0.04,0.964,0.8361,0.8455,0.8598,0.9655,0.9701,0.964,0.964,0.9754,0.887,0.8793,0.8947
0.49,0.05,0.9678,0.847,0.8575,0.8604,0.9683,0.9711,0.9678,0.9678,0.9792,0.9027,0.9107,0.8947
0.49,0.06,0.9735,0.8637,0.8891,0.8613,0.9734,0.9759,0.9735,0.9735,0.9848,0.9273,0.9623,0.8947
0.49,0.07,0.9716,0.8517,0.8825,0.8375,0.9715,0.9736,0.9716,0.9716,0.983,0.9174,0.9615,0.8772
0.49,0.08,0.9735,0.8586,0.8924,0.8378,0.973,0.9744,0.9735,0.9735,0.9848,0.9259,0.9804,0.8772
0.49,0.09,0.9754,0.8627,0.9015,0.8381,0.9746,0.9759,0.9754,0.9754,0.9867,0.9346,1.0,0.8772
0.49,0.1,0.9754,0.8627,0.9015,0.8381,0.9746,0.9759,0.9754,0.9754,0.9867,0.9346,1.0,0.8772
0.49,0.11,0.9754,0.8627,0.9015,0.8381,0.9746,0.9759,0.9754,0.9754,0.9867,0.9346,1.0,0.8772
0.49,0.12,0.9754,0.8627,0.9015,0.8381,0.9746,0.9759,0.9754,0.9754,0.9867,0.9346,1.0,0.8772
0.49,0.13,0.9754,0.8627,0.9015,0.8381,0.9746,0.9759,0.9754,0.9754,0.9867,0.9346,1.0,0.8772
0.49,0.14,0.9754,0.8627,0.9015,0.8381,0.9746,0.9759,0.9754,0.9754,0.9867,0.9346,1.0,0.8772
0.49,0.15,0.9754,0.8627,0.9015,0.8381,0.9746,0.9759,0.9754,0.9754,0.9867,0.9346,1.0,0.8772
0.49,0.16,0.9735,0.8574,0.9012,0.8297,0.9725,0.974,0.9735,0.9735,0.9848,0.9245,1.0,0.8596
0.49,0.17,0.9735,0.8574,0.9012,0.8297,0.9725,0.974,0.9735,0.9735,0.9848,0.9245,1.0,0.8596
0.49,0.18,0.9735,0.8574,0.9012,0.8297,0.9725,0.974,0.9735,0.9735,0.9848,0.9245,1.0,0.8596
0.49,0.19,0.9735,0.8574,0.9012,0.8297,0.9725,0.974,0.9735,0.9735,0.9848,0.9245,1.0,0.8596
0.49,0.2,0.9735,0.8574,0.9012,0.8297,0.9725,0.974,0.9735,0.9735,0.9848,0.9245,1.0,0.8596
0.49,0.21,0.9735,0.8574,0.9012,0.8297,0.9725,0.974,0.9735,0.9735,0.9848,0.9245,1.0,0.8596
0.49,0.22,0.9735,0.8574,0.9012,0.8297,0.9725,0.974,0.9735,0.9735,0.9848,0.9245,1.0,0.8596
0.49,0.23,0.9735,0.8574,0.9012,0.8297,0.9725,0.974,0.9735,0.9735,0.9848,0.9245,1.0,0.8596
0.49,0.24,0.9735,0.8574,0.9012,0.8297,0.9725,0.974,0.9735,0.9735,0.9848,0.9245,1.0,0.8596
0.49,0.25,0.9735,0.8574,0.9012,0.8297,0.9725,0.974,0.9735,0.9735,0.9848,0.9245,1.0,0.8596
0.49,0.26,0.9735,0.8574,0.9012,0.8297,0.9725,0.974,0.9735,0.9735,0.9848,0.9245,1.0,0.8596
0.49,0.27,0.9735,0.8574,0.9012,0.8297,0.9725,0.974,0.9735,0.9735,0.9848,0.9245,1.0,0.8596
0.49,0.28,0.9735,0.8574,0.9012,0.8297,0.9725,0.974,0.9735,0.9735,0.9848,0.9245,1.0,0.8596
0.49,0.29,0.9735,0.8574,0.9012,0.8297,0.9725,0.974,0.9735,0.9735,0.9848,0.9245,1.0,0.8596
0.49,0.3,0.9735,0.8574,0.9012,0.8297,0.9725,0.974,0.9735,0.9735,0.9848,0.9245,1.0,0.8596
0.49,0.31,0.9735,0.8574,0.9012,0.8297,0.9725,0.974,0.9735,0.9735,0.9848,0.9245,1.0,0.8596
0.49,0.32,0.9716,0.8499,0.9009,0.8187,0.9703,0.9722,0.9716,0.9716,0.983,0.9143,1.0,0.8421
0.49,0.33,0.9716,0.8499,0.9009,0.8187,0.9703,0.9722,0.9716,0.9716,0.983,0.9143,1.0,0.8421
0.49,0.34,0.9716,0.8499,0.9009,0.8187,0.9703,0.9722,0.9716,0.9716,0.983,0.9143,1.0,0.8421
0.49,0.35,0.9716,0.8499,0.9009,0.8187,0.9703,0.9722,0.9716,0.9716,0.983,0.9143,1.0,0.8421
0.49,0.36,0.9697,0.8356,0.8929,0.7949,0.9682,0.9698,0.9697,0.9697,0.9811,0.9038,1.0,0.8246
0.49,0.37,0.9697,0.8356,0.8929,0.7949,0.9682,0.9698,0.9697,0.9697,0.9811,0.9038,1.0,0.8246
0.49,0.38,0.9697,0.8356,0.8929,0.7949,0.9682,0.9698,0.9697,0.9697,0.9811,0.9038,1.0,0.8246
0.49,0.39,0.9678,0.7878,0.8927,0.7235,0.966,0.968,0.9678,0.9678,0.9792,0.8932,1.0,0.807
0.49,0.4,0.9678,0.7878,0.8927,0.7235,0.966,0.968,0.9678,0.9678,0.9792,0.8932,1.0,0.807
0.49,0.41,0.9678,0.7878,0.8927,0.7235,0.966,0.968,0.9678,0.9678,0.9792,0.8932,1.0,0.807
0.49,0.42,0.9678,0.7878,0.8927,0.7235,0.966,0.968,0.9678,0.9678,0.9792,0.8932,1.0,0.807
0.49,0.43,0.9678,0.7878,0.8927,0.7235,0.966,0.968,0.9678,0.9678,0.9792,0.8932,1.0,0.807
0.49,0.44,0.9678,0.7878,0.8927,0.7235,0.966,0.968,0.9678,0.9678,0.9792,0.8932,1.0,0.807
0.49,0.45,0.9659,0.7784,0.8876,0.7115,0.9636,0.9654,0.9659,0.9659,0.9773,0.8824,1.0,0.7895
0.49,0.46,0.9659,0.7784,0.8876,0.7115,0.9636,0.9654,0.9659,0.9659,0.9773,0.8824,1.0,0.7895
0.49,0.47,0.9659,0.7784,0.8876,0.7115,0.9636,0.9654,0.9659,0.9659,0.9773,0.8824,1.0,0.7895
0.49,0.48,0.9659,0.7784,0.8876,0.7115,0.9636,0.9654,0.9659,0.9659,0.9773,0.8824,1.0,0.7895
0.49,0.49,0.9659,0.7784,0.8876,0.7115,0.9636,0.9654,0.9659,0.9659,0.9773,0.8824,1.0,0.7895
0.5,0.0,0.9659,0.7784,0.8876,0.7115,0.9636,0.9654,0.9659,0.9659,0.9773,0.8824,1.0,0.7895
0.5,0.01,0.9186,0.7778,0.768,0.8726,0.9359,0.962,0.9186,0.9186,0.9299,0.7376,0.619,0.9123
0.5,0.02,0.9413,0.7951,0.8,0.8561,0.95,0.9648,0.9413,0.9413,0.9527,0.8031,0.7286,0.8947
0.5,0.03,0.9564,0.8198,0.83,0.8586,0.9604,0.9688,0.9564,0.9564,0.9678,0.8571,0.8226,0.8947
0.5,0.04,0.964,0.8361,0.8455,0.8598,0.9655,0.9701,0.964,0.964,0.9754,0.887,0.8793,0.8947
0.5,0.05,0.9678,0.847,0.8575,0.8604,0.9683,0.9711,0.9678,0.9678,0.9792,0.9027,0.9107,0.8947
0.5,0.06,0.9735,0.8637,0.8891,0.8613,0.9734,0.9759,0.9735,0.9735,0.9848,0.9273,0.9623,0.8947
0.5,0.07,0.9716,0.8517,0.8825,0.8375,0.9715,0.9736,0.9716,0.9716,0.983,0.9174,0.9615,0.8772
0.5,0.08,0.9735,0.8586,0.8924,0.8378,0.973,0.9744,0.9735,0.9735,0.9848,0.9259,0.9804,0.8772
0.5,0.09,0.9754,0.8627,0.9015,0.8381,0.9746,0.9759,0.9754,0.9754,0.9867,0.9346,1.0,0.8772
0.5,0.1,0.9754,0.8627,0.9015,0.8381,0.9746,0.9759,0.9754,0.9754,0.9867,0.9346,1.0,0.8772
0.5,0.11,0.9754,0.8627,0.9015,0.8381,0.9746,0.9759,0.9754,0.9754,0.9867,0.9346,1.0,0.8772
0.5,0.12,0.9754,0.8627,0.9015,0.8381,0.9746,0.9759,0.9754,0.9754,0.9867,0.9346,1.0,0.8772
0.5,0.13,0.9754,0.8627,0.9015,0.8381,0.9746,0.9759,0.9754,0.9754,0.9867,0.9346,1.0,0.8772
0.5,0.14,0.9754,0.8627,0.9015,0.8381,0.9746,0.9759,0.9754,0.9754,0.9867,0.9346,1.0,0.8772
0.5,0.15,0.9754,0.8627,0.9015,0.8381,0.9746,0.9759,0.9754,0.9754,0.9867,0.9346,1.0,0.8772
0.5,0.16,0.9735,0.8574,0.9012,0.8297,0.9725,0.974,0.9735,0.9735,0.9848,0.9245,1.0,0.8596
0.5,0.17,0.9735,0.8574,0.9012,0.8297,0.9725,0.974,0.9735,0.9735,0.9848,0.9245,1.0,0.8596
0.5,0.18,0.9735,0.8574,0.9012,0.8297,0.9725,0.974,0.9735,0.9735,0.9848,0.9245,1.0,0.8596
0.5,0.19,0.9735,0.8574,0.9012,0.8297,0.9725,0.974,0.9735,0.9735,0.9848,0.9245,1.0,0.8596
0.5,0.2,0.9735,0.8574,0.9012,0.8297,0.9725,0.974,0.9735,0.9735,0.9848,0.9245,1.0,0.8596
0.5,0.21,0.9735,0.8574,0.9012,0.8297,0.9725,0.974,0.9735,0.9735,0.9848,0.9245,1.0,0.8596
0.5,0.22,0.9735,0.8574,0.9012,0.8297,0.9725,0.974,0.9735,0.9735,0.9848,0.9245,1.0,0.8596
0.5,0.23,0.9735,0.8574,0.9012,0.8297,0.9725,0.974,0.9735,0.9735,0.9848,0.9245,1.0,0.8596
0.5,0.24,0.9735,0.8574,0.9012,0.8297,0.9725,0.974,0.9735,0.9735,0.9848,0.9245,1.0,0.8596
0.5,0.25,0.9735,0.8574,0.9012,0.8297,0.9725,0.974,0.9735,0.9735,0.9848,0.9245,1.0,0.8596
0.5,0.26,0.9735,0.8574,0.9012,0.8297,0.9725,0.974,0.9735,0.9735,0.9848,0.9245,1.0,0.8596
0.5,0.27,0.9735,0.8574,0.9012,0.8297,0.9725,0.974,0.9735,0.9735,0.9848,0.9245,1.0,0.8596
0.5,0.28,0.9735,0.8574,0.9012,0.8297,0.9725,0.974,0.9735,0.9735,0.9848,0.9245,1.0,0.8596
0.5,0.29,0.9735,0.8574,0.9012,0.8297,0.9725,0.974,0.9735,0.9735,0.9848,0.9245,1.0,0.8596
0.5,0.3,0.9735,0.8574,0.9012,0.8297,0.9725,0.974,0.9735,0.9735,0.9848,0.9245,1.0,0.8596
0.5,0.31,0.9735,0.8574,0.9012,0.8297,0.9725,0.974,0.9735,0.9735,0.9848,0.9245,1.0,0.8596
0.5,0.32,0.9716,0.8499,0.9009,0.8187,0.9703,0.9722,0.9716,0.9716,0.983,0.9143,1.0,0.8421
0.5,0.33,0.9716,0.8499,0.9009,0.8187,0.9703,0.9722,0.9716,0.9716,0.983,0.9143,1.0,0.8421
0.5,0.34,0.9716,0.8499,0.9009,0.8187,0.9703,0.9722,0.9716,0.9716,0.983,0.9143,1.0,0.8421
0.5,0.35,0.9716,0.8499,0.9009,0.8187,0.9703,0.9722,0.9716,0.9716,0.983,0.9143,1.0,0.8421
0.5,0.36,0.9697,0.8356,0.8929,0.7949,0.9682,0.9698,0.9697,0.9697,0.9811,0.9038,1.0,0.8246
0.5,0.37,0.9697,0.8356,0.8929,0.7949,0.9682,0.9698,0.9697,0.9697,0.9811,0.9038,1.0,0.8246
0.5,0.38,0.9697,0.8356,0.8929,0.7949,0.9682,0.9698,0.9697,0.9697,0.9811,0.9038,1.0,0.8246
0.5,0.39,0.9678,0.7878,0.8927,0.7235,0.966,0.968,0.9678,0.9678,0.9792,0.8932,1.0,0.807
0.5,0.4,0.9678,0.7878,0.8927,0.7235,0.966,0.968,0.9678,0.9678,0.9792,0.8932,1.0,0.807
0.5,0.41,0.9678,0.7878,0.8927,0.7235,0.966,0.968,0.9678,0.9678,0.9792,0.8932,1.0,0.807
0.5,0.42,0.9678,0.7878,0.8927,0.7235,0.966,0.968,0.9678,0.9678,0.9792,0.8932,1.0,0.807
0.5,0.43,0.9678,0.7878,0.8927,0.7235,0.966,0.968,0.9678,0.9678,0.9792,0.8932,1.0,0.807
0.5,0.44,0.9678,0.7878,0.8927,0.7235,0.966,0.968,0.9678,0.9678,0.9792,0.8932,1.0,0.807
0.5,0.45,0.9659,0.7784,0.8876,0.7115,0.9636,0.9654,0.9659,0.9659,0.9773,0.8824,1.0,0.7895
0.5,0.46,0.9659,0.7784,0.8876,0.7115,0.9636,0.9654,0.9659,0.9659,0.9773,0.8824,1.0,0.7895
0.5,0.47,0.9659,0.7784,0.8876,0.7115,0.9636,0.9654,0.9659,0.9659,0.9773,0.8824,1.0,0.7895
0.5,0.48,0.9659,0.7784,0.8876,0.7115,0.9636,0.9654,0.9659,0.9659,0.9773,0.8824,1.0,0.7895
0.5,0.49,0.9659,0.7784,0.8876,0.7115,0.9636,0.9654,0.9659,0.9659,0.9773,0.8824,1.0,0.7895
0.5,0.5,0.9659,0.7784,0.8876,0.7115,0.9636,0.9654,0.9659,0.9659,0.9773,0.8824,1.0,0.7895
0.51,0.0,0.9659,0.7784,0.8876,0.7115,0.9636,0.9654,0.9659,0.9659,0.9773,0.8824,1.0,0.7895
0.51,0.01,0.9186,0.7778,0.768,0.8726,0.9359,0.962,0.9186,0.9186,0.9299,0.7376,0.619,0.9123
0.51,0.02,0.9413,0.7951,0.8,0.8561,0.95,0.9648,0.9413,0.9413,0.9527,0.8031,0.7286,0.8947
0.51,0.03,0.9564,0.8198,0.83,0.8586,0.9604,0.9688,0.9564,0.9564,0.9678,0.8571,0.8226,0.8947
0.51,0.04,0.964,0.8361,0.8455,0.8598,0.9655,0.9701,0.964,0.964,0.9754,0.887,0.8793,0.8947
0.51,0.05,0.9678,0.847,0.8575,0.8604,0.9683,0.9711,0.9678,0.9678,0.9792,0.9027,0.9107,0.8947
0.51,0.06,0.9735,0.8637,0.8891,0.8613,0.9734,0.9759,0.9735,0.9735,0.9848,0.9273,0.9623,0.8947
0.51,0.07,0.9716,0.8517,0.8825,0.8375,0.9715,0.9736,0.9716,0.9716,0.983,0.9174,0.9615,0.8772
0.51,0.08,0.9735,0.8586,0.8924,0.8378,0.973,0.9744,0.9735,0.9735,0.9848,0.9259,0.9804,0.8772
0.51,0.09,0.9754,0.8627,0.9015,0.8381,0.9746,0.9759,0.9754,0.9754,0.9867,0.9346,1.0,0.8772
0.51,0.1,0.9754,0.8627,0.9015,0.8381,0.9746,0.9759,0.9754,0.9754,0.9867,0.9346,1.0,0.8772
0.51,0.11,0.9754,0.8627,0.9015,0.8381,0.9746,0.9759,0.9754,0.9754,0.9867,0.9346,1.0,0.8772
0.51,0.12,0.9754,0.8627,0.9015,0.8381,0.9746,0.9759,0.9754,0.9754,0.9867,0.9346,1.0,0.8772
0.51,0.13,0.9754,0.8627,0.9015,0.8381,0.9746,0.9759,0.9754,0.9754,0.9867,0.9346,1.0,0.8772
0.51,0.14,0.9754,0.8627,0.9015,0.8381,0.9746,0.9759,0.9754,0.9754,0.9867,0.9346,1.0,0.8772
0.51,0.15,0.9754,0.8627,0.9015,0.8381,0.9746,0.9759,0.9754,0.9754,0.9867,0.9346,1.0,0.8772
0.51,0.16,0.9735,0.8574,0.9012,0.8297,0.9725,0.974,0.9735,0.9735,0.9848,0.9245,1.0,0.8596
0.51,0.17,0.9735,0.8574,0.9012,0.8297,0.9725,0.974,0.9735,0.9735,0.9848,0.9245,1.0,0.8596
0.51,0.18,0.9735,0.8574,0.9012,0.8297,0.9725,0.974,0.9735,0.9735,0.9848,0.9245,1.0,0.8596
0.51,0.19,0.9735,0.8574,0.9012,0.8297,0.9725,0.974,0.9735,0.9735,0.9848,0.9245,1.0,0.8596
0.51,0.2,0.9735,0.8574,0.9012,0.8297,0.9725,0.974,0.9735,0.9735,0.9848,0.9245,1.0,0.8596
0.51,0.21,0.9735,0.8574,0.9012,0.8297,0.9725,0.974,0.9735,0.9735,0.9848,0.9245,1.0,0.8596
0.51,0.22,0.9735,0.8574,0.9012,0.8297,0.9725,0.974,0.9735,0.9735,0.9848,0.9245,1.0,0.8596
0.51,0.23,0.9735,0.8574,0.9012,0.8297,0.9725,0.974,0.9735,0.9735,0.9848,0.9245,1.0,0.8596
0.51,0.24,0.9735,0.8574,0.9012,0.8297,0.9725,0.974,0.9735,0.9735,0.9848,0.9245,1.0,0.8596
0.51,0.25,0.9735,0.8574,0.9012,0.8297,0.9725,0.974,0.9735,0.9735,0.9848,0.9245,1.0,0.8596
0.51,0.26,0.9735,0.8574,0.9012,0.8297,0.9725,0.974,0.9735,0.9735,0.9848,0.9245,1.0,0.8596
0.51,0.27,0.9735,0.8574,0.9012,0.8297,0.9725,0.974,0.9735,0.9735,0.9848,0.9245,1.0,0.8596
0.51,0.28,0.9735,0.8574,0.9012,0.8297,0.9725,0.974,0.9735,0.9735,0.9848,0.9245,1.0,0.8596
0.51,0.29,0.9735,0.8574,0.9012,0.8297,0.9725,0.974,0.9735,0.9735,0.9848,0.9245,1.0,0.8596
0.51,0.3,0.9735,0.8574,0.9012,0.8297,0.9725,0.974,0.9735,0.9735,0.9848,0.9245,1.0,0.8596
0.51,0.31,0.9735,0.8574,0.9012,0.8297,0.9725,0.974,0.9735,0.9735,0.9848,0.9245,1.0,0.8596
0.51,0.32,0.9716,0.8499,0.9009,0.8187,0.9703,0.9722,0.9716,0.9716,0.983,0.9143,1.0,0.8421
0.51,0.33,0.9716,0.8499,0.9009,0.8187,0.9703,0.9722,0.9716,0.9716,0.983,0.9143,1.0,0.8421
0.51,0.34,0.9716,0.8499,0.9009,0.8187,0.9703,0.9722,0.9716,0.9716,0.983,0.9143,1.0,0.8421
0.51,0.35,0.9716,0.8499,0.9009,0.8187,0.9703,0.9722,0.9716,0.9716,0.983,0.9143,1.0,0.8421
0.51,0.36,0.9697,0.8356,0.8929,0.7949,0.9682,0.9698,0.9697,0.9697,0.9811,0.9038,1.0,0.8246
0.51,0.37,0.9697,0.8356,0.8929,0.7949,0.9682,0.9698,0.9697,0.9697,0.9811,0.9038,1.0,0.8246
0.51,0.38,0.9697,0.8356,0.8929,0.7949,0.9682,0.9698,0.9697,0.9697,0.9811,0.9038,1.0,0.8246
0.51,0.39,0.9678,0.7878,0.8927,0.7235,0.966,0.968,0.9678,0.9678,0.9792,0.8932,1.0,0.807
0.51,0.4,0.9678,0.7878,0.8927,0.7235,0.966,0.968,0.9678,0.9678,0.9792,0.8932,1.0,0.807
0.51,0.41,0.9678,0.7878,0.8927,0.7235,0.966,0.968,0.9678,0.9678,0.9792,0.8932,1.0,0.807
0.51,0.42,0.9678,0.7878,0.8927,0.7235,0.966,0.968,0.9678,0.9678,0.9792,0.8932,1.0,0.807
0.51,0.43,0.9678,0.7878,0.8927,0.7235,0.966,0.968,0.9678,0.9678,0.9792,0.8932,1.0,0.807
0.51,0.44,0.9678,0.7878,0.8927,0.7235,0.966,0.968,0.9678,0.9678,0.9792,0.8932,1.0,0.807
0.51,0.45,0.9659,0.7784,0.8876,0.7115,0.9636,0.9654,0.9659,0.9659,0.9773,0.8824,1.0,0.7895
0.51,0.46,0.9659,0.7784,0.8876,0.7115,0.9636,0.9654,0.9659,0.9659,0.9773,0.8824,1.0,0.7895
0.51,0.47,0.9659,0.7784,0.8876,0.7115,0.9636,0.9654,0.9659,0.9659,0.9773,0.8824,1.0,0.7895
0.51,0.48,0.9659,0.7784,0.8876,0.7115,0.9636,0.9654,0.9659,0.9659,0.9773,0.8824,1.0,0.7895
0.51,0.49,0.9659,0.7784,0.8876,0.7115,0.9636,0.9654,0.9659,0.9659,0.9773,0.8824,1.0,0.7895
0.51,0.5,0.9659,0.7784,0.8876,0.7115,0.9636,0.9654,0.9659,0.9659,0.9773,0.8824,1.0,0.7895
0.51,0.51,0.9659,0.7784,0.8876,0.7115,0.9636,0.9654,0.9659,0.9659,0.9773,0.8824,1.0,0.7895
0.52,0.0,0.9659,0.7784,0.8876,0.7115,0.9636,0.9654,0.9659,0.9659,0.9773,0.8824,1.0,0.7895
0.52,0.01,0.9186,0.7778,0.768,0.8726,0.9359,0.962,0.9186,0.9186,0.9299,0.7376,0.619,0.9123
0.52,0.02,0.9413,0.7951,0.8,0.8561,0.95,0.9648,0.9413,0.9413,0.9527,0.8031,0.7286,0.8947
0.52,0.03,0.9564,0.8198,0.83,0.8586,0.9604,0.9688,0.9564,0.9564,0.9678,0.8571,0.8226,0.8947
0.52,0.04,0.964,0.8361,0.8455,0.8598,0.9655,0.9701,0.964,0.964,0.9754,0.887,0.8793,0.8947
0.52,0.05,0.9678,0.847,0.8575,0.8604,0.9683,0.9711,0.9678,0.9678,0.9792,0.9027,0.9107,0.8947
0.52,0.06,0.9735,0.8637,0.8891,0.8613,0.9734,0.9759,0.9735,0.9735,0.9848,0.9273,0.9623,0.8947
0.52,0.07,0.9716,0.8517,0.8825,0.8375,0.9715,0.9736,0.9716,0.9716,0.983,0.9174,0.9615,0.8772
0.52,0.08,0.9735,0.8586,0.8924,0.8378,0.973,0.9744,0.9735,0.9735,0.9848,0.9259,0.9804,0.8772
0.52,0.09,0.9754,0.8627,0.9015,0.8381,0.9746,0.9759,0.9754,0.9754,0.9867,0.9346,1.0,0.8772
0.52,0.1,0.9754,0.8627,0.9015,0.8381,0.9746,0.9759,0.9754,0.9754,0.9867,0.9346,1.0,0.8772
0.52,0.11,0.9754,0.8627,0.9015,0.8381,0.9746,0.9759,0.9754,0.9754,0.9867,0.9346,1.0,0.8772
0.52,0.12,0.9754,0.8627,0.9015,0.8381,0.9746,0.9759,0.9754,0.9754,0.9867,0.9346,1.0,0.8772
0.52,0.13,0.9754,0.8627,0.9015,0.8381,0.9746,0.9759,0.9754,0.9754,0.9867,0.9346,1.0,0.8772
0.52,0.14,0.9754,0.8627,0.9015,0.8381,0.9746,0.9759,0.9754,0.9754,0.9867,0.9346,1.0,0.8772
0.52,0.15,0.9754,0.8627,0.9015,0.8381,0.9746,0.9759,0.9754,0.9754,0.9867,0.9346,1.0,0.8772
0.52,0.16,0.9735,0.8574,0.9012,0.8297,0.9725,0.974,0.9735,0.9735,0.9848,0.9245,1.0,0.8596
0.52,0.17,0.9735,0.8574,0.9012,0.8297,0.9725,0.974,0.9735,0.9735,0.9848,0.9245,1.0,0.8596
0.52,0.18,0.9735,0.8574,0.9012,0.8297,0.9725,0.974,0.9735,0.9735,0.9848,0.9245,1.0,0.8596
0.52,0.19,0.9735,0.8574,0.9012,0.8297,0.9725,0.974,0.9735,0.9735,0.9848,0.9245,1.0,0.8596
0.52,0.2,0.9735,0.8574,0.9012,0.8297,0.9725,0.974,0.9735,0.9735,0.9848,0.9245,1.0,0.8596
0.52,0.21,0.9735,0.8574,0.9012,0.8297,0.9725,0.974,0.9735,0.9735,0.9848,0.9245,1.0,0.8596
0.52,0.22,0.9735,0.8574,0.9012,0.8297,0.9725,0.974,0.9735,0.9735,0.9848,0.9245,1.0,0.8596
0.52,0.23,0.9735,0.8574,0.9012,0.8297,0.9725,0.974,0.9735,0.9735,0.9848,0.9245,1.0,0.8596
0.52,0.24,0.9735,0.8574,0.9012,0.8297,0.9725,0.974,0.9735,0.9735,0.9848,0.9245,1.0,0.8596
0.52,0.25,0.9735,0.8574,0.9012,0.8297,0.9725,0.974,0.9735,0.9735,0.9848,0.9245,1.0,0.8596
0.52,0.26,0.9735,0.8574,0.9012,0.8297,0.9725,0.974,0.9735,0.9735,0.9848,0.9245,1.0,0.8596
0.52,0.27,0.9735,0.8574,0.9012,0.8297,0.9725,0.974,0.9735,0.9735,0.9848,0.9245,1.0,0.8596
0.52,0.28,0.9735,0.8574,0.9012,0.8297,0.9725,0.974,0.9735,0.9735,0.9848,0.9245,1.0,0.8596
0.52,0.29,0.9735,0.8574,0.9012,0.8297,0.9725,0.974,0.9735,0.9735,0.9848,0.9245,1.0,0.8596
0.52,0.3,0.9735,0.8574,0.9012,0.8297,0.9725,0.974,0.9735,0.9735,0.9848,0.9245,1.0,0.8596
0.52,0.31,0.9735,0.8574,0.9012,0.8297,0.9725,0.974,0.9735,0.9735,0.9848,0.9245,1.0,0.8596
0.52,0.32,0.9716,0.8499,0.9009,0.8187,0.9703,0.9722,0.9716,0.9716,0.983,0.9143,1.0,0.8421
0.52,0.33,0.9716,0.8499,0.9009,0.8187,0.9703,0.9722,0.9716,0.9716,0.983,0.9143,1.0,0.8421
0.52,0.34,0.9716,0.8499,0.9009,0.8187,0.9703,0.9722,0.9716,0.9716,0.983,0.9143,1.0,0.8421
0.52,0.35,0.9716,0.8499,0.9009,0.8187,0.9703,0.9722,0.9716,0.9716,0.983,0.9143,1.0,0.8421
0.52,0.36,0.9697,0.8356,0.8929,0.7949,0.9682,0.9698,0.9697,0.9697,0.9811,0.9038,1.0,0.8246
0.52,0.37,0.9697,0.8356,0.8929,0.7949,0.9682,0.9698,0.9697,0.9697,0.9811,0.9038,1.0,0.8246
0.52,0.38,0.9697,0.8356,0.8929,0.7949,0.9682,0.9698,0.9697,0.9697,0.9811,0.9038,1.0,0.8246
0.52,0.39,0.9678,0.7878,0.8927,0.7235,0.966,0.968,0.9678,0.9678,0.9792,0.8932,1.0,0.807
0.52,0.4,0.9678,0.7878,0.8927,0.7235,0.966,0.968,0.9678,0.9678,0.9792,0.8932,1.0,0.807
0.52,0.41,0.9678,0.7878,0.8927,0.7235,0.966,0.968,0.9678,0.9678,0.9792,0.8932,1.0,0.807
0.52,0.42,0.9678,0.7878,0.8927,0.7235,0.966,0.968,0.9678,0.9678,0.9792,0.8932,1.0,0.807
0.52,0.43,0.9678,0.7878,0.8927,0.7235,0.966,0.968,0.9678,0.9678,0.9792,0.8932,1.0,0.807
0.52,0.44,0.9678,0.7878,0.8927,0.7235,0.966,0.968,0.9678,0.9678,0.9792,0.8932,1.0,0.807
0.52,0.45,0.9659,0.7784,0.8876,0.7115,0.9636,0.9654,0.9659,0.9659,0.9773,0.8824,1.0,0.7895
0.52,0.46,0.9659,0.7784,0.8876,0.7115,0.9636,0.9654,0.9659,0.9659,0.9773,0.8824,1.0,0.7895
0.52,0.47,0.9659,0.7784,0.8876,0.7115,0.9636,0.9654,0.9659,0.9659,0.9773,0.8824,1.0,0.7895
0.52,0.48,0.9659,0.7784,0.8876,0.7115,0.9636,0.9654,0.9659,0.9659,0.9773,0.8824,1.0,0.7895
0.52,0.49,0.9659,0.7784,0.8876,0.7115,0.9636,0.9654,0.9659,0.9659,0.9773,0.8824,1.0,0.7895
0.52,0.5,0.9659,0.7784,0.8876,0.7115,0.9636,0.9654,0.9659,0.9659,0.9773,0.8824,1.0,0.7895
0.52,0.51,0.9659,0.7784,0.8876,0.7115,0.9636,0.9654,0.9659,0.9659,0.9773,0.8824,1.0,0.7895
0.52,0.52,0.9659,0.7784,0.8876,0.7115,0.9636,0.9654,0.9659,0.9659,0.9773,0.8824,1.0,0.7895
0.53,0.0,0.9602,0.7509,0.8731,0.6793,0.9562,0.9579,0.9602,0.9602,0.9716,0.8485,1.0,0.7368
0.53,0.01,0.9167,0.7691,0.7621,0.8607,0.9336,0.9591,0.9167,0.9167,0.928,0.7286,0.6145,0.8947
0.53,0.02,0.9394,0.7862,0.7943,0.8442,0.9477,0.962,0.9394,0.9394,0.9508,0.7937,0.7246,0.8772
0.53,0.03,0.9545,0.8106,0.8245,0.8466,0.9581,0.9661,0.9545,0.9545,0.9659,0.8475,0.8197,0.8772
0.53,0.04,0.9621,0.8269,0.84,0.8479,0.9632,0.9674,0.9621,0.9621,0.9735,0.8772,0.8772,0.8772
0.53,0.05,0.9659,0.8378,0.852,0.8485,0.9659,0.9684,0.9659,0.9659,0.9773,0.8929,0.9091,0.8772
0.53,0.06,0.9716,0.8545,0.8836,0.8494,0.971,0.9732,0.9716,0.9716,0.983,0.9174,0.9615,0.8772
0.53,0.07,0.9697,0.8425,0.877,0.8256,0.9691,0.9709,0.9697,0.9697,0.9811,0.9074,0.9608,0.8596
0.53,0.08,0.9716,0.8494,0.8869,0.8259,0.9706,0.9717,0.9716,0.9716,0.983,0.9159,0.98,0.8596
0.53,0.09,0.9735,0.8533,0.8964,0.8262,0.9722,0.9733,0.9735,0.9735,0.9848,0.9245,1.0,0.8596
0.53,0.1,0.9735,0.8533,0.8964,0.8262,0.9722,0.9733,0.9735,0.9735,0.9848,0.9245,1.0,0.8596
0.53,0.11,0.9735,0.8533,0.8964,0.8262,0.9722,0.9733,0.9735,0.9735,0.9848,0.9245,1.0,0.8596
0.53,0.12,0.9735,0.8533,0.8964,0.8262,0.9722,0.9733,0.9735,0.9735,0.9848,0.9245,1.0,0.8596
0.53,0.13,0.9735,0.8533,0.8964,0.8262,0.9722,0.9733,0.9735,0.9735,0.9848,0.9245,1.0,0.8596
0.53,0.14,0.9735,0.8533,0.8964,0.8262,0.9722,0.9733,0.9735,0.9735,0.9848,0.9245,1.0,0.8596
0.53,0.15,0.9735,0.8533,0.8964,0.8262,0.9722,0.9733,0.9735,0.9735,0.9848,0.9245,1.0,0.8596
0.53,0.16,0.9716,0.8479,0.8961,0.8178,0.97,0.9714,0.9716,0.9716,0.983,0.9143,1.0,0.8421
0.53,0.17,0.9716,0.8479,0.8961,0.8178,0.97,0.9714,0.9716,0.9716,0.983,0.9143,1.0,0.8421
0.53,0.18,0.9716,0.8479,0.8961,0.8178,0.97,0.9714,0.9716,0.9716,0.983,0.9143,1.0,0.8421
0.53,0.19,0.9716,0.8479,0.8961,0.8178,0.97,0.9714,0.9716,0.9716,0.983,0.9143,1.0,0.8421
0.53,0.2,0.9716,0.8479,0.8961,0.8178,0.97,0.9714,0.9716,0.9716,0.983,0.9143,1.0,0.8421
0.53,0.21,0.9716,0.8479,0.8961,0.8178,0.97,0.9714,0.9716,0.9716,0.983,0.9143,1.0,0.8421
0.53,0.22,0.9716,0.8479,0.8961,0.8178,0.97,0.9714,0.9716,0.9716,0.983,0.9143,1.0,0.8421
0.53,0.23,0.9716,0.8479,0.8961,0.8178,0.97,0.9714,0.9716,0.9716,0.983,0.9143,1.0,0.8421
0.53,0.24,0.9716,0.8479,0.8961,0.8178,0.97,0.9714,0.9716,0.9716,0.983,0.9143,1.0,0.8421
0.53,0.25,0.9716,0.8479,0.8961,0.8178,0.97,0.9714,0.9716,0.9716,0.983,0.9143,1.0,0.8421
0.53,0.26,0.9716,0.8479,0.8961,0.8178,0.97,0.9714,0.9716,0.9716,0.983,0.9143,1.0,0.8421
0.53,0.27,0.9716,0.8479,0.8961,0.8178,0.97,0.9714,0.9716,0.9716,0.983,0.9143,1.0,0.8421
0.53,0.28,0.9716,0.8479,0.8961,0.8178,0.97,0.9714,0.9716,0.9716,0.983,0.9143,1.0,0.8421
0.53,0.29,0.9716,0.8479,0.8961,0.8178,0.97,0.9714,0.9716,0.9716,0.983,0.9143,1.0,0.8421
0.53,0.3,0.9716,0.8479,0.8961,0.8178,0.97,0.9714,0.9716,0.9716,0.983,0.9143,1.0,0.8421
0.53,0.31,0.9716,0.8479,0.8961,0.8178,0.97,0.9714,0.9716,0.9716,0.983,0.9143,1.0,0.8421
0.53,0.32,0.9697,0.8404,0.8958,0.8068,0.9679,0.9696,0.9697,0.9697,0.9811,0.9038,1.0,0.8246
0.53,0.33,0.9697,0.8404,0.8958,0.8068,0.9679,0.9696,0.9697,0.9697,0.9811,0.9038,1.0,0.8246
0.53,0.34,0.9697,0.8404,0.8958,0.8068,0.9679,0.9696,0.9697,0.9697,0.9811,0.9038,1.0,0.8246
0.53,0.35,0.9697,0.8404,0.8958,0.8068,0.9679,0.9696,0.9697,0.9697,0.9811,0.9038,1.0,0.8246
0.53,0.36,0.9678,0.8262,0.8879,0.783,0.9658,0.9672,0.9678,0.9678,0.9792,0.8932,1.0,0.807
0.53,0.37,0.9678,0.8262,0.8879,0.783,0.9658,0.9672,0.9678,0.9678,0.9792,0.8932,1.0,0.807
0.53,0.38,0.9678,0.8262,0.8879,0.783,0.9658,0.9672,0.9678,0.9678,0.9792,0.8932,1.0,0.807
0.53,0.39,0.9659,0.7784,0.8876,0.7115,0.9636,0.9654,0.9659,0.9659,0.9773,0.8824,1.0,0.7895
0.53,0.4,0.9659,0.7784,0.8876,0.7115,0.9636,0.9654,0.9659,0.9659,0.9773,0.8824,1.0,0.7895
0.53,0.41,0.9659,0.7784,0.8876,0.7115,0.9636,0.9654,0.9659,0.9659,0.9773,0.8824,1.0,0.7895
0.53,0.42,0.9659,0.7784,0.8876,0.7115,0.9636,0.9654,0.9659,0.9659,0.9773,0.8824,1.0,0.7895
0.53,0.43,0.9659,0.7784,0.8876,0.7115,0.9636,0.9654,0.9659,0.9659,0.9773,0.8824,1.0,0.7895
0.53,0.44,0.9659,0.7784,0.8876,0.7115,0.9636,0.9654,0.9659,0.9659,0.9773,0.8824,1.0,0.7895
0.53,0.45,0.964,0.7681,0.8814,0.6996,0.9611,0.9626,0.964,0.964,0.9754,0.8713,1.0,0.7719
0.53,0.46,0.964,0.7681,0.8814,0.6996,0.9611,0.9626,0.964,0.964,0.9754,0.8713,1.0,0.7719
0.53,0.47,0.964,0.7681,0.8814,0.6996,0.9611,0.9626,0.964,0.964,0.9754,0.8713,1.0,0.7719
0.53,0.48,0.964,0.7681,0.8814,0.6996,0.9611,0.9626,0.964,0.964,0.9754,0.8713,1.0,0.7719
0.53,0.49,0.964,0.7681,0.8814,0.6996,0.9611,0.9626,0.964,0.964,0.9754,0.8713,1.0,0.7719
0.53,0.5,0.964,0.7681,0.8814,0.6996,0.9611,0.9626,0.964,0.964,0.9754,0.8713,1.0,0.7719
0.53,0.51,0.964,0.7681,0.8814,0.6996,0.9611,0.9626,0.964,0.964,0.9754,0.8713,1.0,0.7719
0.53,0.52,0.964,0.7681,0.8814,0.6996,0.9611,0.9626,0.964,0.964,0.9754,0.8713,1.0,0.7719
0.53,0.53,0.9602,0.7509,0.8731,0.6793,0.9562,0.9579,0.9602,0.9602,0.9716,0.8485,1.0,0.7368
0.54,0.0,0.9602,0.7509,0.8731,0.6793,0.9562,0.9579,0.9602,0.9602,0.9716,0.8485,1.0,0.7368
0.54,0.01,0.9167,0.7691,0.7621,0.8607,0.9336,0.9591,0.9167,0.9167,0.928,0.7286,0.6145,0.8947
0.54,0.02,0.9394,0.7862,0.7943,0.8442,0.9477,0.962,0.9394,0.9394,0.9508,0.7937,0.7246,0.8772
0.54,0.03,0.9545,0.8106,0.8245,0.8466,0.9581,0.9661,0.9545,0.9545,0.9659,0.8475,0.8197,0.8772
0.54,0.04,0.9621,0.8269,0.84,0.8479,0.9632,0.9674,0.9621,0.9621,0.9735,0.8772,0.8772,0.8772
0.54,0.05,0.9659,0.8378,0.852,0.8485,0.9659,0.9684,0.9659,0.9659,0.9773,0.8929,0.9091,0.8772
0.54,0.06,0.9716,0.8545,0.8836,0.8494,0.971,0.9732,0.9716,0.9716,0.983,0.9174,0.9615,0.8772
0.54,0.07,0.9697,0.8425,0.877,0.8256,0.9691,0.9709,0.9697,0.9697,0.9811,0.9074,0.9608,0.8596
0.54,0.08,0.9716,0.8494,0.8869,0.8259,0.9706,0.9717,0.9716,0.9716,0.983,0.9159,0.98,0.8596
0.54,0.09,0.9735,0.8533,0.8964,0.8262,0.9722,0.9733,0.9735,0.9735,0.9848,0.9245,1.0,0.8596
0.54,0.1,0.9735,0.8533,0.8964,0.8262,0.9722,0.9733,0.9735,0.9735,0.9848,0.9245,1.0,0.8596
0.54,0.11,0.9735,0.8533,0.8964,0.8262,0.9722,0.9733,0.9735,0.9735,0.9848,0.9245,1.0,0.8596
0.54,0.12,0.9735,0.8533,0.8964,0.8262,0.9722,0.9733,0.9735,0.9735,0.9848,0.9245,1.0,0.8596
0.54,0.13,0.9735,0.8533,0.8964,0.8262,0.9722,0.9733,0.9735,0.9735,0.9848,0.9245,1.0,0.8596
0.54,0.14,0.9735,0.8533,0.8964,0.8262,0.9722,0.9733,0.9735,0.9735,0.9848,0.9245,1.0,0.8596
0.54,0.15,0.9735,0.8533,0.8964,0.8262,0.9722,0.9733,0.9735,0.9735,0.9848,0.9245,1.0,0.8596
0.54,0.16,0.9716,0.8479,0.8961,0.8178,0.97,0.9714,0.9716,0.9716,0.983,0.9143,1.0,0.8421
0.54,0.17,0.9716,0.8479,0.8961,0.8178,0.97,0.9714,0.9716,0.9716,0.983,0.9143,1.0,0.8421
0.54,0.18,0.9716,0.8479,0.8961,0.8178,0.97,0.9714,0.9716,0.9716,0.983,0.9143,1.0,0.8421
0.54,0.19,0.9716,0.8479,0.8961,0.8178,0.97,0.9714,0.9716,0.9716,0.983,0.9143,1.0,0.8421
0.54,0.2,0.9716,0.8479,0.8961,0.8178,0.97,0.9714,0.9716,0.9716,0.983,0.9143,1.0,0.8421
0.54,0.21,0.9716,0.8479,0.8961,0.8178,0.97,0.9714,0.9716,0.9716,0.983,0.9143,1.0,0.8421
0.54,0.22,0.9716,0.8479,0.8961,0.8178,0.97,0.9714,0.9716,0.9716,0.983,0.9143,1.0,0.8421
0.54,0.23,0.9716,0.8479,0.8961,0.8178,0.97,0.9714,0.9716,0.9716,0.983,0.9143,1.0,0.8421
0.54,0.24,0.9716,0.8479,0.8961,0.8178,0.97,0.9714,0.9716,0.9716,0.983,0.9143,1.0,0.8421
0.54,0.25,0.9716,0.8479,0.8961,0.8178,0.97,0.9714,0.9716,0.9716,0.983,0.9143,1.0,0.8421
0.54,0.26,0.9716,0.8479,0.8961,0.8178,0.97,0.9714,0.9716,0.9716,0.983,0.9143,1.0,0.8421
0.54,0.27,0.9716,0.8479,0.8961,0.8178,0.97,0.9714,0.9716,0.9716,0.983,0.9143,1.0,0.8421
0.54,0.28,0.9716,0.8479,0.8961,0.8178,0.97,0.9714,0.9716,0.9716,0.983,0.9143,1.0,0.8421
0.54,0.29,0.9716,0.8479,0.8961,0.8178,0.97,0.9714,0.9716,0.9716,0.983,0.9143,1.0,0.8421
0.54,0.3,0.9716,0.8479,0.8961,0.8178,0.97,0.9714,0.9716,0.9716,0.983,0.9143,1.0,0.8421
0.54,0.31,0.9716,0.8479,0.8961,0.8178,0.97,0.9714,0.9716,0.9716,0.983,0.9143,1.0,0.8421
0.54,0.32,0.9697,0.8404,0.8958,0.8068,0.9679,0.9696,0.9697,0.9697,0.9811,0.9038,1.0,0.8246
0.54,0.33,0.9697,0.8404,0.8958,0.8068,0.9679,0.9696,0.9697,0.9697,0.9811,0.9038,1.0,0.8246
0.54,0.34,0.9697,0.8404,0.8958,0.8068,0.9679,0.9696,0.9697,0.9697,0.9811,0.9038,1.0,0.8246
0.54,0.35,0.9697,0.8404,0.8958,0.8068,0.9679,0.9696,0.9697,0.9697,0.9811,0.9038,1.0,0.8246
0.54,0.36,0.9678,0.8262,0.8879,0.783,0.9658,0.9672,0.9678,0.9678,0.9792,0.8932,1.0,0.807
0.54,0.37,0.9678,0.8262,0.8879,0.783,0.9658,0.9672,0.9678,0.9678,0.9792,0.8932,1.0,0.807
0.54,0.38,0.9678,0.8262,0.8879,0.783,0.9658,0.9672,0.9678,0.9678,0.9792,0.8932,1.0,0.807
0.54,0.39,0.9659,0.7784,0.8876,0.7115,0.9636,0.9654,0.9659,0.9659,0.9773,0.8824,1.0,0.7895
0.54,0.4,0.9659,0.7784,0.8876,0.7115,0.9636,0.9654,0.9659,0.9659,0.9773,0.8824,1.0,0.7895
0.54,0.41,0.9659,0.7784,0.8876,0.7115,0.9636,0.9654,0.9659,0.9659,0.9773,0.8824,1.0,0.7895
0.54,0.42,0.9659,0.7784,0.8876,0.7115,0.9636,0.9654,0.9659,0.9659,0.9773,0.8824,1.0,0.7895
0.54,0.43,0.9659,0.7784,0.8876,0.7115,0.9636,0.9654,0.9659,0.9659,0.9773,0.8824,1.0,0.7895
0.54,0.44,0.9659,0.7784,0.8876,0.7115,0.9636,0.9654,0.9659,0.9659,0.9773,0.8824,1.0,0.7895
0.54,0.45,0.964,0.7681,0.8814,0.6996,0.9611,0.9626,0.964,0.964,0.9754,0.8713,1.0,0.7719
0.54,0.46,0.964,0.7681,0.8814,0.6996,0.9611,0.9626,0.964,0.964,0.9754,0.8713,1.0,0.7719
0.54,0.47,0.964,0.7681,0.8814,0.6996,0.9611,0.9626,0.964,0.964,0.9754,0.8713,1.0,0.7719
0.54,0.48,0.964,0.7681,0.8814,0.6996,0.9611,0.9626,0.964,0.964,0.9754,0.8713,1.0,0.7719
0.54,0.49,0.964,0.7681,0.8814,0.6996,0.9611,0.9626,0.964,0.964,0.9754,0.8713,1.0,0.7719
0.54,0.5,0.964,0.7681,0.8814,0.6996,0.9611,0.9626,0.964,0.964,0.9754,0.8713,1.0,0.7719
0.54,0.51,0.964,0.7681,0.8814,0.6996,0.9611,0.9626,0.964,0.964,0.9754,0.8713,1.0,0.7719
0.54,0.52,0.964,0.7681,0.8814,0.6996,0.9611,0.9626,0.964,0.964,0.9754,0.8713,1.0,0.7719
0.54,0.53,0.9602,0.7509,0.8731,0.6793,0.9562,0.9579,0.9602,0.9602,0.9716,0.8485,1.0,0.7368
0.54,0.54,0.9602,0.7509,0.8731,0.6793,0.9562,0.9579,0.9602,0.9602,0.9716,0.8485,1.0,0.7368
0.55,0.0,0.9602,0.7509,0.8731,0.6793,0.9562,0.9579,0.9602,0.9602,0.9716,0.8485,1.0,0.7368
0.55,0.01,0.9167,0.7691,0.7621,0.8607,0.9336,0.9591,0.9167,0.9167,0.928,0.7286,0.6145,0.8947
0.55,0.02,0.9394,0.7862,0.7943,0.8442,0.9477,0.962,0.9394,0.9394,0.9508,0.7937,0.7246,0.8772
0.55,0.03,0.9545,0.8106,0.8245,0.8466,0.9581,0.9661,0.9545,0.9545,0.9659,0.8475,0.8197,0.8772
0.55,0.04,0.9621,0.8269,0.84,0.8479,0.9632,0.9674,0.9621,0.9621,0.9735,0.8772,0.8772,0.8772
0.55,0.05,0.9659,0.8378,0.852,0.8485,0.9659,0.9684,0.9659,0.9659,0.9773,0.8929,0.9091,0.8772
0.55,0.06,0.9716,0.8545,0.8836,0.8494,0.971,0.9732,0.9716,0.9716,0.983,0.9174,0.9615,0.8772
0.55,0.07,0.9697,0.8425,0.877,0.8256,0.9691,0.9709,0.9697,0.9697,0.9811,0.9074,0.9608,0.8596
0.55,0.08,0.9716,0.8494,0.8869,0.8259,0.9706,0.9717,0.9716,0.9716,0.983,0.9159,0.98,0.8596
0.55,0.09,0.9735,0.8533,0.8964,0.8262,0.9722,0.9733,0.9735,0.9735,0.9848,0.9245,1.0,0.8596
0.55,0.1,0.9735,0.8533,0.8964,0.8262,0.9722,0.9733,0.9735,0.9735,0.9848,0.9245,1.0,0.8596
0.55,0.11,0.9735,0.8533,0.8964,0.8262,0.9722,0.9733,0.9735,0.9735,0.9848,0.9245,1.0,0.8596
0.55,0.12,0.9735,0.8533,0.8964,0.8262,0.9722,0.9733,0.9735,0.9735,0.9848,0.9245,1.0,0.8596
0.55,0.13,0.9735,0.8533,0.8964,0.8262,0.9722,0.9733,0.9735,0.9735,0.9848,0.9245,1.0,0.8596
0.55,0.14,0.9735,0.8533,0.8964,0.8262,0.9722,0.9733,0.9735,0.9735,0.9848,0.9245,1.0,0.8596
0.55,0.15,0.9735,0.8533,0.8964,0.8262,0.9722,0.9733,0.9735,0.9735,0.9848,0.9245,1.0,0.8596
0.55,0.16,0.9716,0.8479,0.8961,0.8178,0.97,0.9714,0.9716,0.9716,0.983,0.9143,1.0,0.8421
0.55,0.17,0.9716,0.8479,0.8961,0.8178,0.97,0.9714,0.9716,0.9716,0.983,0.9143,1.0,0.8421
0.55,0.18,0.9716,0.8479,0.8961,0.8178,0.97,0.9714,0.9716,0.9716,0.983,0.9143,1.0,0.8421
0.55,0.19,0.9716,0.8479,0.8961,0.8178,0.97,0.9714,0.9716,0.9716,0.983,0.9143,1.0,0.8421
0.55,0.2,0.9716,0.8479,0.8961,0.8178,0.97,0.9714,0.9716,0.9716,0.983,0.9143,1.0,0.8421
0.55,0.21,0.9716,0.8479,0.8961,0.8178,0.97,0.9714,0.9716,0.9716,0.983,0.9143,1.0,0.8421
0.55,0.22,0.9716,0.8479,0.8961,0.8178,0.97,0.9714,0.9716,0.9716,0.983,0.9143,1.0,0.8421
0.55,0.23,0.9716,0.8479,0.8961,0.8178,0.97,0.9714,0.9716,0.9716,0.983,0.9143,1.0,0.8421
0.55,0.24,0.9716,0.8479,0.8961,0.8178,0.97,0.9714,0.9716,0.9716,0.983,0.9143,1.0,0.8421
0.55,0.25,0.9716,0.8479,0.8961,0.8178,0.97,0.9714,0.9716,0.9716,0.983,0.9143,1.0,0.8421
0.55,0.26,0.9716,0.8479,0.8961,0.8178,0.97,0.9714,0.9716,0.9716,0.983,0.9143,1.0,0.8421
0.55,0.27,0.9716,0.8479,0.8961,0.8178,0.97,0.9714,0.9716,0.9716,0.983,0.9143,1.0,0.8421
0.55,0.28,0.9716,0.8479,0.8961,0.8178,0.97,0.9714,0.9716,0.9716,0.983,0.9143,1.0,0.8421
0.55,0.29,0.9716,0.8479,0.8961,0.8178,0.97,0.9714,0.9716,0.9716,0.983,0.9143,1.0,0.8421
0.55,0.3,0.9716,0.8479,0.8961,0.8178,0.97,0.9714,0.9716,0.9716,0.983,0.9143,1.0,0.8421
0.55,0.31,0.9716,0.8479,0.8961,0.8178,0.97,0.9714,0.9716,0.9716,0.983,0.9143,1.0,0.8421
0.55,0.32,0.9697,0.8404,0.8958,0.8068,0.9679,0.9696,0.9697,0.9697,0.9811,0.9038,1.0,0.8246
0.55,0.33,0.9697,0.8404,0.8958,0.8068,0.9679,0.9696,0.9697,0.9697,0.9811,0.9038,1.0,0.8246
0.55,0.34,0.9697,0.8404,0.8958,0.8068,0.9679,0.9696,0.9697,0.9697,0.9811,0.9038,1.0,0.8246
0.55,0.35,0.9697,0.8404,0.8958,0.8068,0.9679,0.9696,0.9697,0.9697,0.9811,0.9038,1.0,0.8246
0.55,0.36,0.9678,0.8262,0.8879,0.783,0.9658,0.9672,0.9678,0.9678,0.9792,0.8932,1.0,0.807
0.55,0.37,0.9678,0.8262,0.8879,0.783,0.9658,0.9672,0.9678,0.9678,0.9792,0.8932,1.0,0.807
0.55,0.38,0.9678,0.8262,0.8879,0.783,0.9658,0.9672,0.9678,0.9678,0.9792,0.8932,1.0,0.807
0.55,0.39,0.9659,0.7784,0.8876,0.7115,0.9636,0.9654,0.9659,0.9659,0.9773,0.8824,1.0,0.7895
0.55,0.4,0.9659,0.7784,0.8876,0.7115,0.9636,0.9654,0.9659,0.9659,0.9773,0.8824,1.0,0.7895
0.55,0.41,0.9659,0.7784,0.8876,0.7115,0.9636,0.9654,0.9659,0.9659,0.9773,0.8824,1.0,0.7895
0.55,0.42,0.9659,0.7784,0.8876,0.7115,0.9636,0.9654,0.9659,0.9659,0.9773,0.8824,1.0,0.7895
0.55,0.43,0.9659,0.7784,0.8876,0.7115,0.9636,0.9654,0.9659,0.9659,0.9773,0.8824,1.0,0.7895
0.55,0.44,0.9659,0.7784,0.8876,0.7115,0.9636,0.9654,0.9659,0.9659,0.9773,0.8824,1.0,0.7895
0.55,0.45,0.964,0.7681,0.8814,0.6996,0.9611,0.9626,0.964,0.964,0.9754,0.8713,1.0,0.7719
0.55,0.46,0.964,0.7681,0.8814,0.6996,0.9611,0.9626,0.964,0.964,0.9754,0.8713,1.0,0.7719
0.55,0.47,0.964,0.7681,0.8814,0.6996,0.9611,0.9626,0.964,0.964,0.9754,0.8713,1.0,0.7719
0.55,0.48,0.964,0.7681,0.8814,0.6996,0.9611,0.9626,0.964,0.964,0.9754,0.8713,1.0,0.7719
0.55,0.49,0.964,0.7681,0.8814,0.6996,0.9611,0.9626,0.964,0.964,0.9754,0.8713,1.0,0.7719
0.55,0.5,0.964,0.7681,0.8814,0.6996,0.9611,0.9626,0.964,0.964,0.9754,0.8713,1.0,0.7719
0.55,0.51,0.964,0.7681,0.8814,0.6996,0.9611,0.9626,0.964,0.964,0.9754,0.8713,1.0,0.7719
0.55,0.52,0.964,0.7681,0.8814,0.6996,0.9611,0.9626,0.964,0.964,0.9754,0.8713,1.0,0.7719
0.55,0.53,0.9602,0.7509,0.8731,0.6793,0.9562,0.9579,0.9602,0.9602,0.9716,0.8485,1.0,0.7368
0.55,0.54,0.9602,0.7509,0.8731,0.6793,0.9562,0.9579,0.9602,0.9602,0.9716,0.8485,1.0,0.7368
0.55,0.55,0.9602,0.7509,0.8731,0.6793,0.9562,0.9579,0.9602,0.9602,0.9716,0.8485,1.0,0.7368
0.56,0.0,0.9602,0.7509,0.8731,0.6793,0.9562,0.9579,0.9602,0.9602,0.9716,0.8485,1.0,0.7368
0.56,0.01,0.9167,0.7691,0.7621,0.8607,0.9336,0.9591,0.9167,0.9167,0.928,0.7286,0.6145,0.8947
0.56,0.02,0.9394,0.7862,0.7943,0.8442,0.9477,0.962,0.9394,0.9394,0.9508,0.7937,0.7246,0.8772
0.56,0.03,0.9545,0.8106,0.8245,0.8466,0.9581,0.9661,0.9545,0.9545,0.9659,0.8475,0.8197,0.8772
0.56,0.04,0.9621,0.8269,0.84,0.8479,0.9632,0.9674,0.9621,0.9621,0.9735,0.8772,0.8772,0.8772
0.56,0.05,0.9659,0.8378,0.852,0.8485,0.9659,0.9684,0.9659,0.9659,0.9773,0.8929,0.9091,0.8772
0.56,0.06,0.9716,0.8545,0.8836,0.8494,0.971,0.9732,0.9716,0.9716,0.983,0.9174,0.9615,0.8772
0.56,0.07,0.9697,0.8425,0.877,0.8256,0.9691,0.9709,0.9697,0.9697,0.9811,0.9074,0.9608,0.8596
0.56,0.08,0.9716,0.8494,0.8869,0.8259,0.9706,0.9717,0.9716,0.9716,0.983,0.9159,0.98,0.8596
0.56,0.09,0.9735,0.8533,0.8964,0.8262,0.9722,0.9733,0.9735,0.9735,0.9848,0.9245,1.0,0.8596
0.56,0.1,0.9735,0.8533,0.8964,0.8262,0.9722,0.9733,0.9735,0.9735,0.9848,0.9245,1.0,0.8596
0.56,0.11,0.9735,0.8533,0.8964,0.8262,0.9722,0.9733,0.9735,0.9735,0.9848,0.9245,1.0,0.8596
0.56,0.12,0.9735,0.8533,0.8964,0.8262,0.9722,0.9733,0.9735,0.9735,0.9848,0.9245,1.0,0.8596
0.56,0.13,0.9735,0.8533,0.8964,0.8262,0.9722,0.9733,0.9735,0.9735,0.9848,0.9245,1.0,0.8596
0.56,0.14,0.9735,0.8533,0.8964,0.8262,0.9722,0.9733,0.9735,0.9735,0.9848,0.9245,1.0,0.8596
0.56,0.15,0.9735,0.8533,0.8964,0.8262,0.9722,0.9733,0.9735,0.9735,0.9848,0.9245,1.0,0.8596
0.56,0.16,0.9716,0.8479,0.8961,0.8178,0.97,0.9714,0.9716,0.9716,0.983,0.9143,1.0,0.8421
0.56,0.17,0.9716,0.8479,0.8961,0.8178,0.97,0.9714,0.9716,0.9716,0.983,0.9143,1.0,0.8421
0.56,0.18,0.9716,0.8479,0.8961,0.8178,0.97,0.9714,0.9716,0.9716,0.983,0.9143,1.0,0.8421
0.56,0.19,0.9716,0.8479,0.8961,0.8178,0.97,0.9714,0.9716,0.9716,0.983,0.9143,1.0,0.8421
0.56,0.2,0.9716,0.8479,0.8961,0.8178,0.97,0.9714,0.9716,0.9716,0.983,0.9143,1.0,0.8421
0.56,0.21,0.9716,0.8479,0.8961,0.8178,0.97,0.9714,0.9716,0.9716,0.983,0.9143,1.0,0.8421
0.56,0.22,0.9716,0.8479,0.8961,0.8178,0.97,0.9714,0.9716,0.9716,0.983,0.9143,1.0,0.8421
0.56,0.23,0.9716,0.8479,0.8961,0.8178,0.97,0.9714,0.9716,0.9716,0.983,0.9143,1.0,0.8421
0.56,0.24,0.9716,0.8479,0.8961,0.8178,0.97,0.9714,0.9716,0.9716,0.983,0.9143,1.0,0.8421
0.56,0.25,0.9716,0.8479,0.8961,0.8178,0.97,0.9714,0.9716,0.9716,0.983,0.9143,1.0,0.8421
0.56,0.26,0.9716,0.8479,0.8961,0.8178,0.97,0.9714,0.9716,0.9716,0.983,0.9143,1.0,0.8421
0.56,0.27,0.9716,0.8479,0.8961,0.8178,0.97,0.9714,0.9716,0.9716,0.983,0.9143,1.0,0.8421
0.56,0.28,0.9716,0.8479,0.8961,0.8178,0.97,0.9714,0.9716,0.9716,0.983,0.9143,1.0,0.8421
0.56,0.29,0.9716,0.8479,0.8961,0.8178,0.97,0.9714,0.9716,0.9716,0.983,0.9143,1.0,0.8421
0.56,0.3,0.9716,0.8479,0.8961,0.8178,0.97,0.9714,0.9716,0.9716,0.983,0.9143,1.0,0.8421
0.56,0.31,0.9716,0.8479,0.8961,0.8178,0.97,0.9714,0.9716,0.9716,0.983,0.9143,1.0,0.8421
0.56,0.32,0.9697,0.8404,0.8958,0.8068,0.9679,0.9696,0.9697,0.9697,0.9811,0.9038,1.0,0.8246
0.56,0.33,0.9697,0.8404,0.8958,0.8068,0.9679,0.9696,0.9697,0.9697,0.9811,0.9038,1.0,0.8246
0.56,0.34,0.9697,0.8404,0.8958,0.8068,0.9679,0.9696,0.9697,0.9697,0.9811,0.9038,1.0,0.8246
0.56,0.35,0.9697,0.8404,0.8958,0.8068,0.9679,0.9696,0.9697,0.9697,0.9811,0.9038,1.0,0.8246
0.56,0.36,0.9678,0.8262,0.8879,0.783,0.9658,0.9672,0.9678,0.9678,0.9792,0.8932,1.0,0.807
0.56,0.37,0.9678,0.8262,0.8879,0.783,0.9658,0.9672,0.9678,0.9678,0.9792,0.8932,1.0,0.807
0.56,0.38,0.9678,0.8262,0.8879,0.783,0.9658,0.9672,0.9678,0.9678,0.9792,0.8932,1.0,0.807
0.56,0.39,0.9659,0.7784,0.8876,0.7115,0.9636,0.9654,0.9659,0.9659,0.9773,0.8824,1.0,0.7895
0.56,0.4,0.9659,0.7784,0.8876,0.7115,0.9636,0.9654,0.9659,0.9659,0.9773,0.8824,1.0,0.7895
0.56,0.41,0.9659,0.7784,0.8876,0.7115,0.9636,0.9654,0.9659,0.9659,0.9773,0.8824,1.0,0.7895
0.56,0.42,0.9659,0.7784,0.8876,0.7115,0.9636,0.9654,0.9659,0.9659,0.9773,0.8824,1.0,0.7895
0.56,0.43,0.9659,0.7784,0.8876,0.7115,0.9636,0.9654,0.9659,0.9659,0.9773,0.8824,1.0,0.7895
0.56,0.44,0.9659,0.7784,0.8876,0.7115,0.9636,0.9654,0.9659,0.9659,0.9773,0.8824,1.0,0.7895
0.56,0.45,0.964,0.7681,0.8814,0.6996,0.9611,0.9626,0.964,0.964,0.9754,0.8713,1.0,0.7719
0.56,0.46,0.964,0.7681,0.8814,0.6996,0.9611,0.9626,0.964,0.964,0.9754,0.8713,1.0,0.7719
0.56,0.47,0.964,0.7681,0.8814,0.6996,0.9611,0.9626,0.964,0.964,0.9754,0.8713,1.0,0.7719
0.56,0.48,0.964,0.7681,0.8814,0.6996,0.9611,0.9626,0.964,0.964,0.9754,0.8713,1.0,0.7719
0.56,0.49,0.964,0.7681,0.8814,0.6996,0.9611,0.9626,0.964,0.964,0.9754,0.8713,1.0,0.7719
0.56,0.5,0.964,0.7681,0.8814,0.6996,0.9611,0.9626,0.964,0.964,0.9754,0.8713,1.0,0.7719
0.56,0.51,0.964,0.7681,0.8814,0.6996,0.9611,0.9626,0.964,0.964,0.9754,0.8713,1.0,0.7719
0.56,0.52,0.964,0.7681,0.8814,0.6996,0.9611,0.9626,0.964,0.964,0.9754,0.8713,1.0,0.7719
0.56,0.53,0.9602,0.7509,0.8731,0.6793,0.9562,0.9579,0.9602,0.9602,0.9716,0.8485,1.0,0.7368
0.56,0.54,0.9602,0.7509,0.8731,0.6793,0.9562,0.9579,0.9602,0.9602,0.9716,0.8485,1.0,0.7368
0.56,0.55,0.9602,0.7509,0.8731,0.6793,0.9562,0.9579,0.9602,0.9602,0.9716,0.8485,1.0,0.7368
0.56,0.56,0.9602,0.7509,0.8731,0.6793,0.9562,0.9579,0.9602,0.9602,0.9716,0.8485,1.0,0.7368
0.57,0.0,0.9564,0.7213,0.8624,0.6351,0.9518,0.9535,0.9564,0.9564,0.9678,0.8247,1.0,0.7018
0.57,0.01,0.9129,0.745,0.7615,0.8199,0.9295,0.9552,0.9129,0.9129,0.9242,0.7101,0.6049,0.8596
0.57,0.02,0.9375,0.7732,0.794,0.8238,0.9456,0.9601,0.9375,0.9375,0.9489,0.784,0.7206,0.8596
0.57,0.03,0.9527,0.7976,0.8242,0.8262,0.9559,0.9642,0.9527,0.9527,0.964,0.8376,0.8167,0.8596
0.57,0.04,0.9602,0.814,0.8397,0.8275,0.961,0.9656,0.9602,0.9602,0.9716,0.8673,0.875,0.8596
0.57,0.05,0.964,0.8249,0.8517,0.8281,0.9638,0.9666,0.964,0.964,0.9754,0.8829,0.9074,0.8596
0.57,0.06,0.9697,0.8416,0.8833,0.829,0.9689,0.9714,0.9697,0.9697,0.9811,0.9074,0.9608,0.8596
0.57,0.07,0.9678,0.8295,0.8767,0.8052,0.967,0.9691,0.9678,0.9678,0.9792,0.8972,0.96,0.8421
0.57,0.08,0.9697,0.8365,0.8866,0.8055,0.9685,0.9699,0.9697,0.9697,0.9811,0.9057,0.9796,0.8421
0.57,0.09,0.9716,0.8403,0.8961,0.8058,0.97,0.9714,0.9716,0.9716,0.983,0.9143,1.0,0.8421
0.57,0.1,0.9716,0.8403,0.8961,0.8058,0.97,0.9714,0.9716,0.9716,0.983,0.9143,1.0,0.8421
0.57,0.11,0.9716,0.8403,0.8961,0.8058,0.97,0.9714,0.9716,0.9716,0.983,0.9143,1.0,0.8421
0.57,0.12,0.9716,0.8403,0.8961,0.8058,0.97,0.9714,0.9716,0.9716,0.983,0.9143,1.0,0.8421
0.57,0.13,0.9716,0.8403,0.8961,0.8058,0.97,0.9714,0.9716,0.9716,0.983,0.9143,1.0,0.8421
0.57,0.14,0.9716,0.8403,0.8961,0.8058,0.97,0.9714,0.9716,0.9716,0.983,0.9143,1.0,0.8421
0.57,0.15,0.9716,0.8403,0.8961,0.8058,0.97,0.9714,0.9716,0.9716,0.983,0.9143,1.0,0.8421
0.57,0.16,0.9697,0.835,0.8958,0.7974,0.9679,0.9696,0.9697,0.9697,0.9811,0.9038,1.0,0.8246
0.57,0.17,0.9697,0.835,0.8958,0.7974,0.9679,0.9696,0.9697,0.9697,0.9811,0.9038,1.0,0.8246
0.57,0.18,0.9697,0.835,0.8958,0.7974,0.9679,0.9696,0.9697,0.9697,0.9811,0.9038,1.0,0.8246
0.57,0.19,0.9697,0.835,0.8958,0.7974,0.9679,0.9696,0.9697,0.9697,0.9811,0.9038,1.0,0.8246
0.57,0.2,0.9697,0.835,0.8958,0.7974,0.9679,0.9696,0.9697,0.9697,0.9811,0.9038,1.0,0.8246
0.57,0.21,0.9697,0.835,0.8958,0.7974,0.9679,0.9696,0.9697,0.9697,0.9811,0.9038,1.0,0.8246
0.57,0.22,0.9697,0.835,0.8958,0.7974,0.9679,0.9696,0.9697,0.9697,0.9811,0.9038,1.0,0.8246
0.57,0.23,0.9697,0.835,0.8958,0.7974,0.9679,0.9696,0.9697,0.9697,0.9811,0.9038,1.0,0.8246
0.57,0.24,0.9697,0.835,0.8958,0.7974,0.9679,0.9696,0.9697,0.9697,0.9811,0.9038,1.0,0.8246
0.57,0.25,0.9697,0.835,0.8958,0.7974,0.9679,0.9696,0.9697,0.9697,0.9811,0.9038,1.0,0.8246
0.57,0.26,0.9697,0.835,0.8958,0.7974,0.9679,0.9696,0.9697,0.9697,0.9811,0.9038,1.0,0.8246
0.57,0.27,0.9697,0.835,0.8958,0.7974,0.9679,0.9696,0.9697,0.9697,0.9811,0.9038,1.0,0.8246
0.57,0.28,0.9697,0.835,0.8958,0.7974,0.9679,0.9696,0.9697,0.9697,0.9811,0.9038,1.0,0.8246
0.57,0.29,0.9697,0.835,0.8958,0.7974,0.9679,0.9696,0.9697,0.9697,0.9811,0.9038,1.0,0.8246
0.57,0.3,0.9697,0.835,0.8958,0.7974,0.9679,0.9696,0.9697,0.9697,0.9811,0.9038,1.0,0.8246
0.57,0.31,0.9697,0.835,0.8958,0.7974,0.9679,0.9696,0.9697,0.9697,0.9811,0.9038,1.0,0.8246
0.57,0.32,0.9678,0.8275,0.8955,0.7864,0.9657,0.9678,0.9678,0.9678,0.9792,0.8932,1.0,0.807
0.57,0.33,0.9678,0.8275,0.8955,0.7864,0.9657,0.9678,0.9678,0.9678,0.9792,0.8932,1.0,0.807
0.57,0.34,0.9678,0.8275,0.8955,0.7864,0.9657,0.9678,0.9678,0.9678,0.9792,0.8932,1.0,0.807
0.57,0.35,0.9678,0.8275,0.8955,0.7864,0.9657,0.9678,0.9678,0.9678,0.9792,0.8932,1.0,0.807
0.57,0.36,0.9659,0.8132,0.8876,0.7626,0.9637,0.9654,0.9659,0.9659,0.9773,0.8824,1.0,0.7895
0.57,0.37,0.9659,0.8132,0.8876,0.7626,0.9637,0.9654,0.9659,0.9659,0.9773,0.8824,1.0,0.7895
0.57,0.38,0.9659,0.8132,0.8876,0.7626,0.9637,0.9654,0.9659,0.9659,0.9773,0.8824,1.0,0.7895
0.57,0.39,0.964,0.7654,0.8873,0.6911,0.9615,0.9636,0.964,0.964,0.9754,0.8713,1.0,0.7719
0.57,0.4,0.964,0.7654,0.8873,0.6911,0.9615,0.9636,0.964,0.964,0.9754,0.8713,1.0,0.7719
0.57,0.41,0.964,0.7654,0.8873,0.6911,0.9615,0.9636,0.964,0.964,0.9754,0.8713,1.0,0.7719
0.57,0.42,0.964,0.7654,0.8873,0.6911,0.9615,0.9636,0.964,0.964,0.9754,0.8713,1.0,0.7719
0.57,0.43,0.964,0.7654,0.8873,0.6911,0.9615,0.9636,0.964,0.964,0.9754,0.8713,1.0,0.7719
0.57,0.44,0.964,0.7654,0.8873,0.6911,0.9615,0.9636,0.964,0.964,0.9754,0.8713,1.0,0.7719
0.57,0.45,0.9621,0.7551,0.8811,0.6792,0.959,0.9609,0.9621,0.9621,0.9735,0.86,1.0,0.7544
0.57,0.46,0.9621,0.7551,0.8811,0.6792,0.959,0.9609,0.9621,0.9621,0.9735,0.86,1.0,0.7544
0.57,0.47,0.9621,0.7551,0.8811,0.6792,0.959,0.9609,0.9621,0.9621,0.9735,0.86,1.0,0.7544
0.57,0.48,0.9621,0.7551,0.8811,0.6792,0.959,0.9609,0.9621,0.9621,0.9735,0.86,1.0,0.7544
0.57,0.49,0.9621,0.7551,0.8811,0.6792,0.959,0.9609,0.9621,0.9621,0.9735,0.86,1.0,0.7544
0.57,0.5,0.9621,0.7551,0.8811,0.6792,0.959,0.9609,0.9621,0.9621,0.9735,0.86,1.0,0.7544
0.57,0.51,0.9621,0.7551,0.8811,0.6792,0.959,0.9609,0.9621,0.9621,0.9735,0.86,1.0,0.7544
0.57,0.52,0.9621,0.7551,0.8811,0.6792,0.959,0.9609,0.9621,0.9621,0.9735,0.86,1.0,0.7544
0.57,0.53,0.9583,0.7379,0.8729,0.6589,0.9541,0.9561,0.9583,0.9583,0.9697,0.8367,1.0,0.7193
0.57,0.54,0.9583,0.7379,0.8729,0.6589,0.9541,0.9561,0.9583,0.9583,0.9697,0.8367,1.0,0.7193
0.57,0.55,0.9583,0.7379,0.8729,0.6589,0.9541,0.9561,0.9583,0.9583,0.9697,0.8367,1.0,0.7193
0.57,0.56,0.9583,0.7379,0.8729,0.6589,0.9541,0.9561,0.9583,0.9583,0.9697,0.8367,1.0,0.7193
0.57,0.57,0.9564,0.7213,0.8624,0.6351,0.9518,0.9535,0.9564,0.9564,0.9678,0.8247,1.0,0.7018
0.58,0.0,0.9564,0.7213,0.8624,0.6351,0.9518,0.9535,0.9564,0.9564,0.9678,0.8247,1.0,0.7018
0.58,0.01,0.9129,0.745,0.7615,0.8199,0.9295,0.9552,0.9129,0.9129,0.9242,0.7101,0.6049,0.8596
0.58,0.02,0.9375,0.7732,0.794,0.8238,0.9456,0.9601,0.9375,0.9375,0.9489,0.784,0.7206,0.8596
0.58,0.03,0.9527,0.7976,0.8242,0.8262,0.9559,0.9642,0.9527,0.9527,0.964,0.8376,0.8167,0.8596
0.58,0.04,0.9602,0.814,0.8397,0.8275,0.961,0.9656,0.9602,0.9602,0.9716,0.8673,0.875,0.8596
0.58,0.05,0.964,0.8249,0.8517,0.8281,0.9638,0.9666,0.964,0.964,0.9754,0.8829,0.9074,0.8596
0.58,0.06,0.9697,0.8416,0.8833,0.829,0.9689,0.9714,0.9697,0.9697,0.9811,0.9074,0.9608,0.8596
0.58,0.07,0.9678,0.8295,0.8767,0.8052,0.967,0.9691,0.9678,0.9678,0.9792,0.8972,0.96,0.8421
0.58,0.08,0.9697,0.8365,0.8866,0.8055,0.9685,0.9699,0.9697,0.9697,0.9811,0.9057,0.9796,0.8421
0.58,0.09,0.9716,0.8403,0.8961,0.8058,0.97,0.9714,0.9716,0.9716,0.983,0.9143,1.0,0.8421
0.58,0.1,0.9716,0.8403,0.8961,0.8058,0.97,0.9714,0.9716,0.9716,0.983,0.9143,1.0,0.8421
0.58,0.11,0.9716,0.8403,0.8961,0.8058,0.97,0.9714,0.9716,0.9716,0.983,0.9143,1.0,0.8421
0.58,0.12,0.9716,0.8403,0.8961,0.8058,0.97,0.9714,0.9716,0.9716,0.983,0.9143,1.0,0.8421
0.58,0.13,0.9716,0.8403,0.8961,0.8058,0.97,0.9714,0.9716,0.9716,0.983,0.9143,1.0,0.8421
0.58,0.14,0.9716,0.8403,0.8961,0.8058,0.97,0.9714,0.9716,0.9716,0.983,0.9143,1.0,0.8421
0.58,0.15,0.9716,0.8403,0.8961,0.8058,0.97,0.9714,0.9716,0.9716,0.983,0.9143,1.0,0.8421
0.58,0.16,0.9697,0.835,0.8958,0.7974,0.9679,0.9696,0.9697,0.9697,0.9811,0.9038,1.0,0.8246
0.58,0.17,0.9697,0.835,0.8958,0.7974,0.9679,0.9696,0.9697,0.9697,0.9811,0.9038,1.0,0.8246
0.58,0.18,0.9697,0.835,0.8958,0.7974,0.9679,0.9696,0.9697,0.9697,0.9811,0.9038,1.0,0.8246
0.58,0.19,0.9697,0.835,0.8958,0.7974,0.9679,0.9696,0.9697,0.9697,0.9811,0.9038,1.0,0.8246
0.58,0.2,0.9697,0.835,0.8958,0.7974,0.9679,0.9696,0.9697,0.9697,0.9811,0.9038,1.0,0.8246
0.58,0.21,0.9697,0.835,0.8958,0.7974,0.9679,0.9696,0.9697,0.9697,0.9811,0.9038,1.0,0.8246
0.58,0.22,0.9697,0.835,0.8958,0.7974,0.9679,0.9696,0.9697,0.9697,0.9811,0.9038,1.0,0.8246
0.58,0.23,0.9697,0.835,0.8958,0.7974,0.9679,0.9696,0.9697,0.9697,0.9811,0.9038,1.0,0.8246
0.58,0.24,0.9697,0.835,0.8958,0.7974,0.9679,0.9696,0.9697,0.9697,0.9811,0.9038,1.0,0.8246
0.58,0.25,0.9697,0.835,0.8958,0.7974,0.9679,0.9696,0.9697,0.9697,0.9811,0.9038,1.0,0.8246
0.58,0.26,0.9697,0.835,0.8958,0.7974,0.9679,0.9696,0.9697,0.9697,0.9811,0.9038,1.0,0.8246
0.58,0.27,0.9697,0.835,0.8958,0.7974,0.9679,0.9696,0.9697,0.9697,0.9811,0.9038,1.0,0.8246
0.58,0.28,0.9697,0.835,0.8958,0.7974,0.9679,0.9696,0.9697,0.9697,0.9811,0.9038,1.0,0.8246
0.58,0.29,0.9697,0.835,0.8958,0.7974,0.9679,0.9696,0.9697,0.9697,0.9811,0.9038,1.0,0.8246
0.58,0.3,0.9697,0.835,0.8958,0.7974,0.9679,0.9696,0.9697,0.9697,0.9811,0.9038,1.0,0.8246
0.58,0.31,0.9697,0.835,0.8958,0.7974,0.9679,0.9696,0.9697,0.9697,0.9811,0.9038,1.0,0.8246
0.58,0.32,0.9678,0.8275,0.8955,0.7864,0.9657,0.9678,0.9678,0.9678,0.9792,0.8932,1.0,0.807
0.58,0.33,0.9678,0.8275,0.8955,0.7864,0.9657,0.9678,0.9678,0.9678,0.9792,0.8932,1.0,0.807
0.58,0.34,0.9678,0.8275,0.8955,0.7864,0.9657,0.9678,0.9678,0.9678,0.9792,0.8932,1.0,0.807
0.58,0.35,0.9678,0.8275,0.8955,0.7864,0.9657,0.9678,0.9678,0.9678,0.9792,0.8932,1.0,0.807
0.58,0.36,0.9659,0.8132,0.8876,0.7626,0.9637,0.9654,0.9659,0.9659,0.9773,0.8824,1.0,0.7895
0.58,0.37,0.9659,0.8132,0.8876,0.7626,0.9637,0.9654,0.9659,0.9659,0.9773,0.8824,1.0,0.7895
0.58,0.38,0.9659,0.8132,0.8876,0.7626,0.9637,0.9654,0.9659,0.9659,0.9773,0.8824,1.0,0.7895
0.58,0.39,0.964,0.7654,0.8873,0.6911,0.9615,0.9636,0.964,0.964,0.9754,0.8713,1.0,0.7719
0.58,0.4,0.964,0.7654,0.8873,0.6911,0.9615,0.9636,0.964,0.964,0.9754,0.8713,1.0,0.7719
0.58,0.41,0.964,0.7654,0.8873,0.6911,0.9615,0.9636,0.964,0.964,0.9754,0.8713,1.0,0.7719
0.58,0.42,0.964,0.7654,0.8873,0.6911,0.9615,0.9636,0.964,0.964,0.9754,0.8713,1.0,0.7719
0.58,0.43,0.964,0.7654,0.8873,0.6911,0.9615,0.9636,0.964,0.964,0.9754,0.8713,1.0,0.7719
0.58,0.44,0.964,0.7654,0.8873,0.6911,0.9615,0.9636,0.964,0.964,0.9754,0.8713,1.0,0.7719
0.58,0.45,0.9621,0.7551,0.8811,0.6792,0.959,0.9609,0.9621,0.9621,0.9735,0.86,1.0,0.7544
0.58,0.46,0.9621,0.7551,0.8811,0.6792,0.959,0.9609,0.9621,0.9621,0.9735,0.86,1.0,0.7544
0.58,0.47,0.9621,0.7551,0.8811,0.6792,0.959,0.9609,0.9621,0.9621,0.9735,0.86,1.0,0.7544
0.58,0.48,0.9621,0.7551,0.8811,0.6792,0.959,0.9609,0.9621,0.9621,0.9735,0.86,1.0,0.7544
0.58,0.49,0.9621,0.7551,0.8811,0.6792,0.959,0.9609,0.9621,0.9621,0.9735,0.86,1.0,0.7544
0.58,0.5,0.9621,0.7551,0.8811,0.6792,0.959,0.9609,0.9621,0.9621,0.9735,0.86,1.0,0.7544
0.58,0.51,0.9621,0.7551,0.8811,0.6792,0.959,0.9609,0.9621,0.9621,0.9735,0.86,1.0,0.7544
0.58,0.52,0.9621,0.7551,0.8811,0.6792,0.959,0.9609,0.9621,0.9621,0.9735,0.86,1.0,0.7544
0.58,0.53,0.9583,0.7379,0.8729,0.6589,0.9541,0.9561,0.9583,0.9583,0.9697,0.8367,1.0,0.7193
0.58,0.54,0.9583,0.7379,0.8729,0.6589,0.9541,0.9561,0.9583,0.9583,0.9697,0.8367,1.0,0.7193
0.58,0.55,0.9583,0.7379,0.8729,0.6589,0.9541,0.9561,0.9583,0.9583,0.9697,0.8367,1.0,0.7193
0.58,0.56,0.9583,0.7379,0.8729,0.6589,0.9541,0.9561,0.9583,0.9583,0.9697,0.8367,1.0,0.7193
0.58,0.57,0.9564,0.7213,0.8624,0.6351,0.9518,0.9535,0.9564,0.9564,0.9678,0.8247,1.0,0.7018
0.58,0.58,0.9564,0.7213,0.8624,0.6351,0.9518,0.9535,0.9564,0.9564,0.9678,0.8247,1.0,0.7018
0.59,0.0,0.9564,0.7213,0.8624,0.6351,0.9518,0.9535,0.9564,0.9564,0.9678,0.8247,1.0,0.7018
0.59,0.01,0.9129,0.745,0.7615,0.8199,0.9295,0.9552,0.9129,0.9129,0.9242,0.7101,0.6049,0.8596
0.59,0.02,0.9375,0.7732,0.794,0.8238,0.9456,0.9601,0.9375,0.9375,0.9489,0.784,0.7206,0.8596
0.59,0.03,0.9527,0.7976,0.8242,0.8262,0.9559,0.9642,0.9527,0.9527,0.964,0.8376,0.8167,0.8596
0.59,0.04,0.9602,0.814,0.8397,0.8275,0.961,0.9656,0.9602,0.9602,0.9716,0.8673,0.875,0.8596
0.59,0.05,0.964,0.8249,0.8517,0.8281,0.9638,0.9666,0.964,0.964,0.9754,0.8829,0.9074,0.8596
0.59,0.06,0.9697,0.8416,0.8833,0.829,0.9689,0.9714,0.9697,0.9697,0.9811,0.9074,0.9608,0.8596
0.59,0.07,0.9678,0.8295,0.8767,0.8052,0.967,0.9691,0.9678,0.9678,0.9792,0.8972,0.96,0.8421
0.59,0.08,0.9697,0.8365,0.8866,0.8055,0.9685,0.9699,0.9697,0.9697,0.9811,0.9057,0.9796,0.8421
0.59,0.09,0.9716,0.8403,0.8961,0.8058,0.97,0.9714,0.9716,0.9716,0.983,0.9143,1.0,0.8421
0.59,0.1,0.9716,0.8403,0.8961,0.8058,0.97,0.9714,0.9716,0.9716,0.983,0.9143,1.0,0.8421
0.59,0.11,0.9716,0.8403,0.8961,0.8058,0.97,0.9714,0.9716,0.9716,0.983,0.9143,1.0,0.8421
0.59,0.12,0.9716,0.8403,0.8961,0.8058,0.97,0.9714,0.9716,0.9716,0.983,0.9143,1.0,0.8421
0.59,0.13,0.9716,0.8403,0.8961,0.8058,0.97,0.9714,0.9716,0.9716,0.983,0.9143,1.0,0.8421
0.59,0.14,0.9716,0.8403,0.8961,0.8058,0.97,0.9714,0.9716,0.9716,0.983,0.9143,1.0,0.8421
0.59,0.15,0.9716,0.8403,0.8961,0.8058,0.97,0.9714,0.9716,0.9716,0.983,0.9143,1.0,0.8421
0.59,0.16,0.9697,0.835,0.8958,0.7974,0.9679,0.9696,0.9697,0.9697,0.9811,0.9038,1.0,0.8246
0.59,0.17,0.9697,0.835,0.8958,0.7974,0.9679,0.9696,0.9697,0.9697,0.9811,0.9038,1.0,0.8246
0.59,0.18,0.9697,0.835,0.8958,0.7974,0.9679,0.9696,0.9697,0.9697,0.9811,0.9038,1.0,0.8246
0.59,0.19,0.9697,0.835,0.8958,0.7974,0.9679,0.9696,0.9697,0.9697,0.9811,0.9038,1.0,0.8246
0.59,0.2,0.9697,0.835,0.8958,0.7974,0.9679,0.9696,0.9697,0.9697,0.9811,0.9038,1.0,0.8246
0.59,0.21,0.9697,0.835,0.8958,0.7974,0.9679,0.9696,0.9697,0.9697,0.9811,0.9038,1.0,0.8246
0.59,0.22,0.9697,0.835,0.8958,0.7974,0.9679,0.9696,0.9697,0.9697,0.9811,0.9038,1.0,0.8246
0.59,0.23,0.9697,0.835,0.8958,0.7974,0.9679,0.9696,0.9697,0.9697,0.9811,0.9038,1.0,0.8246
0.59,0.24,0.9697,0.835,0.8958,0.7974,0.9679,0.9696,0.9697,0.9697,0.9811,0.9038,1.0,0.8246
0.59,0.25,0.9697,0.835,0.8958,0.7974,0.9679,0.9696,0.9697,0.9697,0.9811,0.9038,1.0,0.8246
0.59,0.26,0.9697,0.835,0.8958,0.7974,0.9679,0.9696,0.9697,0.9697,0.9811,0.9038,1.0,0.8246
0.59,0.27,0.9697,0.835,0.8958,0.7974,0.9679,0.9696,0.9697,0.9697,0.9811,0.9038,1.0,0.8246
0.59,0.28,0.9697,0.835,0.8958,0.7974,0.9679,0.9696,0.9697,0.9697,0.9811,0.9038,1.0,0.8246
0.59,0.29,0.9697,0.835,0.8958,0.7974,0.9679,0.9696,0.9697,0.9697,0.9811,0.9038,1.0,0.8246
0.59,0.3,0.9697,0.835,0.8958,0.7974,0.9679,0.9696,0.9697,0.9697,0.9811,0.9038,1.0,0.8246
0.59,0.31,0.9697,0.835,0.8958,0.7974,0.9679,0.9696,0.9697,0.9697,0.9811,0.9038,1.0,0.8246
0.59,0.32,0.9678,0.8275,0.8955,0.7864,0.9657,0.9678,0.9678,0.9678,0.9792,0.8932,1.0,0.807
0.59,0.33,0.9678,0.8275,0.8955,0.7864,0.9657,0.9678,0.9678,0.9678,0.9792,0.8932,1.0,0.807
0.59,0.34,0.9678,0.8275,0.8955,0.7864,0.9657,0.9678,0.9678,0.9678,0.9792,0.8932,1.0,0.807
0.59,0.35,0.9678,0.8275,0.8955,0.7864,0.9657,0.9678,0.9678,0.9678,0.9792,0.8932,1.0,0.807
0.59,0.36,0.9659,0.8132,0.8876,0.7626,0.9637,0.9654,0.9659,0.9659,0.9773,0.8824,1.0,0.7895
0.59,0.37,0.9659,0.8132,0.8876,0.7626,0.9637,0.9654,0.9659,0.9659,0.9773,0.8824,1.0,0.7895
0.59,0.38,0.9659,0.8132,0.8876,0.7626,0.9637,0.9654,0.9659,0.9659,0.9773,0.8824,1.0,0.7895
0.59,0.39,0.964,0.7654,0.8873,0.6911,0.9615,0.9636,0.964,0.964,0.9754,0.8713,1.0,0.7719
0.59,0.4,0.964,0.7654,0.8873,0.6911,0.9615,0.9636,0.964,0.964,0.9754,0.8713,1.0,0.7719
0.59,0.41,0.964,0.7654,0.8873,0.6911,0.9615,0.9636,0.964,0.964,0.9754,0.8713,1.0,0.7719
0.59,0.42,0.964,0.7654,0.8873,0.6911,0.9615,0.9636,0.964,0.964,0.9754,0.8713,1.0,0.7719
0.59,0.43,0.964,0.7654,0.8873,0.6911,0.9615,0.9636,0.964,0.964,0.9754,0.8713,1.0,0.7719
0.59,0.44,0.964,0.7654,0.8873,0.6911,0.9615,0.9636,0.964,0.964,0.9754,0.8713,1.0,0.7719
0.59,0.45,0.9621,0.7551,0.8811,0.6792,0.959,0.9609,0.9621,0.9621,0.9735,0.86,1.0,0.7544
0.59,0.46,0.9621,0.7551,0.8811,0.6792,0.959,0.9609,0.9621,0.9621,0.9735,0.86,1.0,0.7544
0.59,0.47,0.9621,0.7551,0.8811,0.6792,0.959,0.9609,0.9621,0.9621,0.9735,0.86,1.0,0.7544
0.59,0.48,0.9621,0.7551,0.8811,0.6792,0.959,0.9609,0.9621,0.9621,0.9735,0.86,1.0,0.7544
0.59,0.49,0.9621,0.7551,0.8811,0.6792,0.959,0.9609,0.9621,0.9621,0.9735,0.86,1.0,0.7544
0.59,0.5,0.9621,0.7551,0.8811,0.6792,0.959,0.9609,0.9621,0.9621,0.9735,0.86,1.0,0.7544
0.59,0.51,0.9621,0.7551,0.8811,0.6792,0.959,0.9609,0.9621,0.9621,0.9735,0.86,1.0,0.7544
0.59,0.52,0.9621,0.7551,0.8811,0.6792,0.959,0.9609,0.9621,0.9621,0.9735,0.86,1.0,0.7544
0.59,0.53,0.9583,0.7379,0.8729,0.6589,0.9541,0.9561,0.9583,0.9583,0.9697,0.8367,1.0,0.7193
0.59,0.54,0.9583,0.7379,0.8729,0.6589,0.9541,0.9561,0.9583,0.9583,0.9697,0.8367,1.0,0.7193
0.59,0.55,0.9583,0.7379,0.8729,0.6589,0.9541,0.9561,0.9583,0.9583,0.9697,0.8367,1.0,0.7193
0.59,0.56,0.9583,0.7379,0.8729,0.6589,0.9541,0.9561,0.9583,0.9583,0.9697,0.8367,1.0,0.7193
0.59,0.57,0.9564,0.7213,0.8624,0.6351,0.9518,0.9535,0.9564,0.9564,0.9678,0.8247,1.0,0.7018
0.59,0.58,0.9564,0.7213,0.8624,0.6351,0.9518,0.9535,0.9564,0.9564,0.9678,0.8247,1.0,0.7018
0.59,0.59,0.9564,0.7213,0.8624,0.6351,0.9518,0.9535,0.9564,0.9564,0.9678,0.8247,1.0,0.7018
0.6,0.0,0.9564,0.7213,0.8624,0.6351,0.9518,0.9535,0.9564,0.9564,0.9678,0.8247,1.0,0.7018
0.6,0.01,0.9129,0.745,0.7615,0.8199,0.9295,0.9552,0.9129,0.9129,0.9242,0.7101,0.6049,0.8596
0.6,0.02,0.9375,0.7732,0.794,0.8238,0.9456,0.9601,0.9375,0.9375,0.9489,0.784,0.7206,0.8596
0.6,0.03,0.9527,0.7976,0.8242,0.8262,0.9559,0.9642,0.9527,0.9527,0.964,0.8376,0.8167,0.8596
0.6,0.04,0.9602,0.814,0.8397,0.8275,0.961,0.9656,0.9602,0.9602,0.9716,0.8673,0.875,0.8596
0.6,0.05,0.964,0.8249,0.8517,0.8281,0.9638,0.9666,0.964,0.964,0.9754,0.8829,0.9074,0.8596
0.6,0.06,0.9697,0.8416,0.8833,0.829,0.9689,0.9714,0.9697,0.9697,0.9811,0.9074,0.9608,0.8596
0.6,0.07,0.9678,0.8295,0.8767,0.8052,0.967,0.9691,0.9678,0.9678,0.9792,0.8972,0.96,0.8421
0.6,0.08,0.9697,0.8365,0.8866,0.8055,0.9685,0.9699,0.9697,0.9697,0.9811,0.9057,0.9796,0.8421
0.6,0.09,0.9716,0.8403,0.8961,0.8058,0.97,0.9714,0.9716,0.9716,0.983,0.9143,1.0,0.8421
0.6,0.1,0.9716,0.8403,0.8961,0.8058,0.97,0.9714,0.9716,0.9716,0.983,0.9143,1.0,0.8421
0.6,0.11,0.9716,0.8403,0.8961,0.8058,0.97,0.9714,0.9716,0.9716,0.983,0.9143,1.0,0.8421
0.6,0.12,0.9716,0.8403,0.8961,0.8058,0.97,0.9714,0.9716,0.9716,0.983,0.9143,1.0,0.8421
0.6,0.13,0.9716,0.8403,0.8961,0.8058,0.97,0.9714,0.9716,0.9716,0.983,0.9143,1.0,0.8421
0.6,0.14,0.9716,0.8403,0.8961,0.8058,0.97,0.9714,0.9716,0.9716,0.983,0.9143,1.0,0.8421
0.6,0.15,0.9716,0.8403,0.8961,0.8058,0.97,0.9714,0.9716,0.9716,0.983,0.9143,1.0,0.8421
0.6,0.16,0.9697,0.835,0.8958,0.7974,0.9679,0.9696,0.9697,0.9697,0.9811,0.9038,1.0,0.8246
0.6,0.17,0.9697,0.835,0.8958,0.7974,0.9679,0.9696,0.9697,0.9697,0.9811,0.9038,1.0,0.8246
0.6,0.18,0.9697,0.835,0.8958,0.7974,0.9679,0.9696,0.9697,0.9697,0.9811,0.9038,1.0,0.8246
0.6,0.19,0.9697,0.835,0.8958,0.7974,0.9679,0.9696,0.9697,0.9697,0.9811,0.9038,1.0,0.8246
0.6,0.2,0.9697,0.835,0.8958,0.7974,0.9679,0.9696,0.9697,0.9697,0.9811,0.9038,1.0,0.8246
0.6,0.21,0.9697,0.835,0.8958,0.7974,0.9679,0.9696,0.9697,0.9697,0.9811,0.9038,1.0,0.8246
0.6,0.22,0.9697,0.835,0.8958,0.7974,0.9679,0.9696,0.9697,0.9697,0.9811,0.9038,1.0,0.8246
0.6,0.23,0.9697,0.835,0.8958,0.7974,0.9679,0.9696,0.9697,0.9697,0.9811,0.9038,1.0,0.8246
0.6,0.24,0.9697,0.835,0.8958,0.7974,0.9679,0.9696,0.9697,0.9697,0.9811,0.9038,1.0,0.8246
0.6,0.25,0.9697,0.835,0.8958,0.7974,0.9679,0.9696,0.9697,0.9697,0.9811,0.9038,1.0,0.8246
0.6,0.26,0.9697,0.835,0.8958,0.7974,0.9679,0.9696,0.9697,0.9697,0.9811,0.9038,1.0,0.8246
0.6,0.27,0.9697,0.835,0.8958,0.7974,0.9679,0.9696,0.9697,0.9697,0.9811,0.9038,1.0,0.8246
0.6,0.28,0.9697,0.835,0.8958,0.7974,0.9679,0.9696,0.9697,0.9697,0.9811,0.9038,1.0,0.8246
0.6,0.29,0.9697,0.835,0.8958,0.7974,0.9679,0.9696,0.9697,0.9697,0.9811,0.9038,1.0,0.8246
0.6,0.3,0.9697,0.835,0.8958,0.7974,0.9679,0.9696,0.9697,0.9697,0.9811,0.9038,1.0,0.8246
0.6,0.31,0.9697,0.835,0.8958,0.7974,0.9679,0.9696,0.9697,0.9697,0.9811,0.9038,1.0,0.8246
0.6,0.32,0.9678,0.8275,0.8955,0.7864,0.9657,0.9678,0.9678,0.9678,0.9792,0.8932,1.0,0.807
0.6,0.33,0.9678,0.8275,0.8955,0.7864,0.9657,0.9678,0.9678,0.9678,0.9792,0.8932,1.0,0.807
0.6,0.34,0.9678,0.8275,0.8955,0.7864,0.9657,0.9678,0.9678,0.9678,0.9792,0.8932,1.0,0.807
0.6,0.35,0.9678,0.8275,0.8955,0.7864,0.9657,0.9678,0.9678,0.9678,0.9792,0.8932,1.0,0.807
0.6,0.36,0.9659,0.8132,0.8876,0.7626,0.9637,0.9654,0.9659,0.9659,0.9773,0.8824,1.0,0.7895
0.6,0.37,0.9659,0.8132,0.8876,0.7626,0.9637,0.9654,0.9659,0.9659,0.9773,0.8824,1.0,0.7895
0.6,0.38,0.9659,0.8132,0.8876,0.7626,0.9637,0.9654,0.9659,0.9659,0.9773,0.8824,1.0,0.7895
0.6,0.39,0.964,0.7654,0.8873,0.6911,0.9615,0.9636,0.964,0.964,0.9754,0.8713,1.0,0.7719
0.6,0.4,0.964,0.7654,0.8873,0.6911,0.9615,0.9636,0.964,0.964,0.9754,0.8713,1.0,0.7719
0.6,0.41,0.964,0.7654,0.8873,0.6911,0.9615,0.9636,0.964,0.964,0.9754,0.8713,1.0,0.7719
0.6,0.42,0.964,0.7654,0.8873,0.6911,0.9615,0.9636,0.964,0.964,0.9754,0.8713,1.0,0.7719
0.6,0.43,0.964,0.7654,0.8873,0.6911,0.9615,0.9636,0.964,0.964,0.9754,0.8713,1.0,0.7719
0.6,0.44,0.964,0.7654,0.8873,0.6911,0.9615,0.9636,0.964,0.964,0.9754,0.8713,1.0,0.7719
0.6,0.45,0.9621,0.7551,0.8811,0.6792,0.959,0.9609,0.9621,0.9621,0.9735,0.86,1.0,0.7544
0.6,0.46,0.9621,0.7551,0.8811,0.6792,0.959,0.9609,0.9621,0.9621,0.9735,0.86,1.0,0.7544
0.6,0.47,0.9621,0.7551,0.8811,0.6792,0.959,0.9609,0.9621,0.9621,0.9735,0.86,1.0,0.7544
0.6,0.48,0.9621,0.7551,0.8811,0.6792,0.959,0.9609,0.9621,0.9621,0.9735,0.86,1.0,0.7544
0.6,0.49,0.9621,0.7551,0.8811,0.6792,0.959,0.9609,0.9621,0.9621,0.9735,0.86,1.0,0.7544
0.6,0.5,0.9621,0.7551,0.8811,0.6792,0.959,0.9609,0.9621,0.9621,0.9735,0.86,1.0,0.7544
0.6,0.51,0.9621,0.7551,0.8811,0.6792,0.959,0.9609,0.9621,0.9621,0.9735,0.86,1.0,0.7544
0.6,0.52,0.9621,0.7551,0.8811,0.6792,0.959,0.9609,0.9621,0.9621,0.9735,0.86,1.0,0.7544
0.6,0.53,0.9583,0.7379,0.8729,0.6589,0.9541,0.9561,0.9583,0.9583,0.9697,0.8367,1.0,0.7193
0.6,0.54,0.9583,0.7379,0.8729,0.6589,0.9541,0.9561,0.9583,0.9583,0.9697,0.8367,1.0,0.7193
0.6,0.55,0.9583,0.7379,0.8729,0.6589,0.9541,0.9561,0.9583,0.9583,0.9697,0.8367,1.0,0.7193
0.6,0.56,0.9583,0.7379,0.8729,0.6589,0.9541,0.9561,0.9583,0.9583,0.9697,0.8367,1.0,0.7193
0.6,0.57,0.9564,0.7213,0.8624,0.6351,0.9518,0.9535,0.9564,0.9564,0.9678,0.8247,1.0,0.7018
0.6,0.58,0.9564,0.7213,0.8624,0.6351,0.9518,0.9535,0.9564,0.9564,0.9678,0.8247,1.0,0.7018
0.6,0.59,0.9564,0.7213,0.8624,0.6351,0.9518,0.9535,0.9564,0.9564,0.9678,0.8247,1.0,0.7018
0.6,0.6,0.9564,0.7213,0.8624,0.6351,0.9518,0.9535,0.9564,0.9564,0.9678,0.8247,1.0,0.7018
0.61,0.0,0.9545,0.7152,0.8621,0.6267,0.9496,0.9517,0.9545,0.9545,0.9659,0.8125,1.0,0.6842
0.61,0.01,0.9129,0.745,0.7615,0.8199,0.9295,0.9552,0.9129,0.9129,0.9242,0.7101,0.6049,0.8596
0.61,0.02,0.9375,0.7732,0.794,0.8238,0.9456,0.9601,0.9375,0.9375,0.9489,0.784,0.7206,0.8596
0.61,0.03,0.9527,0.7976,0.8242,0.8262,0.9559,0.9642,0.9527,0.9527,0.964,0.8376,0.8167,0.8596
0.61,0.04,0.9602,0.814,0.8397,0.8275,0.961,0.9656,0.9602,0.9602,0.9716,0.8673,0.875,0.8596
0.61,0.05,0.964,0.8249,0.8517,0.8281,0.9638,0.9666,0.964,0.964,0.9754,0.8829,0.9074,0.8596
0.61,0.06,0.9697,0.8416,0.8833,0.829,0.9689,0.9714,0.9697,0.9697,0.9811,0.9074,0.9608,0.8596
0.61,0.07,0.9678,0.8295,0.8767,0.8052,0.967,0.9691,0.9678,0.9678,0.9792,0.8972,0.96,0.8421
0.61,0.08,0.9697,0.8365,0.8866,0.8055,0.9685,0.9699,0.9697,0.9697,0.9811,0.9057,0.9796,0.8421
0.61,0.09,0.9716,0.8403,0.8961,0.8058,0.97,0.9714,0.9716,0.9716,0.983,0.9143,1.0,0.8421
0.61,0.1,0.9716,0.8403,0.8961,0.8058,0.97,0.9714,0.9716,0.9716,0.983,0.9143,1.0,0.8421
0.61,0.11,0.9716,0.8403,0.8961,0.8058,0.97,0.9714,0.9716,0.9716,0.983,0.9143,1.0,0.8421
0.61,0.12,0.9716,0.8403,0.8961,0.8058,0.97,0.9714,0.9716,0.9716,0.983,0.9143,1.0,0.8421
0.61,0.13,0.9716,0.8403,0.8961,0.8058,0.97,0.9714,0.9716,0.9716,0.983,0.9143,1.0,0.8421
0.61,0.14,0.9716,0.8403,0.8961,0.8058,0.97,0.9714,0.9716,0.9716,0.983,0.9143,1.0,0.8421
0.61,0.15,0.9716,0.8403,0.8961,0.8058,0.97,0.9714,0.9716,0.9716,0.983,0.9143,1.0,0.8421
0.61,0.16,0.9697,0.835,0.8958,0.7974,0.9679,0.9696,0.9697,0.9697,0.9811,0.9038,1.0,0.8246
0.61,0.17,0.9697,0.835,0.8958,0.7974,0.9679,0.9696,0.9697,0.9697,0.9811,0.9038,1.0,0.8246
0.61,0.18,0.9697,0.835,0.8958,0.7974,0.9679,0.9696,0.9697,0.9697,0.9811,0.9038,1.0,0.8246
0.61,0.19,0.9697,0.835,0.8958,0.7974,0.9679,0.9696,0.9697,0.9697,0.9811,0.9038,1.0,0.8246
0.61,0.2,0.9697,0.835,0.8958,0.7974,0.9679,0.9696,0.9697,0.9697,0.9811,0.9038,1.0,0.8246
0.61,0.21,0.9697,0.835,0.8958,0.7974,0.9679,0.9696,0.9697,0.9697,0.9811,0.9038,1.0,0.8246
0.61,0.22,0.9697,0.835,0.8958,0.7974,0.9679,0.9696,0.9697,0.9697,0.9811,0.9038,1.0,0.8246
0.61,0.23,0.9697,0.835,0.8958,0.7974,0.9679,0.9696,0.9697,0.9697,0.9811,0.9038,1.0,0.8246
0.61,0.24,0.9697,0.835,0.8958,0.7974,0.9679,0.9696,0.9697,0.9697,0.9811,0.9038,1.0,0.8246
0.61,0.25,0.9697,0.835,0.8958,0.7974,0.9679,0.9696,0.9697,0.9697,0.9811,0.9038,1.0,0.8246
0.61,0.26,0.9697,0.835,0.8958,0.7974,0.9679,0.9696,0.9697,0.9697,0.9811,0.9038,1.0,0.8246
0.61,0.27,0.9697,0.835,0.8958,0.7974,0.9679,0.9696,0.9697,0.9697,0.9811,0.9038,1.0,0.8246
0.61,0.28,0.9697,0.835,0.8958,0.7974,0.9679,0.9696,0.9697,0.9697,0.9811,0.9038,1.0,0.8246
0.61,0.29,0.9697,0.835,0.8958,0.7974,0.9679,0.9696,0.9697,0.9697,0.9811,0.9038,1.0,0.8246
0.61,0.3,0.9697,0.835,0.8958,0.7974,0.9679,0.9696,0.9697,0.9697,0.9811,0.9038,1.0,0.8246
0.61,0.31,0.9697,0.835,0.8958,0.7974,0.9679,0.9696,0.9697,0.9697,0.9811,0.9038,1.0,0.8246
0.61,0.32,0.9678,0.8275,0.8955,0.7864,0.9657,0.9678,0.9678,0.9678,0.9792,0.8932,1.0,0.807
0.61,0.33,0.9678,0.8275,0.8955,0.7864,0.9657,0.9678,0.9678,0.9678,0.9792,0.8932,1.0,0.807
0.61,0.34,0.9678,0.8275,0.8955,0.7864,0.9657,0.9678,0.9678,0.9678,0.9792,0.8932,1.0,0.807
0.61,0.35,0.9678,0.8275,0.8955,0.7864,0.9657,0.9678,0.9678,0.9678,0.9792,0.8932,1.0,0.807
0.61,0.36,0.9659,0.8132,0.8876,0.7626,0.9637,0.9654,0.9659,0.9659,0.9773,0.8824,1.0,0.7895
0.61,0.37,0.9659,0.8132,0.8876,0.7626,0.9637,0.9654,0.9659,0.9659,0.9773,0.8824,1.0,0.7895
0.61,0.38,0.9659,0.8132,0.8876,0.7626,0.9637,0.9654,0.9659,0.9659,0.9773,0.8824,1.0,0.7895
0.61,0.39,0.964,0.7654,0.8873,0.6911,0.9615,0.9636,0.964,0.964,0.9754,0.8713,1.0,0.7719
0.61,0.4,0.964,0.7654,0.8873,0.6911,0.9615,0.9636,0.964,0.964,0.9754,0.8713,1.0,0.7719
0.61,0.41,0.964,0.7654,0.8873,0.6911,0.9615,0.9636,0.964,0.964,0.9754,0.8713,1.0,0.7719
0.61,0.42,0.964,0.7654,0.8873,0.6911,0.9615,0.9636,0.964,0.964,0.9754,0.8713,1.0,0.7719
0.61,0.43,0.964,0.7654,0.8873,0.6911,0.9615,0.9636,0.964,0.964,0.9754,0.8713,1.0,0.7719
0.61,0.44,0.964,0.7654,0.8873,0.6911,0.9615,0.9636,0.964,0.964,0.9754,0.8713,1.0,0.7719
0.61,0.45,0.9621,0.7551,0.8811,0.6792,0.959,0.9609,0.9621,0.9621,0.9735,0.86,1.0,0.7544
0.61,0.46,0.9621,0.7551,0.8811,0.6792,0.959,0.9609,0.9621,0.9621,0.9735,0.86,1.0,0.7544
0.61,0.47,0.9621,0.7551,0.8811,0.6792,0.959,0.9609,0.9621,0.9621,0.9735,0.86,1.0,0.7544
0.61,0.48,0.9621,0.7551,0.8811,0.6792,0.959,0.9609,0.9621,0.9621,0.9735,0.86,1.0,0.7544
0.61,0.49,0.9621,0.7551,0.8811,0.6792,0.959,0.9609,0.9621,0.9621,0.9735,0.86,1.0,0.7544
0.61,0.5,0.9621,0.7551,0.8811,0.6792,0.959,0.9609,0.9621,0.9621,0.9735,0.86,1.0,0.7544
0.61,0.51,0.9621,0.7551,0.8811,0.6792,0.959,0.9609,0.9621,0.9621,0.9735,0.86,1.0,0.7544
0.61,0.52,0.9621,0.7551,0.8811,0.6792,0.959,0.9609,0.9621,0.9621,0.9735,0.86,1.0,0.7544
0.61,0.53,0.9583,0.7379,0.8729,0.6589,0.9541,0.9561,0.9583,0.9583,0.9697,0.8367,1.0,0.7193
0.61,0.54,0.9583,0.7379,0.8729,0.6589,0.9541,0.9561,0.9583,0.9583,0.9697,0.8367,1.0,0.7193
0.61,0.55,0.9583,0.7379,0.8729,0.6589,0.9541,0.9561,0.9583,0.9583,0.9697,0.8367,1.0,0.7193
0.61,0.56,0.9583,0.7379,0.8729,0.6589,0.9541,0.9561,0.9583,0.9583,0.9697,0.8367,1.0,0.7193
0.61,0.57,0.9564,0.7213,0.8624,0.6351,0.9518,0.9535,0.9564,0.9564,0.9678,0.8247,1.0,0.7018
0.61,0.58,0.9564,0.7213,0.8624,0.6351,0.9518,0.9535,0.9564,0.9564,0.9678,0.8247,1.0,0.7018
0.61,0.59,0.9564,0.7213,0.8624,0.6351,0.9518,0.9535,0.9564,0.9564,0.9678,0.8247,1.0,0.7018
0.61,0.6,0.9564,0.7213,0.8624,0.6351,0.9518,0.9535,0.9564,0.9564,0.9678,0.8247,1.0,0.7018
0.61,0.61,0.9545,0.7152,0.8621,0.6267,0.9496,0.9517,0.9545,0.9545,0.9659,0.8125,1.0,0.6842
0.62,0.0,0.9508,0.6917,0.8615,0.5953,0.945,0.9482,0.9508,0.9508,0.9621,0.7872,1.0,0.6491
0.62,0.01,0.9148,0.7425,0.78,0.7988,0.9303,0.9547,0.9148,0.9148,0.9261,0.7068,0.6184,0.8246
0.62,0.02,0.9356,0.7625,0.7978,0.8021,0.9429,0.9571,0.9356,0.9356,0.947,0.7705,0.7231,0.8246
0.62,0.03,0.9489,0.7824,0.8188,0.8043,0.9515,0.9597,0.9489,0.9489,0.9602,0.8174,0.8103,0.8246
0.62,0.04,0.9564,0.7988,0.8343,0.8055,0.9566,0.961,0.9564,0.9564,0.9678,0.8468,0.8704,0.8246
0.62,0.05,0.9602,0.8097,0.8463,0.8061,0.9594,0.9621,0.9602,0.9602,0.9716,0.8624,0.9038,0.8246
0.62,0.06,0.9659,0.8259,0.8827,0.807,0.9644,0.9677,0.9659,0.9659,0.9773,0.8868,0.9592,0.8246
0.62,0.07,0.964,0.8138,0.8761,0.7832,0.9625,0.9654,0.964,0.964,0.9754,0.8762,0.9583,0.807
0.62,0.08,0.9659,0.8208,0.886,0.7835,0.964,0.9662,0.9659,0.9659,0.9773,0.8846,0.9787,0.807
0.62,0.09,0.9678,0.8247,0.8955,0.7838,0.9655,0.9678,0.9678,0.9678,0.9792,0.8932,1.0,0.807
0.62,0.1,0.9678,0.8247,0.8955,0.7838,0.9655,0.9678,0.9678,0.9678,0.9792,0.8932,1.0,0.807
0.62,0.11,0.9678,0.8247,0.8955,0.7838,0.9655,0.9678,0.9678,0.9678,0.9792,0.8932,1.0,0.807
0.62,0.12,0.9678,0.8247,0.8955,0.7838,0.9655,0.9678,0.9678,0.9678,0.9792,0.8932,1.0,0.807
0.62,0.13,0.9678,0.8247,0.8955,0.7838,0.9655,0.9678,0.9678,0.9678,0.9792,0.8932,1.0,0.807
0.62,0.14,0.9678,0.8247,0.8955,0.7838,0.9655,0.9678,0.9678,0.9678,0.9792,0.8932,1.0,0.807
0.62,0.15,0.9678,0.8247,0.8955,0.7838,0.9655,0.9678,0.9678,0.9678,0.9792,0.8932,1.0,0.807
0.62,0.16,0.9659,0.8193,0.8953,0.7754,0.9634,0.966,0.9659,0.9659,0.9773,0.8824,1.0,0.7895
0.62,0.17,0.9659,0.8193,0.8953,0.7754,0.9634,0.966,0.9659,0.9659,0.9773,0.8824,1.0,0.7895
0.62,0.18,0.9659,0.8193,0.8953,0.7754,0.9634,0.966,0.9659,0.9659,0.9773,0.8824,1.0,0.7895
0.62,0.19,0.9659,0.8193,0.8953,0.7754,0.9634,0.966,0.9659,0.9659,0.9773,0.8824,1.0,0.7895
0.62,0.2,0.9659,0.8193,0.8953,0.7754,0.9634,0.966,0.9659,0.9659,0.9773,0.8824,1.0,0.7895
0.62,0.21,0.9659,0.8193,0.8953,0.7754,0.9634,0.966,0.9659,0.9659,0.9773,0.8824,1.0,0.7895
0.62,0.22,0.9659,0.8193,0.8953,0.7754,0.9634,0.966,0.9659,0.9659,0.9773,0.8824,1.0,0.7895
0.62,0.23,0.9659,0.8193,0.8953,0.7754,0.9634,0.966,0.9659,0.9659,0.9773,0.8824,1.0,0.7895
0.62,0.24,0.9659,0.8193,0.8953,0.7754,0.9634,0.966,0.9659,0.9659,0.9773,0.8824,1.0,0.7895
0.62,0.25,0.9659,0.8193,0.8953,0.7754,0.9634,0.966,0.9659,0.9659,0.9773,0.8824,1.0,0.7895
0.62,0.26,0.9659,0.8193,0.8953,0.7754,0.9634,0.966,0.9659,0.9659,0.9773,0.8824,1.0,0.7895
0.62,0.27,0.9659,0.8193,0.8953,0.7754,0.9634,0.966,0.9659,0.9659,0.9773,0.8824,1.0,0.7895
0.62,0.28,0.9659,0.8193,0.8953,0.7754,0.9634,0.966,0.9659,0.9659,0.9773,0.8824,1.0,0.7895
0.62,0.29,0.9659,0.8193,0.8953,0.7754,0.9634,0.966,0.9659,0.9659,0.9773,0.8824,1.0,0.7895
0.62,0.3,0.9659,0.8193,0.8953,0.7754,0.9634,0.966,0.9659,0.9659,0.9773,0.8824,1.0,0.7895
0.62,0.31,0.9659,0.8193,0.8953,0.7754,0.9634,0.966,0.9659,0.9659,0.9773,0.8824,1.0,0.7895
0.62,0.32,0.9659,0.8193,0.8953,0.7754,0.9634,0.966,0.9659,0.9659,0.9773,0.8824,1.0,0.7895
0.62,0.33,0.9659,0.8193,0.8953,0.7754,0.9634,0.966,0.9659,0.9659,0.9773,0.8824,1.0,0.7895
0.62,0.34,0.9659,0.8193,0.8953,0.7754,0.9634,0.966,0.9659,0.9659,0.9773,0.8824,1.0,0.7895
0.62,0.35,0.9659,0.8193,0.8953,0.7754,0.9634,0.966,0.9659,0.9659,0.9773,0.8824,1.0,0.7895
0.62,0.36,0.964,0.805,0.8873,0.7516,0.9614,0.9636,0.964,0.964,0.9754,0.8713,1.0,0.7719
0.62,0.37,0.964,0.805,0.8873,0.7516,0.9614,0.9636,0.964,0.964,0.9754,0.8713,1.0,0.7719
0.62,0.38,0.964,0.805,0.8873,0.7516,0.9614,0.9636,0.964,0.964,0.9754,0.8713,1.0,0.7719
0.62,0.39,0.9621,0.7572,0.887,0.6801,0.9592,0.9618,0.9621,0.9621,0.9735,0.86,1.0,0.7544
0.62,0.4,0.9621,0.7572,0.887,0.6801,0.9592,0.9618,0.9621,0.9621,0.9735,0.86,1.0,0.7544
0.62,0.41,0.9621,0.7572,0.887,0.6801,0.9592,0.9618,0.9621,0.9621,0.9735,0.86,1.0,0.7544
0.62,0.42,0.9621,0.7572,0.887,0.6801,0.9592,0.9618,0.9621,0.9621,0.9735,0.86,1.0,0.7544
0.62,0.43,0.9621,0.7572,0.887,0.6801,0.9592,0.9618,0.9621,0.9621,0.9735,0.86,1.0,0.7544
0.62,0.44,0.9621,0.7572,0.887,0.6801,0.9592,0.9618,0.9621,0.9621,0.9735,0.86,1.0,0.7544
0.62,0.45,0.9602,0.7469,0.8808,0.6682,0.9567,0.9591,0.9602,0.9602,0.9716,0.8485,1.0,0.7368
0.62,0.46,0.9602,0.7469,0.8808,0.6682,0.9567,0.9591,0.9602,0.9602,0.9716,0.8485,1.0,0.7368
0.62,0.47,0.9602,0.7469,0.8808,0.6682,0.9567,0.9591,0.9602,0.9602,0.9716,0.8485,1.0,0.7368
0.62,0.48,0.9602,0.7469,0.8808,0.6682,0.9567,0.9591,0.9602,0.9602,0.9716,0.8485,1.0,0.7368
0.62,0.49,0.9602,0.7469,0.8808,0.6682,0.9567,0.9591,0.9602,0.9602,0.9716,0.8485,1.0,0.7368
0.62,0.5,0.9602,0.7469,0.8808,0.6682,0.9567,0.9591,0.9602,0.9602,0.9716,0.8485,1.0,0.7368
0.62,0.51,0.9602,0.7469,0.8808,0.6682,0.9567,0.9591,0.9602,0.9602,0.9716,0.8485,1.0,0.7368
0.62,0.52,0.9602,0.7469,0.8808,0.6682,0.9567,0.9591,0.9602,0.9602,0.9716,0.8485,1.0,0.7368
0.62,0.53,0.9564,0.7297,0.8726,0.6479,0.9518,0.9543,0.9564,0.9564,0.9678,0.8247,1.0,0.7018
0.62,0.54,0.9564,0.7297,0.8726,0.6479,0.9518,0.9543,0.9564,0.9564,0.9678,0.8247,1.0,0.7018
0.62,0.55,0.9564,0.7297,0.8726,0.6479,0.9518,0.9543,0.9564,0.9564,0.9678,0.8247,1.0,0.7018
0.62,0.56,0.9564,0.7297,0.8726,0.6479,0.9518,0.9543,0.9564,0.9564,0.9678,0.8247,1.0,0.7018
0.62,0.57,0.9545,0.7131,0.8621,0.6241,0.9495,0.9517,0.9545,0.9545,0.9659,0.8125,1.0,0.6842
0.62,0.58,0.9545,0.7131,0.8621,0.6241,0.9495,0.9517,0.9545,0.9545,0.9659,0.8125,1.0,0.6842
0.62,0.59,0.9545,0.7131,0.8621,0.6241,0.9495,0.9517,0.9545,0.9545,0.9659,0.8125,1.0,0.6842
0.62,0.6,0.9545,0.7131,0.8621,0.6241,0.9495,0.9517,0.9545,0.9545,0.9659,0.8125,1.0,0.6842
0.62,0.61,0.9527,0.707,0.8618,0.6157,0.9473,0.95,0.9527,0.9527,0.964,0.8,1.0,0.6667
0.62,0.62,0.9508,0.6917,0.8615,0.5953,0.945,0.9482,0.9508,0.9508,0.9621,0.7872,1.0,0.6491
0.63,0.0,0.9508,0.6917,0.8615,0.5953,0.945,0.9482,0.9508,0.9508,0.9621,0.7872,1.0,0.6491
0.63,0.01,0.9148,0.7425,0.78,0.7988,0.9303,0.9547,0.9148,0.9148,0.9261,0.7068,0.6184,0.8246
0.63,0.02,0.9356,0.7625,0.7978,0.8021,0.9429,0.9571,0.9356,0.9356,0.947,0.7705,0.7231,0.8246
0.63,0.03,0.9489,0.7824,0.8188,0.8043,0.9515,0.9597,0.9489,0.9489,0.9602,0.8174,0.8103,0.8246
0.63,0.04,0.9564,0.7988,0.8343,0.8055,0.9566,0.961,0.9564,0.9564,0.9678,0.8468,0.8704,0.8246
0.63,0.05,0.9602,0.8097,0.8463,0.8061,0.9594,0.9621,0.9602,0.9602,0.9716,0.8624,0.9038,0.8246
0.63,0.06,0.9659,0.8259,0.8827,0.807,0.9644,0.9677,0.9659,0.9659,0.9773,0.8868,0.9592,0.8246
0.63,0.07,0.964,0.8138,0.8761,0.7832,0.9625,0.9654,0.964,0.964,0.9754,0.8762,0.9583,0.807
0.63,0.08,0.9659,0.8208,0.886,0.7835,0.964,0.9662,0.9659,0.9659,0.9773,0.8846,0.9787,0.807
0.63,0.09,0.9678,0.8247,0.8955,0.7838,0.9655,0.9678,0.9678,0.9678,0.9792,0.8932,1.0,0.807
0.63,0.1,0.9678,0.8247,0.8955,0.7838,0.9655,0.9678,0.9678,0.9678,0.9792,0.8932,1.0,0.807
0.63,0.11,0.9678,0.8247,0.8955,0.7838,0.9655,0.9678,0.9678,0.9678,0.9792,0.8932,1.0,0.807
0.63,0.12,0.9678,0.8247,0.8955,0.7838,0.9655,0.9678,0.9678,0.9678,0.9792,0.8932,1.0,0.807
0.63,0.13,0.9678,0.8247,0.8955,0.7838,0.9655,0.9678,0.9678,0.9678,0.9792,0.8932,1.0,0.807
0.63,0.14,0.9678,0.8247,0.8955,0.7838,0.9655,0.9678,0.9678,0.9678,0.9792,0.8932,1.0,0.807
0.63,0.15,0.9678,0.8247,0.8955,0.7838,0.9655,0.9678,0.9678,0.9678,0.9792,0.8932,1.0,0.807
0.63,0.16,0.9659,0.8193,0.8953,0.7754,0.9634,0.966,0.9659,0.9659,0.9773,0.8824,1.0,0.7895
0.63,0.17,0.9659,0.8193,0.8953,0.7754,0.9634,0.966,0.9659,0.9659,0.9773,0.8824,1.0,0.7895
0.63,0.18,0.9659,0.8193,0.8953,0.7754,0.9634,0.966,0.9659,0.9659,0.9773,0.8824,1.0,0.7895
0.63,0.19,0.9659,0.8193,0.8953,0.7754,0.9634,0.966,0.9659,0.9659,0.9773,0.8824,1.0,0.7895
0.63,0.2,0.9659,0.8193,0.8953,0.7754,0.9634,0.966,0.9659,0.9659,0.9773,0.8824,1.0,0.7895
0.63,0.21,0.9659,0.8193,0.8953,0.7754,0.9634,0.966,0.9659,0.9659,0.9773,0.8824,1.0,0.7895
0.63,0.22,0.9659,0.8193,0.8953,0.7754,0.9634,0.966,0.9659,0.9659,0.9773,0.8824,1.0,0.7895
0.63,0.23,0.9659,0.8193,0.8953,0.7754,0.9634,0.966,0.9659,0.9659,0.9773,0.8824,1.0,0.7895
0.63,0.24,0.9659,0.8193,0.8953,0.7754,0.9634,0.966,0.9659,0.9659,0.9773,0.8824,1.0,0.7895
0.63,0.25,0.9659,0.8193,0.8953,0.7754,0.9634,0.966,0.9659,0.9659,0.9773,0.8824,1.0,0.7895
0.63,0.26,0.9659,0.8193,0.8953,0.7754,0.9634,0.966,0.9659,0.9659,0.9773,0.8824,1.0,0.7895
0.63,0.27,0.9659,0.8193,0.8953,0.7754,0.9634,0.966,0.9659,0.9659,0.9773,0.8824,1.0,0.7895
0.63,0.28,0.9659,0.8193,0.8953,0.7754,0.9634,0.966,0.9659,0.9659,0.9773,0.8824,1.0,0.7895
0.63,0.29,0.9659,0.8193,0.8953,0.7754,0.9634,0.966,0.9659,0.9659,0.9773,0.8824,1.0,0.7895
0.63,0.3,0.9659,0.8193,0.8953,0.7754,0.9634,0.966,0.9659,0.9659,0.9773,0.8824,1.0,0.7895
0.63,0.31,0.9659,0.8193,0.8953,0.7754,0.9634,0.966,0.9659,0.9659,0.9773,0.8824,1.0,0.7895
0.63,0.32,0.9659,0.8193,0.8953,0.7754,0.9634,0.966,0.9659,0.9659,0.9773,0.8824,1.0,0.7895
0.63,0.33,0.9659,0.8193,0.8953,0.7754,0.9634,0.966,0.9659,0.9659,0.9773,0.8824,1.0,0.7895
0.63,0.34,0.9659,0.8193,0.8953,0.7754,0.9634,0.966,0.9659,0.9659,0.9773,0.8824,1.0,0.7895
0.63,0.35,0.9659,0.8193,0.8953,0.7754,0.9634,0.966,0.9659,0.9659,0.9773,0.8824,1.0,0.7895
0.63,0.36,0.964,0.805,0.8873,0.7516,0.9614,0.9636,0.964,0.964,0.9754,0.8713,1.0,0.7719
0.63,0.37,0.964,0.805,0.8873,0.7516,0.9614,0.9636,0.964,0.964,0.9754,0.8713,1.0,0.7719
0.63,0.38,0.964,0.805,0.8873,0.7516,0.9614,0.9636,0.964,0.964,0.9754,0.8713,1.0,0.7719
0.63,0.39,0.9621,0.7572,0.887,0.6801,0.9592,0.9618,0.9621,0.9621,0.9735,0.86,1.0,0.7544
0.63,0.4,0.9621,0.7572,0.887,0.6801,0.9592,0.9618,0.9621,0.9621,0.9735,0.86,1.0,0.7544
0.63,0.41,0.9621,0.7572,0.887,0.6801,0.9592,0.9618,0.9621,0.9621,0.9735,0.86,1.0,0.7544
0.63,0.42,0.9621,0.7572,0.887,0.6801,0.9592,0.9618,0.9621,0.9621,0.9735,0.86,1.0,0.7544
0.63,0.43,0.9621,0.7572,0.887,0.6801,0.9592,0.9618,0.9621,0.9621,0.9735,0.86,1.0,0.7544
0.63,0.44,0.9621,0.7572,0.887,0.6801,0.9592,0.9618,0.9621,0.9621,0.9735,0.86,1.0,0.7544
0.63,0.45,0.9602,0.7469,0.8808,0.6682,0.9567,0.9591,0.9602,0.9602,0.9716,0.8485,1.0,0.7368
0.63,0.46,0.9602,0.7469,0.8808,0.6682,0.9567,0.9591,0.9602,0.9602,0.9716,0.8485,1.0,0.7368
0.63,0.47,0.9602,0.7469,0.8808,0.6682,0.9567,0.9591,0.9602,0.9602,0.9716,0.8485,1.0,0.7368
0.63,0.48,0.9602,0.7469,0.8808,0.6682,0.9567,0.9591,0.9602,0.9602,0.9716,0.8485,1.0,0.7368
0.63,0.49,0.9602,0.7469,0.8808,0.6682,0.9567,0.9591,0.9602,0.9602,0.9716,0.8485,1.0,0.7368
0.63,0.5,0.9602,0.7469,0.8808,0.6682,0.9567,0.9591,0.9602,0.9602,0.9716,0.8485,1.0,0.7368
0.63,0.51,0.9602,0.7469,0.8808,0.6682,0.9567,0.9591,0.9602,0.9602,0.9716,0.8485,1.0,0.7368
0.63,0.52,0.9602,0.7469,0.8808,0.6682,0.9567,0.9591,0.9602,0.9602,0.9716,0.8485,1.0,0.7368
0.63,0.53,0.9564,0.7297,0.8726,0.6479,0.9518,0.9543,0.9564,0.9564,0.9678,0.8247,1.0,0.7018
0.63,0.54,0.9564,0.7297,0.8726,0.6479,0.9518,0.9543,0.9564,0.9564,0.9678,0.8247,1.0,0.7018
0.63,0.55,0.9564,0.7297,0.8726,0.6479,0.9518,0.9543,0.9564,0.9564,0.9678,0.8247,1.0,0.7018
0.63,0.56,0.9564,0.7297,0.8726,0.6479,0.9518,0.9543,0.9564,0.9564,0.9678,0.8247,1.0,0.7018
0.63,0.57,0.9545,0.7131,0.8621,0.6241,0.9495,0.9517,0.9545,0.9545,0.9659,0.8125,1.0,0.6842
0.63,0.58,0.9545,0.7131,0.8621,0.6241,0.9495,0.9517,0.9545,0.9545,0.9659,0.8125,1.0,0.6842
0.63,0.59,0.9545,0.7131,0.8621,0.6241,0.9495,0.9517,0.9545,0.9545,0.9659,0.8125,1.0,0.6842
0.63,0.6,0.9545,0.7131,0.8621,0.6241,0.9495,0.9517,0.9545,0.9545,0.9659,0.8125,1.0,0.6842
0.63,0.61,0.9527,0.707,0.8618,0.6157,0.9473,0.95,0.9527,0.9527,0.964,0.8,1.0,0.6667
0.63,0.62,0.9508,0.6917,0.8615,0.5953,0.945,0.9482,0.9508,0.9508,0.9621,0.7872,1.0,0.6491
0.63,0.63,0.9508,0.6917,0.8615,0.5953,0.945,0.9482,0.9508,0.9508,0.9621,0.7872,1.0,0.6491
0.64,0.0,0.9508,0.6917,0.8615,0.5953,0.945,0.9482,0.9508,0.9508,0.9621,0.7872,1.0,0.6491
0.64,0.01,0.9148,0.7425,0.78,0.7988,0.9303,0.9547,0.9148,0.9148,0.9261,0.7068,0.6184,0.8246
0.64,0.02,0.9356,0.7625,0.7978,0.8021,0.9429,0.9571,0.9356,0.9356,0.947,0.7705,0.7231,0.8246
0.64,0.03,0.9489,0.7824,0.8188,0.8043,0.9515,0.9597,0.9489,0.9489,0.9602,0.8174,0.8103,0.8246
0.64,0.04,0.9564,0.7988,0.8343,0.8055,0.9566,0.961,0.9564,0.9564,0.9678,0.8468,0.8704,0.8246
0.64,0.05,0.9602,0.8097,0.8463,0.8061,0.9594,0.9621,0.9602,0.9602,0.9716,0.8624,0.9038,0.8246
0.64,0.06,0.9659,0.8259,0.8827,0.807,0.9644,0.9677,0.9659,0.9659,0.9773,0.8868,0.9592,0.8246
0.64,0.07,0.964,0.8138,0.8761,0.7832,0.9625,0.9654,0.964,0.964,0.9754,0.8762,0.9583,0.807
0.64,0.08,0.9659,0.8208,0.886,0.7835,0.964,0.9662,0.9659,0.9659,0.9773,0.8846,0.9787,0.807
0.64,0.09,0.9678,0.8247,0.8955,0.7838,0.9655,0.9678,0.9678,0.9678,0.9792,0.8932,1.0,0.807
0.64,0.1,0.9678,0.8247,0.8955,0.7838,0.9655,0.9678,0.9678,0.9678,0.9792,0.8932,1.0,0.807
0.64,0.11,0.9678,0.8247,0.8955,0.7838,0.9655,0.9678,0.9678,0.9678,0.9792,0.8932,1.0,0.807
0.64,0.12,0.9678,0.8247,0.8955,0.7838,0.9655,0.9678,0.9678,0.9678,0.9792,0.8932,1.0,0.807
0.64,0.13,0.9678,0.8247,0.8955,0.7838,0.9655,0.9678,0.9678,0.9678,0.9792,0.8932,1.0,0.807
0.64,0.14,0.9678,0.8247,0.8955,0.7838,0.9655,0.9678,0.9678,0.9678,0.9792,0.8932,1.0,0.807
0.64,0.15,0.9678,0.8247,0.8955,0.7838,0.9655,0.9678,0.9678,0.9678,0.9792,0.8932,1.0,0.807
0.64,0.16,0.9659,0.8193,0.8953,0.7754,0.9634,0.966,0.9659,0.9659,0.9773,0.8824,1.0,0.7895
0.64,0.17,0.9659,0.8193,0.8953,0.7754,0.9634,0.966,0.9659,0.9659,0.9773,0.8824,1.0,0.7895
0.64,0.18,0.9659,0.8193,0.8953,0.7754,0.9634,0.966,0.9659,0.9659,0.9773,0.8824,1.0,0.7895
0.64,0.19,0.9659,0.8193,0.8953,0.7754,0.9634,0.966,0.9659,0.9659,0.9773,0.8824,1.0,0.7895
0.64,0.2,0.9659,0.8193,0.8953,0.7754,0.9634,0.966,0.9659,0.9659,0.9773,0.8824,1.0,0.7895
0.64,0.21,0.9659,0.8193,0.8953,0.7754,0.9634,0.966,0.9659,0.9659,0.9773,0.8824,1.0,0.7895
0.64,0.22,0.9659,0.8193,0.8953,0.7754,0.9634,0.966,0.9659,0.9659,0.9773,0.8824,1.0,0.7895
0.64,0.23,0.9659,0.8193,0.8953,0.7754,0.9634,0.966,0.9659,0.9659,0.9773,0.8824,1.0,0.7895
0.64,0.24,0.9659,0.8193,0.8953,0.7754,0.9634,0.966,0.9659,0.9659,0.9773,0.8824,1.0,0.7895
0.64,0.25,0.9659,0.8193,0.8953,0.7754,0.9634,0.966,0.9659,0.9659,0.9773,0.8824,1.0,0.7895
0.64,0.26,0.9659,0.8193,0.8953,0.7754,0.9634,0.966,0.9659,0.9659,0.9773,0.8824,1.0,0.7895
0.64,0.27,0.9659,0.8193,0.8953,0.7754,0.9634,0.966,0.9659,0.9659,0.9773,0.8824,1.0,0.7895
0.64,0.28,0.9659,0.8193,0.8953,0.7754,0.9634,0.966,0.9659,0.9659,0.9773,0.8824,1.0,0.7895
0.64,0.29,0.9659,0.8193,0.8953,0.7754,0.9634,0.966,0.9659,0.9659,0.9773,0.8824,1.0,0.7895
0.64,0.3,0.9659,0.8193,0.8953,0.7754,0.9634,0.966,0.9659,0.9659,0.9773,0.8824,1.0,0.7895
0.64,0.31,0.9659,0.8193,0.8953,0.7754,0.9634,0.966,0.9659,0.9659,0.9773,0.8824,1.0,0.7895
0.64,0.32,0.9659,0.8193,0.8953,0.7754,0.9634,0.966,0.9659,0.9659,0.9773,0.8824,1.0,0.7895
0.64,0.33,0.9659,0.8193,0.8953,0.7754,0.9634,0.966,0.9659,0.9659,0.9773,0.8824,1.0,0.7895
0.64,0.34,0.9659,0.8193,0.8953,0.7754,0.9634,0.966,0.9659,0.9659,0.9773,0.8824,1.0,0.7895
0.64,0.35,0.9659,0.8193,0.8953,0.7754,0.9634,0.966,0.9659,0.9659,0.9773,0.8824,1.0,0.7895
0.64,0.36,0.964,0.805,0.8873,0.7516,0.9614,0.9636,0.964,0.964,0.9754,0.8713,1.0,0.7719
0.64,0.37,0.964,0.805,0.8873,0.7516,0.9614,0.9636,0.964,0.964,0.9754,0.8713,1.0,0.7719
0.64,0.38,0.964,0.805,0.8873,0.7516,0.9614,0.9636,0.964,0.964,0.9754,0.8713,1.0,0.7719
0.64,0.39,0.9621,0.7572,0.887,0.6801,0.9592,0.9618,0.9621,0.9621,0.9735,0.86,1.0,0.7544
0.64,0.4,0.9621,0.7572,0.887,0.6801,0.9592,0.9618,0.9621,0.9621,0.9735,0.86,1.0,0.7544
0.64,0.41,0.9621,0.7572,0.887,0.6801,0.9592,0.9618,0.9621,0.9621,0.9735,0.86,1.0,0.7544
0.64,0.42,0.9621,0.7572,0.887,0.6801,0.9592,0.9618,0.9621,0.9621,0.9735,0.86,1.0,0.7544
0.64,0.43,0.9621,0.7572,0.887,0.6801,0.9592,0.9618,0.9621,0.9621,0.9735,0.86,1.0,0.7544
0.64,0.44,0.9621,0.7572,0.887,0.6801,0.9592,0.9618,0.9621,0.9621,0.9735,0.86,1.0,0.7544
0.64,0.45,0.9602,0.7469,0.8808,0.6682,0.9567,0.9591,0.9602,0.9602,0.9716,0.8485,1.0,0.7368
0.64,0.46,0.9602,0.7469,0.8808,0.6682,0.9567,0.9591,0.9602,0.9602,0.9716,0.8485,1.0,0.7368
0.64,0.47,0.9602,0.7469,0.8808,0.6682,0.9567,0.9591,0.9602,0.9602,0.9716,0.8485,1.0,0.7368
0.64,0.48,0.9602,0.7469,0.8808,0.6682,0.9567,0.9591,0.9602,0.9602,0.9716,0.8485,1.0,0.7368
0.64,0.49,0.9602,0.7469,0.8808,0.6682,0.9567,0.9591,0.9602,0.9602,0.9716,0.8485,1.0,0.7368
0.64,0.5,0.9602,0.7469,0.8808,0.6682,0.9567,0.9591,0.9602,0.9602,0.9716,0.8485,1.0,0.7368
0.64,0.51,0.9602,0.7469,0.8808,0.6682,0.9567,0.9591,0.9602,0.9602,0.9716,0.8485,1.0,0.7368
0.64,0.52,0.9602,0.7469,0.8808,0.6682,0.9567,0.9591,0.9602,0.9602,0.9716,0.8485,1.0,0.7368
0.64,0.53,0.9564,0.7297,0.8726,0.6479,0.9518,0.9543,0.9564,0.9564,0.9678,0.8247,1.0,0.7018
0.64,0.54,0.9564,0.7297,0.8726,0.6479,0.9518,0.9543,0.9564,0.9564,0.9678,0.8247,1.0,0.7018
0.64,0.55,0.9564,0.7297,0.8726,0.6479,0.9518,0.9543,0.9564,0.9564,0.9678,0.8247,1.0,0.7018
0.64,0.56,0.9564,0.7297,0.8726,0.6479,0.9518,0.9543,0.9564,0.9564,0.9678,0.8247,1.0,0.7018
0.64,0.57,0.9545,0.7131,0.8621,0.6241,0.9495,0.9517,0.9545,0.9545,0.9659,0.8125,1.0,0.6842
0.64,0.58,0.9545,0.7131,0.8621,0.6241,0.9495,0.9517,0.9545,0.9545,0.9659,0.8125,1.0,0.6842
0.64,0.59,0.9545,0.7131,0.8621,0.6241,0.9495,0.9517,0.9545,0.9545,0.9659,0.8125,1.0,0.6842
0.64,0.6,0.9545,0.7131,0.8621,0.6241,0.9495,0.9517,0.9545,0.9545,0.9659,0.8125,1.0,0.6842
0.64,0.61,0.9527,0.707,0.8618,0.6157,0.9473,0.95,0.9527,0.9527,0.964,0.8,1.0,0.6667
0.64,0.62,0.9508,0.6917,0.8615,0.5953,0.945,0.9482,0.9508,0.9508,0.9621,0.7872,1.0,0.6491
0.64,0.63,0.9508,0.6917,0.8615,0.5953,0.945,0.9482,0.9508,0.9508,0.9621,0.7872,1.0,0.6491
0.64,0.64,0.9508,0.6917,0.8615,0.5953,0.945,0.9482,0.9508,0.9508,0.9621,0.7872,1.0,0.6491
0.65,0.0,0.9508,0.6917,0.8615,0.5953,0.945,0.9482,0.9508,0.9508,0.9621,0.7872,1.0,0.6491
0.65,0.01,0.9148,0.7425,0.78,0.7988,0.9303,0.9547,0.9148,0.9148,0.9261,0.7068,0.6184,0.8246
0.65,0.02,0.9356,0.7625,0.7978,0.8021,0.9429,0.9571,0.9356,0.9356,0.947,0.7705,0.7231,0.8246
0.65,0.03,0.9489,0.7824,0.8188,0.8043,0.9515,0.9597,0.9489,0.9489,0.9602,0.8174,0.8103,0.8246
0.65,0.04,0.9564,0.7988,0.8343,0.8055,0.9566,0.961,0.9564,0.9564,0.9678,0.8468,0.8704,0.8246
0.65,0.05,0.9602,0.8097,0.8463,0.8061,0.9594,0.9621,0.9602,0.9602,0.9716,0.8624,0.9038,0.8246
0.65,0.06,0.9659,0.8259,0.8827,0.807,0.9644,0.9677,0.9659,0.9659,0.9773,0.8868,0.9592,0.8246
0.65,0.07,0.964,0.8138,0.8761,0.7832,0.9625,0.9654,0.964,0.964,0.9754,0.8762,0.9583,0.807
0.65,0.08,0.9659,0.8208,0.886,0.7835,0.964,0.9662,0.9659,0.9659,0.9773,0.8846,0.9787,0.807
0.65,0.09,0.9678,0.8247,0.8955,0.7838,0.9655,0.9678,0.9678,0.9678,0.9792,0.8932,1.0,0.807
0.65,0.1,0.9678,0.8247,0.8955,0.7838,0.9655,0.9678,0.9678,0.9678,0.9792,0.8932,1.0,0.807
0.65,0.11,0.9678,0.8247,0.8955,0.7838,0.9655,0.9678,0.9678,0.9678,0.9792,0.8932,1.0,0.807
0.65,0.12,0.9678,0.8247,0.8955,0.7838,0.9655,0.9678,0.9678,0.9678,0.9792,0.8932,1.0,0.807
0.65,0.13,0.9678,0.8247,0.8955,0.7838,0.9655,0.9678,0.9678,0.9678,0.9792,0.8932,1.0,0.807
0.65,0.14,0.9678,0.8247,0.8955,0.7838,0.9655,0.9678,0.9678,0.9678,0.9792,0.8932,1.0,0.807
0.65,0.15,0.9678,0.8247,0.8955,0.7838,0.9655,0.9678,0.9678,0.9678,0.9792,0.8932,1.0,0.807
0.65,0.16,0.9659,0.8193,0.8953,0.7754,0.9634,0.966,0.9659,0.9659,0.9773,0.8824,1.0,0.7895
0.65,0.17,0.9659,0.8193,0.8953,0.7754,0.9634,0.966,0.9659,0.9659,0.9773,0.8824,1.0,0.7895
0.65,0.18,0.9659,0.8193,0.8953,0.7754,0.9634,0.966,0.9659,0.9659,0.9773,0.8824,1.0,0.7895
0.65,0.19,0.9659,0.8193,0.8953,0.7754,0.9634,0.966,0.9659,0.9659,0.9773,0.8824,1.0,0.7895
0.65,0.2,0.9659,0.8193,0.8953,0.7754,0.9634,0.966,0.9659,0.9659,0.9773,0.8824,1.0,0.7895
0.65,0.21,0.9659,0.8193,0.8953,0.7754,0.9634,0.966,0.9659,0.9659,0.9773,0.8824,1.0,0.7895
0.65,0.22,0.9659,0.8193,0.8953,0.7754,0.9634,0.966,0.9659,0.9659,0.9773,0.8824,1.0,0.7895
0.65,0.23,0.9659,0.8193,0.8953,0.7754,0.9634,0.966,0.9659,0.9659,0.9773,0.8824,1.0,0.7895
0.65,0.24,0.9659,0.8193,0.8953,0.7754,0.9634,0.966,0.9659,0.9659,0.9773,0.8824,1.0,0.7895
0.65,0.25,0.9659,0.8193,0.8953,0.7754,0.9634,0.966,0.9659,0.9659,0.9773,0.8824,1.0,0.7895
0.65,0.26,0.9659,0.8193,0.8953,0.7754,0.9634,0.966,0.9659,0.9659,0.9773,0.8824,1.0,0.7895
0.65,0.27,0.9659,0.8193,0.8953,0.7754,0.9634,0.966,0.9659,0.9659,0.9773,0.8824,1.0,0.7895
0.65,0.28,0.9659,0.8193,0.8953,0.7754,0.9634,0.966,0.9659,0.9659,0.9773,0.8824,1.0,0.7895
0.65,0.29,0.9659,0.8193,0.8953,0.7754,0.9634,0.966,0.9659,0.9659,0.9773,0.8824,1.0,0.7895
0.65,0.3,0.9659,0.8193,0.8953,0.7754,0.9634,0.966,0.9659,0.9659,0.9773,0.8824,1.0,0.7895
0.65,0.31,0.9659,0.8193,0.8953,0.7754,0.9634,0.966,0.9659,0.9659,0.9773,0.8824,1.0,0.7895
0.65,0.32,0.9659,0.8193,0.8953,0.7754,0.9634,0.966,0.9659,0.9659,0.9773,0.8824,1.0,0.7895
0.65,0.33,0.9659,0.8193,0.8953,0.7754,0.9634,0.966,0.9659,0.9659,0.9773,0.8824,1.0,0.7895
0.65,0.34,0.9659,0.8193,0.8953,0.7754,0.9634,0.966,0.9659,0.9659,0.9773,0.8824,1.0,0.7895
0.65,0.35,0.9659,0.8193,0.8953,0.7754,0.9634,0.966,0.9659,0.9659,0.9773,0.8824,1.0,0.7895
0.65,0.36,0.964,0.805,0.8873,0.7516,0.9614,0.9636,0.964,0.964,0.9754,0.8713,1.0,0.7719
0.65,0.37,0.964,0.805,0.8873,0.7516,0.9614,0.9636,0.964,0.964,0.9754,0.8713,1.0,0.7719
0.65,0.38,0.964,0.805,0.8873,0.7516,0.9614,0.9636,0.964,0.964,0.9754,0.8713,1.0,0.7719
0.65,0.39,0.9621,0.7572,0.887,0.6801,0.9592,0.9618,0.9621,0.9621,0.9735,0.86,1.0,0.7544
0.65,0.4,0.9621,0.7572,0.887,0.6801,0.9592,0.9618,0.9621,0.9621,0.9735,0.86,1.0,0.7544
0.65,0.41,0.9621,0.7572,0.887,0.6801,0.9592,0.9618,0.9621,0.9621,0.9735,0.86,1.0,0.7544
0.65,0.42,0.9621,0.7572,0.887,0.6801,0.9592,0.9618,0.9621,0.9621,0.9735,0.86,1.0,0.7544
0.65,0.43,0.9621,0.7572,0.887,0.6801,0.9592,0.9618,0.9621,0.9621,0.9735,0.86,1.0,0.7544
0.65,0.44,0.9621,0.7572,0.887,0.6801,0.9592,0.9618,0.9621,0.9621,0.9735,0.86,1.0,0.7544
0.65,0.45,0.9602,0.7469,0.8808,0.6682,0.9567,0.9591,0.9602,0.9602,0.9716,0.8485,1.0,0.7368
0.65,0.46,0.9602,0.7469,0.8808,0.6682,0.9567,0.9591,0.9602,0.9602,0.9716,0.8485,1.0,0.7368
0.65,0.47,0.9602,0.7469,0.8808,0.6682,0.9567,0.9591,0.9602,0.9602,0.9716,0.8485,1.0,0.7368
0.65,0.48,0.9602,0.7469,0.8808,0.6682,0.9567,0.9591,0.9602,0.9602,0.9716,0.8485,1.0,0.7368
0.65,0.49,0.9602,0.7469,0.8808,0.6682,0.9567,0.9591,0.9602,0.9602,0.9716,0.8485,1.0,0.7368
0.65,0.5,0.9602,0.7469,0.8808,0.6682,0.9567,0.9591,0.9602,0.9602,0.9716,0.8485,1.0,0.7368
0.65,0.51,0.9602,0.7469,0.8808,0.6682,0.9567,0.9591,0.9602,0.9602,0.9716,0.8485,1.0,0.7368
0.65,0.52,0.9602,0.7469,0.8808,0.6682,0.9567,0.9591,0.9602,0.9602,0.9716,0.8485,1.0,0.7368
0.65,0.53,0.9564,0.7297,0.8726,0.6479,0.9518,0.9543,0.9564,0.9564,0.9678,0.8247,1.0,0.7018
0.65,0.54,0.9564,0.7297,0.8726,0.6479,0.9518,0.9543,0.9564,0.9564,0.9678,0.8247,1.0,0.7018
0.65,0.55,0.9564,0.7297,0.8726,0.6479,0.9518,0.9543,0.9564,0.9564,0.9678,0.8247,1.0,0.7018
0.65,0.56,0.9564,0.7297,0.8726,0.6479,0.9518,0.9543,0.9564,0.9564,0.9678,0.8247,1.0,0.7018
0.65,0.57,0.9545,0.7131,0.8621,0.6241,0.9495,0.9517,0.9545,0.9545,0.9659,0.8125,1.0,0.6842
0.65,0.58,0.9545,0.7131,0.8621,0.6241,0.9495,0.9517,0.9545,0.9545,0.9659,0.8125,1.0,0.6842
0.65,0.59,0.9545,0.7131,0.8621,0.6241,0.9495,0.9517,0.9545,0.9545,0.9659,0.8125,1.0,0.6842
0.65,0.6,0.9545,0.7131,0.8621,0.6241,0.9495,0.9517,0.9545,0.9545,0.9659,0.8125,1.0,0.6842
0.65,0.61,0.9527,0.707,0.8618,0.6157,0.9473,0.95,0.9527,0.9527,0.964,0.8,1.0,0.6667
0.65,0.62,0.9508,0.6917,0.8615,0.5953,0.945,0.9482,0.9508,0.9508,0.9621,0.7872,1.0,0.6491
0.65,0.63,0.9508,0.6917,0.8615,0.5953,0.945,0.9482,0.9508,0.9508,0.9621,0.7872,1.0,0.6491
0.65,0.64,0.9508,0.6917,0.8615,0.5953,0.945,0.9482,0.9508,0.9508,0.9621,0.7872,1.0,0.6491
0.65,0.65,0.9508,0.6917,0.8615,0.5953,0.945,0.9482,0.9508,0.9508,0.9621,0.7872,1.0,0.6491
0.66,0.0,0.9508,0.6917,0.8615,0.5953,0.945,0.9482,0.9508,0.9508,0.9621,0.7872,1.0,0.6491
0.66,0.01,0.9148,0.7425,0.78,0.7988,0.9303,0.9547,0.9148,0.9148,0.9261,0.7068,0.6184,0.8246
0.66,0.02,0.9356,0.7625,0.7978,0.8021,0.9429,0.9571,0.9356,0.9356,0.947,0.7705,0.7231,0.8246
0.66,0.03,0.9489,0.7824,0.8188,0.8043,0.9515,0.9597,0.9489,0.9489,0.9602,0.8174,0.8103,0.8246
0.66,0.04,0.9564,0.7988,0.8343,0.8055,0.9566,0.961,0.9564,0.9564,0.9678,0.8468,0.8704,0.8246
0.66,0.05,0.9602,0.8097,0.8463,0.8061,0.9594,0.9621,0.9602,0.9602,0.9716,0.8624,0.9038,0.8246
0.66,0.06,0.9659,0.8259,0.8827,0.807,0.9644,0.9677,0.9659,0.9659,0.9773,0.8868,0.9592,0.8246
0.66,0.07,0.964,0.8138,0.8761,0.7832,0.9625,0.9654,0.964,0.964,0.9754,0.8762,0.9583,0.807
0.66,0.08,0.9659,0.8208,0.886,0.7835,0.964,0.9662,0.9659,0.9659,0.9773,0.8846,0.9787,0.807
0.66,0.09,0.9678,0.8247,0.8955,0.7838,0.9655,0.9678,0.9678,0.9678,0.9792,0.8932,1.0,0.807
0.66,0.1,0.9678,0.8247,0.8955,0.7838,0.9655,0.9678,0.9678,0.9678,0.9792,0.8932,1.0,0.807
0.66,0.11,0.9678,0.8247,0.8955,0.7838,0.9655,0.9678,0.9678,0.9678,0.9792,0.8932,1.0,0.807
0.66,0.12,0.9678,0.8247,0.8955,0.7838,0.9655,0.9678,0.9678,0.9678,0.9792,0.8932,1.0,0.807
0.66,0.13,0.9678,0.8247,0.8955,0.7838,0.9655,0.9678,0.9678,0.9678,0.9792,0.8932,1.0,0.807
0.66,0.14,0.9678,0.8247,0.8955,0.7838,0.9655,0.9678,0.9678,0.9678,0.9792,0.8932,1.0,0.807
0.66,0.15,0.9678,0.8247,0.8955,0.7838,0.9655,0.9678,0.9678,0.9678,0.9792,0.8932,1.0,0.807
0.66,0.16,0.9659,0.8193,0.8953,0.7754,0.9634,0.966,0.9659,0.9659,0.9773,0.8824,1.0,0.7895
0.66,0.17,0.9659,0.8193,0.8953,0.7754,0.9634,0.966,0.9659,0.9659,0.9773,0.8824,1.0,0.7895
0.66,0.18,0.9659,0.8193,0.8953,0.7754,0.9634,0.966,0.9659,0.9659,0.9773,0.8824,1.0,0.7895
0.66,0.19,0.9659,0.8193,0.8953,0.7754,0.9634,0.966,0.9659,0.9659,0.9773,0.8824,1.0,0.7895
0.66,0.2,0.9659,0.8193,0.8953,0.7754,0.9634,0.966,0.9659,0.9659,0.9773,0.8824,1.0,0.7895
0.66,0.21,0.9659,0.8193,0.8953,0.7754,0.9634,0.966,0.9659,0.9659,0.9773,0.8824,1.0,0.7895
0.66,0.22,0.9659,0.8193,0.8953,0.7754,0.9634,0.966,0.9659,0.9659,0.9773,0.8824,1.0,0.7895
0.66,0.23,0.9659,0.8193,0.8953,0.7754,0.9634,0.966,0.9659,0.9659,0.9773,0.8824,1.0,0.7895
0.66,0.24,0.9659,0.8193,0.8953,0.7754,0.9634,0.966,0.9659,0.9659,0.9773,0.8824,1.0,0.7895
0.66,0.25,0.9659,0.8193,0.8953,0.7754,0.9634,0.966,0.9659,0.9659,0.9773,0.8824,1.0,0.7895
0.66,0.26,0.9659,0.8193,0.8953,0.7754,0.9634,0.966,0.9659,0.9659,0.9773,0.8824,1.0,0.7895
0.66,0.27,0.9659,0.8193,0.8953,0.7754,0.9634,0.966,0.9659,0.9659,0.9773,0.8824,1.0,0.7895
0.66,0.28,0.9659,0.8193,0.8953,0.7754,0.9634,0.966,0.9659,0.9659,0.9773,0.8824,1.0,0.7895
0.66,0.29,0.9659,0.8193,0.8953,0.7754,0.9634,0.966,0.9659,0.9659,0.9773,0.8824,1.0,0.7895
0.66,0.3,0.9659,0.8193,0.8953,0.7754,0.9634,0.966,0.9659,0.9659,0.9773,0.8824,1.0,0.7895
0.66,0.31,0.9659,0.8193,0.8953,0.7754,0.9634,0.966,0.9659,0.9659,0.9773,0.8824,1.0,0.7895
0.66,0.32,0.9659,0.8193,0.8953,0.7754,0.9634,0.966,0.9659,0.9659,0.9773,0.8824,1.0,0.7895
0.66,0.33,0.9659,0.8193,0.8953,0.7754,0.9634,0.966,0.9659,0.9659,0.9773,0.8824,1.0,0.7895
0.66,0.34,0.9659,0.8193,0.8953,0.7754,0.9634,0.966,0.9659,0.9659,0.9773,0.8824,1.0,0.7895
0.66,0.35,0.9659,0.8193,0.8953,0.7754,0.9634,0.966,0.9659,0.9659,0.9773,0.8824,1.0,0.7895
0.66,0.36,0.964,0.805,0.8873,0.7516,0.9614,0.9636,0.964,0.964,0.9754,0.8713,1.0,0.7719
0.66,0.37,0.964,0.805,0.8873,0.7516,0.9614,0.9636,0.964,0.964,0.9754,0.8713,1.0,0.7719
0.66,0.38,0.964,0.805,0.8873,0.7516,0.9614,0.9636,0.964,0.964,0.9754,0.8713,1.0,0.7719
0.66,0.39,0.9621,0.7572,0.887,0.6801,0.9592,0.9618,0.9621,0.9621,0.9735,0.86,1.0,0.7544
0.66,0.4,0.9621,0.7572,0.887,0.6801,0.9592,0.9618,0.9621,0.9621,0.9735,0.86,1.0,0.7544
0.66,0.41,0.9621,0.7572,0.887,0.6801,0.9592,0.9618,0.9621,0.9621,0.9735,0.86,1.0,0.7544
0.66,0.42,0.9621,0.7572,0.887,0.6801,0.9592,0.9618,0.9621,0.9621,0.9735,0.86,1.0,0.7544
0.66,0.43,0.9621,0.7572,0.887,0.6801,0.9592,0.9618,0.9621,0.9621,0.9735,0.86,1.0,0.7544
0.66,0.44,0.9621,0.7572,0.887,0.6801,0.9592,0.9618,0.9621,0.9621,0.9735,0.86,1.0,0.7544
0.66,0.45,0.9602,0.7469,0.8808,0.6682,0.9567,0.9591,0.9602,0.9602,0.9716,0.8485,1.0,0.7368
0.66,0.46,0.9602,0.7469,0.8808,0.6682,0.9567,0.9591,0.9602,0.9602,0.9716,0.8485,1.0,0.7368
0.66,0.47,0.9602,0.7469,0.8808,0.6682,0.9567,0.9591,0.9602,0.9602,0.9716,0.8485,1.0,0.7368
0.66,0.48,0.9602,0.7469,0.8808,0.6682,0.9567,0.9591,0.9602,0.9602,0.9716,0.8485,1.0,0.7368
0.66,0.49,0.9602,0.7469,0.8808,0.6682,0.9567,0.9591,0.9602,0.9602,0.9716,0.8485,1.0,0.7368
0.66,0.5,0.9602,0.7469,0.8808,0.6682,0.9567,0.9591,0.9602,0.9602,0.9716,0.8485,1.0,0.7368
0.66,0.51,0.9602,0.7469,0.8808,0.6682,0.9567,0.9591,0.9602,0.9602,0.9716,0.8485,1.0,0.7368
0.66,0.52,0.9602,0.7469,0.8808,0.6682,0.9567,0.9591,0.9602,0.9602,0.9716,0.8485,1.0,0.7368
0.66,0.53,0.9564,0.7297,0.8726,0.6479,0.9518,0.9543,0.9564,0.9564,0.9678,0.8247,1.0,0.7018
0.66,0.54,0.9564,0.7297,0.8726,0.6479,0.9518,0.9543,0.9564,0.9564,0.9678,0.8247,1.0,0.7018
0.66,0.55,0.9564,0.7297,0.8726,0.6479,0.9518,0.9543,0.9564,0.9564,0.9678,0.8247,1.0,0.7018
0.66,0.56,0.9564,0.7297,0.8726,0.6479,0.9518,0.9543,0.9564,0.9564,0.9678,0.8247,1.0,0.7018
0.66,0.57,0.9545,0.7131,0.8621,0.6241,0.9495,0.9517,0.9545,0.9545,0.9659,0.8125,1.0,0.6842
0.66,0.58,0.9545,0.7131,0.8621,0.6241,0.9495,0.9517,0.9545,0.9545,0.9659,0.8125,1.0,0.6842
0.66,0.59,0.9545,0.7131,0.8621,0.6241,0.9495,0.9517,0.9545,0.9545,0.9659,0.8125,1.0,0.6842
0.66,0.6,0.9545,0.7131,0.8621,0.6241,0.9495,0.9517,0.9545,0.9545,0.9659,0.8125,1.0,0.6842
0.66,0.61,0.9527,0.707,0.8618,0.6157,0.9473,0.95,0.9527,0.9527,0.964,0.8,1.0,0.6667
0.66,0.62,0.9508,0.6917,0.8615,0.5953,0.945,0.9482,0.9508,0.9508,0.9621,0.7872,1.0,0.6491
0.66,0.63,0.9508,0.6917,0.8615,0.5953,0.945,0.9482,0.9508,0.9508,0.9621,0.7872,1.0,0.6491
0.66,0.64,0.9508,0.6917,0.8615,0.5953,0.945,0.9482,0.9508,0.9508,0.9621,0.7872,1.0,0.6491
0.66,0.65,0.9508,0.6917,0.8615,0.5953,0.945,0.9482,0.9508,0.9508,0.9621,0.7872,1.0,0.6491
0.66,0.66,0.9508,0.6917,0.8615,0.5953,0.945,0.9482,0.9508,0.9508,0.9621,0.7872,1.0,0.6491
0.67,0.0,0.9508,0.6917,0.8615,0.5953,0.945,0.9482,0.9508,0.9508,0.9621,0.7872,1.0,0.6491
0.67,0.01,0.9148,0.7425,0.78,0.7988,0.9303,0.9547,0.9148,0.9148,0.9261,0.7068,0.6184,0.8246
0.67,0.02,0.9356,0.7625,0.7978,0.8021,0.9429,0.9571,0.9356,0.9356,0.947,0.7705,0.7231,0.8246
0.67,0.03,0.9489,0.7824,0.8188,0.8043,0.9515,0.9597,0.9489,0.9489,0.9602,0.8174,0.8103,0.8246
0.67,0.04,0.9564,0.7988,0.8343,0.8055,0.9566,0.961,0.9564,0.9564,0.9678,0.8468,0.8704,0.8246
0.67,0.05,0.9602,0.8097,0.8463,0.8061,0.9594,0.9621,0.9602,0.9602,0.9716,0.8624,0.9038,0.8246
0.67,0.06,0.9659,0.8259,0.8827,0.807,0.9644,0.9677,0.9659,0.9659,0.9773,0.8868,0.9592,0.8246
0.67,0.07,0.964,0.8138,0.8761,0.7832,0.9625,0.9654,0.964,0.964,0.9754,0.8762,0.9583,0.807
0.67,0.08,0.9659,0.8208,0.886,0.7835,0.964,0.9662,0.9659,0.9659,0.9773,0.8846,0.9787,0.807
0.67,0.09,0.9678,0.8247,0.8955,0.7838,0.9655,0.9678,0.9678,0.9678,0.9792,0.8932,1.0,0.807
0.67,0.1,0.9678,0.8247,0.8955,0.7838,0.9655,0.9678,0.9678,0.9678,0.9792,0.8932,1.0,0.807
0.67,0.11,0.9678,0.8247,0.8955,0.7838,0.9655,0.9678,0.9678,0.9678,0.9792,0.8932,1.0,0.807
0.67,0.12,0.9678,0.8247,0.8955,0.7838,0.9655,0.9678,0.9678,0.9678,0.9792,0.8932,1.0,0.807
0.67,0.13,0.9678,0.8247,0.8955,0.7838,0.9655,0.9678,0.9678,0.9678,0.9792,0.8932,1.0,0.807
0.67,0.14,0.9678,0.8247,0.8955,0.7838,0.9655,0.9678,0.9678,0.9678,0.9792,0.8932,1.0,0.807
0.67,0.15,0.9678,0.8247,0.8955,0.7838,0.9655,0.9678,0.9678,0.9678,0.9792,0.8932,1.0,0.807
0.67,0.16,0.9659,0.8193,0.8953,0.7754,0.9634,0.966,0.9659,0.9659,0.9773,0.8824,1.0,0.7895
0.67,0.17,0.9659,0.8193,0.8953,0.7754,0.9634,0.966,0.9659,0.9659,0.9773,0.8824,1.0,0.7895
0.67,0.18,0.9659,0.8193,0.8953,0.7754,0.9634,0.966,0.9659,0.9659,0.9773,0.8824,1.0,0.7895
0.67,0.19,0.9659,0.8193,0.8953,0.7754,0.9634,0.966,0.9659,0.9659,0.9773,0.8824,1.0,0.7895
0.67,0.2,0.9659,0.8193,0.8953,0.7754,0.9634,0.966,0.9659,0.9659,0.9773,0.8824,1.0,0.7895
0.67,0.21,0.9659,0.8193,0.8953,0.7754,0.9634,0.966,0.9659,0.9659,0.9773,0.8824,1.0,0.7895
0.67,0.22,0.9659,0.8193,0.8953,0.7754,0.9634,0.966,0.9659,0.9659,0.9773,0.8824,1.0,0.7895
0.67,0.23,0.9659,0.8193,0.8953,0.7754,0.9634,0.966,0.9659,0.9659,0.9773,0.8824,1.0,0.7895
0.67,0.24,0.9659,0.8193,0.8953,0.7754,0.9634,0.966,0.9659,0.9659,0.9773,0.8824,1.0,0.7895
0.67,0.25,0.9659,0.8193,0.8953,0.7754,0.9634,0.966,0.9659,0.9659,0.9773,0.8824,1.0,0.7895
0.67,0.26,0.9659,0.8193,0.8953,0.7754,0.9634,0.966,0.9659,0.9659,0.9773,0.8824,1.0,0.7895
0.67,0.27,0.9659,0.8193,0.8953,0.7754,0.9634,0.966,0.9659,0.9659,0.9773,0.8824,1.0,0.7895
0.67,0.28,0.9659,0.8193,0.8953,0.7754,0.9634,0.966,0.9659,0.9659,0.9773,0.8824,1.0,0.7895
0.67,0.29,0.9659,0.8193,0.8953,0.7754,0.9634,0.966,0.9659,0.9659,0.9773,0.8824,1.0,0.7895
0.67,0.3,0.9659,0.8193,0.8953,0.7754,0.9634,0.966,0.9659,0.9659,0.9773,0.8824,1.0,0.7895
0.67,0.31,0.9659,0.8193,0.8953,0.7754,0.9634,0.966,0.9659,0.9659,0.9773,0.8824,1.0,0.7895
0.67,0.32,0.9659,0.8193,0.8953,0.7754,0.9634,0.966,0.9659,0.9659,0.9773,0.8824,1.0,0.7895
0.67,0.33,0.9659,0.8193,0.8953,0.7754,0.9634,0.966,0.9659,0.9659,0.9773,0.8824,1.0,0.7895
0.67,0.34,0.9659,0.8193,0.8953,0.7754,0.9634,0.966,0.9659,0.9659,0.9773,0.8824,1.0,0.7895
0.67,0.35,0.9659,0.8193,0.8953,0.7754,0.9634,0.966,0.9659,0.9659,0.9773,0.8824,1.0,0.7895
0.67,0.36,0.964,0.805,0.8873,0.7516,0.9614,0.9636,0.964,0.964,0.9754,0.8713,1.0,0.7719
0.67,0.37,0.964,0.805,0.8873,0.7516,0.9614,0.9636,0.964,0.964,0.9754,0.8713,1.0,0.7719
0.67,0.38,0.964,0.805,0.8873,0.7516,0.9614,0.9636,0.964,0.964,0.9754,0.8713,1.0,0.7719
0.67,0.39,0.9621,0.7572,0.887,0.6801,0.9592,0.9618,0.9621,0.9621,0.9735,0.86,1.0,0.7544
0.67,0.4,0.9621,0.7572,0.887,0.6801,0.9592,0.9618,0.9621,0.9621,0.9735,0.86,1.0,0.7544
0.67,0.41,0.9621,0.7572,0.887,0.6801,0.9592,0.9618,0.9621,0.9621,0.9735,0.86,1.0,0.7544
0.67,0.42,0.9621,0.7572,0.887,0.6801,0.9592,0.9618,0.9621,0.9621,0.9735,0.86,1.0,0.7544
0.67,0.43,0.9621,0.7572,0.887,0.6801,0.9592,0.9618,0.9621,0.9621,0.9735,0.86,1.0,0.7544
0.67,0.44,0.9621,0.7572,0.887,0.6801,0.9592,0.9618,0.9621,0.9621,0.9735,0.86,1.0,0.7544
0.67,0.45,0.9602,0.7469,0.8808,0.6682,0.9567,0.9591,0.9602,0.9602,0.9716,0.8485,1.0,0.7368
0.67,0.46,0.9602,0.7469,0.8808,0.6682,0.9567,0.9591,0.9602,0.9602,0.9716,0.8485,1.0,0.7368
0.67,0.47,0.9602,0.7469,0.8808,0.6682,0.9567,0.9591,0.9602,0.9602,0.9716,0.8485,1.0,0.7368
0.67,0.48,0.9602,0.7469,0.8808,0.6682,0.9567,0.9591,0.9602,0.9602,0.9716,0.8485,1.0,0.7368
0.67,0.49,0.9602,0.7469,0.8808,0.6682,0.9567,0.9591,0.9602,0.9602,0.9716,0.8485,1.0,0.7368
0.67,0.5,0.9602,0.7469,0.8808,0.6682,0.9567,0.9591,0.9602,0.9602,0.9716,0.8485,1.0,0.7368
0.67,0.51,0.9602,0.7469,0.8808,0.6682,0.9567,0.9591,0.9602,0.9602,0.9716,0.8485,1.0,0.7368
0.67,0.52,0.9602,0.7469,0.8808,0.6682,0.9567,0.9591,0.9602,0.9602,0.9716,0.8485,1.0,0.7368
0.67,0.53,0.9564,0.7297,0.8726,0.6479,0.9518,0.9543,0.9564,0.9564,0.9678,0.8247,1.0,0.7018
0.67,0.54,0.9564,0.7297,0.8726,0.6479,0.9518,0.9543,0.9564,0.9564,0.9678,0.8247,1.0,0.7018
0.67,0.55,0.9564,0.7297,0.8726,0.6479,0.9518,0.9543,0.9564,0.9564,0.9678,0.8247,1.0,0.7018
0.67,0.56,0.9564,0.7297,0.8726,0.6479,0.9518,0.9543,0.9564,0.9564,0.9678,0.8247,1.0,0.7018
0.67,0.57,0.9545,0.7131,0.8621,0.6241,0.9495,0.9517,0.9545,0.9545,0.9659,0.8125,1.0,0.6842
0.67,0.58,0.9545,0.7131,0.8621,0.6241,0.9495,0.9517,0.9545,0.9545,0.9659,0.8125,1.0,0.6842
0.67,0.59,0.9545,0.7131,0.8621,0.6241,0.9495,0.9517,0.9545,0.9545,0.9659,0.8125,1.0,0.6842
0.67,0.6,0.9545,0.7131,0.8621,0.6241,0.9495,0.9517,0.9545,0.9545,0.9659,0.8125,1.0,0.6842
0.67,0.61,0.9527,0.707,0.8618,0.6157,0.9473,0.95,0.9527,0.9527,0.964,0.8,1.0,0.6667
0.67,0.62,0.9508,0.6917,0.8615,0.5953,0.945,0.9482,0.9508,0.9508,0.9621,0.7872,1.0,0.6491
0.67,0.63,0.9508,0.6917,0.8615,0.5953,0.945,0.9482,0.9508,0.9508,0.9621,0.7872,1.0,0.6491
0.67,0.64,0.9508,0.6917,0.8615,0.5953,0.945,0.9482,0.9508,0.9508,0.9621,0.7872,1.0,0.6491
0.67,0.65,0.9508,0.6917,0.8615,0.5953,0.945,0.9482,0.9508,0.9508,0.9621,0.7872,1.0,0.6491
0.67,0.66,0.9508,0.6917,0.8615,0.5953,0.945,0.9482,0.9508,0.9508,0.9621,0.7872,1.0,0.6491
0.67,0.67,0.9508,0.6917,0.8615,0.5953,0.945,0.9482,0.9508,0.9508,0.9621,0.7872,1.0,0.6491
0.68,0.0,0.9489,0.6915,0.8753,0.5869,0.9422,0.9459,0.9489,0.9489,0.9583,0.7609,1.0,0.614
0.68,0.01,0.9148,0.7425,0.78,0.7988,0.9303,0.9547,0.9148,0.9148,0.9261,0.7068,0.6184,0.8246
0.68,0.02,0.9356,0.7625,0.7978,0.8021,0.9429,0.9571,0.9356,0.9356,0.947,0.7705,0.7231,0.8246
0.68,0.03,0.9489,0.7824,0.8188,0.8043,0.9515,0.9597,0.9489,0.9489,0.9602,0.8174,0.8103,0.8246
0.68,0.04,0.9564,0.7988,0.8343,0.8055,0.9566,0.961,0.9564,0.9564,0.9678,0.8468,0.8704,0.8246
0.68,0.05,0.9602,0.8097,0.8463,0.8061,0.9594,0.9621,0.9602,0.9602,0.9716,0.8624,0.9038,0.8246
0.68,0.06,0.9659,0.8259,0.8827,0.807,0.9644,0.9677,0.9659,0.9659,0.9773,0.8868,0.9592,0.8246
0.68,0.07,0.964,0.8138,0.8761,0.7832,0.9625,0.9654,0.964,0.964,0.9754,0.8762,0.9583,0.807
0.68,0.08,0.9659,0.8208,0.886,0.7835,0.964,0.9662,0.9659,0.9659,0.9773,0.8846,0.9787,0.807
0.68,0.09,0.9678,0.8247,0.8955,0.7838,0.9655,0.9678,0.9678,0.9678,0.9792,0.8932,1.0,0.807
0.68,0.1,0.9678,0.8247,0.8955,0.7838,0.9655,0.9678,0.9678,0.9678,0.9792,0.8932,1.0,0.807
0.68,0.11,0.9678,0.8247,0.8955,0.7838,0.9655,0.9678,0.9678,0.9678,0.9792,0.8932,1.0,0.807
0.68,0.12,0.9678,0.8247,0.8955,0.7838,0.9655,0.9678,0.9678,0.9678,0.9792,0.8932,1.0,0.807
0.68,0.13,0.9678,0.8247,0.8955,0.7838,0.9655,0.9678,0.9678,0.9678,0.9792,0.8932,1.0,0.807
0.68,0.14,0.9678,0.8247,0.8955,0.7838,0.9655,0.9678,0.9678,0.9678,0.9792,0.8932,1.0,0.807
0.68,0.15,0.9678,0.8247,0.8955,0.7838,0.9655,0.9678,0.9678,0.9678,0.9792,0.8932,1.0,0.807
0.68,0.16,0.9659,0.8193,0.8953,0.7754,0.9634,0.966,0.9659,0.9659,0.9773,0.8824,1.0,0.7895
0.68,0.17,0.9659,0.8193,0.8953,0.7754,0.9634,0.966,0.9659,0.9659,0.9773,0.8824,1.0,0.7895
0.68,0.18,0.9659,0.8193,0.8953,0.7754,0.9634,0.966,0.9659,0.9659,0.9773,0.8824,1.0,0.7895
0.68,0.19,0.9659,0.8193,0.8953,0.7754,0.9634,0.966,0.9659,0.9659,0.9773,0.8824,1.0,0.7895
0.68,0.2,0.9659,0.8193,0.8953,0.7754,0.9634,0.966,0.9659,0.9659,0.9773,0.8824,1.0,0.7895
0.68,0.21,0.9659,0.8193,0.8953,0.7754,0.9634,0.966,0.9659,0.9659,0.9773,0.8824,1.0,0.7895
0.68,0.22,0.9659,0.8193,0.8953,0.7754,0.9634,0.966,0.9659,0.9659,0.9773,0.8824,1.0,0.7895
0.68,0.23,0.9659,0.8193,0.8953,0.7754,0.9634,0.966,0.9659,0.9659,0.9773,0.8824,1.0,0.7895
0.68,0.24,0.9659,0.8193,0.8953,0.7754,0.9634,0.966,0.9659,0.9659,0.9773,0.8824,1.0,0.7895
0.68,0.25,0.9659,0.8193,0.8953,0.7754,0.9634,0.966,0.9659,0.9659,0.9773,0.8824,1.0,0.7895
0.68,0.26,0.9659,0.8193,0.8953,0.7754,0.9634,0.966,0.9659,0.9659,0.9773,0.8824,1.0,0.7895
0.68,0.27,0.9659,0.8193,0.8953,0.7754,0.9634,0.966,0.9659,0.9659,0.9773,0.8824,1.0,0.7895
0.68,0.28,0.9659,0.8193,0.8953,0.7754,0.9634,0.966,0.9659,0.9659,0.9773,0.8824,1.0,0.7895
0.68,0.29,0.9659,0.8193,0.8953,0.7754,0.9634,0.966,0.9659,0.9659,0.9773,0.8824,1.0,0.7895
0.68,0.3,0.9659,0.8193,0.8953,0.7754,0.9634,0.966,0.9659,0.9659,0.9773,0.8824,1.0,0.7895
0.68,0.31,0.9659,0.8193,0.8953,0.7754,0.9634,0.966,0.9659,0.9659,0.9773,0.8824,1.0,0.7895
0.68,0.32,0.9659,0.8193,0.8953,0.7754,0.9634,0.966,0.9659,0.9659,0.9773,0.8824,1.0,0.7895
0.68,0.33,0.9659,0.8193,0.8953,0.7754,0.9634,0.966,0.9659,0.9659,0.9773,0.8824,1.0,0.7895
0.68,0.34,0.9659,0.8193,0.8953,0.7754,0.9634,0.966,0.9659,0.9659,0.9773,0.8824,1.0,0.7895
0.68,0.35,0.9659,0.8193,0.8953,0.7754,0.9634,0.966,0.9659,0.9659,0.9773,0.8824,1.0,0.7895
0.68,0.36,0.964,0.805,0.8873,0.7516,0.9614,0.9636,0.964,0.964,0.9754,0.8713,1.0,0.7719
0.68,0.37,0.964,0.805,0.8873,0.7516,0.9614,0.9636,0.964,0.964,0.9754,0.8713,1.0,0.7719
0.68,0.38,0.964,0.805,0.8873,0.7516,0.9614,0.9636,0.964,0.964,0.9754,0.8713,1.0,0.7719
0.68,0.39,0.9621,0.7572,0.887,0.6801,0.9592,0.9618,0.9621,0.9621,0.9735,0.86,1.0,0.7544
0.68,0.4,0.9621,0.7572,0.887,0.6801,0.9592,0.9618,0.9621,0.9621,0.9735,0.86,1.0,0.7544
0.68,0.41,0.9621,0.7572,0.887,0.6801,0.9592,0.9618,0.9621,0.9621,0.9735,0.86,1.0,0.7544
0.68,0.42,0.9621,0.7572,0.887,0.6801,0.9592,0.9618,0.9621,0.9621,0.9735,0.86,1.0,0.7544
0.68,0.43,0.9621,0.7572,0.887,0.6801,0.9592,0.9618,0.9621,0.9621,0.9735,0.86,1.0,0.7544
0.68,0.44,0.9621,0.7572,0.887,0.6801,0.9592,0.9618,0.9621,0.9621,0.9735,0.86,1.0,0.7544
0.68,0.45,0.9602,0.7469,0.8808,0.6682,0.9567,0.9591,0.9602,0.9602,0.9716,0.8485,1.0,0.7368
0.68,0.46,0.9602,0.7469,0.8808,0.6682,0.9567,0.9591,0.9602,0.9602,0.9716,0.8485,1.0,0.7368
0.68,0.47,0.9602,0.7469,0.8808,0.6682,0.9567,0.9591,0.9602,0.9602,0.9716,0.8485,1.0,0.7368
0.68,0.48,0.9602,0.7469,0.8808,0.6682,0.9567,0.9591,0.9602,0.9602,0.9716,0.8485,1.0,0.7368
0.68,0.49,0.9602,0.7469,0.8808,0.6682,0.9567,0.9591,0.9602,0.9602,0.9716,0.8485,1.0,0.7368
0.68,0.5,0.9602,0.7469,0.8808,0.6682,0.9567,0.9591,0.9602,0.9602,0.9716,0.8485,1.0,0.7368
0.68,0.51,0.9602,0.7469,0.8808,0.6682,0.9567,0.9591,0.9602,0.9602,0.9716,0.8485,1.0,0.7368
0.68,0.52,0.9602,0.7469,0.8808,0.6682,0.9567,0.9591,0.9602,0.9602,0.9716,0.8485,1.0,0.7368
0.68,0.53,0.9564,0.7297,0.8726,0.6479,0.9518,0.9543,0.9564,0.9564,0.9678,0.8247,1.0,0.7018
0.68,0.54,0.9564,0.7297,0.8726,0.6479,0.9518,0.9543,0.9564,0.9564,0.9678,0.8247,1.0,0.7018
0.68,0.55,0.9564,0.7297,0.8726,0.6479,0.9518,0.9543,0.9564,0.9564,0.9678,0.8247,1.0,0.7018
0.68,0.56,0.9564,0.7297,0.8726,0.6479,0.9518,0.9543,0.9564,0.9564,0.9678,0.8247,1.0,0.7018
0.68,0.57,0.9545,0.7131,0.8621,0.6241,0.9495,0.9517,0.9545,0.9545,0.9659,0.8125,1.0,0.6842
0.68,0.58,0.9545,0.7131,0.8621,0.6241,0.9495,0.9517,0.9545,0.9545,0.9659,0.8125,1.0,0.6842
0.68,0.59,0.9545,0.7131,0.8621,0.6241,0.9495,0.9517,0.9545,0.9545,0.9659,0.8125,1.0,0.6842
0.68,0.6,0.9545,0.7131,0.8621,0.6241,0.9495,0.9517,0.9545,0.9545,0.9659,0.8125,1.0,0.6842
0.68,0.61,0.9527,0.707,0.8618,0.6157,0.9473,0.95,0.9527,0.9527,0.964,0.8,1.0,0.6667
0.68,0.62,0.9508,0.6917,0.8615,0.5953,0.945,0.9482,0.9508,0.9508,0.9621,0.7872,1.0,0.6491
0.68,0.63,0.9508,0.6917,0.8615,0.5953,0.945,0.9482,0.9508,0.9508,0.9621,0.7872,1.0,0.6491
0.68,0.64,0.9508,0.6917,0.8615,0.5953,0.945,0.9482,0.9508,0.9508,0.9621,0.7872,1.0,0.6491
0.68,0.65,0.9508,0.6917,0.8615,0.5953,0.945,0.9482,0.9508,0.9508,0.9621,0.7872,1.0,0.6491
0.68,0.66,0.9508,0.6917,0.8615,0.5953,0.945,0.9482,0.9508,0.9508,0.9621,0.7872,1.0,0.6491
0.68,0.67,0.9508,0.6917,0.8615,0.5953,0.945,0.9482,0.9508,0.9508,0.9621,0.7872,1.0,0.6491
0.68,0.68,0.9489,0.6915,0.8753,0.5869,0.9422,0.9459,0.9489,0.9489,0.9583,0.7609,1.0,0.614
0.69,0.0,0.947,0.6825,0.875,0.5759,0.9398,0.9442,0.947,0.947,0.9564,0.7473,1.0,0.5965
0.69,0.01,0.9148,0.7425,0.78,0.7988,0.9303,0.9547,0.9148,0.9148,0.9261,0.7068,0.6184,0.8246
0.69,0.02,0.9356,0.7625,0.7978,0.8021,0.9429,0.9571,0.9356,0.9356,0.947,0.7705,0.7231,0.8246
0.69,0.03,0.9489,0.7824,0.8188,0.8043,0.9515,0.9597,0.9489,0.9489,0.9602,0.8174,0.8103,0.8246
0.69,0.04,0.9564,0.7988,0.8343,0.8055,0.9566,0.961,0.9564,0.9564,0.9678,0.8468,0.8704,0.8246
0.69,0.05,0.9602,0.8097,0.8463,0.8061,0.9594,0.9621,0.9602,0.9602,0.9716,0.8624,0.9038,0.8246
0.69,0.06,0.9659,0.8259,0.8827,0.807,0.9644,0.9677,0.9659,0.9659,0.9773,0.8868,0.9592,0.8246
0.69,0.07,0.964,0.8138,0.8761,0.7832,0.9625,0.9654,0.964,0.964,0.9754,0.8762,0.9583,0.807
0.69,0.08,0.9659,0.8208,0.886,0.7835,0.964,0.9662,0.9659,0.9659,0.9773,0.8846,0.9787,0.807
0.69,0.09,0.9678,0.8247,0.8955,0.7838,0.9655,0.9678,0.9678,0.9678,0.9792,0.8932,1.0,0.807
0.69,0.1,0.9678,0.8247,0.8955,0.7838,0.9655,0.9678,0.9678,0.9678,0.9792,0.8932,1.0,0.807
0.69,0.11,0.9678,0.8247,0.8955,0.7838,0.9655,0.9678,0.9678,0.9678,0.9792,0.8932,1.0,0.807
0.69,0.12,0.9678,0.8247,0.8955,0.7838,0.9655,0.9678,0.9678,0.9678,0.9792,0.8932,1.0,0.807
0.69,0.13,0.9678,0.8247,0.8955,0.7838,0.9655,0.9678,0.9678,0.9678,0.9792,0.8932,1.0,0.807
0.69,0.14,0.9678,0.8247,0.8955,0.7838,0.9655,0.9678,0.9678,0.9678,0.9792,0.8932,1.0,0.807
0.69,0.15,0.9678,0.8247,0.8955,0.7838,0.9655,0.9678,0.9678,0.9678,0.9792,0.8932,1.0,0.807
0.69,0.16,0.9659,0.8193,0.8953,0.7754,0.9634,0.966,0.9659,0.9659,0.9773,0.8824,1.0,0.7895
0.69,0.17,0.9659,0.8193,0.8953,0.7754,0.9634,0.966,0.9659,0.9659,0.9773,0.8824,1.0,0.7895
0.69,0.18,0.9659,0.8193,0.8953,0.7754,0.9634,0.966,0.9659,0.9659,0.9773,0.8824,1.0,0.7895
0.69,0.19,0.9659,0.8193,0.8953,0.7754,0.9634,0.966,0.9659,0.9659,0.9773,0.8824,1.0,0.7895
0.69,0.2,0.9659,0.8193,0.8953,0.7754,0.9634,0.966,0.9659,0.9659,0.9773,0.8824,1.0,0.7895
0.69,0.21,0.9659,0.8193,0.8953,0.7754,0.9634,0.966,0.9659,0.9659,0.9773,0.8824,1.0,0.7895
0.69,0.22,0.9659,0.8193,0.8953,0.7754,0.9634,0.966,0.9659,0.9659,0.9773,0.8824,1.0,0.7895
0.69,0.23,0.9659,0.8193,0.8953,0.7754,0.9634,0.966,0.9659,0.9659,0.9773,0.8824,1.0,0.7895
0.69,0.24,0.9659,0.8193,0.8953,0.7754,0.9634,0.966,0.9659,0.9659,0.9773,0.8824,1.0,0.7895
0.69,0.25,0.9659,0.8193,0.8953,0.7754,0.9634,0.966,0.9659,0.9659,0.9773,0.8824,1.0,0.7895
0.69,0.26,0.9659,0.8193,0.8953,0.7754,0.9634,0.966,0.9659,0.9659,0.9773,0.8824,1.0,0.7895
0.69,0.27,0.9659,0.8193,0.8953,0.7754,0.9634,0.966,0.9659,0.9659,0.9773,0.8824,1.0,0.7895
0.69,0.28,0.9659,0.8193,0.8953,0.7754,0.9634,0.966,0.9659,0.9659,0.9773,0.8824,1.0,0.7895
0.69,0.29,0.9659,0.8193,0.8953,0.7754,0.9634,0.966,0.9659,0.9659,0.9773,0.8824,1.0,0.7895
0.69,0.3,0.9659,0.8193,0.8953,0.7754,0.9634,0.966,0.9659,0.9659,0.9773,0.8824,1.0,0.7895
0.69,0.31,0.9659,0.8193,0.8953,0.7754,0.9634,0.966,0.9659,0.9659,0.9773,0.8824,1.0,0.7895
0.69,0.32,0.9659,0.8193,0.8953,0.7754,0.9634,0.966,0.9659,0.9659,0.9773,0.8824,1.0,0.7895
0.69,0.33,0.9659,0.8193,0.8953,0.7754,0.9634,0.966,0.9659,0.9659,0.9773,0.8824,1.0,0.7895
0.69,0.34,0.9659,0.8193,0.8953,0.7754,0.9634,0.966,0.9659,0.9659,0.9773,0.8824,1.0,0.7895
0.69,0.35,0.9659,0.8193,0.8953,0.7754,0.9634,0.966,0.9659,0.9659,0.9773,0.8824,1.0,0.7895
0.69,0.36,0.964,0.805,0.8873,0.7516,0.9614,0.9636,0.964,0.964,0.9754,0.8713,1.0,0.7719
0.69,0.37,0.964,0.805,0.8873,0.7516,0.9614,0.9636,0.964,0.964,0.9754,0.8713,1.0,0.7719
0.69,0.38,0.964,0.805,0.8873,0.7516,0.9614,0.9636,0.964,0.964,0.9754,0.8713,1.0,0.7719
0.69,0.39,0.9621,0.7572,0.887,0.6801,0.9592,0.9618,0.9621,0.9621,0.9735,0.86,1.0,0.7544
0.69,0.4,0.9621,0.7572,0.887,0.6801,0.9592,0.9618,0.9621,0.9621,0.9735,0.86,1.0,0.7544
0.69,0.41,0.9621,0.7572,0.887,0.6801,0.9592,0.9618,0.9621,0.9621,0.9735,0.86,1.0,0.7544
0.69,0.42,0.9621,0.7572,0.887,0.6801,0.9592,0.9618,0.9621,0.9621,0.9735,0.86,1.0,0.7544
0.69,0.43,0.9621,0.7572,0.887,0.6801,0.9592,0.9618,0.9621,0.9621,0.9735,0.86,1.0,0.7544
0.69,0.44,0.9621,0.7572,0.887,0.6801,0.9592,0.9618,0.9621,0.9621,0.9735,0.86,1.0,0.7544
0.69,0.45,0.9602,0.7469,0.8808,0.6682,0.9567,0.9591,0.9602,0.9602,0.9716,0.8485,1.0,0.7368
0.69,0.46,0.9602,0.7469,0.8808,0.6682,0.9567,0.9591,0.9602,0.9602,0.9716,0.8485,1.0,0.7368
0.69,0.47,0.9602,0.7469,0.8808,0.6682,0.9567,0.9591,0.9602,0.9602,0.9716,0.8485,1.0,0.7368
0.69,0.48,0.9602,0.7469,0.8808,0.6682,0.9567,0.9591,0.9602,0.9602,0.9716,0.8485,1.0,0.7368
0.69,0.49,0.9602,0.7469,0.8808,0.6682,0.9567,0.9591,0.9602,0.9602,0.9716,0.8485,1.0,0.7368
0.69,0.5,0.9602,0.7469,0.8808,0.6682,0.9567,0.9591,0.9602,0.9602,0.9716,0.8485,1.0,0.7368
0.69,0.51,0.9602,0.7469,0.8808,0.6682,0.9567,0.9591,0.9602,0.9602,0.9716,0.8485,1.0,0.7368
0.69,0.52,0.9602,0.7469,0.8808,0.6682,0.9567,0.9591,0.9602,0.9602,0.9716,0.8485,1.0,0.7368
0.69,0.53,0.9564,0.7297,0.8726,0.6479,0.9518,0.9543,0.9564,0.9564,0.9678,0.8247,1.0,0.7018
0.69,0.54,0.9564,0.7297,0.8726,0.6479,0.9518,0.9543,0.9564,0.9564,0.9678,0.8247,1.0,0.7018
0.69,0.55,0.9564,0.7297,0.8726,0.6479,0.9518,0.9543,0.9564,0.9564,0.9678,0.8247,1.0,0.7018
0.69,0.56,0.9564,0.7297,0.8726,0.6479,0.9518,0.9543,0.9564,0.9564,0.9678,0.8247,1.0,0.7018
0.69,0.57,0.9545,0.7131,0.8621,0.6241,0.9495,0.9517,0.9545,0.9545,0.9659,0.8125,1.0,0.6842
0.69,0.58,0.9545,0.7131,0.8621,0.6241,0.9495,0.9517,0.9545,0.9545,0.9659,0.8125,1.0,0.6842
0.69,0.59,0.9545,0.7131,0.8621,0.6241,0.9495,0.9517,0.9545,0.9545,0.9659,0.8125,1.0,0.6842
0.69,0.6,0.9545,0.7131,0.8621,0.6241,0.9495,0.9517,0.9545,0.9545,0.9659,0.8125,1.0,0.6842
0.69,0.61,0.9527,0.707,0.8618,0.6157,0.9473,0.95,0.9527,0.9527,0.964,0.8,1.0,0.6667
0.69,0.62,0.9508,0.6917,0.8615,0.5953,0.945,0.9482,0.9508,0.9508,0.9621,0.7872,1.0,0.6491
0.69,0.63,0.9508,0.6917,0.8615,0.5953,0.945,0.9482,0.9508,0.9508,0.9621,0.7872,1.0,0.6491
0.69,0.64,0.9508,0.6917,0.8615,0.5953,0.945,0.9482,0.9508,0.9508,0.9621,0.7872,1.0,0.6491
0.69,0.65,0.9508,0.6917,0.8615,0.5953,0.945,0.9482,0.9508,0.9508,0.9621,0.7872,1.0,0.6491
0.69,0.66,0.9508,0.6917,0.8615,0.5953,0.945,0.9482,0.9508,0.9508,0.9621,0.7872,1.0,0.6491
0.69,0.67,0.9508,0.6917,0.8615,0.5953,0.945,0.9482,0.9508,0.9508,0.9621,0.7872,1.0,0.6491
0.69,0.68,0.9489,0.6915,0.8753,0.5869,0.9422,0.9459,0.9489,0.9489,0.9583,0.7609,1.0,0.614
0.69,0.69,0.947,0.6825,0.875,0.5759,0.9398,0.9442,0.947,0.947,0.9564,0.7473,1.0,0.5965
0.7,0.0,0.947,0.6825,0.875,0.5759,0.9398,0.9442,0.947,0.947,0.9564,0.7473,1.0,0.5965
0.7,0.01,0.9148,0.7425,0.78,0.7988,0.9303,0.9547,0.9148,0.9148,0.9261,0.7068,0.6184,0.8246
0.7,0.02,0.9356,0.7625,0.7978,0.8021,0.9429,0.9571,0.9356,0.9356,0.947,0.7705,0.7231,0.8246
0.7,0.03,0.9489,0.7824,0.8188,0.8043,0.9515,0.9597,0.9489,0.9489,0.9602,0.8174,0.8103,0.8246
0.7,0.04,0.9564,0.7988,0.8343,0.8055,0.9566,0.961,0.9564,0.9564,0.9678,0.8468,0.8704,0.8246
0.7,0.05,0.9602,0.8097,0.8463,0.8061,0.9594,0.9621,0.9602,0.9602,0.9716,0.8624,0.9038,0.8246
0.7,0.06,0.9659,0.8259,0.8827,0.807,0.9644,0.9677,0.9659,0.9659,0.9773,0.8868,0.9592,0.8246
0.7,0.07,0.964,0.8138,0.8761,0.7832,0.9625,0.9654,0.964,0.964,0.9754,0.8762,0.9583,0.807
0.7,0.08,0.9659,0.8208,0.886,0.7835,0.964,0.9662,0.9659,0.9659,0.9773,0.8846,0.9787,0.807
0.7,0.09,0.9678,0.8247,0.8955,0.7838,0.9655,0.9678,0.9678,0.9678,0.9792,0.8932,1.0,0.807
0.7,0.1,0.9678,0.8247,0.8955,0.7838,0.9655,0.9678,0.9678,0.9678,0.9792,0.8932,1.0,0.807
0.7,0.11,0.9678,0.8247,0.8955,0.7838,0.9655,0.9678,0.9678,0.9678,0.9792,0.8932,1.0,0.807
0.7,0.12,0.9678,0.8247,0.8955,0.7838,0.9655,0.9678,0.9678,0.9678,0.9792,0.8932,1.0,0.807
0.7,0.13,0.9678,0.8247,0.8955,0.7838,0.9655,0.9678,0.9678,0.9678,0.9792,0.8932,1.0,0.807
0.7,0.14,0.9678,0.8247,0.8955,0.7838,0.9655,0.9678,0.9678,0.9678,0.9792,0.8932,1.0,0.807
0.7,0.15,0.9678,0.8247,0.8955,0.7838,0.9655,0.9678,0.9678,0.9678,0.9792,0.8932,1.0,0.807
0.7,0.16,0.9659,0.8193,0.8953,0.7754,0.9634,0.966,0.9659,0.9659,0.9773,0.8824,1.0,0.7895
0.7,0.17,0.9659,0.8193,0.8953,0.7754,0.9634,0.966,0.9659,0.9659,0.9773,0.8824,1.0,0.7895
0.7,0.18,0.9659,0.8193,0.8953,0.7754,0.9634,0.966,0.9659,0.9659,0.9773,0.8824,1.0,0.7895
0.7,0.19,0.9659,0.8193,0.8953,0.7754,0.9634,0.966,0.9659,0.9659,0.9773,0.8824,1.0,0.7895
0.7,0.2,0.9659,0.8193,0.8953,0.7754,0.9634,0.966,0.9659,0.9659,0.9773,0.8824,1.0,0.7895
0.7,0.21,0.9659,0.8193,0.8953,0.7754,0.9634,0.966,0.9659,0.9659,0.9773,0.8824,1.0,0.7895
0.7,0.22,0.9659,0.8193,0.8953,0.7754,0.9634,0.966,0.9659,0.9659,0.9773,0.8824,1.0,0.7895
0.7,0.23,0.9659,0.8193,0.8953,0.7754,0.9634,0.966,0.9659,0.9659,0.9773,0.8824,1.0,0.7895
0.7,0.24,0.9659,0.8193,0.8953,0.7754,0.9634,0.966,0.9659,0.9659,0.9773,0.8824,1.0,0.7895
0.7,0.25,0.9659,0.8193,0.8953,0.7754,0.9634,0.966,0.9659,0.9659,0.9773,0.8824,1.0,0.7895
0.7,0.26,0.9659,0.8193,0.8953,0.7754,0.9634,0.966,0.9659,0.9659,0.9773,0.8824,1.0,0.7895
0.7,0.27,0.9659,0.8193,0.8953,0.7754,0.9634,0.966,0.9659,0.9659,0.9773,0.8824,1.0,0.7895
0.7,0.28,0.9659,0.8193,0.8953,0.7754,0.9634,0.966,0.9659,0.9659,0.9773,0.8824,1.0,0.7895
0.7,0.29,0.9659,0.8193,0.8953,0.7754,0.9634,0.966,0.9659,0.9659,0.9773,0.8824,1.0,0.7895
0.7,0.3,0.9659,0.8193,0.8953,0.7754,0.9634,0.966,0.9659,0.9659,0.9773,0.8824,1.0,0.7895
0.7,0.31,0.9659,0.8193,0.8953,0.7754,0.9634,0.966,0.9659,0.9659,0.9773,0.8824,1.0,0.7895
0.7,0.32,0.9659,0.8193,0.8953,0.7754,0.9634,0.966,0.9659,0.9659,0.9773,0.8824,1.0,0.7895
0.7,0.33,0.9659,0.8193,0.8953,0.7754,0.9634,0.966,0.9659,0.9659,0.9773,0.8824,1.0,0.7895
0.7,0.34,0.9659,0.8193,0.8953,0.7754,0.9634,0.966,0.9659,0.9659,0.9773,0.8824,1.0,0.7895
0.7,0.35,0.9659,0.8193,0.8953,0.7754,0.9634,0.966,0.9659,0.9659,0.9773,0.8824,1.0,0.7895
0.7,0.36,0.964,0.805,0.8873,0.7516,0.9614,0.9636,0.964,0.964,0.9754,0.8713,1.0,0.7719
0.7,0.37,0.964,0.805,0.8873,0.7516,0.9614,0.9636,0.964,0.964,0.9754,0.8713,1.0,0.7719
0.7,0.38,0.964,0.805,0.8873,0.7516,0.9614,0.9636,0.964,0.964,0.9754,0.8713,1.0,0.7719
0.7,0.39,0.9621,0.7572,0.887,0.6801,0.9592,0.9618,0.9621,0.9621,0.9735,0.86,1.0,0.7544
0.7,0.4,0.9621,0.7572,0.887,0.6801,0.9592,0.9618,0.9621,0.9621,0.9735,0.86,1.0,0.7544
0.7,0.41,0.9621,0.7572,0.887,0.6801,0.9592,0.9618,0.9621,0.9621,0.9735,0.86,1.0,0.7544
0.7,0.42,0.9621,0.7572,0.887,0.6801,0.9592,0.9618,0.9621,0.9621,0.9735,0.86,1.0,0.7544
0.7,0.43,0.9621,0.7572,0.887,0.6801,0.9592,0.9618,0.9621,0.9621,0.9735,0.86,1.0,0.7544
0.7,0.44,0.9621,0.7572,0.887,0.6801,0.9592,0.9618,0.9621,0.9621,0.9735,0.86,1.0,0.7544
0.7,0.45,0.9602,0.7469,0.8808,0.6682,0.9567,0.9591,0.9602,0.9602,0.9716,0.8485,1.0,0.7368
0.7,0.46,0.9602,0.7469,0.8808,0.6682,0.9567,0.9591,0.9602,0.9602,0.9716,0.8485,1.0,0.7368
0.7,0.47,0.9602,0.7469,0.8808,0.6682,0.9567,0.9591,0.9602,0.9602,0.9716,0.8485,1.0,0.7368
0.7,0.48,0.9602,0.7469,0.8808,0.6682,0.9567,0.9591,0.9602,0.9602,0.9716,0.8485,1.0,0.7368
0.7,0.49,0.9602,0.7469,0.8808,0.6682,0.9567,0.9591,0.9602,0.9602,0.9716,0.8485,1.0,0.7368
0.7,0.5,0.9602,0.7469,0.8808,0.6682,0.9567,0.9591,0.9602,0.9602,0.9716,0.8485,1.0,0.7368
0.7,0.51,0.9602,0.7469,0.8808,0.6682,0.9567,0.9591,0.9602,0.9602,0.9716,0.8485,1.0,0.7368
0.7,0.52,0.9602,0.7469,0.8808,0.6682,0.9567,0.9591,0.9602,0.9602,0.9716,0.8485,1.0,0.7368
0.7,0.53,0.9564,0.7297,0.8726,0.6479,0.9518,0.9543,0.9564,0.9564,0.9678,0.8247,1.0,0.7018
0.7,0.54,0.9564,0.7297,0.8726,0.6479,0.9518,0.9543,0.9564,0.9564,0.9678,0.8247,1.0,0.7018
0.7,0.55,0.9564,0.7297,0.8726,0.6479,0.9518,0.9543,0.9564,0.9564,0.9678,0.8247,1.0,0.7018
0.7,0.56,0.9564,0.7297,0.8726,0.6479,0.9518,0.9543,0.9564,0.9564,0.9678,0.8247,1.0,0.7018
0.7,0.57,0.9545,0.7131,0.8621,0.6241,0.9495,0.9517,0.9545,0.9545,0.9659,0.8125,1.0,0.6842
0.7,0.58,0.9545,0.7131,0.8621,0.6241,0.9495,0.9517,0.9545,0.9545,0.9659,0.8125,1.0,0.6842
0.7,0.59,0.9545,0.7131,0.8621,0.6241,0.9495,0.9517,0.9545,0.9545,0.9659,0.8125,1.0,0.6842
0.7,0.6,0.9545,0.7131,0.8621,0.6241,0.9495,0.9517,0.9545,0.9545,0.9659,0.8125,1.0,0.6842
0.7,0.61,0.9527,0.707,0.8618,0.6157,0.9473,0.95,0.9527,0.9527,0.964,0.8,1.0,0.6667
0.7,0.62,0.9508,0.6917,0.8615,0.5953,0.945,0.9482,0.9508,0.9508,0.9621,0.7872,1.0,0.6491
0.7,0.63,0.9508,0.6917,0.8615,0.5953,0.945,0.9482,0.9508,0.9508,0.9621,0.7872,1.0,0.6491
0.7,0.64,0.9508,0.6917,0.8615,0.5953,0.945,0.9482,0.9508,0.9508,0.9621,0.7872,1.0,0.6491
0.7,0.65,0.9508,0.6917,0.8615,0.5953,0.945,0.9482,0.9508,0.9508,0.9621,0.7872,1.0,0.6491
0.7,0.66,0.9508,0.6917,0.8615,0.5953,0.945,0.9482,0.9508,0.9508,0.9621,0.7872,1.0,0.6491
0.7,0.67,0.9508,0.6917,0.8615,0.5953,0.945,0.9482,0.9508,0.9508,0.9621,0.7872,1.0,0.6491
0.7,0.68,0.9489,0.6915,0.8753,0.5869,0.9422,0.9459,0.9489,0.9489,0.9583,0.7609,1.0,0.614
0.7,0.69,0.947,0.6825,0.875,0.5759,0.9398,0.9442,0.947,0.947,0.9564,0.7473,1.0,0.5965
0.7,0.7,0.947,0.6825,0.875,0.5759,0.9398,0.9442,0.947,0.947,0.9564,0.7473,1.0,0.5965
0.71,0.0,0.947,0.6825,0.875,0.5759,0.9398,0.9442,0.947,0.947,0.9564,0.7473,1.0,0.5965
0.71,0.01,0.9148,0.7425,0.78,0.7988,0.9303,0.9547,0.9148,0.9148,0.9261,0.7068,0.6184,0.8246
0.71,0.02,0.9356,0.7625,0.7978,0.8021,0.9429,0.9571,0.9356,0.9356,0.947,0.7705,0.7231,0.8246
0.71,0.03,0.9489,0.7824,0.8188,0.8043,0.9515,0.9597,0.9489,0.9489,0.9602,0.8174,0.8103,0.8246
0.71,0.04,0.9564,0.7988,0.8343,0.8055,0.9566,0.961,0.9564,0.9564,0.9678,0.8468,0.8704,0.8246
0.71,0.05,0.9602,0.8097,0.8463,0.8061,0.9594,0.9621,0.9602,0.9602,0.9716,0.8624,0.9038,0.8246
0.71,0.06,0.9659,0.8259,0.8827,0.807,0.9644,0.9677,0.9659,0.9659,0.9773,0.8868,0.9592,0.8246
0.71,0.07,0.964,0.8138,0.8761,0.7832,0.9625,0.9654,0.964,0.964,0.9754,0.8762,0.9583,0.807
0.71,0.08,0.9659,0.8208,0.886,0.7835,0.964,0.9662,0.9659,0.9659,0.9773,0.8846,0.9787,0.807
0.71,0.09,0.9678,0.8247,0.8955,0.7838,0.9655,0.9678,0.9678,0.9678,0.9792,0.8932,1.0,0.807
0.71,0.1,0.9678,0.8247,0.8955,0.7838,0.9655,0.9678,0.9678,0.9678,0.9792,0.8932,1.0,0.807
0.71,0.11,0.9678,0.8247,0.8955,0.7838,0.9655,0.9678,0.9678,0.9678,0.9792,0.8932,1.0,0.807
0.71,0.12,0.9678,0.8247,0.8955,0.7838,0.9655,0.9678,0.9678,0.9678,0.9792,0.8932,1.0,0.807
0.71,0.13,0.9678,0.8247,0.8955,0.7838,0.9655,0.9678,0.9678,0.9678,0.9792,0.8932,1.0,0.807
0.71,0.14,0.9678,0.8247,0.8955,0.7838,0.9655,0.9678,0.9678,0.9678,0.9792,0.8932,1.0,0.807
0.71,0.15,0.9678,0.8247,0.8955,0.7838,0.9655,0.9678,0.9678,0.9678,0.9792,0.8932,1.0,0.807
0.71,0.16,0.9659,0.8193,0.8953,0.7754,0.9634,0.966,0.9659,0.9659,0.9773,0.8824,1.0,0.7895
0.71,0.17,0.9659,0.8193,0.8953,0.7754,0.9634,0.966,0.9659,0.9659,0.9773,0.8824,1.0,0.7895
0.71,0.18,0.9659,0.8193,0.8953,0.7754,0.9634,0.966,0.9659,0.9659,0.9773,0.8824,1.0,0.7895
0.71,0.19,0.9659,0.8193,0.8953,0.7754,0.9634,0.966,0.9659,0.9659,0.9773,0.8824,1.0,0.7895
0.71,0.2,0.9659,0.8193,0.8953,0.7754,0.9634,0.966,0.9659,0.9659,0.9773,0.8824,1.0,0.7895
0.71,0.21,0.9659,0.8193,0.8953,0.7754,0.9634,0.966,0.9659,0.9659,0.9773,0.8824,1.0,0.7895
0.71,0.22,0.9659,0.8193,0.8953,0.7754,0.9634,0.966,0.9659,0.9659,0.9773,0.8824,1.0,0.7895
0.71,0.23,0.9659,0.8193,0.8953,0.7754,0.9634,0.966,0.9659,0.9659,0.9773,0.8824,1.0,0.7895
0.71,0.24,0.9659,0.8193,0.8953,0.7754,0.9634,0.966,0.9659,0.9659,0.9773,0.8824,1.0,0.7895
0.71,0.25,0.9659,0.8193,0.8953,0.7754,0.9634,0.966,0.9659,0.9659,0.9773,0.8824,1.0,0.7895
0.71,0.26,0.9659,0.8193,0.8953,0.7754,0.9634,0.966,0.9659,0.9659,0.9773,0.8824,1.0,0.7895
0.71,0.27,0.9659,0.8193,0.8953,0.7754,0.9634,0.966,0.9659,0.9659,0.9773,0.8824,1.0,0.7895
0.71,0.28,0.9659,0.8193,0.8953,0.7754,0.9634,0.966,0.9659,0.9659,0.9773,0.8824,1.0,0.7895
0.71,0.29,0.9659,0.8193,0.8953,0.7754,0.9634,0.966,0.9659,0.9659,0.9773,0.8824,1.0,0.7895
0.71,0.3,0.9659,0.8193,0.8953,0.7754,0.9634,0.966,0.9659,0.9659,0.9773,0.8824,1.0,0.7895
0.71,0.31,0.9659,0.8193,0.8953,0.7754,0.9634,0.966,0.9659,0.9659,0.9773,0.8824,1.0,0.7895
0.71,0.32,0.9659,0.8193,0.8953,0.7754,0.9634,0.966,0.9659,0.9659,0.9773,0.8824,1.0,0.7895
0.71,0.33,0.9659,0.8193,0.8953,0.7754,0.9634,0.966,0.9659,0.9659,0.9773,0.8824,1.0,0.7895
0.71,0.34,0.9659,0.8193,0.8953,0.7754,0.9634,0.966,0.9659,0.9659,0.9773,0.8824,1.0,0.7895
0.71,0.35,0.9659,0.8193,0.8953,0.7754,0.9634,0.966,0.9659,0.9659,0.9773,0.8824,1.0,0.7895
0.71,0.36,0.964,0.805,0.8873,0.7516,0.9614,0.9636,0.964,0.964,0.9754,0.8713,1.0,0.7719
0.71,0.37,0.964,0.805,0.8873,0.7516,0.9614,0.9636,0.964,0.964,0.9754,0.8713,1.0,0.7719
0.71,0.38,0.964,0.805,0.8873,0.7516,0.9614,0.9636,0.964,0.964,0.9754,0.8713,1.0,0.7719
0.71,0.39,0.9621,0.7572,0.887,0.6801,0.9592,0.9618,0.9621,0.9621,0.9735,0.86,1.0,0.7544
0.71,0.4,0.9621,0.7572,0.887,0.6801,0.9592,0.9618,0.9621,0.9621,0.9735,0.86,1.0,0.7544
0.71,0.41,0.9621,0.7572,0.887,0.6801,0.9592,0.9618,0.9621,0.9621,0.9735,0.86,1.0,0.7544
0.71,0.42,0.9621,0.7572,0.887,0.6801,0.9592,0.9618,0.9621,0.9621,0.9735,0.86,1.0,0.7544
0.71,0.43,0.9621,0.7572,0.887,0.6801,0.9592,0.9618,0.9621,0.9621,0.9735,0.86,1.0,0.7544
0.71,0.44,0.9621,0.7572,0.887,0.6801,0.9592,0.9618,0.9621,0.9621,0.9735,0.86,1.0,0.7544
0.71,0.45,0.9602,0.7469,0.8808,0.6682,0.9567,0.9591,0.9602,0.9602,0.9716,0.8485,1.0,0.7368
0.71,0.46,0.9602,0.7469,0.8808,0.6682,0.9567,0.9591,0.9602,0.9602,0.9716,0.8485,1.0,0.7368
0.71,0.47,0.9602,0.7469,0.8808,0.6682,0.9567,0.9591,0.9602,0.9602,0.9716,0.8485,1.0,0.7368
0.71,0.48,0.9602,0.7469,0.8808,0.6682,0.9567,0.9591,0.9602,0.9602,0.9716,0.8485,1.0,0.7368
0.71,0.49,0.9602,0.7469,0.8808,0.6682,0.9567,0.9591,0.9602,0.9602,0.9716,0.8485,1.0,0.7368
0.71,0.5,0.9602,0.7469,0.8808,0.6682,0.9567,0.9591,0.9602,0.9602,0.9716,0.8485,1.0,0.7368
0.71,0.51,0.9602,0.7469,0.8808,0.6682,0.9567,0.9591,0.9602,0.9602,0.9716,0.8485,1.0,0.7368
0.71,0.52,0.9602,0.7469,0.8808,0.6682,0.9567,0.9591,0.9602,0.9602,0.9716,0.8485,1.0,0.7368
0.71,0.53,0.9564,0.7297,0.8726,0.6479,0.9518,0.9543,0.9564,0.9564,0.9678,0.8247,1.0,0.7018
0.71,0.54,0.9564,0.7297,0.8726,0.6479,0.9518,0.9543,0.9564,0.9564,0.9678,0.8247,1.0,0.7018
0.71,0.55,0.9564,0.7297,0.8726,0.6479,0.9518,0.9543,0.9564,0.9564,0.9678,0.8247,1.0,0.7018
0.71,0.56,0.9564,0.7297,0.8726,0.6479,0.9518,0.9543,0.9564,0.9564,0.9678,0.8247,1.0,0.7018
0.71,0.57,0.9545,0.7131,0.8621,0.6241,0.9495,0.9517,0.9545,0.9545,0.9659,0.8125,1.0,0.6842
0.71,0.58,0.9545,0.7131,0.8621,0.6241,0.9495,0.9517,0.9545,0.9545,0.9659,0.8125,1.0,0.6842
0.71,0.59,0.9545,0.7131,0.8621,0.6241,0.9495,0.9517,0.9545,0.9545,0.9659,0.8125,1.0,0.6842
0.71,0.6,0.9545,0.7131,0.8621,0.6241,0.9495,0.9517,0.9545,0.9545,0.9659,0.8125,1.0,0.6842
0.71,0.61,0.9527,0.707,0.8618,0.6157,0.9473,0.95,0.9527,0.9527,0.964,0.8,1.0,0.6667
0.71,0.62,0.9508,0.6917,0.8615,0.5953,0.945,0.9482,0.9508,0.9508,0.9621,0.7872,1.0,0.6491
0.71,0.63,0.9508,0.6917,0.8615,0.5953,0.945,0.9482,0.9508,0.9508,0.9621,0.7872,1.0,0.6491
0.71,0.64,0.9508,0.6917,0.8615,0.5953,0.945,0.9482,0.9508,0.9508,0.9621,0.7872,1.0,0.6491
0.71,0.65,0.9508,0.6917,0.8615,0.5953,0.945,0.9482,0.9508,0.9508,0.9621,0.7872,1.0,0.6491
0.71,0.66,0.9508,0.6917,0.8615,0.5953,0.945,0.9482,0.9508,0.9508,0.9621,0.7872,1.0,0.6491
0.71,0.67,0.9508,0.6917,0.8615,0.5953,0.945,0.9482,0.9508,0.9508,0.9621,0.7872,1.0,0.6491
0.71,0.68,0.9489,0.6915,0.8753,0.5869,0.9422,0.9459,0.9489,0.9489,0.9583,0.7609,1.0,0.614
0.71,0.69,0.947,0.6825,0.875,0.5759,0.9398,0.9442,0.947,0.947,0.9564,0.7473,1.0,0.5965
0.71,0.7,0.947,0.6825,0.875,0.5759,0.9398,0.9442,0.947,0.947,0.9564,0.7473,1.0,0.5965
0.71,0.71,0.947,0.6825,0.875,0.5759,0.9398,0.9442,0.947,0.947,0.9564,0.7473,1.0,0.5965
0.72,0.0,0.947,0.6825,0.875,0.5759,0.9398,0.9442,0.947,0.947,0.9564,0.7473,1.0,0.5965
0.72,0.01,0.9148,0.7425,0.78,0.7988,0.9303,0.9547,0.9148,0.9148,0.9261,0.7068,0.6184,0.8246
0.72,0.02,0.9356,0.7625,0.7978,0.8021,0.9429,0.9571,0.9356,0.9356,0.947,0.7705,0.7231,0.8246
0.72,0.03,0.9489,0.7824,0.8188,0.8043,0.9515,0.9597,0.9489,0.9489,0.9602,0.8174,0.8103,0.8246
0.72,0.04,0.9564,0.7988,0.8343,0.8055,0.9566,0.961,0.9564,0.9564,0.9678,0.8468,0.8704,0.8246
0.72,0.05,0.9602,0.8097,0.8463,0.8061,0.9594,0.9621,0.9602,0.9602,0.9716,0.8624,0.9038,0.8246
0.72,0.06,0.9659,0.8259,0.8827,0.807,0.9644,0.9677,0.9659,0.9659,0.9773,0.8868,0.9592,0.8246
0.72,0.07,0.964,0.8138,0.8761,0.7832,0.9625,0.9654,0.964,0.964,0.9754,0.8762,0.9583,0.807
0.72,0.08,0.9659,0.8208,0.886,0.7835,0.964,0.9662,0.9659,0.9659,0.9773,0.8846,0.9787,0.807
0.72,0.09,0.9678,0.8247,0.8955,0.7838,0.9655,0.9678,0.9678,0.9678,0.9792,0.8932,1.0,0.807
0.72,0.1,0.9678,0.8247,0.8955,0.7838,0.9655,0.9678,0.9678,0.9678,0.9792,0.8932,1.0,0.807
0.72,0.11,0.9678,0.8247,0.8955,0.7838,0.9655,0.9678,0.9678,0.9678,0.9792,0.8932,1.0,0.807
0.72,0.12,0.9678,0.8247,0.8955,0.7838,0.9655,0.9678,0.9678,0.9678,0.9792,0.8932,1.0,0.807
0.72,0.13,0.9678,0.8247,0.8955,0.7838,0.9655,0.9678,0.9678,0.9678,0.9792,0.8932,1.0,0.807
0.72,0.14,0.9678,0.8247,0.8955,0.7838,0.9655,0.9678,0.9678,0.9678,0.9792,0.8932,1.0,0.807
0.72,0.15,0.9678,0.8247,0.8955,0.7838,0.9655,0.9678,0.9678,0.9678,0.9792,0.8932,1.0,0.807
0.72,0.16,0.9659,0.8193,0.8953,0.7754,0.9634,0.966,0.9659,0.9659,0.9773,0.8824,1.0,0.7895
0.72,0.17,0.9659,0.8193,0.8953,0.7754,0.9634,0.966,0.9659,0.9659,0.9773,0.8824,1.0,0.7895
0.72,0.18,0.9659,0.8193,0.8953,0.7754,0.9634,0.966,0.9659,0.9659,0.9773,0.8824,1.0,0.7895
0.72,0.19,0.9659,0.8193,0.8953,0.7754,0.9634,0.966,0.9659,0.9659,0.9773,0.8824,1.0,0.7895
0.72,0.2,0.9659,0.8193,0.8953,0.7754,0.9634,0.966,0.9659,0.9659,0.9773,0.8824,1.0,0.7895
0.72,0.21,0.9659,0.8193,0.8953,0.7754,0.9634,0.966,0.9659,0.9659,0.9773,0.8824,1.0,0.7895
0.72,0.22,0.9659,0.8193,0.8953,0.7754,0.9634,0.966,0.9659,0.9659,0.9773,0.8824,1.0,0.7895
0.72,0.23,0.9659,0.8193,0.8953,0.7754,0.9634,0.966,0.9659,0.9659,0.9773,0.8824,1.0,0.7895
0.72,0.24,0.9659,0.8193,0.8953,0.7754,0.9634,0.966,0.9659,0.9659,0.9773,0.8824,1.0,0.7895
0.72,0.25,0.9659,0.8193,0.8953,0.7754,0.9634,0.966,0.9659,0.9659,0.9773,0.8824,1.0,0.7895
0.72,0.26,0.9659,0.8193,0.8953,0.7754,0.9634,0.966,0.9659,0.9659,0.9773,0.8824,1.0,0.7895
0.72,0.27,0.9659,0.8193,0.8953,0.7754,0.9634,0.966,0.9659,0.9659,0.9773,0.8824,1.0,0.7895
0.72,0.28,0.9659,0.8193,0.8953,0.7754,0.9634,0.966,0.9659,0.9659,0.9773,0.8824,1.0,0.7895
0.72,0.29,0.9659,0.8193,0.8953,0.7754,0.9634,0.966,0.9659,0.9659,0.9773,0.8824,1.0,0.7895
0.72,0.3,0.9659,0.8193,0.8953,0.7754,0.9634,0.966,0.9659,0.9659,0.9773,0.8824,1.0,0.7895
0.72,0.31,0.9659,0.8193,0.8953,0.7754,0.9634,0.966,0.9659,0.9659,0.9773,0.8824,1.0,0.7895
0.72,0.32,0.9659,0.8193,0.8953,0.7754,0.9634,0.966,0.9659,0.9659,0.9773,0.8824,1.0,0.7895
0.72,0.33,0.9659,0.8193,0.8953,0.7754,0.9634,0.966,0.9659,0.9659,0.9773,0.8824,1.0,0.7895
0.72,0.34,0.9659,0.8193,0.8953,0.7754,0.9634,0.966,0.9659,0.9659,0.9773,0.8824,1.0,0.7895
0.72,0.35,0.9659,0.8193,0.8953,0.7754,0.9634,0.966,0.9659,0.9659,0.9773,0.8824,1.0,0.7895
0.72,0.36,0.964,0.805,0.8873,0.7516,0.9614,0.9636,0.964,0.964,0.9754,0.8713,1.0,0.7719
0.72,0.37,0.964,0.805,0.8873,0.7516,0.9614,0.9636,0.964,0.964,0.9754,0.8713,1.0,0.7719
0.72,0.38,0.964,0.805,0.8873,0.7516,0.9614,0.9636,0.964,0.964,0.9754,0.8713,1.0,0.7719
0.72,0.39,0.9621,0.7572,0.887,0.6801,0.9592,0.9618,0.9621,0.9621,0.9735,0.86,1.0,0.7544
0.72,0.4,0.9621,0.7572,0.887,0.6801,0.9592,0.9618,0.9621,0.9621,0.9735,0.86,1.0,0.7544
0.72,0.41,0.9621,0.7572,0.887,0.6801,0.9592,0.9618,0.9621,0.9621,0.9735,0.86,1.0,0.7544
0.72,0.42,0.9621,0.7572,0.887,0.6801,0.9592,0.9618,0.9621,0.9621,0.9735,0.86,1.0,0.7544
0.72,0.43,0.9621,0.7572,0.887,0.6801,0.9592,0.9618,0.9621,0.9621,0.9735,0.86,1.0,0.7544
0.72,0.44,0.9621,0.7572,0.887,0.6801,0.9592,0.9618,0.9621,0.9621,0.9735,0.86,1.0,0.7544
0.72,0.45,0.9602,0.7469,0.8808,0.6682,0.9567,0.9591,0.9602,0.9602,0.9716,0.8485,1.0,0.7368
0.72,0.46,0.9602,0.7469,0.8808,0.6682,0.9567,0.9591,0.9602,0.9602,0.9716,0.8485,1.0,0.7368
0.72,0.47,0.9602,0.7469,0.8808,0.6682,0.9567,0.9591,0.9602,0.9602,0.9716,0.8485,1.0,0.7368
0.72,0.48,0.9602,0.7469,0.8808,0.6682,0.9567,0.9591,0.9602,0.9602,0.9716,0.8485,1.0,0.7368
0.72,0.49,0.9602,0.7469,0.8808,0.6682,0.9567,0.9591,0.9602,0.9602,0.9716,0.8485,1.0,0.7368
0.72,0.5,0.9602,0.7469,0.8808,0.6682,0.9567,0.9591,0.9602,0.9602,0.9716,0.8485,1.0,0.7368
0.72,0.51,0.9602,0.7469,0.8808,0.6682,0.9567,0.9591,0.9602,0.9602,0.9716,0.8485,1.0,0.7368
0.72,0.52,0.9602,0.7469,0.8808,0.6682,0.9567,0.9591,0.9602,0.9602,0.9716,0.8485,1.0,0.7368
0.72,0.53,0.9564,0.7297,0.8726,0.6479,0.9518,0.9543,0.9564,0.9564,0.9678,0.8247,1.0,0.7018
0.72,0.54,0.9564,0.7297,0.8726,0.6479,0.9518,0.9543,0.9564,0.9564,0.9678,0.8247,1.0,0.7018
0.72,0.55,0.9564,0.7297,0.8726,0.6479,0.9518,0.9543,0.9564,0.9564,0.9678,0.8247,1.0,0.7018
0.72,0.56,0.9564,0.7297,0.8726,0.6479,0.9518,0.9543,0.9564,0.9564,0.9678,0.8247,1.0,0.7018
0.72,0.57,0.9545,0.7131,0.8621,0.6241,0.9495,0.9517,0.9545,0.9545,0.9659,0.8125,1.0,0.6842
0.72,0.58,0.9545,0.7131,0.8621,0.6241,0.9495,0.9517,0.9545,0.9545,0.9659,0.8125,1.0,0.6842
0.72,0.59,0.9545,0.7131,0.8621,0.6241,0.9495,0.9517,0.9545,0.9545,0.9659,0.8125,1.0,0.6842
0.72,0.6,0.9545,0.7131,0.8621,0.6241,0.9495,0.9517,0.9545,0.9545,0.9659,0.8125,1.0,0.6842
0.72,0.61,0.9527,0.707,0.8618,0.6157,0.9473,0.95,0.9527,0.9527,0.964,0.8,1.0,0.6667
0.72,0.62,0.9508,0.6917,0.8615,0.5953,0.945,0.9482,0.9508,0.9508,0.9621,0.7872,1.0,0.6491
0.72,0.63,0.9508,0.6917,0.8615,0.5953,0.945,0.9482,0.9508,0.9508,0.9621,0.7872,1.0,0.6491
0.72,0.64,0.9508,0.6917,0.8615,0.5953,0.945,0.9482,0.9508,0.9508,0.9621,0.7872,1.0,0.6491
0.72,0.65,0.9508,0.6917,0.8615,0.5953,0.945,0.9482,0.9508,0.9508,0.9621,0.7872,1.0,0.6491
0.72,0.66,0.9508,0.6917,0.8615,0.5953,0.945,0.9482,0.9508,0.9508,0.9621,0.7872,1.0,0.6491
0.72,0.67,0.9508,0.6917,0.8615,0.5953,0.945,0.9482,0.9508,0.9508,0.9621,0.7872,1.0,0.6491
0.72,0.68,0.9489,0.6915,0.8753,0.5869,0.9422,0.9459,0.9489,0.9489,0.9583,0.7609,1.0,0.614
0.72,0.69,0.947,0.6825,0.875,0.5759,0.9398,0.9442,0.947,0.947,0.9564,0.7473,1.0,0.5965
0.72,0.7,0.947,0.6825,0.875,0.5759,0.9398,0.9442,0.947,0.947,0.9564,0.7473,1.0,0.5965
0.72,0.71,0.947,0.6825,0.875,0.5759,0.9398,0.9442,0.947,0.947,0.9564,0.7473,1.0,0.5965
0.72,0.72,0.947,0.6825,0.875,0.5759,0.9398,0.9442,0.947,0.947,0.9564,0.7473,1.0,0.5965
0.73,0.0,0.947,0.6901,0.8961,0.5759,0.9395,0.9442,0.947,0.947,0.9545,0.7333,1.0,0.5789
0.73,0.01,0.9318,0.7609,0.7924,0.8015,0.9388,0.9523,0.9318,0.9318,0.9394,0.7377,0.6923,0.7895
0.73,0.02,0.9413,0.775,0.8076,0.8031,0.945,0.9543,0.9413,0.9413,0.9489,0.7692,0.75,0.7895
0.73,0.03,0.9508,0.7935,0.829,0.8046,0.9515,0.9569,0.9508,0.9508,0.9583,0.8036,0.8182,0.7895
0.73,0.04,0.9564,0.8091,0.8457,0.8055,0.9556,0.9583,0.9564,0.9564,0.964,0.8257,0.8654,0.7895
0.73,0.05,0.9602,0.8228,0.8631,0.8061,0.9586,0.9598,0.9602,0.9602,0.9678,0.8411,0.9,0.7895
0.73,0.06,0.9659,0.8409,0.9036,0.807,0.9637,0.9658,0.9659,0.9659,0.9735,0.8654,0.9574,0.7895
0.73,0.07,0.964,0.8282,0.8982,0.7832,0.9618,0.9636,0.964,0.964,0.9716,0.8544,0.9565,0.7719
0.73,0.08,0.9659,0.8375,0.9152,0.7835,0.9635,0.965,0.9659,0.9659,0.9735,0.8627,0.9778,0.7719
0.73,0.09,0.9678,0.8414,0.9247,0.7838,0.965,0.9666,0.9678,0.9678,0.9754,0.8713,1.0,0.7719
0.73,0.1,0.9678,0.8414,0.9247,0.7838,0.965,0.9666,0.9678,0.9678,0.9754,0.8713,1.0,0.7719
0.73,0.11,0.9678,0.8414,0.9247,0.7838,0.965,0.9666,0.9678,0.9678,0.9754,0.8713,1.0,0.7719
0.73,0.12,0.9678,0.8414,0.9247,0.7838,0.965,0.9666,0.9678,0.9678,0.9754,0.8713,1.0,0.7719
0.73,0.13,0.9678,0.8414,0.9247,0.7838,0.965,0.9666,0.9678,0.9678,0.9754,0.8713,1.0,0.7719
0.73,0.14,0.9678,0.8414,0.9247,0.7838,0.965,0.9666,0.9678,0.9678,0.9754,0.8713,1.0,0.7719
0.73,0.15,0.9678,0.8414,0.9247,0.7838,0.965,0.9666,0.9678,0.9678,0.9754,0.8713,1.0,0.7719
0.73,0.16,0.9659,0.836,0.9244,0.7754,0.9629,0.9648,0.9659,0.9659,0.9735,0.86,1.0,0.7544
0.73,0.17,0.9659,0.836,0.9244,0.7754,0.9629,0.9648,0.9659,0.9659,0.9735,0.86,1.0,0.7544
0.73,0.18,0.9659,0.836,0.9244,0.7754,0.9629,0.9648,0.9659,0.9659,0.9735,0.86,1.0,0.7544
0.73,0.19,0.9659,0.836,0.9244,0.7754,0.9629,0.9648,0.9659,0.9659,0.9735,0.86,1.0,0.7544
0.73,0.2,0.9659,0.836,0.9244,0.7754,0.9629,0.9648,0.9659,0.9659,0.9735,0.86,1.0,0.7544
0.73,0.21,0.9659,0.836,0.9244,0.7754,0.9629,0.9648,0.9659,0.9659,0.9735,0.86,1.0,0.7544
0.73,0.22,0.9659,0.836,0.9244,0.7754,0.9629,0.9648,0.9659,0.9659,0.9735,0.86,1.0,0.7544
0.73,0.23,0.9659,0.836,0.9244,0.7754,0.9629,0.9648,0.9659,0.9659,0.9735,0.86,1.0,0.7544
0.73,0.24,0.9659,0.836,0.9244,0.7754,0.9629,0.9648,0.9659,0.9659,0.9735,0.86,1.0,0.7544
0.73,0.25,0.9659,0.836,0.9244,0.7754,0.9629,0.9648,0.9659,0.9659,0.9735,0.86,1.0,0.7544
0.73,0.26,0.9659,0.836,0.9244,0.7754,0.9629,0.9648,0.9659,0.9659,0.9735,0.86,1.0,0.7544
0.73,0.27,0.9659,0.836,0.9244,0.7754,0.9629,0.9648,0.9659,0.9659,0.9735,0.86,1.0,0.7544
0.73,0.28,0.9659,0.836,0.9244,0.7754,0.9629,0.9648,0.9659,0.9659,0.9735,0.86,1.0,0.7544
0.73,0.29,0.9659,0.836,0.9244,0.7754,0.9629,0.9648,0.9659,0.9659,0.9735,0.86,1.0,0.7544
0.73,0.3,0.9659,0.836,0.9244,0.7754,0.9629,0.9648,0.9659,0.9659,0.9735,0.86,1.0,0.7544
0.73,0.31,0.9659,0.836,0.9244,0.7754,0.9629,0.9648,0.9659,0.9659,0.9735,0.86,1.0,0.7544
0.73,0.32,0.9659,0.836,0.9244,0.7754,0.9629,0.9648,0.9659,0.9659,0.9735,0.86,1.0,0.7544
0.73,0.33,0.9659,0.836,0.9244,0.7754,0.9629,0.9648,0.9659,0.9659,0.9735,0.86,1.0,0.7544
0.73,0.34,0.9659,0.836,0.9244,0.7754,0.9629,0.9648,0.9659,0.9659,0.9735,0.86,1.0,0.7544
0.73,0.35,0.9659,0.836,0.9244,0.7754,0.9629,0.9648,0.9659,0.9659,0.9735,0.86,1.0,0.7544
0.73,0.36,0.964,0.8207,0.9194,0.7516,0.9608,0.9626,0.964,0.964,0.9716,0.8485,1.0,0.7368
0.73,0.37,0.964,0.8207,0.9194,0.7516,0.9608,0.9626,0.964,0.964,0.9716,0.8485,1.0,0.7368
0.73,0.38,0.964,0.8207,0.9194,0.7516,0.9608,0.9626,0.964,0.964,0.9716,0.8485,1.0,0.7368
0.73,0.39,0.9621,0.7729,0.9191,0.6801,0.9586,0.9608,0.9621,0.9621,0.9697,0.8367,1.0,0.7193
0.73,0.4,0.9621,0.7729,0.9191,0.6801,0.9586,0.9608,0.9621,0.9621,0.9697,0.8367,1.0,0.7193
0.73,0.41,0.9621,0.7729,0.9191,0.6801,0.9586,0.9608,0.9621,0.9621,0.9697,0.8367,1.0,0.7193
0.73,0.42,0.9621,0.7729,0.9191,0.6801,0.9586,0.9608,0.9621,0.9621,0.9697,0.8367,1.0,0.7193
0.73,0.43,0.9621,0.7729,0.9191,0.6801,0.9586,0.9608,0.9621,0.9621,0.9697,0.8367,1.0,0.7193
0.73,0.44,0.9621,0.7729,0.9191,0.6801,0.9586,0.9608,0.9621,0.9621,0.9697,0.8367,1.0,0.7193
0.73,0.45,0.9602,0.7626,0.9129,0.6682,0.9561,0.9581,0.9602,0.9602,0.9678,0.8247,1.0,0.7018
0.73,0.46,0.9602,0.7626,0.9129,0.6682,0.9561,0.9581,0.9602,0.9602,0.9678,0.8247,1.0,0.7018
0.73,0.47,0.9602,0.7626,0.9129,0.6682,0.9561,0.9581,0.9602,0.9602,0.9678,0.8247,1.0,0.7018
0.73,0.48,0.9602,0.7626,0.9129,0.6682,0.9561,0.9581,0.9602,0.9602,0.9678,0.8247,1.0,0.7018
0.73,0.49,0.9602,0.7626,0.9129,0.6682,0.9561,0.9581,0.9602,0.9602,0.9678,0.8247,1.0,0.7018
0.73,0.5,0.9602,0.7626,0.9129,0.6682,0.9561,0.9581,0.9602,0.9602,0.9678,0.8247,1.0,0.7018
0.73,0.51,0.9602,0.7626,0.9129,0.6682,0.9561,0.9581,0.9602,0.9602,0.9678,0.8247,1.0,0.7018
0.73,0.52,0.9602,0.7626,0.9129,0.6682,0.9561,0.9581,0.9602,0.9602,0.9678,0.8247,1.0,0.7018
0.73,0.53,0.9564,0.7454,0.9047,0.6479,0.9512,0.9534,0.9564,0.9564,0.964,0.8,1.0,0.6667
0.73,0.54,0.9564,0.7454,0.9047,0.6479,0.9512,0.9534,0.9564,0.9564,0.964,0.8,1.0,0.6667
0.73,0.55,0.9564,0.7454,0.9047,0.6479,0.9512,0.9534,0.9564,0.9564,0.964,0.8,1.0,0.6667
0.73,0.56,0.9564,0.7454,0.9047,0.6479,0.9512,0.9534,0.9564,0.9564,0.964,0.8,1.0,0.6667
0.73,0.57,0.9545,0.7271,0.8972,0.6241,0.9489,0.9511,0.9545,0.9545,0.9621,0.7872,1.0,0.6491
0.73,0.58,0.9545,0.7271,0.8972,0.6241,0.9489,0.9511,0.9545,0.9545,0.9621,0.7872,1.0,0.6491
0.73,0.59,0.9545,0.7271,0.8972,0.6241,0.9489,0.9511,0.9545,0.9545,0.9621,0.7872,1.0,0.6491
0.73,0.6,0.9545,0.7271,0.8972,0.6241,0.9489,0.9511,0.9545,0.9545,0.9621,0.7872,1.0,0.6491
0.73,0.61,0.9527,0.721,0.897,0.6157,0.9466,0.9493,0.9527,0.9527,0.9602,0.7742,1.0,0.6316
0.73,0.62,0.9508,0.7057,0.8967,0.5953,0.9443,0.9476,0.9508,0.9508,0.9583,0.7609,1.0,0.614
0.73,0.63,0.9508,0.7057,0.8967,0.5953,0.9443,0.9476,0.9508,0.9508,0.9583,0.7609,1.0,0.614
0.73,0.64,0.9508,0.7057,0.8967,0.5953,0.9443,0.9476,0.9508,0.9508,0.9583,0.7609,1.0,0.614
0.73,0.65,0.9508,0.7057,0.8967,0.5953,0.9443,0.9476,0.9508,0.9508,0.9583,0.7609,1.0,0.614
0.73,0.66,0.9508,0.7057,0.8967,0.5953,0.9443,0.9476,0.9508,0.9508,0.9583,0.7609,1.0,0.614
0.73,0.67,0.9508,0.7057,0.8967,0.5953,0.9443,0.9476,0.9508,0.9508,0.9583,0.7609,1.0,0.614
0.73,0.68,0.9489,0.6991,0.8964,0.5869,0.9419,0.9459,0.9489,0.9489,0.9564,0.7473,1.0,0.5965
0.73,0.69,0.947,0.6901,0.8961,0.5759,0.9395,0.9442,0.947,0.947,0.9545,0.7333,1.0,0.5789
0.73,0.7,0.947,0.6901,0.8961,0.5759,0.9395,0.9442,0.947,0.947,0.9545,0.7333,1.0,0.5789
0.73,0.71,0.947,0.6901,0.8961,0.5759,0.9395,0.9442,0.947,0.947,0.9545,0.7333,1.0,0.5789
0.73,0.72,0.947,0.6901,0.8961,0.5759,0.9395,0.9442,0.947,0.947,0.9545,0.7333,1.0,0.5789
0.73,0.73,0.947,0.6901,0.8961,0.5759,0.9395,0.9442,0.947,0.947,0.9545,0.7333,1.0,0.5789
0.74,0.0,0.947,0.6901,0.8961,0.5759,0.9395,0.9442,0.947,0.947,0.9545,0.7333,1.0,0.5789
0.74,0.01,0.9318,0.7609,0.7924,0.8015,0.9388,0.9523,0.9318,0.9318,0.9394,0.7377,0.6923,0.7895
0.74,0.02,0.9413,0.775,0.8076,0.8031,0.945,0.9543,0.9413,0.9413,0.9489,0.7692,0.75,0.7895
0.74,0.03,0.9508,0.7935,0.829,0.8046,0.9515,0.9569,0.9508,0.9508,0.9583,0.8036,0.8182,0.7895
0.74,0.04,0.9564,0.8091,0.8457,0.8055,0.9556,0.9583,0.9564,0.9564,0.964,0.8257,0.8654,0.7895
0.74,0.05,0.9602,0.8228,0.8631,0.8061,0.9586,0.9598,0.9602,0.9602,0.9678,0.8411,0.9,0.7895
0.74,0.06,0.9659,0.8409,0.9036,0.807,0.9637,0.9658,0.9659,0.9659,0.9735,0.8654,0.9574,0.7895
0.74,0.07,0.964,0.8282,0.8982,0.7832,0.9618,0.9636,0.964,0.964,0.9716,0.8544,0.9565,0.7719
0.74,0.08,0.9659,0.8375,0.9152,0.7835,0.9635,0.965,0.9659,0.9659,0.9735,0.8627,0.9778,0.7719
0.74,0.09,0.9678,0.8414,0.9247,0.7838,0.965,0.9666,0.9678,0.9678,0.9754,0.8713,1.0,0.7719
0.74,0.1,0.9678,0.8414,0.9247,0.7838,0.965,0.9666,0.9678,0.9678,0.9754,0.8713,1.0,0.7719
0.74,0.11,0.9678,0.8414,0.9247,0.7838,0.965,0.9666,0.9678,0.9678,0.9754,0.8713,1.0,0.7719
0.74,0.12,0.9678,0.8414,0.9247,0.7838,0.965,0.9666,0.9678,0.9678,0.9754,0.8713,1.0,0.7719
0.74,0.13,0.9678,0.8414,0.9247,0.7838,0.965,0.9666,0.9678,0.9678,0.9754,0.8713,1.0,0.7719
0.74,0.14,0.9678,0.8414,0.9247,0.7838,0.965,0.9666,0.9678,0.9678,0.9754,0.8713,1.0,0.7719
0.74,0.15,0.9678,0.8414,0.9247,0.7838,0.965,0.9666,0.9678,0.9678,0.9754,0.8713,1.0,0.7719
0.74,0.16,0.9659,0.836,0.9244,0.7754,0.9629,0.9648,0.9659,0.9659,0.9735,0.86,1.0,0.7544
0.74,0.17,0.9659,0.836,0.9244,0.7754,0.9629,0.9648,0.9659,0.9659,0.9735,0.86,1.0,0.7544
0.74,0.18,0.9659,0.836,0.9244,0.7754,0.9629,0.9648,0.9659,0.9659,0.9735,0.86,1.0,0.7544
0.74,0.19,0.9659,0.836,0.9244,0.7754,0.9629,0.9648,0.9659,0.9659,0.9735,0.86,1.0,0.7544
0.74,0.2,0.9659,0.836,0.9244,0.7754,0.9629,0.9648,0.9659,0.9659,0.9735,0.86,1.0,0.7544
0.74,0.21,0.9659,0.836,0.9244,0.7754,0.9629,0.9648,0.9659,0.9659,0.9735,0.86,1.0,0.7544
0.74,0.22,0.9659,0.836,0.9244,0.7754,0.9629,0.9648,0.9659,0.9659,0.9735,0.86,1.0,0.7544
0.74,0.23,0.9659,0.836,0.9244,0.7754,0.9629,0.9648,0.9659,0.9659,0.9735,0.86,1.0,0.7544
0.74,0.24,0.9659,0.836,0.9244,0.7754,0.9629,0.9648,0.9659,0.9659,0.9735,0.86,1.0,0.7544
0.74,0.25,0.9659,0.836,0.9244,0.7754,0.9629,0.9648,0.9659,0.9659,0.9735,0.86,1.0,0.7544
0.74,0.26,0.9659,0.836,0.9244,0.7754,0.9629,0.9648,0.9659,0.9659,0.9735,0.86,1.0,0.7544
0.74,0.27,0.9659,0.836,0.9244,0.7754,0.9629,0.9648,0.9659,0.9659,0.9735,0.86,1.0,0.7544
0.74,0.28,0.9659,0.836,0.9244,0.7754,0.9629,0.9648,0.9659,0.9659,0.9735,0.86,1.0,0.7544
0.74,0.29,0.9659,0.836,0.9244,0.7754,0.9629,0.9648,0.9659,0.9659,0.9735,0.86,1.0,0.7544
0.74,0.3,0.9659,0.836,0.9244,0.7754,0.9629,0.9648,0.9659,0.9659,0.9735,0.86,1.0,0.7544
0.74,0.31,0.9659,0.836,0.9244,0.7754,0.9629,0.9648,0.9659,0.9659,0.9735,0.86,1.0,0.7544
0.74,0.32,0.9659,0.836,0.9244,0.7754,0.9629,0.9648,0.9659,0.9659,0.9735,0.86,1.0,0.7544
0.74,0.33,0.9659,0.836,0.9244,0.7754,0.9629,0.9648,0.9659,0.9659,0.9735,0.86,1.0,0.7544
0.74,0.34,0.9659,0.836,0.9244,0.7754,0.9629,0.9648,0.9659,0.9659,0.9735,0.86,1.0,0.7544
0.74,0.35,0.9659,0.836,0.9244,0.7754,0.9629,0.9648,0.9659,0.9659,0.9735,0.86,1.0,0.7544
0.74,0.36,0.964,0.8207,0.9194,0.7516,0.9608,0.9626,0.964,0.964,0.9716,0.8485,1.0,0.7368
0.74,0.37,0.964,0.8207,0.9194,0.7516,0.9608,0.9626,0.964,0.964,0.9716,0.8485,1.0,0.7368
0.74,0.38,0.964,0.8207,0.9194,0.7516,0.9608,0.9626,0.964,0.964,0.9716,0.8485,1.0,0.7368
0.74,0.39,0.9621,0.7729,0.9191,0.6801,0.9586,0.9608,0.9621,0.9621,0.9697,0.8367,1.0,0.7193
0.74,0.4,0.9621,0.7729,0.9191,0.6801,0.9586,0.9608,0.9621,0.9621,0.9697,0.8367,1.0,0.7193
0.74,0.41,0.9621,0.7729,0.9191,0.6801,0.9586,0.9608,0.9621,0.9621,0.9697,0.8367,1.0,0.7193
0.74,0.42,0.9621,0.7729,0.9191,0.6801,0.9586,0.9608,0.9621,0.9621,0.9697,0.8367,1.0,0.7193
0.74,0.43,0.9621,0.7729,0.9191,0.6801,0.9586,0.9608,0.9621,0.9621,0.9697,0.8367,1.0,0.7193
0.74,0.44,0.9621,0.7729,0.9191,0.6801,0.9586,0.9608,0.9621,0.9621,0.9697,0.8367,1.0,0.7193
0.74,0.45,0.9602,0.7626,0.9129,0.6682,0.9561,0.9581,0.9602,0.9602,0.9678,0.8247,1.0,0.7018
0.74,0.46,0.9602,0.7626,0.9129,0.6682,0.9561,0.9581,0.9602,0.9602,0.9678,0.8247,1.0,0.7018
0.74,0.47,0.9602,0.7626,0.9129,0.6682,0.9561,0.9581,0.9602,0.9602,0.9678,0.8247,1.0,0.7018
0.74,0.48,0.9602,0.7626,0.9129,0.6682,0.9561,0.9581,0.9602,0.9602,0.9678,0.8247,1.0,0.7018
0.74,0.49,0.9602,0.7626,0.9129,0.6682,0.9561,0.9581,0.9602,0.9602,0.9678,0.8247,1.0,0.7018
0.74,0.5,0.9602,0.7626,0.9129,0.6682,0.9561,0.9581,0.9602,0.9602,0.9678,0.8247,1.0,0.7018
0.74,0.51,0.9602,0.7626,0.9129,0.6682,0.9561,0.9581,0.9602,0.9602,0.9678,0.8247,1.0,0.7018
0.74,0.52,0.9602,0.7626,0.9129,0.6682,0.9561,0.9581,0.9602,0.9602,0.9678,0.8247,1.0,0.7018
0.74,0.53,0.9564,0.7454,0.9047,0.6479,0.9512,0.9534,0.9564,0.9564,0.964,0.8,1.0,0.6667
0.74,0.54,0.9564,0.7454,0.9047,0.6479,0.9512,0.9534,0.9564,0.9564,0.964,0.8,1.0,0.6667
0.74,0.55,0.9564,0.7454,0.9047,0.6479,0.9512,0.9534,0.9564,0.9564,0.964,0.8,1.0,0.6667
0.74,0.56,0.9564,0.7454,0.9047,0.6479,0.9512,0.9534,0.9564,0.9564,0.964,0.8,1.0,0.6667
0.74,0.57,0.9545,0.7271,0.8972,0.6241,0.9489,0.9511,0.9545,0.9545,0.9621,0.7872,1.0,0.6491
0.74,0.58,0.9545,0.7271,0.8972,0.6241,0.9489,0.9511,0.9545,0.9545,0.9621,0.7872,1.0,0.6491
0.74,0.59,0.9545,0.7271,0.8972,0.6241,0.9489,0.9511,0.9545,0.9545,0.9621,0.7872,1.0,0.6491
0.74,0.6,0.9545,0.7271,0.8972,0.6241,0.9489,0.9511,0.9545,0.9545,0.9621,0.7872,1.0,0.6491
0.74,0.61,0.9527,0.721,0.897,0.6157,0.9466,0.9493,0.9527,0.9527,0.9602,0.7742,1.0,0.6316
0.74,0.62,0.9508,0.7057,0.8967,0.5953,0.9443,0.9476,0.9508,0.9508,0.9583,0.7609,1.0,0.614
0.74,0.63,0.9508,0.7057,0.8967,0.5953,0.9443,0.9476,0.9508,0.9508,0.9583,0.7609,1.0,0.614
0.74,0.64,0.9508,0.7057,0.8967,0.5953,0.9443,0.9476,0.9508,0.9508,0.9583,0.7609,1.0,0.614
0.74,0.65,0.9508,0.7057,0.8967,0.5953,0.9443,0.9476,0.9508,0.9508,0.9583,0.7609,1.0,0.614
0.74,0.66,0.9508,0.7057,0.8967,0.5953,0.9443,0.9476,0.9508,0.9508,0.9583,0.7609,1.0,0.614
0.74,0.67,0.9508,0.7057,0.8967,0.5953,0.9443,0.9476,0.9508,0.9508,0.9583,0.7609,1.0,0.614
0.74,0.68,0.9489,0.6991,0.8964,0.5869,0.9419,0.9459,0.9489,0.9489,0.9564,0.7473,1.0,0.5965
0.74,0.69,0.947,0.6901,0.8961,0.5759,0.9395,0.9442,0.947,0.947,0.9545,0.7333,1.0,0.5789
0.74,0.7,0.947,0.6901,0.8961,0.5759,0.9395,0.9442,0.947,0.947,0.9545,0.7333,1.0,0.5789
0.74,0.71,0.947,0.6901,0.8961,0.5759,0.9395,0.9442,0.947,0.947,0.9545,0.7333,1.0,0.5789
0.74,0.72,0.947,0.6901,0.8961,0.5759,0.9395,0.9442,0.947,0.947,0.9545,0.7333,1.0,0.5789
0.74,0.73,0.947,0.6901,0.8961,0.5759,0.9395,0.9442,0.947,0.947,0.9545,0.7333,1.0,0.5789
0.74,0.74,0.947,0.6901,0.8961,0.5759,0.9395,0.9442,0.947,0.947,0.9545,0.7333,1.0,0.5789
0.75,0.0,0.947,0.6901,0.8961,0.5759,0.9395,0.9442,0.947,0.947,0.9545,0.7333,1.0,0.5789
0.75,0.01,0.9318,0.7609,0.7924,0.8015,0.9388,0.9523,0.9318,0.9318,0.9394,0.7377,0.6923,0.7895
0.75,0.02,0.9413,0.775,0.8076,0.8031,0.945,0.9543,0.9413,0.9413,0.9489,0.7692,0.75,0.7895
0.75,0.03,0.9508,0.7935,0.829,0.8046,0.9515,0.9569,0.9508,0.9508,0.9583,0.8036,0.8182,0.7895
0.75,0.04,0.9564,0.8091,0.8457,0.8055,0.9556,0.9583,0.9564,0.9564,0.964,0.8257,0.8654,0.7895
0.75,0.05,0.9602,0.8228,0.8631,0.8061,0.9586,0.9598,0.9602,0.9602,0.9678,0.8411,0.9,0.7895
0.75,0.06,0.9659,0.8409,0.9036,0.807,0.9637,0.9658,0.9659,0.9659,0.9735,0.8654,0.9574,0.7895
0.75,0.07,0.964,0.8282,0.8982,0.7832,0.9618,0.9636,0.964,0.964,0.9716,0.8544,0.9565,0.7719
0.75,0.08,0.9659,0.8375,0.9152,0.7835,0.9635,0.965,0.9659,0.9659,0.9735,0.8627,0.9778,0.7719
0.75,0.09,0.9678,0.8414,0.9247,0.7838,0.965,0.9666,0.9678,0.9678,0.9754,0.8713,1.0,0.7719
0.75,0.1,0.9678,0.8414,0.9247,0.7838,0.965,0.9666,0.9678,0.9678,0.9754,0.8713,1.0,0.7719
0.75,0.11,0.9678,0.8414,0.9247,0.7838,0.965,0.9666,0.9678,0.9678,0.9754,0.8713,1.0,0.7719
0.75,0.12,0.9678,0.8414,0.9247,0.7838,0.965,0.9666,0.9678,0.9678,0.9754,0.8713,1.0,0.7719
0.75,0.13,0.9678,0.8414,0.9247,0.7838,0.965,0.9666,0.9678,0.9678,0.9754,0.8713,1.0,0.7719
0.75,0.14,0.9678,0.8414,0.9247,0.7838,0.965,0.9666,0.9678,0.9678,0.9754,0.8713,1.0,0.7719
0.75,0.15,0.9678,0.8414,0.9247,0.7838,0.965,0.9666,0.9678,0.9678,0.9754,0.8713,1.0,0.7719
0.75,0.16,0.9659,0.836,0.9244,0.7754,0.9629,0.9648,0.9659,0.9659,0.9735,0.86,1.0,0.7544
0.75,0.17,0.9659,0.836,0.9244,0.7754,0.9629,0.9648,0.9659,0.9659,0.9735,0.86,1.0,0.7544
0.75,0.18,0.9659,0.836,0.9244,0.7754,0.9629,0.9648,0.9659,0.9659,0.9735,0.86,1.0,0.7544
0.75,0.19,0.9659,0.836,0.9244,0.7754,0.9629,0.9648,0.9659,0.9659,0.9735,0.86,1.0,0.7544
0.75,0.2,0.9659,0.836,0.9244,0.7754,0.9629,0.9648,0.9659,0.9659,0.9735,0.86,1.0,0.7544
0.75,0.21,0.9659,0.836,0.9244,0.7754,0.9629,0.9648,0.9659,0.9659,0.9735,0.86,1.0,0.7544
0.75,0.22,0.9659,0.836,0.9244,0.7754,0.9629,0.9648,0.9659,0.9659,0.9735,0.86,1.0,0.7544
0.75,0.23,0.9659,0.836,0.9244,0.7754,0.9629,0.9648,0.9659,0.9659,0.9735,0.86,1.0,0.7544
0.75,0.24,0.9659,0.836,0.9244,0.7754,0.9629,0.9648,0.9659,0.9659,0.9735,0.86,1.0,0.7544
0.75,0.25,0.9659,0.836,0.9244,0.7754,0.9629,0.9648,0.9659,0.9659,0.9735,0.86,1.0,0.7544
0.75,0.26,0.9659,0.836,0.9244,0.7754,0.9629,0.9648,0.9659,0.9659,0.9735,0.86,1.0,0.7544
0.75,0.27,0.9659,0.836,0.9244,0.7754,0.9629,0.9648,0.9659,0.9659,0.9735,0.86,1.0,0.7544
0.75,0.28,0.9659,0.836,0.9244,0.7754,0.9629,0.9648,0.9659,0.9659,0.9735,0.86,1.0,0.7544
0.75,0.29,0.9659,0.836,0.9244,0.7754,0.9629,0.9648,0.9659,0.9659,0.9735,0.86,1.0,0.7544
0.75,0.3,0.9659,0.836,0.9244,0.7754,0.9629,0.9648,0.9659,0.9659,0.9735,0.86,1.0,0.7544
0.75,0.31,0.9659,0.836,0.9244,0.7754,0.9629,0.9648,0.9659,0.9659,0.9735,0.86,1.0,0.7544
0.75,0.32,0.9659,0.836,0.9244,0.7754,0.9629,0.9648,0.9659,0.9659,0.9735,0.86,1.0,0.7544
0.75,0.33,0.9659,0.836,0.9244,0.7754,0.9629,0.9648,0.9659,0.9659,0.9735,0.86,1.0,0.7544
0.75,0.34,0.9659,0.836,0.9244,0.7754,0.9629,0.9648,0.9659,0.9659,0.9735,0.86,1.0,0.7544
0.75,0.35,0.9659,0.836,0.9244,0.7754,0.9629,0.9648,0.9659,0.9659,0.9735,0.86,1.0,0.7544
0.75,0.36,0.964,0.8207,0.9194,0.7516,0.9608,0.9626,0.964,0.964,0.9716,0.8485,1.0,0.7368
0.75,0.37,0.964,0.8207,0.9194,0.7516,0.9608,0.9626,0.964,0.964,0.9716,0.8485,1.0,0.7368
0.75,0.38,0.964,0.8207,0.9194,0.7516,0.9608,0.9626,0.964,0.964,0.9716,0.8485,1.0,0.7368
0.75,0.39,0.9621,0.7729,0.9191,0.6801,0.9586,0.9608,0.9621,0.9621,0.9697,0.8367,1.0,0.7193
0.75,0.4,0.9621,0.7729,0.9191,0.6801,0.9586,0.9608,0.9621,0.9621,0.9697,0.8367,1.0,0.7193
0.75,0.41,0.9621,0.7729,0.9191,0.6801,0.9586,0.9608,0.9621,0.9621,0.9697,0.8367,1.0,0.7193
0.75,0.42,0.9621,0.7729,0.9191,0.6801,0.9586,0.9608,0.9621,0.9621,0.9697,0.8367,1.0,0.7193
0.75,0.43,0.9621,0.7729,0.9191,0.6801,0.9586,0.9608,0.9621,0.9621,0.9697,0.8367,1.0,0.7193
0.75,0.44,0.9621,0.7729,0.9191,0.6801,0.9586,0.9608,0.9621,0.9621,0.9697,0.8367,1.0,0.7193
0.75,0.45,0.9602,0.7626,0.9129,0.6682,0.9561,0.9581,0.9602,0.9602,0.9678,0.8247,1.0,0.7018
0.75,0.46,0.9602,0.7626,0.9129,0.6682,0.9561,0.9581,0.9602,0.9602,0.9678,0.8247,1.0,0.7018
0.75,0.47,0.9602,0.7626,0.9129,0.6682,0.9561,0.9581,0.9602,0.9602,0.9678,0.8247,1.0,0.7018
0.75,0.48,0.9602,0.7626,0.9129,0.6682,0.9561,0.9581,0.9602,0.9602,0.9678,0.8247,1.0,0.7018
0.75,0.49,0.9602,0.7626,0.9129,0.6682,0.9561,0.9581,0.9602,0.9602,0.9678,0.8247,1.0,0.7018
0.75,0.5,0.9602,0.7626,0.9129,0.6682,0.9561,0.9581,0.9602,0.9602,0.9678,0.8247,1.0,0.7018
0.75,0.51,0.9602,0.7626,0.9129,0.6682,0.9561,0.9581,0.9602,0.9602,0.9678,0.8247,1.0,0.7018
0.75,0.52,0.9602,0.7626,0.9129,0.6682,0.9561,0.9581,0.9602,0.9602,0.9678,0.8247,1.0,0.7018
0.75,0.53,0.9564,0.7454,0.9047,0.6479,0.9512,0.9534,0.9564,0.9564,0.964,0.8,1.0,0.6667
0.75,0.54,0.9564,0.7454,0.9047,0.6479,0.9512,0.9534,0.9564,0.9564,0.964,0.8,1.0,0.6667
0.75,0.55,0.9564,0.7454,0.9047,0.6479,0.9512,0.9534,0.9564,0.9564,0.964,0.8,1.0,0.6667
0.75,0.56,0.9564,0.7454,0.9047,0.6479,0.9512,0.9534,0.9564,0.9564,0.964,0.8,1.0,0.6667
0.75,0.57,0.9545,0.7271,0.8972,0.6241,0.9489,0.9511,0.9545,0.9545,0.9621,0.7872,1.0,0.6491
0.75,0.58,0.9545,0.7271,0.8972,0.6241,0.9489,0.9511,0.9545,0.9545,0.9621,0.7872,1.0,0.6491
0.75,0.59,0.9545,0.7271,0.8972,0.6241,0.9489,0.9511,0.9545,0.9545,0.9621,0.7872,1.0,0.6491
0.75,0.6,0.9545,0.7271,0.8972,0.6241,0.9489,0.9511,0.9545,0.9545,0.9621,0.7872,1.0,0.6491
0.75,0.61,0.9527,0.721,0.897,0.6157,0.9466,0.9493,0.9527,0.9527,0.9602,0.7742,1.0,0.6316
0.75,0.62,0.9508,0.7057,0.8967,0.5953,0.9443,0.9476,0.9508,0.9508,0.9583,0.7609,1.0,0.614
0.75,0.63,0.9508,0.7057,0.8967,0.5953,0.9443,0.9476,0.9508,0.9508,0.9583,0.7609,1.0,0.614
0.75,0.64,0.9508,0.7057,0.8967,0.5953,0.9443,0.9476,0.9508,0.9508,0.9583,0.7609,1.0,0.614
0.75,0.65,0.9508,0.7057,0.8967,0.5953,0.9443,0.9476,0.9508,0.9508,0.9583,0.7609,1.0,0.614
0.75,0.66,0.9508,0.7057,0.8967,0.5953,0.9443,0.9476,0.9508,0.9508,0.9583,0.7609,1.0,0.614
0.75,0.67,0.9508,0.7057,0.8967,0.5953,0.9443,0.9476,0.9508,0.9508,0.9583,0.7609,1.0,0.614
0.75,0.68,0.9489,0.6991,0.8964,0.5869,0.9419,0.9459,0.9489,0.9489,0.9564,0.7473,1.0,0.5965
0.75,0.69,0.947,0.6901,0.8961,0.5759,0.9395,0.9442,0.947,0.947,0.9545,0.7333,1.0,0.5789
0.75,0.7,0.947,0.6901,0.8961,0.5759,0.9395,0.9442,0.947,0.947,0.9545,0.7333,1.0,0.5789
0.75,0.71,0.947,0.6901,0.8961,0.5759,0.9395,0.9442,0.947,0.947,0.9545,0.7333,1.0,0.5789
0.75,0.72,0.947,0.6901,0.8961,0.5759,0.9395,0.9442,0.947,0.947,0.9545,0.7333,1.0,0.5789
0.75,0.73,0.947,0.6901,0.8961,0.5759,0.9395,0.9442,0.947,0.947,0.9545,0.7333,1.0,0.5789
0.75,0.74,0.947,0.6901,0.8961,0.5759,0.9395,0.9442,0.947,0.947,0.9545,0.7333,1.0,0.5789
0.75,0.75,0.947,0.6901,0.8961,0.5759,0.9395,0.9442,0.947,0.947,0.9545,0.7333,1.0,0.5789
0.76,0.0,0.947,0.6901,0.8961,0.5759,0.9395,0.9442,0.947,0.947,0.9545,0.7333,1.0,0.5789
0.76,0.01,0.9318,0.7609,0.7924,0.8015,0.9388,0.9523,0.9318,0.9318,0.9394,0.7377,0.6923,0.7895
0.76,0.02,0.9413,0.775,0.8076,0.8031,0.945,0.9543,0.9413,0.9413,0.9489,0.7692,0.75,0.7895
0.76,0.03,0.9508,0.7935,0.829,0.8046,0.9515,0.9569,0.9508,0.9508,0.9583,0.8036,0.8182,0.7895
0.76,0.04,0.9564,0.8091,0.8457,0.8055,0.9556,0.9583,0.9564,0.9564,0.964,0.8257,0.8654,0.7895
0.76,0.05,0.9602,0.8228,0.8631,0.8061,0.9586,0.9598,0.9602,0.9602,0.9678,0.8411,0.9,0.7895
0.76,0.06,0.9659,0.8409,0.9036,0.807,0.9637,0.9658,0.9659,0.9659,0.9735,0.8654,0.9574,0.7895
0.76,0.07,0.964,0.8282,0.8982,0.7832,0.9618,0.9636,0.964,0.964,0.9716,0.8544,0.9565,0.7719
0.76,0.08,0.9659,0.8375,0.9152,0.7835,0.9635,0.965,0.9659,0.9659,0.9735,0.8627,0.9778,0.7719
0.76,0.09,0.9678,0.8414,0.9247,0.7838,0.965,0.9666,0.9678,0.9678,0.9754,0.8713,1.0,0.7719
0.76,0.1,0.9678,0.8414,0.9247,0.7838,0.965,0.9666,0.9678,0.9678,0.9754,0.8713,1.0,0.7719
0.76,0.11,0.9678,0.8414,0.9247,0.7838,0.965,0.9666,0.9678,0.9678,0.9754,0.8713,1.0,0.7719
0.76,0.12,0.9678,0.8414,0.9247,0.7838,0.965,0.9666,0.9678,0.9678,0.9754,0.8713,1.0,0.7719
0.76,0.13,0.9678,0.8414,0.9247,0.7838,0.965,0.9666,0.9678,0.9678,0.9754,0.8713,1.0,0.7719
0.76,0.14,0.9678,0.8414,0.9247,0.7838,0.965,0.9666,0.9678,0.9678,0.9754,0.8713,1.0,0.7719
0.76,0.15,0.9678,0.8414,0.9247,0.7838,0.965,0.9666,0.9678,0.9678,0.9754,0.8713,1.0,0.7719
0.76,0.16,0.9659,0.836,0.9244,0.7754,0.9629,0.9648,0.9659,0.9659,0.9735,0.86,1.0,0.7544
0.76,0.17,0.9659,0.836,0.9244,0.7754,0.9629,0.9648,0.9659,0.9659,0.9735,0.86,1.0,0.7544
0.76,0.18,0.9659,0.836,0.9244,0.7754,0.9629,0.9648,0.9659,0.9659,0.9735,0.86,1.0,0.7544
0.76,0.19,0.9659,0.836,0.9244,0.7754,0.9629,0.9648,0.9659,0.9659,0.9735,0.86,1.0,0.7544
0.76,0.2,0.9659,0.836,0.9244,0.7754,0.9629,0.9648,0.9659,0.9659,0.9735,0.86,1.0,0.7544
0.76,0.21,0.9659,0.836,0.9244,0.7754,0.9629,0.9648,0.9659,0.9659,0.9735,0.86,1.0,0.7544
0.76,0.22,0.9659,0.836,0.9244,0.7754,0.9629,0.9648,0.9659,0.9659,0.9735,0.86,1.0,0.7544
0.76,0.23,0.9659,0.836,0.9244,0.7754,0.9629,0.9648,0.9659,0.9659,0.9735,0.86,1.0,0.7544
0.76,0.24,0.9659,0.836,0.9244,0.7754,0.9629,0.9648,0.9659,0.9659,0.9735,0.86,1.0,0.7544
0.76,0.25,0.9659,0.836,0.9244,0.7754,0.9629,0.9648,0.9659,0.9659,0.9735,0.86,1.0,0.7544
0.76,0.26,0.9659,0.836,0.9244,0.7754,0.9629,0.9648,0.9659,0.9659,0.9735,0.86,1.0,0.7544
0.76,0.27,0.9659,0.836,0.9244,0.7754,0.9629,0.9648,0.9659,0.9659,0.9735,0.86,1.0,0.7544
0.76,0.28,0.9659,0.836,0.9244,0.7754,0.9629,0.9648,0.9659,0.9659,0.9735,0.86,1.0,0.7544
0.76,0.29,0.9659,0.836,0.9244,0.7754,0.9629,0.9648,0.9659,0.9659,0.9735,0.86,1.0,0.7544
0.76,0.3,0.9659,0.836,0.9244,0.7754,0.9629,0.9648,0.9659,0.9659,0.9735,0.86,1.0,0.7544
0.76,0.31,0.9659,0.836,0.9244,0.7754,0.9629,0.9648,0.9659,0.9659,0.9735,0.86,1.0,0.7544
0.76,0.32,0.9659,0.836,0.9244,0.7754,0.9629,0.9648,0.9659,0.9659,0.9735,0.86,1.0,0.7544
0.76,0.33,0.9659,0.836,0.9244,0.7754,0.9629,0.9648,0.9659,0.9659,0.9735,0.86,1.0,0.7544
0.76,0.34,0.9659,0.836,0.9244,0.7754,0.9629,0.9648,0.9659,0.9659,0.9735,0.86,1.0,0.7544
0.76,0.35,0.9659,0.836,0.9244,0.7754,0.9629,0.9648,0.9659,0.9659,0.9735,0.86,1.0,0.7544
0.76,0.36,0.964,0.8207,0.9194,0.7516,0.9608,0.9626,0.964,0.964,0.9716,0.8485,1.0,0.7368
0.76,0.37,0.964,0.8207,0.9194,0.7516,0.9608,0.9626,0.964,0.964,0.9716,0.8485,1.0,0.7368
0.76,0.38,0.964,0.8207,0.9194,0.7516,0.9608,0.9626,0.964,0.964,0.9716,0.8485,1.0,0.7368
0.76,0.39,0.9621,0.7729,0.9191,0.6801,0.9586,0.9608,0.9621,0.9621,0.9697,0.8367,1.0,0.7193
0.76,0.4,0.9621,0.7729,0.9191,0.6801,0.9586,0.9608,0.9621,0.9621,0.9697,0.8367,1.0,0.7193
0.76,0.41,0.9621,0.7729,0.9191,0.6801,0.9586,0.9608,0.9621,0.9621,0.9697,0.8367,1.0,0.7193
0.76,0.42,0.9621,0.7729,0.9191,0.6801,0.9586,0.9608,0.9621,0.9621,0.9697,0.8367,1.0,0.7193
0.76,0.43,0.9621,0.7729,0.9191,0.6801,0.9586,0.9608,0.9621,0.9621,0.9697,0.8367,1.0,0.7193
0.76,0.44,0.9621,0.7729,0.9191,0.6801,0.9586,0.9608,0.9621,0.9621,0.9697,0.8367,1.0,0.7193
0.76,0.45,0.9602,0.7626,0.9129,0.6682,0.9561,0.9581,0.9602,0.9602,0.9678,0.8247,1.0,0.7018
0.76,0.46,0.9602,0.7626,0.9129,0.6682,0.9561,0.9581,0.9602,0.9602,0.9678,0.8247,1.0,0.7018
0.76,0.47,0.9602,0.7626,0.9129,0.6682,0.9561,0.9581,0.9602,0.9602,0.9678,0.8247,1.0,0.7018
0.76,0.48,0.9602,0.7626,0.9129,0.6682,0.9561,0.9581,0.9602,0.9602,0.9678,0.8247,1.0,0.7018
0.76,0.49,0.9602,0.7626,0.9129,0.6682,0.9561,0.9581,0.9602,0.9602,0.9678,0.8247,1.0,0.7018
0.76,0.5,0.9602,0.7626,0.9129,0.6682,0.9561,0.9581,0.9602,0.9602,0.9678,0.8247,1.0,0.7018
0.76,0.51,0.9602,0.7626,0.9129,0.6682,0.9561,0.9581,0.9602,0.9602,0.9678,0.8247,1.0,0.7018
0.76,0.52,0.9602,0.7626,0.9129,0.6682,0.9561,0.9581,0.9602,0.9602,0.9678,0.8247,1.0,0.7018
0.76,0.53,0.9564,0.7454,0.9047,0.6479,0.9512,0.9534,0.9564,0.9564,0.964,0.8,1.0,0.6667
0.76,0.54,0.9564,0.7454,0.9047,0.6479,0.9512,0.9534,0.9564,0.9564,0.964,0.8,1.0,0.6667
0.76,0.55,0.9564,0.7454,0.9047,0.6479,0.9512,0.9534,0.9564,0.9564,0.964,0.8,1.0,0.6667
0.76,0.56,0.9564,0.7454,0.9047,0.6479,0.9512,0.9534,0.9564,0.9564,0.964,0.8,1.0,0.6667
0.76,0.57,0.9545,0.7271,0.8972,0.6241,0.9489,0.9511,0.9545,0.9545,0.9621,0.7872,1.0,0.6491
0.76,0.58,0.9545,0.7271,0.8972,0.6241,0.9489,0.9511,0.9545,0.9545,0.9621,0.7872,1.0,0.6491
0.76,0.59,0.9545,0.7271,0.8972,0.6241,0.9489,0.9511,0.9545,0.9545,0.9621,0.7872,1.0,0.6491
0.76,0.6,0.9545,0.7271,0.8972,0.6241,0.9489,0.9511,0.9545,0.9545,0.9621,0.7872,1.0,0.6491
0.76,0.61,0.9527,0.721,0.897,0.6157,0.9466,0.9493,0.9527,0.9527,0.9602,0.7742,1.0,0.6316
0.76,0.62,0.9508,0.7057,0.8967,0.5953,0.9443,0.9476,0.9508,0.9508,0.9583,0.7609,1.0,0.614
0.76,0.63,0.9508,0.7057,0.8967,0.5953,0.9443,0.9476,0.9508,0.9508,0.9583,0.7609,1.0,0.614
0.76,0.64,0.9508,0.7057,0.8967,0.5953,0.9443,0.9476,0.9508,0.9508,0.9583,0.7609,1.0,0.614
0.76,0.65,0.9508,0.7057,0.8967,0.5953,0.9443,0.9476,0.9508,0.9508,0.9583,0.7609,1.0,0.614
0.76,0.66,0.9508,0.7057,0.8967,0.5953,0.9443,0.9476,0.9508,0.9508,0.9583,0.7609,1.0,0.614
0.76,0.67,0.9508,0.7057,0.8967,0.5953,0.9443,0.9476,0.9508,0.9508,0.9583,0.7609,1.0,0.614
0.76,0.68,0.9489,0.6991,0.8964,0.5869,0.9419,0.9459,0.9489,0.9489,0.9564,0.7473,1.0,0.5965
0.76,0.69,0.947,0.6901,0.8961,0.5759,0.9395,0.9442,0.947,0.947,0.9545,0.7333,1.0,0.5789
0.76,0.7,0.947,0.6901,0.8961,0.5759,0.9395,0.9442,0.947,0.947,0.9545,0.7333,1.0,0.5789
0.76,0.71,0.947,0.6901,0.8961,0.5759,0.9395,0.9442,0.947,0.947,0.9545,0.7333,1.0,0.5789
0.76,0.72,0.947,0.6901,0.8961,0.5759,0.9395,0.9442,0.947,0.947,0.9545,0.7333,1.0,0.5789
0.76,0.73,0.947,0.6901,0.8961,0.5759,0.9395,0.9442,0.947,0.947,0.9545,0.7333,1.0,0.5789
0.76,0.74,0.947,0.6901,0.8961,0.5759,0.9395,0.9442,0.947,0.947,0.9545,0.7333,1.0,0.5789
0.76,0.75,0.947,0.6901,0.8961,0.5759,0.9395,0.9442,0.947,0.947,0.9545,0.7333,1.0,0.5789
0.76,0.76,0.947,0.6901,0.8961,0.5759,0.9395,0.9442,0.947,0.947,0.9545,0.7333,1.0,0.5789
0.77,0.0,0.947,0.6901,0.8961,0.5759,0.9395,0.9442,0.947,0.947,0.9545,0.7333,1.0,0.5789
0.77,0.01,0.9318,0.7609,0.7924,0.8015,0.9388,0.9523,0.9318,0.9318,0.9394,0.7377,0.6923,0.7895
0.77,0.02,0.9413,0.775,0.8076,0.8031,0.945,0.9543,0.9413,0.9413,0.9489,0.7692,0.75,0.7895
0.77,0.03,0.9508,0.7935,0.829,0.8046,0.9515,0.9569,0.9508,0.9508,0.9583,0.8036,0.8182,0.7895
0.77,0.04,0.9564,0.8091,0.8457,0.8055,0.9556,0.9583,0.9564,0.9564,0.964,0.8257,0.8654,0.7895
0.77,0.05,0.9602,0.8228,0.8631,0.8061,0.9586,0.9598,0.9602,0.9602,0.9678,0.8411,0.9,0.7895
0.77,0.06,0.9659,0.8409,0.9036,0.807,0.9637,0.9658,0.9659,0.9659,0.9735,0.8654,0.9574,0.7895
0.77,0.07,0.964,0.8282,0.8982,0.7832,0.9618,0.9636,0.964,0.964,0.9716,0.8544,0.9565,0.7719
0.77,0.08,0.9659,0.8375,0.9152,0.7835,0.9635,0.965,0.9659,0.9659,0.9735,0.8627,0.9778,0.7719
0.77,0.09,0.9678,0.8414,0.9247,0.7838,0.965,0.9666,0.9678,0.9678,0.9754,0.8713,1.0,0.7719
0.77,0.1,0.9678,0.8414,0.9247,0.7838,0.965,0.9666,0.9678,0.9678,0.9754,0.8713,1.0,0.7719
0.77,0.11,0.9678,0.8414,0.9247,0.7838,0.965,0.9666,0.9678,0.9678,0.9754,0.8713,1.0,0.7719
0.77,0.12,0.9678,0.8414,0.9247,0.7838,0.965,0.9666,0.9678,0.9678,0.9754,0.8713,1.0,0.7719
0.77,0.13,0.9678,0.8414,0.9247,0.7838,0.965,0.9666,0.9678,0.9678,0.9754,0.8713,1.0,0.7719
0.77,0.14,0.9678,0.8414,0.9247,0.7838,0.965,0.9666,0.9678,0.9678,0.9754,0.8713,1.0,0.7719
0.77,0.15,0.9678,0.8414,0.9247,0.7838,0.965,0.9666,0.9678,0.9678,0.9754,0.8713,1.0,0.7719
0.77,0.16,0.9659,0.836,0.9244,0.7754,0.9629,0.9648,0.9659,0.9659,0.9735,0.86,1.0,0.7544
0.77,0.17,0.9659,0.836,0.9244,0.7754,0.9629,0.9648,0.9659,0.9659,0.9735,0.86,1.0,0.7544
0.77,0.18,0.9659,0.836,0.9244,0.7754,0.9629,0.9648,0.9659,0.9659,0.9735,0.86,1.0,0.7544
0.77,0.19,0.9659,0.836,0.9244,0.7754,0.9629,0.9648,0.9659,0.9659,0.9735,0.86,1.0,0.7544
0.77,0.2,0.9659,0.836,0.9244,0.7754,0.9629,0.9648,0.9659,0.9659,0.9735,0.86,1.0,0.7544
0.77,0.21,0.9659,0.836,0.9244,0.7754,0.9629,0.9648,0.9659,0.9659,0.9735,0.86,1.0,0.7544
0.77,0.22,0.9659,0.836,0.9244,0.7754,0.9629,0.9648,0.9659,0.9659,0.9735,0.86,1.0,0.7544
0.77,0.23,0.9659,0.836,0.9244,0.7754,0.9629,0.9648,0.9659,0.9659,0.9735,0.86,1.0,0.7544
0.77,0.24,0.9659,0.836,0.9244,0.7754,0.9629,0.9648,0.9659,0.9659,0.9735,0.86,1.0,0.7544
0.77,0.25,0.9659,0.836,0.9244,0.7754,0.9629,0.9648,0.9659,0.9659,0.9735,0.86,1.0,0.7544
0.77,0.26,0.9659,0.836,0.9244,0.7754,0.9629,0.9648,0.9659,0.9659,0.9735,0.86,1.0,0.7544
0.77,0.27,0.9659,0.836,0.9244,0.7754,0.9629,0.9648,0.9659,0.9659,0.9735,0.86,1.0,0.7544
0.77,0.28,0.9659,0.836,0.9244,0.7754,0.9629,0.9648,0.9659,0.9659,0.9735,0.86,1.0,0.7544
0.77,0.29,0.9659,0.836,0.9244,0.7754,0.9629,0.9648,0.9659,0.9659,0.9735,0.86,1.0,0.7544
0.77,0.3,0.9659,0.836,0.9244,0.7754,0.9629,0.9648,0.9659,0.9659,0.9735,0.86,1.0,0.7544
0.77,0.31,0.9659,0.836,0.9244,0.7754,0.9629,0.9648,0.9659,0.9659,0.9735,0.86,1.0,0.7544
0.77,0.32,0.9659,0.836,0.9244,0.7754,0.9629,0.9648,0.9659,0.9659,0.9735,0.86,1.0,0.7544
0.77,0.33,0.9659,0.836,0.9244,0.7754,0.9629,0.9648,0.9659,0.9659,0.9735,0.86,1.0,0.7544
0.77,0.34,0.9659,0.836,0.9244,0.7754,0.9629,0.9648,0.9659,0.9659,0.9735,0.86,1.0,0.7544
0.77,0.35,0.9659,0.836,0.9244,0.7754,0.9629,0.9648,0.9659,0.9659,0.9735,0.86,1.0,0.7544
0.77,0.36,0.964,0.8207,0.9194,0.7516,0.9608,0.9626,0.964,0.964,0.9716,0.8485,1.0,0.7368
0.77,0.37,0.964,0.8207,0.9194,0.7516,0.9608,0.9626,0.964,0.964,0.9716,0.8485,1.0,0.7368
0.77,0.38,0.964,0.8207,0.9194,0.7516,0.9608,0.9626,0.964,0.964,0.9716,0.8485,1.0,0.7368
0.77,0.39,0.9621,0.7729,0.9191,0.6801,0.9586,0.9608,0.9621,0.9621,0.9697,0.8367,1.0,0.7193
0.77,0.4,0.9621,0.7729,0.9191,0.6801,0.9586,0.9608,0.9621,0.9621,0.9697,0.8367,1.0,0.7193
0.77,0.41,0.9621,0.7729,0.9191,0.6801,0.9586,0.9608,0.9621,0.9621,0.9697,0.8367,1.0,0.7193
0.77,0.42,0.9621,0.7729,0.9191,0.6801,0.9586,0.9608,0.9621,0.9621,0.9697,0.8367,1.0,0.7193
0.77,0.43,0.9621,0.7729,0.9191,0.6801,0.9586,0.9608,0.9621,0.9621,0.9697,0.8367,1.0,0.7193
0.77,0.44,0.9621,0.7729,0.9191,0.6801,0.9586,0.9608,0.9621,0.9621,0.9697,0.8367,1.0,0.7193
0.77,0.45,0.9602,0.7626,0.9129,0.6682,0.9561,0.9581,0.9602,0.9602,0.9678,0.8247,1.0,0.7018
0.77,0.46,0.9602,0.7626,0.9129,0.6682,0.9561,0.9581,0.9602,0.9602,0.9678,0.8247,1.0,0.7018
0.77,0.47,0.9602,0.7626,0.9129,0.6682,0.9561,0.9581,0.9602,0.9602,0.9678,0.8247,1.0,0.7018
0.77,0.48,0.9602,0.7626,0.9129,0.6682,0.9561,0.9581,0.9602,0.9602,0.9678,0.8247,1.0,0.7018
0.77,0.49,0.9602,0.7626,0.9129,0.6682,0.9561,0.9581,0.9602,0.9602,0.9678,0.8247,1.0,0.7018
0.77,0.5,0.9602,0.7626,0.9129,0.6682,0.9561,0.9581,0.9602,0.9602,0.9678,0.8247,1.0,0.7018
0.77,0.51,0.9602,0.7626,0.9129,0.6682,0.9561,0.9581,0.9602,0.9602,0.9678,0.8247,1.0,0.7018
0.77,0.52,0.9602,0.7626,0.9129,0.6682,0.9561,0.9581,0.9602,0.9602,0.9678,0.8247,1.0,0.7018
0.77,0.53,0.9564,0.7454,0.9047,0.6479,0.9512,0.9534,0.9564,0.9564,0.964,0.8,1.0,0.6667
0.77,0.54,0.9564,0.7454,0.9047,0.6479,0.9512,0.9534,0.9564,0.9564,0.964,0.8,1.0,0.6667
0.77,0.55,0.9564,0.7454,0.9047,0.6479,0.9512,0.9534,0.9564,0.9564,0.964,0.8,1.0,0.6667
0.77,0.56,0.9564,0.7454,0.9047,0.6479,0.9512,0.9534,0.9564,0.9564,0.964,0.8,1.0,0.6667
0.77,0.57,0.9545,0.7271,0.8972,0.6241,0.9489,0.9511,0.9545,0.9545,0.9621,0.7872,1.0,0.6491
0.77,0.58,0.9545,0.7271,0.8972,0.6241,0.9489,0.9511,0.9545,0.9545,0.9621,0.7872,1.0,0.6491
0.77,0.59,0.9545,0.7271,0.8972,0.6241,0.9489,0.9511,0.9545,0.9545,0.9621,0.7872,1.0,0.6491
0.77,0.6,0.9545,0.7271,0.8972,0.6241,0.9489,0.9511,0.9545,0.9545,0.9621,0.7872,1.0,0.6491
0.77,0.61,0.9527,0.721,0.897,0.6157,0.9466,0.9493,0.9527,0.9527,0.9602,0.7742,1.0,0.6316
0.77,0.62,0.9508,0.7057,0.8967,0.5953,0.9443,0.9476,0.9508,0.9508,0.9583,0.7609,1.0,0.614
0.77,0.63,0.9508,0.7057,0.8967,0.5953,0.9443,0.9476,0.9508,0.9508,0.9583,0.7609,1.0,0.614
0.77,0.64,0.9508,0.7057,0.8967,0.5953,0.9443,0.9476,0.9508,0.9508,0.9583,0.7609,1.0,0.614
0.77,0.65,0.9508,0.7057,0.8967,0.5953,0.9443,0.9476,0.9508,0.9508,0.9583,0.7609,1.0,0.614
0.77,0.66,0.9508,0.7057,0.8967,0.5953,0.9443,0.9476,0.9508,0.9508,0.9583,0.7609,1.0,0.614
0.77,0.67,0.9508,0.7057,0.8967,0.5953,0.9443,0.9476,0.9508,0.9508,0.9583,0.7609,1.0,0.614
0.77,0.68,0.9489,0.6991,0.8964,0.5869,0.9419,0.9459,0.9489,0.9489,0.9564,0.7473,1.0,0.5965
0.77,0.69,0.947,0.6901,0.8961,0.5759,0.9395,0.9442,0.947,0.947,0.9545,0.7333,1.0,0.5789
0.77,0.7,0.947,0.6901,0.8961,0.5759,0.9395,0.9442,0.947,0.947,0.9545,0.7333,1.0,0.5789
0.77,0.71,0.947,0.6901,0.8961,0.5759,0.9395,0.9442,0.947,0.947,0.9545,0.7333,1.0,0.5789
0.77,0.72,0.947,0.6901,0.8961,0.5759,0.9395,0.9442,0.947,0.947,0.9545,0.7333,1.0,0.5789
0.77,0.73,0.947,0.6901,0.8961,0.5759,0.9395,0.9442,0.947,0.947,0.9545,0.7333,1.0,0.5789
0.77,0.74,0.947,0.6901,0.8961,0.5759,0.9395,0.9442,0.947,0.947,0.9545,0.7333,1.0,0.5789
0.77,0.75,0.947,0.6901,0.8961,0.5759,0.9395,0.9442,0.947,0.947,0.9545,0.7333,1.0,0.5789
0.77,0.76,0.947,0.6901,0.8961,0.5759,0.9395,0.9442,0.947,0.947,0.9545,0.7333,1.0,0.5789
0.77,0.77,0.947,0.6901,0.8961,0.5759,0.9395,0.9442,0.947,0.947,0.9545,0.7333,1.0,0.5789
0.78,0.0,0.947,0.6901,0.8961,0.5759,0.9395,0.9442,0.947,0.947,0.9545,0.7333,1.0,0.5789
0.78,0.01,0.9318,0.7609,0.7924,0.8015,0.9388,0.9523,0.9318,0.9318,0.9394,0.7377,0.6923,0.7895
0.78,0.02,0.9413,0.775,0.8076,0.8031,0.945,0.9543,0.9413,0.9413,0.9489,0.7692,0.75,0.7895
0.78,0.03,0.9508,0.7935,0.829,0.8046,0.9515,0.9569,0.9508,0.9508,0.9583,0.8036,0.8182,0.7895
0.78,0.04,0.9564,0.8091,0.8457,0.8055,0.9556,0.9583,0.9564,0.9564,0.964,0.8257,0.8654,0.7895
0.78,0.05,0.9602,0.8228,0.8631,0.8061,0.9586,0.9598,0.9602,0.9602,0.9678,0.8411,0.9,0.7895
0.78,0.06,0.9659,0.8409,0.9036,0.807,0.9637,0.9658,0.9659,0.9659,0.9735,0.8654,0.9574,0.7895
0.78,0.07,0.964,0.8282,0.8982,0.7832,0.9618,0.9636,0.964,0.964,0.9716,0.8544,0.9565,0.7719
0.78,0.08,0.9659,0.8375,0.9152,0.7835,0.9635,0.965,0.9659,0.9659,0.9735,0.8627,0.9778,0.7719
0.78,0.09,0.9678,0.8414,0.9247,0.7838,0.965,0.9666,0.9678,0.9678,0.9754,0.8713,1.0,0.7719
0.78,0.1,0.9678,0.8414,0.9247,0.7838,0.965,0.9666,0.9678,0.9678,0.9754,0.8713,1.0,0.7719
0.78,0.11,0.9678,0.8414,0.9247,0.7838,0.965,0.9666,0.9678,0.9678,0.9754,0.8713,1.0,0.7719
0.78,0.12,0.9678,0.8414,0.9247,0.7838,0.965,0.9666,0.9678,0.9678,0.9754,0.8713,1.0,0.7719
0.78,0.13,0.9678,0.8414,0.9247,0.7838,0.965,0.9666,0.9678,0.9678,0.9754,0.8713,1.0,0.7719
0.78,0.14,0.9678,0.8414,0.9247,0.7838,0.965,0.9666,0.9678,0.9678,0.9754,0.8713,1.0,0.7719
0.78,0.15,0.9678,0.8414,0.9247,0.7838,0.965,0.9666,0.9678,0.9678,0.9754,0.8713,1.0,0.7719
0.78,0.16,0.9659,0.836,0.9244,0.7754,0.9629,0.9648,0.9659,0.9659,0.9735,0.86,1.0,0.7544
0.78,0.17,0.9659,0.836,0.9244,0.7754,0.9629,0.9648,0.9659,0.9659,0.9735,0.86,1.0,0.7544
0.78,0.18,0.9659,0.836,0.9244,0.7754,0.9629,0.9648,0.9659,0.9659,0.9735,0.86,1.0,0.7544
0.78,0.19,0.9659,0.836,0.9244,0.7754,0.9629,0.9648,0.9659,0.9659,0.9735,0.86,1.0,0.7544
0.78,0.2,0.9659,0.836,0.9244,0.7754,0.9629,0.9648,0.9659,0.9659,0.9735,0.86,1.0,0.7544
0.78,0.21,0.9659,0.836,0.9244,0.7754,0.9629,0.9648,0.9659,0.9659,0.9735,0.86,1.0,0.7544
0.78,0.22,0.9659,0.836,0.9244,0.7754,0.9629,0.9648,0.9659,0.9659,0.9735,0.86,1.0,0.7544
0.78,0.23,0.9659,0.836,0.9244,0.7754,0.9629,0.9648,0.9659,0.9659,0.9735,0.86,1.0,0.7544
0.78,0.24,0.9659,0.836,0.9244,0.7754,0.9629,0.9648,0.9659,0.9659,0.9735,0.86,1.0,0.7544
0.78,0.25,0.9659,0.836,0.9244,0.7754,0.9629,0.9648,0.9659,0.9659,0.9735,0.86,1.0,0.7544
0.78,0.26,0.9659,0.836,0.9244,0.7754,0.9629,0.9648,0.9659,0.9659,0.9735,0.86,1.0,0.7544
0.78,0.27,0.9659,0.836,0.9244,0.7754,0.9629,0.9648,0.9659,0.9659,0.9735,0.86,1.0,0.7544
0.78,0.28,0.9659,0.836,0.9244,0.7754,0.9629,0.9648,0.9659,0.9659,0.9735,0.86,1.0,0.7544
0.78,0.29,0.9659,0.836,0.9244,0.7754,0.9629,0.9648,0.9659,0.9659,0.9735,0.86,1.0,0.7544
0.78,0.3,0.9659,0.836,0.9244,0.7754,0.9629,0.9648,0.9659,0.9659,0.9735,0.86,1.0,0.7544
0.78,0.31,0.9659,0.836,0.9244,0.7754,0.9629,0.9648,0.9659,0.9659,0.9735,0.86,1.0,0.7544
0.78,0.32,0.9659,0.836,0.9244,0.7754,0.9629,0.9648,0.9659,0.9659,0.9735,0.86,1.0,0.7544
0.78,0.33,0.9659,0.836,0.9244,0.7754,0.9629,0.9648,0.9659,0.9659,0.9735,0.86,1.0,0.7544
0.78,0.34,0.9659,0.836,0.9244,0.7754,0.9629,0.9648,0.9659,0.9659,0.9735,0.86,1.0,0.7544
0.78,0.35,0.9659,0.836,0.9244,0.7754,0.9629,0.9648,0.9659,0.9659,0.9735,0.86,1.0,0.7544
0.78,0.36,0.964,0.8207,0.9194,0.7516,0.9608,0.9626,0.964,0.964,0.9716,0.8485,1.0,0.7368
0.78,0.37,0.964,0.8207,0.9194,0.7516,0.9608,0.9626,0.964,0.964,0.9716,0.8485,1.0,0.7368
0.78,0.38,0.964,0.8207,0.9194,0.7516,0.9608,0.9626,0.964,0.964,0.9716,0.8485,1.0,0.7368
0.78,0.39,0.9621,0.7729,0.9191,0.6801,0.9586,0.9608,0.9621,0.9621,0.9697,0.8367,1.0,0.7193
0.78,0.4,0.9621,0.7729,0.9191,0.6801,0.9586,0.9608,0.9621,0.9621,0.9697,0.8367,1.0,0.7193
0.78,0.41,0.9621,0.7729,0.9191,0.6801,0.9586,0.9608,0.9621,0.9621,0.9697,0.8367,1.0,0.7193
0.78,0.42,0.9621,0.7729,0.9191,0.6801,0.9586,0.9608,0.9621,0.9621,0.9697,0.8367,1.0,0.7193
0.78,0.43,0.9621,0.7729,0.9191,0.6801,0.9586,0.9608,0.9621,0.9621,0.9697,0.8367,1.0,0.7193
0.78,0.44,0.9621,0.7729,0.9191,0.6801,0.9586,0.9608,0.9621,0.9621,0.9697,0.8367,1.0,0.7193
0.78,0.45,0.9602,0.7626,0.9129,0.6682,0.9561,0.9581,0.9602,0.9602,0.9678,0.8247,1.0,0.7018
0.78,0.46,0.9602,0.7626,0.9129,0.6682,0.9561,0.9581,0.9602,0.9602,0.9678,0.8247,1.0,0.7018
0.78,0.47,0.9602,0.7626,0.9129,0.6682,0.9561,0.9581,0.9602,0.9602,0.9678,0.8247,1.0,0.7018
0.78,0.48,0.9602,0.7626,0.9129,0.6682,0.9561,0.9581,0.9602,0.9602,0.9678,0.8247,1.0,0.7018
0.78,0.49,0.9602,0.7626,0.9129,0.6682,0.9561,0.9581,0.9602,0.9602,0.9678,0.8247,1.0,0.7018
0.78,0.5,0.9602,0.7626,0.9129,0.6682,0.9561,0.9581,0.9602,0.9602,0.9678,0.8247,1.0,0.7018
0.78,0.51,0.9602,0.7626,0.9129,0.6682,0.9561,0.9581,0.9602,0.9602,0.9678,0.8247,1.0,0.7018
0.78,0.52,0.9602,0.7626,0.9129,0.6682,0.9561,0.9581,0.9602,0.9602,0.9678,0.8247,1.0,0.7018
0.78,0.53,0.9564,0.7454,0.9047,0.6479,0.9512,0.9534,0.9564,0.9564,0.964,0.8,1.0,0.6667
0.78,0.54,0.9564,0.7454,0.9047,0.6479,0.9512,0.9534,0.9564,0.9564,0.964,0.8,1.0,0.6667
0.78,0.55,0.9564,0.7454,0.9047,0.6479,0.9512,0.9534,0.9564,0.9564,0.964,0.8,1.0,0.6667
0.78,0.56,0.9564,0.7454,0.9047,0.6479,0.9512,0.9534,0.9564,0.9564,0.964,0.8,1.0,0.6667
0.78,0.57,0.9545,0.7271,0.8972,0.6241,0.9489,0.9511,0.9545,0.9545,0.9621,0.7872,1.0,0.6491
0.78,0.58,0.9545,0.7271,0.8972,0.6241,0.9489,0.9511,0.9545,0.9545,0.9621,0.7872,1.0,0.6491
0.78,0.59,0.9545,0.7271,0.8972,0.6241,0.9489,0.9511,0.9545,0.9545,0.9621,0.7872,1.0,0.6491
0.78,0.6,0.9545,0.7271,0.8972,0.6241,0.9489,0.9511,0.9545,0.9545,0.9621,0.7872,1.0,0.6491
0.78,0.61,0.9527,0.721,0.897,0.6157,0.9466,0.9493,0.9527,0.9527,0.9602,0.7742,1.0,0.6316
0.78,0.62,0.9508,0.7057,0.8967,0.5953,0.9443,0.9476,0.9508,0.9508,0.9583,0.7609,1.0,0.614
0.78,0.63,0.9508,0.7057,0.8967,0.5953,0.9443,0.9476,0.9508,0.9508,0.9583,0.7609,1.0,0.614
0.78,0.64,0.9508,0.7057,0.8967,0.5953,0.9443,0.9476,0.9508,0.9508,0.9583,0.7609,1.0,0.614
0.78,0.65,0.9508,0.7057,0.8967,0.5953,0.9443,0.9476,0.9508,0.9508,0.9583,0.7609,1.0,0.614
0.78,0.66,0.9508,0.7057,0.8967,0.5953,0.9443,0.9476,0.9508,0.9508,0.9583,0.7609,1.0,0.614
0.78,0.67,0.9508,0.7057,0.8967,0.5953,0.9443,0.9476,0.9508,0.9508,0.9583,0.7609,1.0,0.614
0.78,0.68,0.9489,0.6991,0.8964,0.5869,0.9419,0.9459,0.9489,0.9489,0.9564,0.7473,1.0,0.5965
0.78,0.69,0.947,0.6901,0.8961,0.5759,0.9395,0.9442,0.947,0.947,0.9545,0.7333,1.0,0.5789
0.78,0.7,0.947,0.6901,0.8961,0.5759,0.9395,0.9442,0.947,0.947,0.9545,0.7333,1.0,0.5789
0.78,0.71,0.947,0.6901,0.8961,0.5759,0.9395,0.9442,0.947,0.947,0.9545,0.7333,1.0,0.5789
0.78,0.72,0.947,0.6901,0.8961,0.5759,0.9395,0.9442,0.947,0.947,0.9545,0.7333,1.0,0.5789
0.78,0.73,0.947,0.6901,0.8961,0.5759,0.9395,0.9442,0.947,0.947,0.9545,0.7333,1.0,0.5789
0.78,0.74,0.947,0.6901,0.8961,0.5759,0.9395,0.9442,0.947,0.947,0.9545,0.7333,1.0,0.5789
0.78,0.75,0.947,0.6901,0.8961,0.5759,0.9395,0.9442,0.947,0.947,0.9545,0.7333,1.0,0.5789
0.78,0.76,0.947,0.6901,0.8961,0.5759,0.9395,0.9442,0.947,0.947,0.9545,0.7333,1.0,0.5789
0.78,0.77,0.947,0.6901,0.8961,0.5759,0.9395,0.9442,0.947,0.947,0.9545,0.7333,1.0,0.5789
0.78,0.78,0.947,0.6901,0.8961,0.5759,0.9395,0.9442,0.947,0.947,0.9545,0.7333,1.0,0.5789
0.79,0.0,0.947,0.6901,0.8961,0.5759,0.9395,0.9442,0.947,0.947,0.9545,0.7333,1.0,0.5789
0.79,0.01,0.9318,0.7609,0.7924,0.8015,0.9388,0.9523,0.9318,0.9318,0.9394,0.7377,0.6923,0.7895
0.79,0.02,0.9413,0.775,0.8076,0.8031,0.945,0.9543,0.9413,0.9413,0.9489,0.7692,0.75,0.7895
0.79,0.03,0.9508,0.7935,0.829,0.8046,0.9515,0.9569,0.9508,0.9508,0.9583,0.8036,0.8182,0.7895
0.79,0.04,0.9564,0.8091,0.8457,0.8055,0.9556,0.9583,0.9564,0.9564,0.964,0.8257,0.8654,0.7895
0.79,0.05,0.9602,0.8228,0.8631,0.8061,0.9586,0.9598,0.9602,0.9602,0.9678,0.8411,0.9,0.7895
0.79,0.06,0.9659,0.8409,0.9036,0.807,0.9637,0.9658,0.9659,0.9659,0.9735,0.8654,0.9574,0.7895
0.79,0.07,0.964,0.8282,0.8982,0.7832,0.9618,0.9636,0.964,0.964,0.9716,0.8544,0.9565,0.7719
0.79,0.08,0.9659,0.8375,0.9152,0.7835,0.9635,0.965,0.9659,0.9659,0.9735,0.8627,0.9778,0.7719
0.79,0.09,0.9678,0.8414,0.9247,0.7838,0.965,0.9666,0.9678,0.9678,0.9754,0.8713,1.0,0.7719
0.79,0.1,0.9678,0.8414,0.9247,0.7838,0.965,0.9666,0.9678,0.9678,0.9754,0.8713,1.0,0.7719
0.79,0.11,0.9678,0.8414,0.9247,0.7838,0.965,0.9666,0.9678,0.9678,0.9754,0.8713,1.0,0.7719
0.79,0.12,0.9678,0.8414,0.9247,0.7838,0.965,0.9666,0.9678,0.9678,0.9754,0.8713,1.0,0.7719
0.79,0.13,0.9678,0.8414,0.9247,0.7838,0.965,0.9666,0.9678,0.9678,0.9754,0.8713,1.0,0.7719
0.79,0.14,0.9678,0.8414,0.9247,0.7838,0.965,0.9666,0.9678,0.9678,0.9754,0.8713,1.0,0.7719
0.79,0.15,0.9678,0.8414,0.9247,0.7838,0.965,0.9666,0.9678,0.9678,0.9754,0.8713,1.0,0.7719
0.79,0.16,0.9659,0.836,0.9244,0.7754,0.9629,0.9648,0.9659,0.9659,0.9735,0.86,1.0,0.7544
0.79,0.17,0.9659,0.836,0.9244,0.7754,0.9629,0.9648,0.9659,0.9659,0.9735,0.86,1.0,0.7544
0.79,0.18,0.9659,0.836,0.9244,0.7754,0.9629,0.9648,0.9659,0.9659,0.9735,0.86,1.0,0.7544
0.79,0.19,0.9659,0.836,0.9244,0.7754,0.9629,0.9648,0.9659,0.9659,0.9735,0.86,1.0,0.7544
0.79,0.2,0.9659,0.836,0.9244,0.7754,0.9629,0.9648,0.9659,0.9659,0.9735,0.86,1.0,0.7544
0.79,0.21,0.9659,0.836,0.9244,0.7754,0.9629,0.9648,0.9659,0.9659,0.9735,0.86,1.0,0.7544
0.79,0.22,0.9659,0.836,0.9244,0.7754,0.9629,0.9648,0.9659,0.9659,0.9735,0.86,1.0,0.7544
0.79,0.23,0.9659,0.836,0.9244,0.7754,0.9629,0.9648,0.9659,0.9659,0.9735,0.86,1.0,0.7544
0.79,0.24,0.9659,0.836,0.9244,0.7754,0.9629,0.9648,0.9659,0.9659,0.9735,0.86,1.0,0.7544
0.79,0.25,0.9659,0.836,0.9244,0.7754,0.9629,0.9648,0.9659,0.9659,0.9735,0.86,1.0,0.7544
0.79,0.26,0.9659,0.836,0.9244,0.7754,0.9629,0.9648,0.9659,0.9659,0.9735,0.86,1.0,0.7544
0.79,0.27,0.9659,0.836,0.9244,0.7754,0.9629,0.9648,0.9659,0.9659,0.9735,0.86,1.0,0.7544
0.79,0.28,0.9659,0.836,0.9244,0.7754,0.9629,0.9648,0.9659,0.9659,0.9735,0.86,1.0,0.7544
0.79,0.29,0.9659,0.836,0.9244,0.7754,0.9629,0.9648,0.9659,0.9659,0.9735,0.86,1.0,0.7544
0.79,0.3,0.9659,0.836,0.9244,0.7754,0.9629,0.9648,0.9659,0.9659,0.9735,0.86,1.0,0.7544
0.79,0.31,0.9659,0.836,0.9244,0.7754,0.9629,0.9648,0.9659,0.9659,0.9735,0.86,1.0,0.7544
0.79,0.32,0.9659,0.836,0.9244,0.7754,0.9629,0.9648,0.9659,0.9659,0.9735,0.86,1.0,0.7544
0.79,0.33,0.9659,0.836,0.9244,0.7754,0.9629,0.9648,0.9659,0.9659,0.9735,0.86,1.0,0.7544
0.79,0.34,0.9659,0.836,0.9244,0.7754,0.9629,0.9648,0.9659,0.9659,0.9735,0.86,1.0,0.7544
0.79,0.35,0.9659,0.836,0.9244,0.7754,0.9629,0.9648,0.9659,0.9659,0.9735,0.86,1.0,0.7544
0.79,0.36,0.964,0.8207,0.9194,0.7516,0.9608,0.9626,0.964,0.964,0.9716,0.8485,1.0,0.7368
0.79,0.37,0.964,0.8207,0.9194,0.7516,0.9608,0.9626,0.964,0.964,0.9716,0.8485,1.0,0.7368
0.79,0.38,0.964,0.8207,0.9194,0.7516,0.9608,0.9626,0.964,0.964,0.9716,0.8485,1.0,0.7368
0.79,0.39,0.9621,0.7729,0.9191,0.6801,0.9586,0.9608,0.9621,0.9621,0.9697,0.8367,1.0,0.7193
0.79,0.4,0.9621,0.7729,0.9191,0.6801,0.9586,0.9608,0.9621,0.9621,0.9697,0.8367,1.0,0.7193
0.79,0.41,0.9621,0.7729,0.9191,0.6801,0.9586,0.9608,0.9621,0.9621,0.9697,0.8367,1.0,0.7193
0.79,0.42,0.9621,0.7729,0.9191,0.6801,0.9586,0.9608,0.9621,0.9621,0.9697,0.8367,1.0,0.7193
0.79,0.43,0.9621,0.7729,0.9191,0.6801,0.9586,0.9608,0.9621,0.9621,0.9697,0.8367,1.0,0.7193
0.79,0.44,0.9621,0.7729,0.9191,0.6801,0.9586,0.9608,0.9621,0.9621,0.9697,0.8367,1.0,0.7193
0.79,0.45,0.9602,0.7626,0.9129,0.6682,0.9561,0.9581,0.9602,0.9602,0.9678,0.8247,1.0,0.7018
0.79,0.46,0.9602,0.7626,0.9129,0.6682,0.9561,0.9581,0.9602,0.9602,0.9678,0.8247,1.0,0.7018
0.79,0.47,0.9602,0.7626,0.9129,0.6682,0.9561,0.9581,0.9602,0.9602,0.9678,0.8247,1.0,0.7018
0.79,0.48,0.9602,0.7626,0.9129,0.6682,0.9561,0.9581,0.9602,0.9602,0.9678,0.8247,1.0,0.7018
0.79,0.49,0.9602,0.7626,0.9129,0.6682,0.9561,0.9581,0.9602,0.9602,0.9678,0.8247,1.0,0.7018
0.79,0.5,0.9602,0.7626,0.9129,0.6682,0.9561,0.9581,0.9602,0.9602,0.9678,0.8247,1.0,0.7018
0.79,0.51,0.9602,0.7626,0.9129,0.6682,0.9561,0.9581,0.9602,0.9602,0.9678,0.8247,1.0,0.7018
0.79,0.52,0.9602,0.7626,0.9129,0.6682,0.9561,0.9581,0.9602,0.9602,0.9678,0.8247,1.0,0.7018
0.79,0.53,0.9564,0.7454,0.9047,0.6479,0.9512,0.9534,0.9564,0.9564,0.964,0.8,1.0,0.6667
0.79,0.54,0.9564,0.7454,0.9047,0.6479,0.9512,0.9534,0.9564,0.9564,0.964,0.8,1.0,0.6667
0.79,0.55,0.9564,0.7454,0.9047,0.6479,0.9512,0.9534,0.9564,0.9564,0.964,0.8,1.0,0.6667
0.79,0.56,0.9564,0.7454,0.9047,0.6479,0.9512,0.9534,0.9564,0.9564,0.964,0.8,1.0,0.6667
0.79,0.57,0.9545,0.7271,0.8972,0.6241,0.9489,0.9511,0.9545,0.9545,0.9621,0.7872,1.0,0.6491
0.79,0.58,0.9545,0.7271,0.8972,0.6241,0.9489,0.9511,0.9545,0.9545,0.9621,0.7872,1.0,0.6491
0.79,0.59,0.9545,0.7271,0.8972,0.6241,0.9489,0.9511,0.9545,0.9545,0.9621,0.7872,1.0,0.6491
0.79,0.6,0.9545,0.7271,0.8972,0.6241,0.9489,0.9511,0.9545,0.9545,0.9621,0.7872,1.0,0.6491
0.79,0.61,0.9527,0.721,0.897,0.6157,0.9466,0.9493,0.9527,0.9527,0.9602,0.7742,1.0,0.6316
0.79,0.62,0.9508,0.7057,0.8967,0.5953,0.9443,0.9476,0.9508,0.9508,0.9583,0.7609,1.0,0.614
0.79,0.63,0.9508,0.7057,0.8967,0.5953,0.9443,0.9476,0.9508,0.9508,0.9583,0.7609,1.0,0.614
0.79,0.64,0.9508,0.7057,0.8967,0.5953,0.9443,0.9476,0.9508,0.9508,0.9583,0.7609,1.0,0.614
0.79,0.65,0.9508,0.7057,0.8967,0.5953,0.9443,0.9476,0.9508,0.9508,0.9583,0.7609,1.0,0.614
0.79,0.66,0.9508,0.7057,0.8967,0.5953,0.9443,0.9476,0.9508,0.9508,0.9583,0.7609,1.0,0.614
0.79,0.67,0.9508,0.7057,0.8967,0.5953,0.9443,0.9476,0.9508,0.9508,0.9583,0.7609,1.0,0.614
0.79,0.68,0.9489,0.6991,0.8964,0.5869,0.9419,0.9459,0.9489,0.9489,0.9564,0.7473,1.0,0.5965
0.79,0.69,0.947,0.6901,0.8961,0.5759,0.9395,0.9442,0.947,0.947,0.9545,0.7333,1.0,0.5789
0.79,0.7,0.947,0.6901,0.8961,0.5759,0.9395,0.9442,0.947,0.947,0.9545,0.7333,1.0,0.5789
0.79,0.71,0.947,0.6901,0.8961,0.5759,0.9395,0.9442,0.947,0.947,0.9545,0.7333,1.0,0.5789
0.79,0.72,0.947,0.6901,0.8961,0.5759,0.9395,0.9442,0.947,0.947,0.9545,0.7333,1.0,0.5789
0.79,0.73,0.947,0.6901,0.8961,0.5759,0.9395,0.9442,0.947,0.947,0.9545,0.7333,1.0,0.5789
0.79,0.74,0.947,0.6901,0.8961,0.5759,0.9395,0.9442,0.947,0.947,0.9545,0.7333,1.0,0.5789
0.79,0.75,0.947,0.6901,0.8961,0.5759,0.9395,0.9442,0.947,0.947,0.9545,0.7333,1.0,0.5789
0.79,0.76,0.947,0.6901,0.8961,0.5759,0.9395,0.9442,0.947,0.947,0.9545,0.7333,1.0,0.5789
0.79,0.77,0.947,0.6901,0.8961,0.5759,0.9395,0.9442,0.947,0.947,0.9545,0.7333,1.0,0.5789
0.79,0.78,0.947,0.6901,0.8961,0.5759,0.9395,0.9442,0.947,0.947,0.9545,0.7333,1.0,0.5789
0.79,0.79,0.947,0.6901,0.8961,0.5759,0.9395,0.9442,0.947,0.947,0.9545,0.7333,1.0,0.5789
0.8,0.0,0.947,0.6901,0.8961,0.5759,0.9395,0.9442,0.947,0.947,0.9545,0.7333,1.0,0.5789
0.8,0.01,0.9318,0.7609,0.7924,0.8015,0.9388,0.9523,0.9318,0.9318,0.9394,0.7377,0.6923,0.7895
0.8,0.02,0.9413,0.775,0.8076,0.8031,0.945,0.9543,0.9413,0.9413,0.9489,0.7692,0.75,0.7895
0.8,0.03,0.9508,0.7935,0.829,0.8046,0.9515,0.9569,0.9508,0.9508,0.9583,0.8036,0.8182,0.7895
0.8,0.04,0.9564,0.8091,0.8457,0.8055,0.9556,0.9583,0.9564,0.9564,0.964,0.8257,0.8654,0.7895
0.8,0.05,0.9602,0.8228,0.8631,0.8061,0.9586,0.9598,0.9602,0.9602,0.9678,0.8411,0.9,0.7895
0.8,0.06,0.9659,0.8409,0.9036,0.807,0.9637,0.9658,0.9659,0.9659,0.9735,0.8654,0.9574,0.7895
0.8,0.07,0.964,0.8282,0.8982,0.7832,0.9618,0.9636,0.964,0.964,0.9716,0.8544,0.9565,0.7719
0.8,0.08,0.9659,0.8375,0.9152,0.7835,0.9635,0.965,0.9659,0.9659,0.9735,0.8627,0.9778,0.7719
0.8,0.09,0.9678,0.8414,0.9247,0.7838,0.965,0.9666,0.9678,0.9678,0.9754,0.8713,1.0,0.7719
0.8,0.1,0.9678,0.8414,0.9247,0.7838,0.965,0.9666,0.9678,0.9678,0.9754,0.8713,1.0,0.7719
0.8,0.11,0.9678,0.8414,0.9247,0.7838,0.965,0.9666,0.9678,0.9678,0.9754,0.8713,1.0,0.7719
0.8,0.12,0.9678,0.8414,0.9247,0.7838,0.965,0.9666,0.9678,0.9678,0.9754,0.8713,1.0,0.7719
0.8,0.13,0.9678,0.8414,0.9247,0.7838,0.965,0.9666,0.9678,0.9678,0.9754,0.8713,1.0,0.7719
0.8,0.14,0.9678,0.8414,0.9247,0.7838,0.965,0.9666,0.9678,0.9678,0.9754,0.8713,1.0,0.7719
0.8,0.15,0.9678,0.8414,0.9247,0.7838,0.965,0.9666,0.9678,0.9678,0.9754,0.8713,1.0,0.7719
0.8,0.16,0.9659,0.836,0.9244,0.7754,0.9629,0.9648,0.9659,0.9659,0.9735,0.86,1.0,0.7544
0.8,0.17,0.9659,0.836,0.9244,0.7754,0.9629,0.9648,0.9659,0.9659,0.9735,0.86,1.0,0.7544
0.8,0.18,0.9659,0.836,0.9244,0.7754,0.9629,0.9648,0.9659,0.9659,0.9735,0.86,1.0,0.7544
0.8,0.19,0.9659,0.836,0.9244,0.7754,0.9629,0.9648,0.9659,0.9659,0.9735,0.86,1.0,0.7544
0.8,0.2,0.9659,0.836,0.9244,0.7754,0.9629,0.9648,0.9659,0.9659,0.9735,0.86,1.0,0.7544
0.8,0.21,0.9659,0.836,0.9244,0.7754,0.9629,0.9648,0.9659,0.9659,0.9735,0.86,1.0,0.7544
0.8,0.22,0.9659,0.836,0.9244,0.7754,0.9629,0.9648,0.9659,0.9659,0.9735,0.86,1.0,0.7544
0.8,0.23,0.9659,0.836,0.9244,0.7754,0.9629,0.9648,0.9659,0.9659,0.9735,0.86,1.0,0.7544
0.8,0.24,0.9659,0.836,0.9244,0.7754,0.9629,0.9648,0.9659,0.9659,0.9735,0.86,1.0,0.7544
0.8,0.25,0.9659,0.836,0.9244,0.7754,0.9629,0.9648,0.9659,0.9659,0.9735,0.86,1.0,0.7544
0.8,0.26,0.9659,0.836,0.9244,0.7754,0.9629,0.9648,0.9659,0.9659,0.9735,0.86,1.0,0.7544
0.8,0.27,0.9659,0.836,0.9244,0.7754,0.9629,0.9648,0.9659,0.9659,0.9735,0.86,1.0,0.7544
0.8,0.28,0.9659,0.836,0.9244,0.7754,0.9629,0.9648,0.9659,0.9659,0.9735,0.86,1.0,0.7544
0.8,0.29,0.9659,0.836,0.9244,0.7754,0.9629,0.9648,0.9659,0.9659,0.9735,0.86,1.0,0.7544
0.8,0.3,0.9659,0.836,0.9244,0.7754,0.9629,0.9648,0.9659,0.9659,0.9735,0.86,1.0,0.7544
0.8,0.31,0.9659,0.836,0.9244,0.7754,0.9629,0.9648,0.9659,0.9659,0.9735,0.86,1.0,0.7544
0.8,0.32,0.9659,0.836,0.9244,0.7754,0.9629,0.9648,0.9659,0.9659,0.9735,0.86,1.0,0.7544
0.8,0.33,0.9659,0.836,0.9244,0.7754,0.9629,0.9648,0.9659,0.9659,0.9735,0.86,1.0,0.7544
0.8,0.34,0.9659,0.836,0.9244,0.7754,0.9629,0.9648,0.9659,0.9659,0.9735,0.86,1.0,0.7544
0.8,0.35,0.9659,0.836,0.9244,0.7754,0.9629,0.9648,0.9659,0.9659,0.9735,0.86,1.0,0.7544
0.8,0.36,0.964,0.8207,0.9194,0.7516,0.9608,0.9626,0.964,0.964,0.9716,0.8485,1.0,0.7368
0.8,0.37,0.964,0.8207,0.9194,0.7516,0.9608,0.9626,0.964,0.964,0.9716,0.8485,1.0,0.7368
0.8,0.38,0.964,0.8207,0.9194,0.7516,0.9608,0.9626,0.964,0.964,0.9716,0.8485,1.0,0.7368
0.8,0.39,0.9621,0.7729,0.9191,0.6801,0.9586,0.9608,0.9621,0.9621,0.9697,0.8367,1.0,0.7193
0.8,0.4,0.9621,0.7729,0.9191,0.6801,0.9586,0.9608,0.9621,0.9621,0.9697,0.8367,1.0,0.7193
0.8,0.41,0.9621,0.7729,0.9191,0.6801,0.9586,0.9608,0.9621,0.9621,0.9697,0.8367,1.0,0.7193
0.8,0.42,0.9621,0.7729,0.9191,0.6801,0.9586,0.9608,0.9621,0.9621,0.9697,0.8367,1.0,0.7193
0.8,0.43,0.9621,0.7729,0.9191,0.6801,0.9586,0.9608,0.9621,0.9621,0.9697,0.8367,1.0,0.7193
0.8,0.44,0.9621,0.7729,0.9191,0.6801,0.9586,0.9608,0.9621,0.9621,0.9697,0.8367,1.0,0.7193
0.8,0.45,0.9602,0.7626,0.9129,0.6682,0.9561,0.9581,0.9602,0.9602,0.9678,0.8247,1.0,0.7018
0.8,0.46,0.9602,0.7626,0.9129,0.6682,0.9561,0.9581,0.9602,0.9602,0.9678,0.8247,1.0,0.7018
0.8,0.47,0.9602,0.7626,0.9129,0.6682,0.9561,0.9581,0.9602,0.9602,0.9678,0.8247,1.0,0.7018
0.8,0.48,0.9602,0.7626,0.9129,0.6682,0.9561,0.9581,0.9602,0.9602,0.9678,0.8247,1.0,0.7018
0.8,0.49,0.9602,0.7626,0.9129,0.6682,0.9561,0.9581,0.9602,0.9602,0.9678,0.8247,1.0,0.7018
0.8,0.5,0.9602,0.7626,0.9129,0.6682,0.9561,0.9581,0.9602,0.9602,0.9678,0.8247,1.0,0.7018
0.8,0.51,0.9602,0.7626,0.9129,0.6682,0.9561,0.9581,0.9602,0.9602,0.9678,0.8247,1.0,0.7018
0.8,0.52,0.9602,0.7626,0.9129,0.6682,0.9561,0.9581,0.9602,0.9602,0.9678,0.8247,1.0,0.7018
0.8,0.53,0.9564,0.7454,0.9047,0.6479,0.9512,0.9534,0.9564,0.9564,0.964,0.8,1.0,0.6667
0.8,0.54,0.9564,0.7454,0.9047,0.6479,0.9512,0.9534,0.9564,0.9564,0.964,0.8,1.0,0.6667
0.8,0.55,0.9564,0.7454,0.9047,0.6479,0.9512,0.9534,0.9564,0.9564,0.964,0.8,1.0,0.6667
0.8,0.56,0.9564,0.7454,0.9047,0.6479,0.9512,0.9534,0.9564,0.9564,0.964,0.8,1.0,0.6667
0.8,0.57,0.9545,0.7271,0.8972,0.6241,0.9489,0.9511,0.9545,0.9545,0.9621,0.7872,1.0,0.6491
0.8,0.58,0.9545,0.7271,0.8972,0.6241,0.9489,0.9511,0.9545,0.9545,0.9621,0.7872,1.0,0.6491
0.8,0.59,0.9545,0.7271,0.8972,0.6241,0.9489,0.9511,0.9545,0.9545,0.9621,0.7872,1.0,0.6491
0.8,0.6,0.9545,0.7271,0.8972,0.6241,0.9489,0.9511,0.9545,0.9545,0.9621,0.7872,1.0,0.6491
0.8,0.61,0.9527,0.721,0.897,0.6157,0.9466,0.9493,0.9527,0.9527,0.9602,0.7742,1.0,0.6316
0.8,0.62,0.9508,0.7057,0.8967,0.5953,0.9443,0.9476,0.9508,0.9508,0.9583,0.7609,1.0,0.614
0.8,0.63,0.9508,0.7057,0.8967,0.5953,0.9443,0.9476,0.9508,0.9508,0.9583,0.7609,1.0,0.614
0.8,0.64,0.9508,0.7057,0.8967,0.5953,0.9443,0.9476,0.9508,0.9508,0.9583,0.7609,1.0,0.614
0.8,0.65,0.9508,0.7057,0.8967,0.5953,0.9443,0.9476,0.9508,0.9508,0.9583,0.7609,1.0,0.614
0.8,0.66,0.9508,0.7057,0.8967,0.5953,0.9443,0.9476,0.9508,0.9508,0.9583,0.7609,1.0,0.614
0.8,0.67,0.9508,0.7057,0.8967,0.5953,0.9443,0.9476,0.9508,0.9508,0.9583,0.7609,1.0,0.614
0.8,0.68,0.9489,0.6991,0.8964,0.5869,0.9419,0.9459,0.9489,0.9489,0.9564,0.7473,1.0,0.5965
0.8,0.69,0.947,0.6901,0.8961,0.5759,0.9395,0.9442,0.947,0.947,0.9545,0.7333,1.0,0.5789
0.8,0.7,0.947,0.6901,0.8961,0.5759,0.9395,0.9442,0.947,0.947,0.9545,0.7333,1.0,0.5789
0.8,0.71,0.947,0.6901,0.8961,0.5759,0.9395,0.9442,0.947,0.947,0.9545,0.7333,1.0,0.5789
0.8,0.72,0.947,0.6901,0.8961,0.5759,0.9395,0.9442,0.947,0.947,0.9545,0.7333,1.0,0.5789
0.8,0.73,0.947,0.6901,0.8961,0.5759,0.9395,0.9442,0.947,0.947,0.9545,0.7333,1.0,0.5789
0.8,0.74,0.947,0.6901,0.8961,0.5759,0.9395,0.9442,0.947,0.947,0.9545,0.7333,1.0,0.5789
0.8,0.75,0.947,0.6901,0.8961,0.5759,0.9395,0.9442,0.947,0.947,0.9545,0.7333,1.0,0.5789
0.8,0.76,0.947,0.6901,0.8961,0.5759,0.9395,0.9442,0.947,0.947,0.9545,0.7333,1.0,0.5789
0.8,0.77,0.947,0.6901,0.8961,0.5759,0.9395,0.9442,0.947,0.947,0.9545,0.7333,1.0,0.5789
0.8,0.78,0.947,0.6901,0.8961,0.5759,0.9395,0.9442,0.947,0.947,0.9545,0.7333,1.0,0.5789
0.8,0.79,0.947,0.6901,0.8961,0.5759,0.9395,0.9442,0.947,0.947,0.9545,0.7333,1.0,0.5789
0.8,0.8,0.947,0.6901,0.8961,0.5759,0.9395,0.9442,0.947,0.947,0.9545,0.7333,1.0,0.5789
0.81,0.0,0.947,0.6901,0.8961,0.5759,0.9395,0.9442,0.947,0.947,0.9545,0.7333,1.0,0.5789
0.81,0.01,0.9318,0.7609,0.7924,0.8015,0.9388,0.9523,0.9318,0.9318,0.9394,0.7377,0.6923,0.7895
0.81,0.02,0.9413,0.775,0.8076,0.8031,0.945,0.9543,0.9413,0.9413,0.9489,0.7692,0.75,0.7895
0.81,0.03,0.9508,0.7935,0.829,0.8046,0.9515,0.9569,0.9508,0.9508,0.9583,0.8036,0.8182,0.7895
0.81,0.04,0.9564,0.8091,0.8457,0.8055,0.9556,0.9583,0.9564,0.9564,0.964,0.8257,0.8654,0.7895
0.81,0.05,0.9602,0.8228,0.8631,0.8061,0.9586,0.9598,0.9602,0.9602,0.9678,0.8411,0.9,0.7895
0.81,0.06,0.9659,0.8409,0.9036,0.807,0.9637,0.9658,0.9659,0.9659,0.9735,0.8654,0.9574,0.7895
0.81,0.07,0.964,0.8282,0.8982,0.7832,0.9618,0.9636,0.964,0.964,0.9716,0.8544,0.9565,0.7719
0.81,0.08,0.9659,0.8375,0.9152,0.7835,0.9635,0.965,0.9659,0.9659,0.9735,0.8627,0.9778,0.7719
0.81,0.09,0.9678,0.8414,0.9247,0.7838,0.965,0.9666,0.9678,0.9678,0.9754,0.8713,1.0,0.7719
0.81,0.1,0.9678,0.8414,0.9247,0.7838,0.965,0.9666,0.9678,0.9678,0.9754,0.8713,1.0,0.7719
0.81,0.11,0.9678,0.8414,0.9247,0.7838,0.965,0.9666,0.9678,0.9678,0.9754,0.8713,1.0,0.7719
0.81,0.12,0.9678,0.8414,0.9247,0.7838,0.965,0.9666,0.9678,0.9678,0.9754,0.8713,1.0,0.7719
0.81,0.13,0.9678,0.8414,0.9247,0.7838,0.965,0.9666,0.9678,0.9678,0.9754,0.8713,1.0,0.7719
0.81,0.14,0.9678,0.8414,0.9247,0.7838,0.965,0.9666,0.9678,0.9678,0.9754,0.8713,1.0,0.7719
0.81,0.15,0.9678,0.8414,0.9247,0.7838,0.965,0.9666,0.9678,0.9678,0.9754,0.8713,1.0,0.7719
0.81,0.16,0.9659,0.836,0.9244,0.7754,0.9629,0.9648,0.9659,0.9659,0.9735,0.86,1.0,0.7544
0.81,0.17,0.9659,0.836,0.9244,0.7754,0.9629,0.9648,0.9659,0.9659,0.9735,0.86,1.0,0.7544
0.81,0.18,0.9659,0.836,0.9244,0.7754,0.9629,0.9648,0.9659,0.9659,0.9735,0.86,1.0,0.7544
0.81,0.19,0.9659,0.836,0.9244,0.7754,0.9629,0.9648,0.9659,0.9659,0.9735,0.86,1.0,0.7544
0.81,0.2,0.9659,0.836,0.9244,0.7754,0.9629,0.9648,0.9659,0.9659,0.9735,0.86,1.0,0.7544
0.81,0.21,0.9659,0.836,0.9244,0.7754,0.9629,0.9648,0.9659,0.9659,0.9735,0.86,1.0,0.7544
0.81,0.22,0.9659,0.836,0.9244,0.7754,0.9629,0.9648,0.9659,0.9659,0.9735,0.86,1.0,0.7544
0.81,0.23,0.9659,0.836,0.9244,0.7754,0.9629,0.9648,0.9659,0.9659,0.9735,0.86,1.0,0.7544
0.81,0.24,0.9659,0.836,0.9244,0.7754,0.9629,0.9648,0.9659,0.9659,0.9735,0.86,1.0,0.7544
0.81,0.25,0.9659,0.836,0.9244,0.7754,0.9629,0.9648,0.9659,0.9659,0.9735,0.86,1.0,0.7544
0.81,0.26,0.9659,0.836,0.9244,0.7754,0.9629,0.9648,0.9659,0.9659,0.9735,0.86,1.0,0.7544
0.81,0.27,0.9659,0.836,0.9244,0.7754,0.9629,0.9648,0.9659,0.9659,0.9735,0.86,1.0,0.7544
0.81,0.28,0.9659,0.836,0.9244,0.7754,0.9629,0.9648,0.9659,0.9659,0.9735,0.86,1.0,0.7544
0.81,0.29,0.9659,0.836,0.9244,0.7754,0.9629,0.9648,0.9659,0.9659,0.9735,0.86,1.0,0.7544
0.81,0.3,0.9659,0.836,0.9244,0.7754,0.9629,0.9648,0.9659,0.9659,0.9735,0.86,1.0,0.7544
0.81,0.31,0.9659,0.836,0.9244,0.7754,0.9629,0.9648,0.9659,0.9659,0.9735,0.86,1.0,0.7544
0.81,0.32,0.9659,0.836,0.9244,0.7754,0.9629,0.9648,0.9659,0.9659,0.9735,0.86,1.0,0.7544
0.81,0.33,0.9659,0.836,0.9244,0.7754,0.9629,0.9648,0.9659,0.9659,0.9735,0.86,1.0,0.7544
0.81,0.34,0.9659,0.836,0.9244,0.7754,0.9629,0.9648,0.9659,0.9659,0.9735,0.86,1.0,0.7544
0.81,0.35,0.9659,0.836,0.9244,0.7754,0.9629,0.9648,0.9659,0.9659,0.9735,0.86,1.0,0.7544
0.81,0.36,0.964,0.8207,0.9194,0.7516,0.9608,0.9626,0.964,0.964,0.9716,0.8485,1.0,0.7368
0.81,0.37,0.964,0.8207,0.9194,0.7516,0.9608,0.9626,0.964,0.964,0.9716,0.8485,1.0,0.7368
0.81,0.38,0.964,0.8207,0.9194,0.7516,0.9608,0.9626,0.964,0.964,0.9716,0.8485,1.0,0.7368
0.81,0.39,0.9621,0.7729,0.9191,0.6801,0.9586,0.9608,0.9621,0.9621,0.9697,0.8367,1.0,0.7193
0.81,0.4,0.9621,0.7729,0.9191,0.6801,0.9586,0.9608,0.9621,0.9621,0.9697,0.8367,1.0,0.7193
0.81,0.41,0.9621,0.7729,0.9191,0.6801,0.9586,0.9608,0.9621,0.9621,0.9697,0.8367,1.0,0.7193
0.81,0.42,0.9621,0.7729,0.9191,0.6801,0.9586,0.9608,0.9621,0.9621,0.9697,0.8367,1.0,0.7193
0.81,0.43,0.9621,0.7729,0.9191,0.6801,0.9586,0.9608,0.9621,0.9621,0.9697,0.8367,1.0,0.7193
0.81,0.44,0.9621,0.7729,0.9191,0.6801,0.9586,0.9608,0.9621,0.9621,0.9697,0.8367,1.0,0.7193
0.81,0.45,0.9602,0.7626,0.9129,0.6682,0.9561,0.9581,0.9602,0.9602,0.9678,0.8247,1.0,0.7018
0.81,0.46,0.9602,0.7626,0.9129,0.6682,0.9561,0.9581,0.9602,0.9602,0.9678,0.8247,1.0,0.7018
0.81,0.47,0.9602,0.7626,0.9129,0.6682,0.9561,0.9581,0.9602,0.9602,0.9678,0.8247,1.0,0.7018
0.81,0.48,0.9602,0.7626,0.9129,0.6682,0.9561,0.9581,0.9602,0.9602,0.9678,0.8247,1.0,0.7018
0.81,0.49,0.9602,0.7626,0.9129,0.6682,0.9561,0.9581,0.9602,0.9602,0.9678,0.8247,1.0,0.7018
0.81,0.5,0.9602,0.7626,0.9129,0.6682,0.9561,0.9581,0.9602,0.9602,0.9678,0.8247,1.0,0.7018
0.81,0.51,0.9602,0.7626,0.9129,0.6682,0.9561,0.9581,0.9602,0.9602,0.9678,0.8247,1.0,0.7018
0.81,0.52,0.9602,0.7626,0.9129,0.6682,0.9561,0.9581,0.9602,0.9602,0.9678,0.8247,1.0,0.7018
0.81,0.53,0.9564,0.7454,0.9047,0.6479,0.9512,0.9534,0.9564,0.9564,0.964,0.8,1.0,0.6667
0.81,0.54,0.9564,0.7454,0.9047,0.6479,0.9512,0.9534,0.9564,0.9564,0.964,0.8,1.0,0.6667
0.81,0.55,0.9564,0.7454,0.9047,0.6479,0.9512,0.9534,0.9564,0.9564,0.964,0.8,1.0,0.6667
0.81,0.56,0.9564,0.7454,0.9047,0.6479,0.9512,0.9534,0.9564,0.9564,0.964,0.8,1.0,0.6667
0.81,0.57,0.9545,0.7271,0.8972,0.6241,0.9489,0.9511,0.9545,0.9545,0.9621,0.7872,1.0,0.6491
0.81,0.58,0.9545,0.7271,0.8972,0.6241,0.9489,0.9511,0.9545,0.9545,0.9621,0.7872,1.0,0.6491
0.81,0.59,0.9545,0.7271,0.8972,0.6241,0.9489,0.9511,0.9545,0.9545,0.9621,0.7872,1.0,0.6491
0.81,0.6,0.9545,0.7271,0.8972,0.6241,0.9489,0.9511,0.9545,0.9545,0.9621,0.7872,1.0,0.6491
0.81,0.61,0.9527,0.721,0.897,0.6157,0.9466,0.9493,0.9527,0.9527,0.9602,0.7742,1.0,0.6316
0.81,0.62,0.9508,0.7057,0.8967,0.5953,0.9443,0.9476,0.9508,0.9508,0.9583,0.7609,1.0,0.614
0.81,0.63,0.9508,0.7057,0.8967,0.5953,0.9443,0.9476,0.9508,0.9508,0.9583,0.7609,1.0,0.614
0.81,0.64,0.9508,0.7057,0.8967,0.5953,0.9443,0.9476,0.9508,0.9508,0.9583,0.7609,1.0,0.614
0.81,0.65,0.9508,0.7057,0.8967,0.5953,0.9443,0.9476,0.9508,0.9508,0.9583,0.7609,1.0,0.614
0.81,0.66,0.9508,0.7057,0.8967,0.5953,0.9443,0.9476,0.9508,0.9508,0.9583,0.7609,1.0,0.614
0.81,0.67,0.9508,0.7057,0.8967,0.5953,0.9443,0.9476,0.9508,0.9508,0.9583,0.7609,1.0,0.614
0.81,0.68,0.9489,0.6991,0.8964,0.5869,0.9419,0.9459,0.9489,0.9489,0.9564,0.7473,1.0,0.5965
0.81,0.69,0.947,0.6901,0.8961,0.5759,0.9395,0.9442,0.947,0.947,0.9545,0.7333,1.0,0.5789
0.81,0.7,0.947,0.6901,0.8961,0.5759,0.9395,0.9442,0.947,0.947,0.9545,0.7333,1.0,0.5789
0.81,0.71,0.947,0.6901,0.8961,0.5759,0.9395,0.9442,0.947,0.947,0.9545,0.7333,1.0,0.5789
0.81,0.72,0.947,0.6901,0.8961,0.5759,0.9395,0.9442,0.947,0.947,0.9545,0.7333,1.0,0.5789
0.81,0.73,0.947,0.6901,0.8961,0.5759,0.9395,0.9442,0.947,0.947,0.9545,0.7333,1.0,0.5789
0.81,0.74,0.947,0.6901,0.8961,0.5759,0.9395,0.9442,0.947,0.947,0.9545,0.7333,1.0,0.5789
0.81,0.75,0.947,0.6901,0.8961,0.5759,0.9395,0.9442,0.947,0.947,0.9545,0.7333,1.0,0.5789
0.81,0.76,0.947,0.6901,0.8961,0.5759,0.9395,0.9442,0.947,0.947,0.9545,0.7333,1.0,0.5789
0.81,0.77,0.947,0.6901,0.8961,0.5759,0.9395,0.9442,0.947,0.947,0.9545,0.7333,1.0,0.5789
0.81,0.78,0.947,0.6901,0.8961,0.5759,0.9395,0.9442,0.947,0.947,0.9545,0.7333,1.0,0.5789
0.81,0.79,0.947,0.6901,0.8961,0.5759,0.9395,0.9442,0.947,0.947,0.9545,0.7333,1.0,0.5789
0.81,0.8,0.947,0.6901,0.8961,0.5759,0.9395,0.9442,0.947,0.947,0.9545,0.7333,1.0,0.5789
0.81,0.81,0.947,0.6901,0.8961,0.5759,0.9395,0.9442,0.947,0.947,0.9545,0.7333,1.0,0.5789
0.82,0.0,0.9451,0.6775,0.8857,0.564,0.9366,0.9408,0.9451,0.9451,0.9527,0.7191,1.0,0.5614
0.82,0.01,0.9261,0.7299,0.7677,0.7658,0.9311,0.9429,0.9261,0.9261,0.9337,0.7059,0.6774,0.7368
0.82,0.02,0.9356,0.7429,0.7824,0.7673,0.9372,0.9449,0.9356,0.9356,0.9432,0.7368,0.7368,0.7368
0.82,0.03,0.9451,0.7602,0.8037,0.7689,0.9435,0.9475,0.9451,0.9451,0.9527,0.7706,0.8077,0.7368
0.82,0.04,0.9508,0.7758,0.8204,0.7698,0.9476,0.949,0.9508,0.9508,0.9583,0.7925,0.8571,0.7368
0.82,0.05,0.9545,0.7896,0.8377,0.7704,0.9506,0.9505,0.9545,0.9545,0.9621,0.8077,0.8936,0.7368
0.82,0.06,0.9602,0.8077,0.8782,0.7713,0.9558,0.9565,0.9602,0.9602,0.9678,0.8317,0.9545,0.7368
0.82,0.07,0.9583,0.795,0.8728,0.7475,0.9538,0.9543,0.9583,0.9583,0.9659,0.82,0.9535,0.7193
0.82,0.08,0.9602,0.8043,0.8899,0.7478,0.9555,0.9558,0.9602,0.9602,0.9678,0.8283,0.9762,0.7193
0.82,0.09,0.9621,0.8069,0.9001,0.7481,0.9569,0.9574,0.9621,0.9621,0.9697,0.8367,1.0,0.7193
0.82,0.1,0.9621,0.8069,0.9001,0.7481,0.9569,0.9574,0.9621,0.9621,0.9697,0.8367,1.0,0.7193
0.82,0.11,0.9621,0.8069,0.9001,0.7481,0.9569,0.9574,0.9621,0.9621,0.9697,0.8367,1.0,0.7193
0.82,0.12,0.9621,0.8069,0.9001,0.7481,0.9569,0.9574,0.9621,0.9621,0.9697,0.8367,1.0,0.7193
0.82,0.13,0.9621,0.8069,0.9001,0.7481,0.9569,0.9574,0.9621,0.9621,0.9697,0.8367,1.0,0.7193
0.82,0.14,0.9621,0.8069,0.9001,0.7481,0.9569,0.9574,0.9621,0.9621,0.9697,0.8367,1.0,0.7193
0.82,0.15,0.9621,0.8069,0.9001,0.7481,0.9569,0.9574,0.9621,0.9621,0.9697,0.8367,1.0,0.7193
0.82,0.16,0.9602,0.8015,0.8998,0.7397,0.9548,0.9557,0.9602,0.9602,0.9678,0.8247,1.0,0.7018
0.82,0.17,0.9602,0.8015,0.8998,0.7397,0.9548,0.9557,0.9602,0.9602,0.9678,0.8247,1.0,0.7018
0.82,0.18,0.9602,0.8015,0.8998,0.7397,0.9548,0.9557,0.9602,0.9602,0.9678,0.8247,1.0,0.7018
0.82,0.19,0.9602,0.8015,0.8998,0.7397,0.9548,0.9557,0.9602,0.9602,0.9678,0.8247,1.0,0.7018
0.82,0.2,0.9602,0.8015,0.8998,0.7397,0.9548,0.9557,0.9602,0.9602,0.9678,0.8247,1.0,0.7018
0.82,0.21,0.9602,0.8015,0.8998,0.7397,0.9548,0.9557,0.9602,0.9602,0.9678,0.8247,1.0,0.7018
0.82,0.22,0.9602,0.8015,0.8998,0.7397,0.9548,0.9557,0.9602,0.9602,0.9678,0.8247,1.0,0.7018
0.82,0.23,0.9602,0.8015,0.8998,0.7397,0.9548,0.9557,0.9602,0.9602,0.9678,0.8247,1.0,0.7018
0.82,0.24,0.9602,0.8015,0.8998,0.7397,0.9548,0.9557,0.9602,0.9602,0.9678,0.8247,1.0,0.7018
0.82,0.25,0.9602,0.8015,0.8998,0.7397,0.9548,0.9557,0.9602,0.9602,0.9678,0.8247,1.0,0.7018
0.82,0.26,0.9602,0.8015,0.8998,0.7397,0.9548,0.9557,0.9602,0.9602,0.9678,0.8247,1.0,0.7018
0.82,0.27,0.9602,0.8015,0.8998,0.7397,0.9548,0.9557,0.9602,0.9602,0.9678,0.8247,1.0,0.7018
0.82,0.28,0.9602,0.8015,0.8998,0.7397,0.9548,0.9557,0.9602,0.9602,0.9678,0.8247,1.0,0.7018
0.82,0.29,0.9602,0.8015,0.8998,0.7397,0.9548,0.9557,0.9602,0.9602,0.9678,0.8247,1.0,0.7018
0.82,0.3,0.9602,0.8015,0.8998,0.7397,0.9548,0.9557,0.9602,0.9602,0.9678,0.8247,1.0,0.7018
0.82,0.31,0.9602,0.8015,0.8998,0.7397,0.9548,0.9557,0.9602,0.9602,0.9678,0.8247,1.0,0.7018
0.82,0.32,0.9602,0.8015,0.8998,0.7397,0.9548,0.9557,0.9602,0.9602,0.9678,0.8247,1.0,0.7018
0.82,0.33,0.9602,0.8015,0.8998,0.7397,0.9548,0.9557,0.9602,0.9602,0.9678,0.8247,1.0,0.7018
0.82,0.34,0.9602,0.8015,0.8998,0.7397,0.9548,0.9557,0.9602,0.9602,0.9678,0.8247,1.0,0.7018
0.82,0.35,0.9602,0.8015,0.8998,0.7397,0.9548,0.9557,0.9602,0.9602,0.9678,0.8247,1.0,0.7018
0.82,0.36,0.9583,0.7863,0.8947,0.7159,0.9527,0.9535,0.9583,0.9583,0.9659,0.8125,1.0,0.6842
0.82,0.37,0.9583,0.7863,0.8947,0.7159,0.9527,0.9535,0.9583,0.9583,0.9659,0.8125,1.0,0.6842
0.82,0.38,0.9583,0.7863,0.8947,0.7159,0.9527,0.9535,0.9583,0.9583,0.9659,0.8125,1.0,0.6842
0.82,0.39,0.9564,0.7385,0.8945,0.6444,0.9505,0.9518,0.9564,0.9564,0.964,0.8,1.0,0.6667
0.82,0.4,0.9564,0.7385,0.8945,0.6444,0.9505,0.9518,0.9564,0.9564,0.964,0.8,1.0,0.6667
0.82,0.41,0.9564,0.7385,0.8945,0.6444,0.9505,0.9518,0.9564,0.9564,0.964,0.8,1.0,0.6667
0.82,0.42,0.9564,0.7385,0.8945,0.6444,0.9505,0.9518,0.9564,0.9564,0.964,0.8,1.0,0.6667
0.82,0.43,0.9564,0.7385,0.8945,0.6444,0.9505,0.9518,0.9564,0.9564,0.964,0.8,1.0,0.6667
0.82,0.44,0.9564,0.7385,0.8945,0.6444,0.9505,0.9518,0.9564,0.9564,0.964,0.8,1.0,0.6667
0.82,0.45,0.9564,0.7385,0.8945,0.6444,0.9505,0.9518,0.9564,0.9564,0.964,0.8,1.0,0.6667
0.82,0.46,0.9564,0.7385,0.8945,0.6444,0.9505,0.9518,0.9564,0.9564,0.964,0.8,1.0,0.6667
0.82,0.47,0.9564,0.7385,0.8945,0.6444,0.9505,0.9518,0.9564,0.9564,0.964,0.8,1.0,0.6667
0.82,0.48,0.9564,0.7385,0.8945,0.6444,0.9505,0.9518,0.9564,0.9564,0.964,0.8,1.0,0.6667
0.82,0.49,0.9564,0.7385,0.8945,0.6444,0.9505,0.9518,0.9564,0.9564,0.964,0.8,1.0,0.6667
0.82,0.5,0.9564,0.7385,0.8945,0.6444,0.9505,0.9518,0.9564,0.9564,0.964,0.8,1.0,0.6667
0.82,0.51,0.9564,0.7385,0.8945,0.6444,0.9505,0.9518,0.9564,0.9564,0.964,0.8,1.0,0.6667
0.82,0.52,0.9564,0.7385,0.8945,0.6444,0.9505,0.9518,0.9564,0.9564,0.964,0.8,1.0,0.6667
0.82,0.53,0.9545,0.7328,0.8942,0.636,0.9483,0.95,0.9545,0.9545,0.9621,0.7872,1.0,0.6491
0.82,0.54,0.9545,0.7328,0.8942,0.636,0.9483,0.95,0.9545,0.9545,0.9621,0.7872,1.0,0.6491
0.82,0.55,0.9545,0.7328,0.8942,0.636,0.9483,0.95,0.9545,0.9545,0.9621,0.7872,1.0,0.6491
0.82,0.56,0.9545,0.7328,0.8942,0.636,0.9483,0.95,0.9545,0.9545,0.9621,0.7872,1.0,0.6491
0.82,0.57,0.9527,0.7144,0.8868,0.6122,0.946,0.9477,0.9527,0.9527,0.9602,0.7742,1.0,0.6316
0.82,0.58,0.9527,0.7144,0.8868,0.6122,0.946,0.9477,0.9527,0.9527,0.9602,0.7742,1.0,0.6316
0.82,0.59,0.9527,0.7144,0.8868,0.6122,0.946,0.9477,0.9527,0.9527,0.9602,0.7742,1.0,0.6316
0.82,0.6,0.9527,0.7144,0.8868,0.6122,0.946,0.9477,0.9527,0.9527,0.9602,0.7742,1.0,0.6316
0.82,0.61,0.9508,0.7083,0.8865,0.6038,0.9437,0.946,0.9508,0.9508,0.9583,0.7609,1.0,0.614
0.82,0.62,0.9489,0.693,0.8862,0.5834,0.9414,0.9443,0.9489,0.9489,0.9564,0.7473,1.0,0.5965
0.82,0.63,0.9489,0.693,0.8862,0.5834,0.9414,0.9443,0.9489,0.9489,0.9564,0.7473,1.0,0.5965
0.82,0.64,0.9489,0.693,0.8862,0.5834,0.9414,0.9443,0.9489,0.9489,0.9564,0.7473,1.0,0.5965
0.82,0.65,0.9489,0.693,0.8862,0.5834,0.9414,0.9443,0.9489,0.9489,0.9564,0.7473,1.0,0.5965
0.82,0.66,0.9489,0.693,0.8862,0.5834,0.9414,0.9443,0.9489,0.9489,0.9564,0.7473,1.0,0.5965
0.82,0.67,0.9489,0.693,0.8862,0.5834,0.9414,0.9443,0.9489,0.9489,0.9564,0.7473,1.0,0.5965
0.82,0.68,0.947,0.6864,0.8859,0.575,0.9391,0.9425,0.947,0.947,0.9545,0.7333,1.0,0.5789
0.82,0.69,0.9451,0.6775,0.8857,0.564,0.9366,0.9408,0.9451,0.9451,0.9527,0.7191,1.0,0.5614
0.82,0.7,0.9451,0.6775,0.8857,0.564,0.9366,0.9408,0.9451,0.9451,0.9527,0.7191,1.0,0.5614
0.82,0.71,0.9451,0.6775,0.8857,0.564,0.9366,0.9408,0.9451,0.9451,0.9527,0.7191,1.0,0.5614
0.82,0.72,0.9451,0.6775,0.8857,0.564,0.9366,0.9408,0.9451,0.9451,0.9527,0.7191,1.0,0.5614
0.82,0.73,0.9451,0.6775,0.8857,0.564,0.9366,0.9408,0.9451,0.9451,0.9527,0.7191,1.0,0.5614
0.82,0.74,0.9451,0.6775,0.8857,0.564,0.9366,0.9408,0.9451,0.9451,0.9527,0.7191,1.0,0.5614
0.82,0.75,0.9451,0.6775,0.8857,0.564,0.9366,0.9408,0.9451,0.9451,0.9527,0.7191,1.0,0.5614
0.82,0.76,0.9451,0.6775,0.8857,0.564,0.9366,0.9408,0.9451,0.9451,0.9527,0.7191,1.0,0.5614
0.82,0.77,0.9451,0.6775,0.8857,0.564,0.9366,0.9408,0.9451,0.9451,0.9527,0.7191,1.0,0.5614
0.82,0.78,0.9451,0.6775,0.8857,0.564,0.9366,0.9408,0.9451,0.9451,0.9527,0.7191,1.0,0.5614
0.82,0.79,0.9451,0.6775,0.8857,0.564,0.9366,0.9408,0.9451,0.9451,0.9527,0.7191,1.0,0.5614
0.82,0.8,0.9451,0.6775,0.8857,0.564,0.9366,0.9408,0.9451,0.9451,0.9527,0.7191,1.0,0.5614
0.82,0.81,0.9451,0.6775,0.8857,0.564,0.9366,0.9408,0.9451,0.9451,0.9527,0.7191,1.0,0.5614
0.82,0.82,0.9451,0.6775,0.8857,0.564,0.9366,0.9408,0.9451,0.9451,0.9527,0.7191,1.0,0.5614
0.83,0.0,0.9451,0.6775,0.8857,0.564,0.9366,0.9408,0.9451,0.9451,0.9527,0.7191,1.0,0.5614
0.83,0.01,0.9261,0.7299,0.7677,0.7658,0.9311,0.9429,0.9261,0.9261,0.9337,0.7059,0.6774,0.7368
0.83,0.02,0.9356,0.7429,0.7824,0.7673,0.9372,0.9449,0.9356,0.9356,0.9432,0.7368,0.7368,0.7368
0.83,0.03,0.9451,0.7602,0.8037,0.7689,0.9435,0.9475,0.9451,0.9451,0.9527,0.7706,0.8077,0.7368
0.83,0.04,0.9508,0.7758,0.8204,0.7698,0.9476,0.949,0.9508,0.9508,0.9583,0.7925,0.8571,0.7368
0.83,0.05,0.9545,0.7896,0.8377,0.7704,0.9506,0.9505,0.9545,0.9545,0.9621,0.8077,0.8936,0.7368
0.83,0.06,0.9602,0.8077,0.8782,0.7713,0.9558,0.9565,0.9602,0.9602,0.9678,0.8317,0.9545,0.7368
0.83,0.07,0.9583,0.795,0.8728,0.7475,0.9538,0.9543,0.9583,0.9583,0.9659,0.82,0.9535,0.7193
0.83,0.08,0.9602,0.8043,0.8899,0.7478,0.9555,0.9558,0.9602,0.9602,0.9678,0.8283,0.9762,0.7193
0.83,0.09,0.9621,0.8069,0.9001,0.7481,0.9569,0.9574,0.9621,0.9621,0.9697,0.8367,1.0,0.7193
0.83,0.1,0.9621,0.8069,0.9001,0.7481,0.9569,0.9574,0.9621,0.9621,0.9697,0.8367,1.0,0.7193
0.83,0.11,0.9621,0.8069,0.9001,0.7481,0.9569,0.9574,0.9621,0.9621,0.9697,0.8367,1.0,0.7193
0.83,0.12,0.9621,0.8069,0.9001,0.7481,0.9569,0.9574,0.9621,0.9621,0.9697,0.8367,1.0,0.7193
0.83,0.13,0.9621,0.8069,0.9001,0.7481,0.9569,0.9574,0.9621,0.9621,0.9697,0.8367,1.0,0.7193
0.83,0.14,0.9621,0.8069,0.9001,0.7481,0.9569,0.9574,0.9621,0.9621,0.9697,0.8367,1.0,0.7193
0.83,0.15,0.9621,0.8069,0.9001,0.7481,0.9569,0.9574,0.9621,0.9621,0.9697,0.8367,1.0,0.7193
0.83,0.16,0.9602,0.8015,0.8998,0.7397,0.9548,0.9557,0.9602,0.9602,0.9678,0.8247,1.0,0.7018
0.83,0.17,0.9602,0.8015,0.8998,0.7397,0.9548,0.9557,0.9602,0.9602,0.9678,0.8247,1.0,0.7018
0.83,0.18,0.9602,0.8015,0.8998,0.7397,0.9548,0.9557,0.9602,0.9602,0.9678,0.8247,1.0,0.7018
0.83,0.19,0.9602,0.8015,0.8998,0.7397,0.9548,0.9557,0.9602,0.9602,0.9678,0.8247,1.0,0.7018
0.83,0.2,0.9602,0.8015,0.8998,0.7397,0.9548,0.9557,0.9602,0.9602,0.9678,0.8247,1.0,0.7018
0.83,0.21,0.9602,0.8015,0.8998,0.7397,0.9548,0.9557,0.9602,0.9602,0.9678,0.8247,1.0,0.7018
0.83,0.22,0.9602,0.8015,0.8998,0.7397,0.9548,0.9557,0.9602,0.9602,0.9678,0.8247,1.0,0.7018
0.83,0.23,0.9602,0.8015,0.8998,0.7397,0.9548,0.9557,0.9602,0.9602,0.9678,0.8247,1.0,0.7018
0.83,0.24,0.9602,0.8015,0.8998,0.7397,0.9548,0.9557,0.9602,0.9602,0.9678,0.8247,1.0,0.7018
0.83,0.25,0.9602,0.8015,0.8998,0.7397,0.9548,0.9557,0.9602,0.9602,0.9678,0.8247,1.0,0.7018
0.83,0.26,0.9602,0.8015,0.8998,0.7397,0.9548,0.9557,0.9602,0.9602,0.9678,0.8247,1.0,0.7018
0.83,0.27,0.9602,0.8015,0.8998,0.7397,0.9548,0.9557,0.9602,0.9602,0.9678,0.8247,1.0,0.7018
0.83,0.28,0.9602,0.8015,0.8998,0.7397,0.9548,0.9557,0.9602,0.9602,0.9678,0.8247,1.0,0.7018
0.83,0.29,0.9602,0.8015,0.8998,0.7397,0.9548,0.9557,0.9602,0.9602,0.9678,0.8247,1.0,0.7018
0.83,0.3,0.9602,0.8015,0.8998,0.7397,0.9548,0.9557,0.9602,0.9602,0.9678,0.8247,1.0,0.7018
0.83,0.31,0.9602,0.8015,0.8998,0.7397,0.9548,0.9557,0.9602,0.9602,0.9678,0.8247,1.0,0.7018
0.83,0.32,0.9602,0.8015,0.8998,0.7397,0.9548,0.9557,0.9602,0.9602,0.9678,0.8247,1.0,0.7018
0.83,0.33,0.9602,0.8015,0.8998,0.7397,0.9548,0.9557,0.9602,0.9602,0.9678,0.8247,1.0,0.7018
0.83,0.34,0.9602,0.8015,0.8998,0.7397,0.9548,0.9557,0.9602,0.9602,0.9678,0.8247,1.0,0.7018
0.83,0.35,0.9602,0.8015,0.8998,0.7397,0.9548,0.9557,0.9602,0.9602,0.9678,0.8247,1.0,0.7018
0.83,0.36,0.9583,0.7863,0.8947,0.7159,0.9527,0.9535,0.9583,0.9583,0.9659,0.8125,1.0,0.6842
0.83,0.37,0.9583,0.7863,0.8947,0.7159,0.9527,0.9535,0.9583,0.9583,0.9659,0.8125,1.0,0.6842
0.83,0.38,0.9583,0.7863,0.8947,0.7159,0.9527,0.9535,0.9583,0.9583,0.9659,0.8125,1.0,0.6842
0.83,0.39,0.9564,0.7385,0.8945,0.6444,0.9505,0.9518,0.9564,0.9564,0.964,0.8,1.0,0.6667
0.83,0.4,0.9564,0.7385,0.8945,0.6444,0.9505,0.9518,0.9564,0.9564,0.964,0.8,1.0,0.6667
0.83,0.41,0.9564,0.7385,0.8945,0.6444,0.9505,0.9518,0.9564,0.9564,0.964,0.8,1.0,0.6667
0.83,0.42,0.9564,0.7385,0.8945,0.6444,0.9505,0.9518,0.9564,0.9564,0.964,0.8,1.0,0.6667
0.83,0.43,0.9564,0.7385,0.8945,0.6444,0.9505,0.9518,0.9564,0.9564,0.964,0.8,1.0,0.6667
0.83,0.44,0.9564,0.7385,0.8945,0.6444,0.9505,0.9518,0.9564,0.9564,0.964,0.8,1.0,0.6667
0.83,0.45,0.9564,0.7385,0.8945,0.6444,0.9505,0.9518,0.9564,0.9564,0.964,0.8,1.0,0.6667
0.83,0.46,0.9564,0.7385,0.8945,0.6444,0.9505,0.9518,0.9564,0.9564,0.964,0.8,1.0,0.6667
0.83,0.47,0.9564,0.7385,0.8945,0.6444,0.9505,0.9518,0.9564,0.9564,0.964,0.8,1.0,0.6667
0.83,0.48,0.9564,0.7385,0.8945,0.6444,0.9505,0.9518,0.9564,0.9564,0.964,0.8,1.0,0.6667
0.83,0.49,0.9564,0.7385,0.8945,0.6444,0.9505,0.9518,0.9564,0.9564,0.964,0.8,1.0,0.6667
0.83,0.5,0.9564,0.7385,0.8945,0.6444,0.9505,0.9518,0.9564,0.9564,0.964,0.8,1.0,0.6667
0.83,0.51,0.9564,0.7385,0.8945,0.6444,0.9505,0.9518,0.9564,0.9564,0.964,0.8,1.0,0.6667
0.83,0.52,0.9564,0.7385,0.8945,0.6444,0.9505,0.9518,0.9564,0.9564,0.964,0.8,1.0,0.6667
0.83,0.53,0.9545,0.7328,0.8942,0.636,0.9483,0.95,0.9545,0.9545,0.9621,0.7872,1.0,0.6491
0.83,0.54,0.9545,0.7328,0.8942,0.636,0.9483,0.95,0.9545,0.9545,0.9621,0.7872,1.0,0.6491
0.83,0.55,0.9545,0.7328,0.8942,0.636,0.9483,0.95,0.9545,0.9545,0.9621,0.7872,1.0,0.6491
0.83,0.56,0.9545,0.7328,0.8942,0.636,0.9483,0.95,0.9545,0.9545,0.9621,0.7872,1.0,0.6491
0.83,0.57,0.9527,0.7144,0.8868,0.6122,0.946,0.9477,0.9527,0.9527,0.9602,0.7742,1.0,0.6316
0.83,0.58,0.9527,0.7144,0.8868,0.6122,0.946,0.9477,0.9527,0.9527,0.9602,0.7742,1.0,0.6316
0.83,0.59,0.9527,0.7144,0.8868,0.6122,0.946,0.9477,0.9527,0.9527,0.9602,0.7742,1.0,0.6316
0.83,0.6,0.9527,0.7144,0.8868,0.6122,0.946,0.9477,0.9527,0.9527,0.9602,0.7742,1.0,0.6316
0.83,0.61,0.9508,0.7083,0.8865,0.6038,0.9437,0.946,0.9508,0.9508,0.9583,0.7609,1.0,0.614
0.83,0.62,0.9489,0.693,0.8862,0.5834,0.9414,0.9443,0.9489,0.9489,0.9564,0.7473,1.0,0.5965
0.83,0.63,0.9489,0.693,0.8862,0.5834,0.9414,0.9443,0.9489,0.9489,0.9564,0.7473,1.0,0.5965
0.83,0.64,0.9489,0.693,0.8862,0.5834,0.9414,0.9443,0.9489,0.9489,0.9564,0.7473,1.0,0.5965
0.83,0.65,0.9489,0.693,0.8862,0.5834,0.9414,0.9443,0.9489,0.9489,0.9564,0.7473,1.0,0.5965
0.83,0.66,0.9489,0.693,0.8862,0.5834,0.9414,0.9443,0.9489,0.9489,0.9564,0.7473,1.0,0.5965
0.83,0.67,0.9489,0.693,0.8862,0.5834,0.9414,0.9443,0.9489,0.9489,0.9564,0.7473,1.0,0.5965
0.83,0.68,0.947,0.6864,0.8859,0.575,0.9391,0.9425,0.947,0.947,0.9545,0.7333,1.0,0.5789
0.83,0.69,0.9451,0.6775,0.8857,0.564,0.9366,0.9408,0.9451,0.9451,0.9527,0.7191,1.0,0.5614
0.83,0.7,0.9451,0.6775,0.8857,0.564,0.9366,0.9408,0.9451,0.9451,0.9527,0.7191,1.0,0.5614
0.83,0.71,0.9451,0.6775,0.8857,0.564,0.9366,0.9408,0.9451,0.9451,0.9527,0.7191,1.0,0.5614
0.83,0.72,0.9451,0.6775,0.8857,0.564,0.9366,0.9408,0.9451,0.9451,0.9527,0.7191,1.0,0.5614
0.83,0.73,0.9451,0.6775,0.8857,0.564,0.9366,0.9408,0.9451,0.9451,0.9527,0.7191,1.0,0.5614
0.83,0.74,0.9451,0.6775,0.8857,0.564,0.9366,0.9408,0.9451,0.9451,0.9527,0.7191,1.0,0.5614
0.83,0.75,0.9451,0.6775,0.8857,0.564,0.9366,0.9408,0.9451,0.9451,0.9527,0.7191,1.0,0.5614
0.83,0.76,0.9451,0.6775,0.8857,0.564,0.9366,0.9408,0.9451,0.9451,0.9527,0.7191,1.0,0.5614
0.83,0.77,0.9451,0.6775,0.8857,0.564,0.9366,0.9408,0.9451,0.9451,0.9527,0.7191,1.0,0.5614
0.83,0.78,0.9451,0.6775,0.8857,0.564,0.9366,0.9408,0.9451,0.9451,0.9527,0.7191,1.0,0.5614
0.83,0.79,0.9451,0.6775,0.8857,0.564,0.9366,0.9408,0.9451,0.9451,0.9527,0.7191,1.0,0.5614
0.83,0.8,0.9451,0.6775,0.8857,0.564,0.9366,0.9408,0.9451,0.9451,0.9527,0.7191,1.0,0.5614
0.83,0.81,0.9451,0.6775,0.8857,0.564,0.9366,0.9408,0.9451,0.9451,0.9527,0.7191,1.0,0.5614
0.83,0.82,0.9451,0.6775,0.8857,0.564,0.9366,0.9408,0.9451,0.9451,0.9527,0.7191,1.0,0.5614
0.83,0.83,0.9451,0.6775,0.8857,0.564,0.9366,0.9408,0.9451,0.9451,0.9527,0.7191,1.0,0.5614
0.84,0.0,0.9432,0.6577,0.8875,0.5402,0.9335,0.9388,0.9432,0.9432,0.9489,0.6897,1.0,0.5263
0.84,0.01,0.9261,0.7076,0.7547,0.6953,0.9296,0.9367,0.9261,0.9261,0.9337,0.6903,0.6964,0.6842
0.84,0.02,0.9337,0.7165,0.7669,0.6965,0.9343,0.9384,0.9337,0.9337,0.9413,0.7156,0.75,0.6842
0.84,0.03,0.9413,0.7278,0.7844,0.6977,0.9392,0.9407,0.9413,0.9413,0.9489,0.7429,0.8125,0.6842
0.84,0.04,0.947,0.7406,0.8028,0.6986,0.9431,0.9424,0.947,0.947,0.9545,0.7647,0.8667,0.6842
0.84,0.05,0.9508,0.7529,0.8274,0.6992,0.9459,0.9444,0.9508,0.9508,0.9583,0.78,0.907,0.6842
0.84,0.06,0.9564,0.7706,0.8774,0.7002,0.951,0.9513,0.9564,0.9564,0.964,0.8041,0.975,0.6842
0.84,0.07,0.9564,0.7706,0.8774,0.7002,0.951,0.9513,0.9564,0.9564,0.964,0.8041,0.975,0.6842
0.84,0.08,0.9564,0.7706,0.8774,0.7002,0.951,0.9513,0.9564,0.9564,0.964,0.8041,0.975,0.6842
0.84,0.09,0.9583,0.7733,0.8876,0.7005,0.9524,0.953,0.9583,0.9583,0.9659,0.8125,1.0,0.6842
0.84,0.1,0.9583,0.7733,0.8876,0.7005,0.9524,0.953,0.9583,0.9583,0.9659,0.8125,1.0,0.6842
0.84,0.11,0.9583,0.7733,0.8876,0.7005,0.9524,0.953,0.9583,0.9583,0.9659,0.8125,1.0,0.6842
0.84,0.12,0.9583,0.7733,0.8876,0.7005,0.9524,0.953,0.9583,0.9583,0.9659,0.8125,1.0,0.6842
0.84,0.13,0.9583,0.7733,0.8876,0.7005,0.9524,0.953,0.9583,0.9583,0.9659,0.8125,1.0,0.6842
0.84,0.14,0.9583,0.7733,0.8876,0.7005,0.9524,0.953,0.9583,0.9583,0.9659,0.8125,1.0,0.6842
0.84,0.15,0.9583,0.7733,0.8876,0.7005,0.9524,0.953,0.9583,0.9583,0.9659,0.8125,1.0,0.6842
0.84,0.16,0.9564,0.7679,0.8873,0.6921,0.9503,0.9512,0.9564,0.9564,0.964,0.8,1.0,0.6667
0.84,0.17,0.9564,0.7679,0.8873,0.6921,0.9503,0.9512,0.9564,0.9564,0.964,0.8,1.0,0.6667
0.84,0.18,0.9564,0.7679,0.8873,0.6921,0.9503,0.9512,0.9564,0.9564,0.964,0.8,1.0,0.6667
0.84,0.19,0.9564,0.7679,0.8873,0.6921,0.9503,0.9512,0.9564,0.9564,0.964,0.8,1.0,0.6667
0.84,0.2,0.9564,0.7679,0.8873,0.6921,0.9503,0.9512,0.9564,0.9564,0.964,0.8,1.0,0.6667
0.84,0.21,0.9564,0.7679,0.8873,0.6921,0.9503,0.9512,0.9564,0.9564,0.964,0.8,1.0,0.6667
0.84,0.22,0.9564,0.7679,0.8873,0.6921,0.9503,0.9512,0.9564,0.9564,0.964,0.8,1.0,0.6667
0.84,0.23,0.9564,0.7679,0.8873,0.6921,0.9503,0.9512,0.9564,0.9564,0.964,0.8,1.0,0.6667
0.84,0.24,0.9564,0.7679,0.8873,0.6921,0.9503,0.9512,0.9564,0.9564,0.964,0.8,1.0,0.6667
0.84,0.25,0.9564,0.7679,0.8873,0.6921,0.9503,0.9512,0.9564,0.9564,0.964,0.8,1.0,0.6667
0.84,0.26,0.9564,0.7679,0.8873,0.6921,0.9503,0.9512,0.9564,0.9564,0.964,0.8,1.0,0.6667
0.84,0.27,0.9564,0.7679,0.8873,0.6921,0.9503,0.9512,0.9564,0.9564,0.964,0.8,1.0,0.6667
0.84,0.28,0.9564,0.7679,0.8873,0.6921,0.9503,0.9512,0.9564,0.9564,0.964,0.8,1.0,0.6667
0.84,0.29,0.9564,0.7679,0.8873,0.6921,0.9503,0.9512,0.9564,0.9564,0.964,0.8,1.0,0.6667
0.84,0.3,0.9564,0.7679,0.8873,0.6921,0.9503,0.9512,0.9564,0.9564,0.964,0.8,1.0,0.6667
0.84,0.31,0.9564,0.7679,0.8873,0.6921,0.9503,0.9512,0.9564,0.9564,0.964,0.8,1.0,0.6667
0.84,0.32,0.9564,0.7679,0.8873,0.6921,0.9503,0.9512,0.9564,0.9564,0.964,0.8,1.0,0.6667
0.84,0.33,0.9564,0.7679,0.8873,0.6921,0.9503,0.9512,0.9564,0.9564,0.964,0.8,1.0,0.6667
0.84,0.34,0.9564,0.7679,0.8873,0.6921,0.9503,0.9512,0.9564,0.9564,0.964,0.8,1.0,0.6667
0.84,0.35,0.9564,0.7679,0.8873,0.6921,0.9503,0.9512,0.9564,0.9564,0.964,0.8,1.0,0.6667
0.84,0.36,0.9564,0.7679,0.8873,0.6921,0.9503,0.9512,0.9564,0.9564,0.964,0.8,1.0,0.6667
0.84,0.37,0.9564,0.7679,0.8873,0.6921,0.9503,0.9512,0.9564,0.9564,0.964,0.8,1.0,0.6667
0.84,0.38,0.9564,0.7679,0.8873,0.6921,0.9503,0.9512,0.9564,0.9564,0.964,0.8,1.0,0.6667
0.84,0.39,0.9545,0.7202,0.887,0.6206,0.9481,0.9495,0.9545,0.9545,0.9621,0.7872,1.0,0.6491
0.84,0.4,0.9545,0.7202,0.887,0.6206,0.9481,0.9495,0.9545,0.9545,0.9621,0.7872,1.0,0.6491
0.84,0.41,0.9545,0.7202,0.887,0.6206,0.9481,0.9495,0.9545,0.9545,0.9621,0.7872,1.0,0.6491
0.84,0.42,0.9545,0.7202,0.887,0.6206,0.9481,0.9495,0.9545,0.9545,0.9621,0.7872,1.0,0.6491
0.84,0.43,0.9545,0.7202,0.887,0.6206,0.9481,0.9495,0.9545,0.9545,0.9621,0.7872,1.0,0.6491
0.84,0.44,0.9545,0.7202,0.887,0.6206,0.9481,0.9495,0.9545,0.9545,0.9621,0.7872,1.0,0.6491
0.84,0.45,0.9545,0.7202,0.887,0.6206,0.9481,0.9495,0.9545,0.9545,0.9621,0.7872,1.0,0.6491
0.84,0.46,0.9545,0.7202,0.887,0.6206,0.9481,0.9495,0.9545,0.9545,0.9621,0.7872,1.0,0.6491
0.84,0.47,0.9545,0.7202,0.887,0.6206,0.9481,0.9495,0.9545,0.9545,0.9621,0.7872,1.0,0.6491
0.84,0.48,0.9545,0.7202,0.887,0.6206,0.9481,0.9495,0.9545,0.9545,0.9621,0.7872,1.0,0.6491
0.84,0.49,0.9545,0.7202,0.887,0.6206,0.9481,0.9495,0.9545,0.9545,0.9621,0.7872,1.0,0.6491
0.84,0.5,0.9545,0.7202,0.887,0.6206,0.9481,0.9495,0.9545,0.9545,0.9621,0.7872,1.0,0.6491
0.84,0.51,0.9545,0.7202,0.887,0.6206,0.9481,0.9495,0.9545,0.9545,0.9621,0.7872,1.0,0.6491
0.84,0.52,0.9545,0.7202,0.887,0.6206,0.9481,0.9495,0.9545,0.9545,0.9621,0.7872,1.0,0.6491
0.84,0.53,0.9527,0.7144,0.8868,0.6122,0.946,0.9477,0.9527,0.9527,0.9602,0.7742,1.0,0.6316
0.84,0.54,0.9527,0.7144,0.8868,0.6122,0.946,0.9477,0.9527,0.9527,0.9602,0.7742,1.0,0.6316
0.84,0.55,0.9527,0.7144,0.8868,0.6122,0.946,0.9477,0.9527,0.9527,0.9602,0.7742,1.0,0.6316
0.84,0.56,0.9527,0.7144,0.8868,0.6122,0.946,0.9477,0.9527,0.9527,0.9602,0.7742,1.0,0.6316
0.84,0.57,0.9508,0.6921,0.8746,0.5884,0.9433,0.945,0.9508,0.9508,0.9583,0.7609,1.0,0.614
0.84,0.58,0.9508,0.6921,0.8746,0.5884,0.9433,0.945,0.9508,0.9508,0.9583,0.7609,1.0,0.614
0.84,0.59,0.9508,0.6921,0.8746,0.5884,0.9433,0.945,0.9508,0.9508,0.9583,0.7609,1.0,0.614
0.84,0.6,0.9508,0.6921,0.8746,0.5884,0.9433,0.945,0.9508,0.9508,0.9583,0.7609,1.0,0.614
0.84,0.61,0.9489,0.6859,0.8743,0.58,0.941,0.9433,0.9489,0.9489,0.9564,0.7473,1.0,0.5965
0.84,0.62,0.947,0.6706,0.874,0.5596,0.9387,0.9416,0.947,0.947,0.9545,0.7333,1.0,0.5789
0.84,0.63,0.947,0.6706,0.874,0.5596,0.9387,0.9416,0.947,0.947,0.9545,0.7333,1.0,0.5789
0.84,0.64,0.947,0.6706,0.874,0.5596,0.9387,0.9416,0.947,0.947,0.9545,0.7333,1.0,0.5789
0.84,0.65,0.947,0.6706,0.874,0.5596,0.9387,0.9416,0.947,0.947,0.9545,0.7333,1.0,0.5789
0.84,0.66,0.947,0.6706,0.874,0.5596,0.9387,0.9416,0.947,0.947,0.9545,0.7333,1.0,0.5789
0.84,0.67,0.947,0.6706,0.874,0.5596,0.9387,0.9416,0.947,0.947,0.9545,0.7333,1.0,0.5789
0.84,0.68,0.9451,0.6641,0.8738,0.5512,0.9364,0.9399,0.9451,0.9451,0.9527,0.7191,1.0,0.5614
0.84,0.69,0.9432,0.6551,0.8735,0.5402,0.934,0.9382,0.9432,0.9432,0.9508,0.7045,1.0,0.5439
0.84,0.7,0.9432,0.6551,0.8735,0.5402,0.934,0.9382,0.9432,0.9432,0.9508,0.7045,1.0,0.5439
0.84,0.71,0.9432,0.6551,0.8735,0.5402,0.934,0.9382,0.9432,0.9432,0.9508,0.7045,1.0,0.5439
0.84,0.72,0.9432,0.6551,0.8735,0.5402,0.934,0.9382,0.9432,0.9432,0.9508,0.7045,1.0,0.5439
0.84,0.73,0.9432,0.6551,0.8735,0.5402,0.934,0.9382,0.9432,0.9432,0.9508,0.7045,1.0,0.5439
0.84,0.74,0.9432,0.6551,0.8735,0.5402,0.934,0.9382,0.9432,0.9432,0.9508,0.7045,1.0,0.5439
0.84,0.75,0.9432,0.6551,0.8735,0.5402,0.934,0.9382,0.9432,0.9432,0.9508,0.7045,1.0,0.5439
0.84,0.76,0.9432,0.6551,0.8735,0.5402,0.934,0.9382,0.9432,0.9432,0.9508,0.7045,1.0,0.5439
0.84,0.77,0.9432,0.6551,0.8735,0.5402,0.934,0.9382,0.9432,0.9432,0.9508,0.7045,1.0,0.5439
0.84,0.78,0.9432,0.6551,0.8735,0.5402,0.934,0.9382,0.9432,0.9432,0.9508,0.7045,1.0,0.5439
0.84,0.79,0.9432,0.6551,0.8735,0.5402,0.934,0.9382,0.9432,0.9432,0.9508,0.7045,1.0,0.5439
0.84,0.8,0.9432,0.6551,0.8735,0.5402,0.934,0.9382,0.9432,0.9432,0.9508,0.7045,1.0,0.5439
0.84,0.81,0.9432,0.6551,0.8735,0.5402,0.934,0.9382,0.9432,0.9432,0.9508,0.7045,1.0,0.5439
0.84,0.82,0.9432,0.6551,0.8735,0.5402,0.934,0.9382,0.9432,0.9432,0.9508,0.7045,1.0,0.5439
0.84,0.83,0.9432,0.6551,0.8735,0.5402,0.934,0.9382,0.9432,0.9432,0.9508,0.7045,1.0,0.5439
0.84,0.84,0.9432,0.6577,0.8875,0.5402,0.9335,0.9388,0.9432,0.9432,0.9489,0.6897,1.0,0.5263
0.85,0.0,0.9432,0.6608,0.9087,0.5402,0.9331,0.9405,0.9432,0.9432,0.947,0.6744,1.0,0.5088
0.85,0.01,0.9261,0.7076,0.7547,0.6953,0.9296,0.9367,0.9261,0.9261,0.9337,0.6903,0.6964,0.6842
0.85,0.02,0.9337,0.7165,0.7669,0.6965,0.9343,0.9384,0.9337,0.9337,0.9413,0.7156,0.75,0.6842
0.85,0.03,0.9413,0.7278,0.7844,0.6977,0.9392,0.9407,0.9413,0.9413,0.9489,0.7429,0.8125,0.6842
0.85,0.04,0.947,0.7406,0.8028,0.6986,0.9431,0.9424,0.947,0.947,0.9545,0.7647,0.8667,0.6842
0.85,0.05,0.9508,0.7529,0.8274,0.6992,0.9459,0.9444,0.9508,0.9508,0.9583,0.78,0.907,0.6842
0.85,0.06,0.9564,0.7706,0.8774,0.7002,0.951,0.9513,0.9564,0.9564,0.964,0.8041,0.975,0.6842
0.85,0.07,0.9564,0.7706,0.8774,0.7002,0.951,0.9513,0.9564,0.9564,0.964,0.8041,0.975,0.6842
0.85,0.08,0.9564,0.7706,0.8774,0.7002,0.951,0.9513,0.9564,0.9564,0.964,0.8041,0.975,0.6842
0.85,0.09,0.9583,0.7733,0.8876,0.7005,0.9524,0.953,0.9583,0.9583,0.9659,0.8125,1.0,0.6842
0.85,0.1,0.9583,0.7733,0.8876,0.7005,0.9524,0.953,0.9583,0.9583,0.9659,0.8125,1.0,0.6842
0.85,0.11,0.9583,0.7733,0.8876,0.7005,0.9524,0.953,0.9583,0.9583,0.9659,0.8125,1.0,0.6842
0.85,0.12,0.9583,0.7733,0.8876,0.7005,0.9524,0.953,0.9583,0.9583,0.9659,0.8125,1.0,0.6842
0.85,0.13,0.9583,0.7733,0.8876,0.7005,0.9524,0.953,0.9583,0.9583,0.9659,0.8125,1.0,0.6842
0.85,0.14,0.9583,0.7733,0.8876,0.7005,0.9524,0.953,0.9583,0.9583,0.9659,0.8125,1.0,0.6842
0.85,0.15,0.9583,0.7733,0.8876,0.7005,0.9524,0.953,0.9583,0.9583,0.9659,0.8125,1.0,0.6842
0.85,0.16,0.9564,0.7679,0.8873,0.6921,0.9503,0.9512,0.9564,0.9564,0.964,0.8,1.0,0.6667
0.85,0.17,0.9564,0.7679,0.8873,0.6921,0.9503,0.9512,0.9564,0.9564,0.964,0.8,1.0,0.6667
0.85,0.18,0.9564,0.7679,0.8873,0.6921,0.9503,0.9512,0.9564,0.9564,0.964,0.8,1.0,0.6667
0.85,0.19,0.9564,0.7679,0.8873,0.6921,0.9503,0.9512,0.9564,0.9564,0.964,0.8,1.0,0.6667
0.85,0.2,0.9564,0.7679,0.8873,0.6921,0.9503,0.9512,0.9564,0.9564,0.964,0.8,1.0,0.6667
0.85,0.21,0.9564,0.7679,0.8873,0.6921,0.9503,0.9512,0.9564,0.9564,0.964,0.8,1.0,0.6667
0.85,0.22,0.9564,0.7679,0.8873,0.6921,0.9503,0.9512,0.9564,0.9564,0.964,0.8,1.0,0.6667
0.85,0.23,0.9564,0.7679,0.8873,0.6921,0.9503,0.9512,0.9564,0.9564,0.964,0.8,1.0,0.6667
0.85,0.24,0.9564,0.7679,0.8873,0.6921,0.9503,0.9512,0.9564,0.9564,0.964,0.8,1.0,0.6667
0.85,0.25,0.9564,0.7679,0.8873,0.6921,0.9503,0.9512,0.9564,0.9564,0.964,0.8,1.0,0.6667
0.85,0.26,0.9564,0.7679,0.8873,0.6921,0.9503,0.9512,0.9564,0.9564,0.964,0.8,1.0,0.6667
0.85,0.27,0.9564,0.7679,0.8873,0.6921,0.9503,0.9512,0.9564,0.9564,0.964,0.8,1.0,0.6667
0.85,0.28,0.9564,0.7679,0.8873,0.6921,0.9503,0.9512,0.9564,0.9564,0.964,0.8,1.0,0.6667
0.85,0.29,0.9564,0.7679,0.8873,0.6921,0.9503,0.9512,0.9564,0.9564,0.964,0.8,1.0,0.6667
0.85,0.3,0.9564,0.7679,0.8873,0.6921,0.9503,0.9512,0.9564,0.9564,0.964,0.8,1.0,0.6667
0.85,0.31,0.9564,0.7679,0.8873,0.6921,0.9503,0.9512,0.9564,0.9564,0.964,0.8,1.0,0.6667
0.85,0.32,0.9564,0.7679,0.8873,0.6921,0.9503,0.9512,0.9564,0.9564,0.964,0.8,1.0,0.6667
0.85,0.33,0.9564,0.7679,0.8873,0.6921,0.9503,0.9512,0.9564,0.9564,0.964,0.8,1.0,0.6667
0.85,0.34,0.9564,0.7679,0.8873,0.6921,0.9503,0.9512,0.9564,0.9564,0.964,0.8,1.0,0.6667
0.85,0.35,0.9564,0.7679,0.8873,0.6921,0.9503,0.9512,0.9564,0.9564,0.964,0.8,1.0,0.6667
0.85,0.36,0.9564,0.7679,0.8873,0.6921,0.9503,0.9512,0.9564,0.9564,0.964,0.8,1.0,0.6667
0.85,0.37,0.9564,0.7679,0.8873,0.6921,0.9503,0.9512,0.9564,0.9564,0.964,0.8,1.0,0.6667
0.85,0.38,0.9564,0.7679,0.8873,0.6921,0.9503,0.9512,0.9564,0.9564,0.964,0.8,1.0,0.6667
0.85,0.39,0.9545,0.7202,0.887,0.6206,0.9481,0.9495,0.9545,0.9545,0.9621,0.7872,1.0,0.6491
0.85,0.4,0.9545,0.7202,0.887,0.6206,0.9481,0.9495,0.9545,0.9545,0.9621,0.7872,1.0,0.6491
0.85,0.41,0.9545,0.7202,0.887,0.6206,0.9481,0.9495,0.9545,0.9545,0.9621,0.7872,1.0,0.6491
0.85,0.42,0.9545,0.7202,0.887,0.6206,0.9481,0.9495,0.9545,0.9545,0.9621,0.7872,1.0,0.6491
0.85,0.43,0.9545,0.7202,0.887,0.6206,0.9481,0.9495,0.9545,0.9545,0.9621,0.7872,1.0,0.6491
0.85,0.44,0.9545,0.7202,0.887,0.6206,0.9481,0.9495,0.9545,0.9545,0.9621,0.7872,1.0,0.6491
0.85,0.45,0.9545,0.7202,0.887,0.6206,0.9481,0.9495,0.9545,0.9545,0.9621,0.7872,1.0,0.6491
0.85,0.46,0.9545,0.7202,0.887,0.6206,0.9481,0.9495,0.9545,0.9545,0.9621,0.7872,1.0,0.6491
0.85,0.47,0.9545,0.7202,0.887,0.6206,0.9481,0.9495,0.9545,0.9545,0.9621,0.7872,1.0,0.6491
0.85,0.48,0.9545,0.7202,0.887,0.6206,0.9481,0.9495,0.9545,0.9545,0.9621,0.7872,1.0,0.6491
0.85,0.49,0.9545,0.7202,0.887,0.6206,0.9481,0.9495,0.9545,0.9545,0.9621,0.7872,1.0,0.6491
0.85,0.5,0.9545,0.7202,0.887,0.6206,0.9481,0.9495,0.9545,0.9545,0.9621,0.7872,1.0,0.6491
0.85,0.51,0.9545,0.7202,0.887,0.6206,0.9481,0.9495,0.9545,0.9545,0.9621,0.7872,1.0,0.6491
0.85,0.52,0.9545,0.7202,0.887,0.6206,0.9481,0.9495,0.9545,0.9545,0.9621,0.7872,1.0,0.6491
0.85,0.53,0.9527,0.7144,0.8868,0.6122,0.946,0.9477,0.9527,0.9527,0.9602,0.7742,1.0,0.6316
0.85,0.54,0.9527,0.7144,0.8868,0.6122,0.946,0.9477,0.9527,0.9527,0.9602,0.7742,1.0,0.6316
0.85,0.55,0.9527,0.7144,0.8868,0.6122,0.946,0.9477,0.9527,0.9527,0.9602,0.7742,1.0,0.6316
0.85,0.56,0.9527,0.7144,0.8868,0.6122,0.946,0.9477,0.9527,0.9527,0.9602,0.7742,1.0,0.6316
0.85,0.57,0.9508,0.6921,0.8746,0.5884,0.9433,0.945,0.9508,0.9508,0.9583,0.7609,1.0,0.614
0.85,0.58,0.9508,0.6921,0.8746,0.5884,0.9433,0.945,0.9508,0.9508,0.9583,0.7609,1.0,0.614
0.85,0.59,0.9508,0.6921,0.8746,0.5884,0.9433,0.945,0.9508,0.9508,0.9583,0.7609,1.0,0.614
0.85,0.6,0.9508,0.6921,0.8746,0.5884,0.9433,0.945,0.9508,0.9508,0.9583,0.7609,1.0,0.614
0.85,0.61,0.9489,0.6859,0.8743,0.58,0.941,0.9433,0.9489,0.9489,0.9564,0.7473,1.0,0.5965
0.85,0.62,0.947,0.6706,0.874,0.5596,0.9387,0.9416,0.947,0.947,0.9545,0.7333,1.0,0.5789
0.85,0.63,0.947,0.6706,0.874,0.5596,0.9387,0.9416,0.947,0.947,0.9545,0.7333,1.0,0.5789
0.85,0.64,0.947,0.6706,0.874,0.5596,0.9387,0.9416,0.947,0.947,0.9545,0.7333,1.0,0.5789
0.85,0.65,0.947,0.6706,0.874,0.5596,0.9387,0.9416,0.947,0.947,0.9545,0.7333,1.0,0.5789
0.85,0.66,0.947,0.6706,0.874,0.5596,0.9387,0.9416,0.947,0.947,0.9545,0.7333,1.0,0.5789
0.85,0.67,0.947,0.6706,0.874,0.5596,0.9387,0.9416,0.947,0.947,0.9545,0.7333,1.0,0.5789
0.85,0.68,0.9451,0.6641,0.8738,0.5512,0.9364,0.9399,0.9451,0.9451,0.9527,0.7191,1.0,0.5614
0.85,0.69,0.9432,0.6551,0.8735,0.5402,0.934,0.9382,0.9432,0.9432,0.9508,0.7045,1.0,0.5439
0.85,0.7,0.9432,0.6551,0.8735,0.5402,0.934,0.9382,0.9432,0.9432,0.9508,0.7045,1.0,0.5439
0.85,0.71,0.9432,0.6551,0.8735,0.5402,0.934,0.9382,0.9432,0.9432,0.9508,0.7045,1.0,0.5439
0.85,0.72,0.9432,0.6551,0.8735,0.5402,0.934,0.9382,0.9432,0.9432,0.9508,0.7045,1.0,0.5439
0.85,0.73,0.9432,0.6551,0.8735,0.5402,0.934,0.9382,0.9432,0.9432,0.9508,0.7045,1.0,0.5439
0.85,0.74,0.9432,0.6551,0.8735,0.5402,0.934,0.9382,0.9432,0.9432,0.9508,0.7045,1.0,0.5439
0.85,0.75,0.9432,0.6551,0.8735,0.5402,0.934,0.9382,0.9432,0.9432,0.9508,0.7045,1.0,0.5439
0.85,0.76,0.9432,0.6551,0.8735,0.5402,0.934,0.9382,0.9432,0.9432,0.9508,0.7045,1.0,0.5439
0.85,0.77,0.9432,0.6551,0.8735,0.5402,0.934,0.9382,0.9432,0.9432,0.9508,0.7045,1.0,0.5439
0.85,0.78,0.9432,0.6551,0.8735,0.5402,0.934,0.9382,0.9432,0.9432,0.9508,0.7045,1.0,0.5439
0.85,0.79,0.9432,0.6551,0.8735,0.5402,0.934,0.9382,0.9432,0.9432,0.9508,0.7045,1.0,0.5439
0.85,0.8,0.9432,0.6551,0.8735,0.5402,0.934,0.9382,0.9432,0.9432,0.9508,0.7045,1.0,0.5439
0.85,0.81,0.9432,0.6551,0.8735,0.5402,0.934,0.9382,0.9432,0.9432,0.9508,0.7045,1.0,0.5439
0.85,0.82,0.9432,0.6551,0.8735,0.5402,0.934,0.9382,0.9432,0.9432,0.9508,0.7045,1.0,0.5439
0.85,0.83,0.9432,0.6551,0.8735,0.5402,0.934,0.9382,0.9432,0.9432,0.9508,0.7045,1.0,0.5439
0.85,0.84,0.9432,0.6577,0.8875,0.5402,0.9335,0.9388,0.9432,0.9432,0.9489,0.6897,1.0,0.5263
0.85,0.85,0.9432,0.6608,0.9087,0.5402,0.9331,0.9405,0.9432,0.9432,0.947,0.6744,1.0,0.5088
0.86,0.0,0.9432,0.6608,0.9087,0.5402,0.9331,0.9405,0.9432,0.9432,0.947,0.6744,1.0,0.5088
0.86,0.01,0.9261,0.7076,0.7547,0.6953,0.9296,0.9367,0.9261,0.9261,0.9337,0.6903,0.6964,0.6842
0.86,0.02,0.9337,0.7165,0.7669,0.6965,0.9343,0.9384,0.9337,0.9337,0.9413,0.7156,0.75,0.6842
0.86,0.03,0.9413,0.7278,0.7844,0.6977,0.9392,0.9407,0.9413,0.9413,0.9489,0.7429,0.8125,0.6842
0.86,0.04,0.947,0.7406,0.8028,0.6986,0.9431,0.9424,0.947,0.947,0.9545,0.7647,0.8667,0.6842
0.86,0.05,0.9508,0.7529,0.8274,0.6992,0.9459,0.9444,0.9508,0.9508,0.9583,0.78,0.907,0.6842
0.86,0.06,0.9564,0.7706,0.8774,0.7002,0.951,0.9513,0.9564,0.9564,0.964,0.8041,0.975,0.6842
0.86,0.07,0.9564,0.7706,0.8774,0.7002,0.951,0.9513,0.9564,0.9564,0.964,0.8041,0.975,0.6842
0.86,0.08,0.9564,0.7706,0.8774,0.7002,0.951,0.9513,0.9564,0.9564,0.964,0.8041,0.975,0.6842
0.86,0.09,0.9583,0.7733,0.8876,0.7005,0.9524,0.953,0.9583,0.9583,0.9659,0.8125,1.0,0.6842
0.86,0.1,0.9583,0.7733,0.8876,0.7005,0.9524,0.953,0.9583,0.9583,0.9659,0.8125,1.0,0.6842
0.86,0.11,0.9583,0.7733,0.8876,0.7005,0.9524,0.953,0.9583,0.9583,0.9659,0.8125,1.0,0.6842
0.86,0.12,0.9583,0.7733,0.8876,0.7005,0.9524,0.953,0.9583,0.9583,0.9659,0.8125,1.0,0.6842
0.86,0.13,0.9583,0.7733,0.8876,0.7005,0.9524,0.953,0.9583,0.9583,0.9659,0.8125,1.0,0.6842
0.86,0.14,0.9583,0.7733,0.8876,0.7005,0.9524,0.953,0.9583,0.9583,0.9659,0.8125,1.0,0.6842
0.86,0.15,0.9583,0.7733,0.8876,0.7005,0.9524,0.953,0.9583,0.9583,0.9659,0.8125,1.0,0.6842
0.86,0.16,0.9564,0.7679,0.8873,0.6921,0.9503,0.9512,0.9564,0.9564,0.964,0.8,1.0,0.6667
0.86,0.17,0.9564,0.7679,0.8873,0.6921,0.9503,0.9512,0.9564,0.9564,0.964,0.8,1.0,0.6667
0.86,0.18,0.9564,0.7679,0.8873,0.6921,0.9503,0.9512,0.9564,0.9564,0.964,0.8,1.0,0.6667
0.86,0.19,0.9564,0.7679,0.8873,0.6921,0.9503,0.9512,0.9564,0.9564,0.964,0.8,1.0,0.6667
0.86,0.2,0.9564,0.7679,0.8873,0.6921,0.9503,0.9512,0.9564,0.9564,0.964,0.8,1.0,0.6667
0.86,0.21,0.9564,0.7679,0.8873,0.6921,0.9503,0.9512,0.9564,0.9564,0.964,0.8,1.0,0.6667
0.86,0.22,0.9564,0.7679,0.8873,0.6921,0.9503,0.9512,0.9564,0.9564,0.964,0.8,1.0,0.6667
0.86,0.23,0.9564,0.7679,0.8873,0.6921,0.9503,0.9512,0.9564,0.9564,0.964,0.8,1.0,0.6667
0.86,0.24,0.9564,0.7679,0.8873,0.6921,0.9503,0.9512,0.9564,0.9564,0.964,0.8,1.0,0.6667
0.86,0.25,0.9564,0.7679,0.8873,0.6921,0.9503,0.9512,0.9564,0.9564,0.964,0.8,1.0,0.6667
0.86,0.26,0.9564,0.7679,0.8873,0.6921,0.9503,0.9512,0.9564,0.9564,0.964,0.8,1.0,0.6667
0.86,0.27,0.9564,0.7679,0.8873,0.6921,0.9503,0.9512,0.9564,0.9564,0.964,0.8,1.0,0.6667
0.86,0.28,0.9564,0.7679,0.8873,0.6921,0.9503,0.9512,0.9564,0.9564,0.964,0.8,1.0,0.6667
0.86,0.29,0.9564,0.7679,0.8873,0.6921,0.9503,0.9512,0.9564,0.9564,0.964,0.8,1.0,0.6667
0.86,0.3,0.9564,0.7679,0.8873,0.6921,0.9503,0.9512,0.9564,0.9564,0.964,0.8,1.0,0.6667
0.86,0.31,0.9564,0.7679,0.8873,0.6921,0.9503,0.9512,0.9564,0.9564,0.964,0.8,1.0,0.6667
0.86,0.32,0.9564,0.7679,0.8873,0.6921,0.9503,0.9512,0.9564,0.9564,0.964,0.8,1.0,0.6667
0.86,0.33,0.9564,0.7679,0.8873,0.6921,0.9503,0.9512,0.9564,0.9564,0.964,0.8,1.0,0.6667
0.86,0.34,0.9564,0.7679,0.8873,0.6921,0.9503,0.9512,0.9564,0.9564,0.964,0.8,1.0,0.6667
0.86,0.35,0.9564,0.7679,0.8873,0.6921,0.9503,0.9512,0.9564,0.9564,0.964,0.8,1.0,0.6667
0.86,0.36,0.9564,0.7679,0.8873,0.6921,0.9503,0.9512,0.9564,0.9564,0.964,0.8,1.0,0.6667
0.86,0.37,0.9564,0.7679,0.8873,0.6921,0.9503,0.9512,0.9564,0.9564,0.964,0.8,1.0,0.6667
0.86,0.38,0.9564,0.7679,0.8873,0.6921,0.9503,0.9512,0.9564,0.9564,0.964,0.8,1.0,0.6667
0.86,0.39,0.9545,0.7202,0.887,0.6206,0.9481,0.9495,0.9545,0.9545,0.9621,0.7872,1.0,0.6491
0.86,0.4,0.9545,0.7202,0.887,0.6206,0.9481,0.9495,0.9545,0.9545,0.9621,0.7872,1.0,0.6491
0.86,0.41,0.9545,0.7202,0.887,0.6206,0.9481,0.9495,0.9545,0.9545,0.9621,0.7872,1.0,0.6491
0.86,0.42,0.9545,0.7202,0.887,0.6206,0.9481,0.9495,0.9545,0.9545,0.9621,0.7872,1.0,0.6491
0.86,0.43,0.9545,0.7202,0.887,0.6206,0.9481,0.9495,0.9545,0.9545,0.9621,0.7872,1.0,0.6491
0.86,0.44,0.9545,0.7202,0.887,0.6206,0.9481,0.9495,0.9545,0.9545,0.9621,0.7872,1.0,0.6491
0.86,0.45,0.9545,0.7202,0.887,0.6206,0.9481,0.9495,0.9545,0.9545,0.9621,0.7872,1.0,0.6491
0.86,0.46,0.9545,0.7202,0.887,0.6206,0.9481,0.9495,0.9545,0.9545,0.9621,0.7872,1.0,0.6491
0.86,0.47,0.9545,0.7202,0.887,0.6206,0.9481,0.9495,0.9545,0.9545,0.9621,0.7872,1.0,0.6491
0.86,0.48,0.9545,0.7202,0.887,0.6206,0.9481,0.9495,0.9545,0.9545,0.9621,0.7872,1.0,0.6491
0.86,0.49,0.9545,0.7202,0.887,0.6206,0.9481,0.9495,0.9545,0.9545,0.9621,0.7872,1.0,0.6491
0.86,0.5,0.9545,0.7202,0.887,0.6206,0.9481,0.9495,0.9545,0.9545,0.9621,0.7872,1.0,0.6491
0.86,0.51,0.9545,0.7202,0.887,0.6206,0.9481,0.9495,0.9545,0.9545,0.9621,0.7872,1.0,0.6491
0.86,0.52,0.9545,0.7202,0.887,0.6206,0.9481,0.9495,0.9545,0.9545,0.9621,0.7872,1.0,0.6491
0.86,0.53,0.9527,0.7144,0.8868,0.6122,0.946,0.9477,0.9527,0.9527,0.9602,0.7742,1.0,0.6316
0.86,0.54,0.9527,0.7144,0.8868,0.6122,0.946,0.9477,0.9527,0.9527,0.9602,0.7742,1.0,0.6316
0.86,0.55,0.9527,0.7144,0.8868,0.6122,0.946,0.9477,0.9527,0.9527,0.9602,0.7742,1.0,0.6316
0.86,0.56,0.9527,0.7144,0.8868,0.6122,0.946,0.9477,0.9527,0.9527,0.9602,0.7742,1.0,0.6316
0.86,0.57,0.9508,0.6921,0.8746,0.5884,0.9433,0.945,0.9508,0.9508,0.9583,0.7609,1.0,0.614
0.86,0.58,0.9508,0.6921,0.8746,0.5884,0.9433,0.945,0.9508,0.9508,0.9583,0.7609,1.0,0.614
0.86,0.59,0.9508,0.6921,0.8746,0.5884,0.9433,0.945,0.9508,0.9508,0.9583,0.7609,1.0,0.614
0.86,0.6,0.9508,0.6921,0.8746,0.5884,0.9433,0.945,0.9508,0.9508,0.9583,0.7609,1.0,0.614
0.86,0.61,0.9489,0.6859,0.8743,0.58,0.941,0.9433,0.9489,0.9489,0.9564,0.7473,1.0,0.5965
0.86,0.62,0.947,0.6706,0.874,0.5596,0.9387,0.9416,0.947,0.947,0.9545,0.7333,1.0,0.5789
0.86,0.63,0.947,0.6706,0.874,0.5596,0.9387,0.9416,0.947,0.947,0.9545,0.7333,1.0,0.5789
0.86,0.64,0.947,0.6706,0.874,0.5596,0.9387,0.9416,0.947,0.947,0.9545,0.7333,1.0,0.5789
0.86,0.65,0.947,0.6706,0.874,0.5596,0.9387,0.9416,0.947,0.947,0.9545,0.7333,1.0,0.5789
0.86,0.66,0.947,0.6706,0.874,0.5596,0.9387,0.9416,0.947,0.947,0.9545,0.7333,1.0,0.5789
0.86,0.67,0.947,0.6706,0.874,0.5596,0.9387,0.9416,0.947,0.947,0.9545,0.7333,1.0,0.5789
0.86,0.68,0.9451,0.6641,0.8738,0.5512,0.9364,0.9399,0.9451,0.9451,0.9527,0.7191,1.0,0.5614
0.86,0.69,0.9432,0.6551,0.8735,0.5402,0.934,0.9382,0.9432,0.9432,0.9508,0.7045,1.0,0.5439
0.86,0.7,0.9432,0.6551,0.8735,0.5402,0.934,0.9382,0.9432,0.9432,0.9508,0.7045,1.0,0.5439
0.86,0.71,0.9432,0.6551,0.8735,0.5402,0.934,0.9382,0.9432,0.9432,0.9508,0.7045,1.0,0.5439
0.86,0.72,0.9432,0.6551,0.8735,0.5402,0.934,0.9382,0.9432,0.9432,0.9508,0.7045,1.0,0.5439
0.86,0.73,0.9432,0.6551,0.8735,0.5402,0.934,0.9382,0.9432,0.9432,0.9508,0.7045,1.0,0.5439
0.86,0.74,0.9432,0.6551,0.8735,0.5402,0.934,0.9382,0.9432,0.9432,0.9508,0.7045,1.0,0.5439
0.86,0.75,0.9432,0.6551,0.8735,0.5402,0.934,0.9382,0.9432,0.9432,0.9508,0.7045,1.0,0.5439
0.86,0.76,0.9432,0.6551,0.8735,0.5402,0.934,0.9382,0.9432,0.9432,0.9508,0.7045,1.0,0.5439
0.86,0.77,0.9432,0.6551,0.8735,0.5402,0.934,0.9382,0.9432,0.9432,0.9508,0.7045,1.0,0.5439
0.86,0.78,0.9432,0.6551,0.8735,0.5402,0.934,0.9382,0.9432,0.9432,0.9508,0.7045,1.0,0.5439
0.86,0.79,0.9432,0.6551,0.8735,0.5402,0.934,0.9382,0.9432,0.9432,0.9508,0.7045,1.0,0.5439
0.86,0.8,0.9432,0.6551,0.8735,0.5402,0.934,0.9382,0.9432,0.9432,0.9508,0.7045,1.0,0.5439
0.86,0.81,0.9432,0.6551,0.8735,0.5402,0.934,0.9382,0.9432,0.9432,0.9508,0.7045,1.0,0.5439
0.86,0.82,0.9432,0.6551,0.8735,0.5402,0.934,0.9382,0.9432,0.9432,0.9508,0.7045,1.0,0.5439
0.86,0.83,0.9432,0.6551,0.8735,0.5402,0.934,0.9382,0.9432,0.9432,0.9508,0.7045,1.0,0.5439
0.86,0.84,0.9432,0.6577,0.8875,0.5402,0.9335,0.9388,0.9432,0.9432,0.9489,0.6897,1.0,0.5263
0.86,0.85,0.9432,0.6608,0.9087,0.5402,0.9331,0.9405,0.9432,0.9432,0.947,0.6744,1.0,0.5088
0.86,0.86,0.9432,0.6608,0.9087,0.5402,0.9331,0.9405,0.9432,0.9432,0.947,0.6744,1.0,0.5088
0.87,0.0,0.9432,0.6608,0.9087,0.5402,0.9331,0.9405,0.9432,0.9432,0.947,0.6744,1.0,0.5088
0.87,0.01,0.9261,0.7076,0.7547,0.6953,0.9296,0.9367,0.9261,0.9261,0.9337,0.6903,0.6964,0.6842
0.87,0.02,0.9337,0.7165,0.7669,0.6965,0.9343,0.9384,0.9337,0.9337,0.9413,0.7156,0.75,0.6842
0.87,0.03,0.9413,0.7278,0.7844,0.6977,0.9392,0.9407,0.9413,0.9413,0.9489,0.7429,0.8125,0.6842
0.87,0.04,0.947,0.7406,0.8028,0.6986,0.9431,0.9424,0.947,0.947,0.9545,0.7647,0.8667,0.6842
0.87,0.05,0.9508,0.7529,0.8274,0.6992,0.9459,0.9444,0.9508,0.9508,0.9583,0.78,0.907,0.6842
0.87,0.06,0.9564,0.7706,0.8774,0.7002,0.951,0.9513,0.9564,0.9564,0.964,0.8041,0.975,0.6842
0.87,0.07,0.9564,0.7706,0.8774,0.7002,0.951,0.9513,0.9564,0.9564,0.964,0.8041,0.975,0.6842
0.87,0.08,0.9564,0.7706,0.8774,0.7002,0.951,0.9513,0.9564,0.9564,0.964,0.8041,0.975,0.6842
0.87,0.09,0.9583,0.7733,0.8876,0.7005,0.9524,0.953,0.9583,0.9583,0.9659,0.8125,1.0,0.6842
0.87,0.1,0.9583,0.7733,0.8876,0.7005,0.9524,0.953,0.9583,0.9583,0.9659,0.8125,1.0,0.6842
0.87,0.11,0.9583,0.7733,0.8876,0.7005,0.9524,0.953,0.9583,0.9583,0.9659,0.8125,1.0,0.6842
0.87,0.12,0.9583,0.7733,0.8876,0.7005,0.9524,0.953,0.9583,0.9583,0.9659,0.8125,1.0,0.6842
0.87,0.13,0.9583,0.7733,0.8876,0.7005,0.9524,0.953,0.9583,0.9583,0.9659,0.8125,1.0,0.6842
0.87,0.14,0.9583,0.7733,0.8876,0.7005,0.9524,0.953,0.9583,0.9583,0.9659,0.8125,1.0,0.6842
0.87,0.15,0.9583,0.7733,0.8876,0.7005,0.9524,0.953,0.9583,0.9583,0.9659,0.8125,1.0,0.6842
0.87,0.16,0.9564,0.7679,0.8873,0.6921,0.9503,0.9512,0.9564,0.9564,0.964,0.8,1.0,0.6667
0.87,0.17,0.9564,0.7679,0.8873,0.6921,0.9503,0.9512,0.9564,0.9564,0.964,0.8,1.0,0.6667
0.87,0.18,0.9564,0.7679,0.8873,0.6921,0.9503,0.9512,0.9564,0.9564,0.964,0.8,1.0,0.6667
0.87,0.19,0.9564,0.7679,0.8873,0.6921,0.9503,0.9512,0.9564,0.9564,0.964,0.8,1.0,0.6667
0.87,0.2,0.9564,0.7679,0.8873,0.6921,0.9503,0.9512,0.9564,0.9564,0.964,0.8,1.0,0.6667
0.87,0.21,0.9564,0.7679,0.8873,0.6921,0.9503,0.9512,0.9564,0.9564,0.964,0.8,1.0,0.6667
0.87,0.22,0.9564,0.7679,0.8873,0.6921,0.9503,0.9512,0.9564,0.9564,0.964,0.8,1.0,0.6667
0.87,0.23,0.9564,0.7679,0.8873,0.6921,0.9503,0.9512,0.9564,0.9564,0.964,0.8,1.0,0.6667
0.87,0.24,0.9564,0.7679,0.8873,0.6921,0.9503,0.9512,0.9564,0.9564,0.964,0.8,1.0,0.6667
0.87,0.25,0.9564,0.7679,0.8873,0.6921,0.9503,0.9512,0.9564,0.9564,0.964,0.8,1.0,0.6667
0.87,0.26,0.9564,0.7679,0.8873,0.6921,0.9503,0.9512,0.9564,0.9564,0.964,0.8,1.0,0.6667
0.87,0.27,0.9564,0.7679,0.8873,0.6921,0.9503,0.9512,0.9564,0.9564,0.964,0.8,1.0,0.6667
0.87,0.28,0.9564,0.7679,0.8873,0.6921,0.9503,0.9512,0.9564,0.9564,0.964,0.8,1.0,0.6667
0.87,0.29,0.9564,0.7679,0.8873,0.6921,0.9503,0.9512,0.9564,0.9564,0.964,0.8,1.0,0.6667
0.87,0.3,0.9564,0.7679,0.8873,0.6921,0.9503,0.9512,0.9564,0.9564,0.964,0.8,1.0,0.6667
0.87,0.31,0.9564,0.7679,0.8873,0.6921,0.9503,0.9512,0.9564,0.9564,0.964,0.8,1.0,0.6667
0.87,0.32,0.9564,0.7679,0.8873,0.6921,0.9503,0.9512,0.9564,0.9564,0.964,0.8,1.0,0.6667
0.87,0.33,0.9564,0.7679,0.8873,0.6921,0.9503,0.9512,0.9564,0.9564,0.964,0.8,1.0,0.6667
0.87,0.34,0.9564,0.7679,0.8873,0.6921,0.9503,0.9512,0.9564,0.9564,0.964,0.8,1.0,0.6667
0.87,0.35,0.9564,0.7679,0.8873,0.6921,0.9503,0.9512,0.9564,0.9564,0.964,0.8,1.0,0.6667
0.87,0.36,0.9564,0.7679,0.8873,0.6921,0.9503,0.9512,0.9564,0.9564,0.964,0.8,1.0,0.6667
0.87,0.37,0.9564,0.7679,0.8873,0.6921,0.9503,0.9512,0.9564,0.9564,0.964,0.8,1.0,0.6667
0.87,0.38,0.9564,0.7679,0.8873,0.6921,0.9503,0.9512,0.9564,0.9564,0.964,0.8,1.0,0.6667
0.87,0.39,0.9545,0.7202,0.887,0.6206,0.9481,0.9495,0.9545,0.9545,0.9621,0.7872,1.0,0.6491
0.87,0.4,0.9545,0.7202,0.887,0.6206,0.9481,0.9495,0.9545,0.9545,0.9621,0.7872,1.0,0.6491
0.87,0.41,0.9545,0.7202,0.887,0.6206,0.9481,0.9495,0.9545,0.9545,0.9621,0.7872,1.0,0.6491
0.87,0.42,0.9545,0.7202,0.887,0.6206,0.9481,0.9495,0.9545,0.9545,0.9621,0.7872,1.0,0.6491
0.87,0.43,0.9545,0.7202,0.887,0.6206,0.9481,0.9495,0.9545,0.9545,0.9621,0.7872,1.0,0.6491
0.87,0.44,0.9545,0.7202,0.887,0.6206,0.9481,0.9495,0.9545,0.9545,0.9621,0.7872,1.0,0.6491
0.87,0.45,0.9545,0.7202,0.887,0.6206,0.9481,0.9495,0.9545,0.9545,0.9621,0.7872,1.0,0.6491
0.87,0.46,0.9545,0.7202,0.887,0.6206,0.9481,0.9495,0.9545,0.9545,0.9621,0.7872,1.0,0.6491
0.87,0.47,0.9545,0.7202,0.887,0.6206,0.9481,0.9495,0.9545,0.9545,0.9621,0.7872,1.0,0.6491
0.87,0.48,0.9545,0.7202,0.887,0.6206,0.9481,0.9495,0.9545,0.9545,0.9621,0.7872,1.0,0.6491
0.87,0.49,0.9545,0.7202,0.887,0.6206,0.9481,0.9495,0.9545,0.9545,0.9621,0.7872,1.0,0.6491
0.87,0.5,0.9545,0.7202,0.887,0.6206,0.9481,0.9495,0.9545,0.9545,0.9621,0.7872,1.0,0.6491
0.87,0.51,0.9545,0.7202,0.887,0.6206,0.9481,0.9495,0.9545,0.9545,0.9621,0.7872,1.0,0.6491
0.87,0.52,0.9545,0.7202,0.887,0.6206,0.9481,0.9495,0.9545,0.9545,0.9621,0.7872,1.0,0.6491
0.87,0.53,0.9527,0.7144,0.8868,0.6122,0.946,0.9477,0.9527,0.9527,0.9602,0.7742,1.0,0.6316
0.87,0.54,0.9527,0.7144,0.8868,0.6122,0.946,0.9477,0.9527,0.9527,0.9602,0.7742,1.0,0.6316
0.87,0.55,0.9527,0.7144,0.8868,0.6122,0.946,0.9477,0.9527,0.9527,0.9602,0.7742,1.0,0.6316
0.87,0.56,0.9527,0.7144,0.8868,0.6122,0.946,0.9477,0.9527,0.9527,0.9602,0.7742,1.0,0.6316
0.87,0.57,0.9508,0.6921,0.8746,0.5884,0.9433,0.945,0.9508,0.9508,0.9583,0.7609,1.0,0.614
0.87,0.58,0.9508,0.6921,0.8746,0.5884,0.9433,0.945,0.9508,0.9508,0.9583,0.7609,1.0,0.614
0.87,0.59,0.9508,0.6921,0.8746,0.5884,0.9433,0.945,0.9508,0.9508,0.9583,0.7609,1.0,0.614
0.87,0.6,0.9508,0.6921,0.8746,0.5884,0.9433,0.945,0.9508,0.9508,0.9583,0.7609,1.0,0.614
0.87,0.61,0.9489,0.6859,0.8743,0.58,0.941,0.9433,0.9489,0.9489,0.9564,0.7473,1.0,0.5965
0.87,0.62,0.947,0.6706,0.874,0.5596,0.9387,0.9416,0.947,0.947,0.9545,0.7333,1.0,0.5789
0.87,0.63,0.947,0.6706,0.874,0.5596,0.9387,0.9416,0.947,0.947,0.9545,0.7333,1.0,0.5789
0.87,0.64,0.947,0.6706,0.874,0.5596,0.9387,0.9416,0.947,0.947,0.9545,0.7333,1.0,0.5789
0.87,0.65,0.947,0.6706,0.874,0.5596,0.9387,0.9416,0.947,0.947,0.9545,0.7333,1.0,0.5789
0.87,0.66,0.947,0.6706,0.874,0.5596,0.9387,0.9416,0.947,0.947,0.9545,0.7333,1.0,0.5789
0.87,0.67,0.947,0.6706,0.874,0.5596,0.9387,0.9416,0.947,0.947,0.9545,0.7333,1.0,0.5789
0.87,0.68,0.9451,0.6641,0.8738,0.5512,0.9364,0.9399,0.9451,0.9451,0.9527,0.7191,1.0,0.5614
0.87,0.69,0.9432,0.6551,0.8735,0.5402,0.934,0.9382,0.9432,0.9432,0.9508,0.7045,1.0,0.5439
0.87,0.7,0.9432,0.6551,0.8735,0.5402,0.934,0.9382,0.9432,0.9432,0.9508,0.7045,1.0,0.5439
0.87,0.71,0.9432,0.6551,0.8735,0.5402,0.934,0.9382,0.9432,0.9432,0.9508,0.7045,1.0,0.5439
0.87,0.72,0.9432,0.6551,0.8735,0.5402,0.934,0.9382,0.9432,0.9432,0.9508,0.7045,1.0,0.5439
0.87,0.73,0.9432,0.6551,0.8735,0.5402,0.934,0.9382,0.9432,0.9432,0.9508,0.7045,1.0,0.5439
0.87,0.74,0.9432,0.6551,0.8735,0.5402,0.934,0.9382,0.9432,0.9432,0.9508,0.7045,1.0,0.5439
0.87,0.75,0.9432,0.6551,0.8735,0.5402,0.934,0.9382,0.9432,0.9432,0.9508,0.7045,1.0,0.5439
0.87,0.76,0.9432,0.6551,0.8735,0.5402,0.934,0.9382,0.9432,0.9432,0.9508,0.7045,1.0,0.5439
0.87,0.77,0.9432,0.6551,0.8735,0.5402,0.934,0.9382,0.9432,0.9432,0.9508,0.7045,1.0,0.5439
0.87,0.78,0.9432,0.6551,0.8735,0.5402,0.934,0.9382,0.9432,0.9432,0.9508,0.7045,1.0,0.5439
0.87,0.79,0.9432,0.6551,0.8735,0.5402,0.934,0.9382,0.9432,0.9432,0.9508,0.7045,1.0,0.5439
0.87,0.8,0.9432,0.6551,0.8735,0.5402,0.934,0.9382,0.9432,0.9432,0.9508,0.7045,1.0,0.5439
0.87,0.81,0.9432,0.6551,0.8735,0.5402,0.934,0.9382,0.9432,0.9432,0.9508,0.7045,1.0,0.5439
0.87,0.82,0.9432,0.6551,0.8735,0.5402,0.934,0.9382,0.9432,0.9432,0.9508,0.7045,1.0,0.5439
0.87,0.83,0.9432,0.6551,0.8735,0.5402,0.934,0.9382,0.9432,0.9432,0.9508,0.7045,1.0,0.5439
0.87,0.84,0.9432,0.6577,0.8875,0.5402,0.9335,0.9388,0.9432,0.9432,0.9489,0.6897,1.0,0.5263
0.87,0.85,0.9432,0.6608,0.9087,0.5402,0.9331,0.9405,0.9432,0.9432,0.947,0.6744,1.0,0.5088
0.87,0.86,0.9432,0.6608,0.9087,0.5402,0.9331,0.9405,0.9432,0.9432,0.947,0.6744,1.0,0.5088
0.87,0.87,0.9432,0.6608,0.9087,0.5402,0.9331,0.9405,0.9432,0.9432,0.947,0.6744,1.0,0.5088
0.88,0.0,0.9432,0.6608,0.9087,0.5402,0.9331,0.9405,0.9432,0.9432,0.947,0.6744,1.0,0.5088
0.88,0.01,0.9261,0.7076,0.7547,0.6953,0.9296,0.9367,0.9261,0.9261,0.9337,0.6903,0.6964,0.6842
0.88,0.02,0.9337,0.7165,0.7669,0.6965,0.9343,0.9384,0.9337,0.9337,0.9413,0.7156,0.75,0.6842
0.88,0.03,0.9413,0.7278,0.7844,0.6977,0.9392,0.9407,0.9413,0.9413,0.9489,0.7429,0.8125,0.6842
0.88,0.04,0.947,0.7406,0.8028,0.6986,0.9431,0.9424,0.947,0.947,0.9545,0.7647,0.8667,0.6842
0.88,0.05,0.9508,0.7529,0.8274,0.6992,0.9459,0.9444,0.9508,0.9508,0.9583,0.78,0.907,0.6842
0.88,0.06,0.9564,0.7706,0.8774,0.7002,0.951,0.9513,0.9564,0.9564,0.964,0.8041,0.975,0.6842
0.88,0.07,0.9564,0.7706,0.8774,0.7002,0.951,0.9513,0.9564,0.9564,0.964,0.8041,0.975,0.6842
0.88,0.08,0.9564,0.7706,0.8774,0.7002,0.951,0.9513,0.9564,0.9564,0.964,0.8041,0.975,0.6842
0.88,0.09,0.9583,0.7733,0.8876,0.7005,0.9524,0.953,0.9583,0.9583,0.9659,0.8125,1.0,0.6842
0.88,0.1,0.9583,0.7733,0.8876,0.7005,0.9524,0.953,0.9583,0.9583,0.9659,0.8125,1.0,0.6842
0.88,0.11,0.9583,0.7733,0.8876,0.7005,0.9524,0.953,0.9583,0.9583,0.9659,0.8125,1.0,0.6842
0.88,0.12,0.9583,0.7733,0.8876,0.7005,0.9524,0.953,0.9583,0.9583,0.9659,0.8125,1.0,0.6842
0.88,0.13,0.9583,0.7733,0.8876,0.7005,0.9524,0.953,0.9583,0.9583,0.9659,0.8125,1.0,0.6842
0.88,0.14,0.9583,0.7733,0.8876,0.7005,0.9524,0.953,0.9583,0.9583,0.9659,0.8125,1.0,0.6842
0.88,0.15,0.9583,0.7733,0.8876,0.7005,0.9524,0.953,0.9583,0.9583,0.9659,0.8125,1.0,0.6842
0.88,0.16,0.9564,0.7679,0.8873,0.6921,0.9503,0.9512,0.9564,0.9564,0.964,0.8,1.0,0.6667
0.88,0.17,0.9564,0.7679,0.8873,0.6921,0.9503,0.9512,0.9564,0.9564,0.964,0.8,1.0,0.6667
0.88,0.18,0.9564,0.7679,0.8873,0.6921,0.9503,0.9512,0.9564,0.9564,0.964,0.8,1.0,0.6667
0.88,0.19,0.9564,0.7679,0.8873,0.6921,0.9503,0.9512,0.9564,0.9564,0.964,0.8,1.0,0.6667
0.88,0.2,0.9564,0.7679,0.8873,0.6921,0.9503,0.9512,0.9564,0.9564,0.964,0.8,1.0,0.6667
0.88,0.21,0.9564,0.7679,0.8873,0.6921,0.9503,0.9512,0.9564,0.9564,0.964,0.8,1.0,0.6667
0.88,0.22,0.9564,0.7679,0.8873,0.6921,0.9503,0.9512,0.9564,0.9564,0.964,0.8,1.0,0.6667
0.88,0.23,0.9564,0.7679,0.8873,0.6921,0.9503,0.9512,0.9564,0.9564,0.964,0.8,1.0,0.6667
0.88,0.24,0.9564,0.7679,0.8873,0.6921,0.9503,0.9512,0.9564,0.9564,0.964,0.8,1.0,0.6667
0.88,0.25,0.9564,0.7679,0.8873,0.6921,0.9503,0.9512,0.9564,0.9564,0.964,0.8,1.0,0.6667
0.88,0.26,0.9564,0.7679,0.8873,0.6921,0.9503,0.9512,0.9564,0.9564,0.964,0.8,1.0,0.6667
0.88,0.27,0.9564,0.7679,0.8873,0.6921,0.9503,0.9512,0.9564,0.9564,0.964,0.8,1.0,0.6667
0.88,0.28,0.9564,0.7679,0.8873,0.6921,0.9503,0.9512,0.9564,0.9564,0.964,0.8,1.0,0.6667
0.88,0.29,0.9564,0.7679,0.8873,0.6921,0.9503,0.9512,0.9564,0.9564,0.964,0.8,1.0,0.6667
0.88,0.3,0.9564,0.7679,0.8873,0.6921,0.9503,0.9512,0.9564,0.9564,0.964,0.8,1.0,0.6667
0.88,0.31,0.9564,0.7679,0.8873,0.6921,0.9503,0.9512,0.9564,0.9564,0.964,0.8,1.0,0.6667
0.88,0.32,0.9564,0.7679,0.8873,0.6921,0.9503,0.9512,0.9564,0.9564,0.964,0.8,1.0,0.6667
0.88,0.33,0.9564,0.7679,0.8873,0.6921,0.9503,0.9512,0.9564,0.9564,0.964,0.8,1.0,0.6667
0.88,0.34,0.9564,0.7679,0.8873,0.6921,0.9503,0.9512,0.9564,0.9564,0.964,0.8,1.0,0.6667
0.88,0.35,0.9564,0.7679,0.8873,0.6921,0.9503,0.9512,0.9564,0.9564,0.964,0.8,1.0,0.6667
0.88,0.36,0.9564,0.7679,0.8873,0.6921,0.9503,0.9512,0.9564,0.9564,0.964,0.8,1.0,0.6667
0.88,0.37,0.9564,0.7679,0.8873,0.6921,0.9503,0.9512,0.9564,0.9564,0.964,0.8,1.0,0.6667
0.88,0.38,0.9564,0.7679,0.8873,0.6921,0.9503,0.9512,0.9564,0.9564,0.964,0.8,1.0,0.6667
0.88,0.39,0.9545,0.7202,0.887,0.6206,0.9481,0.9495,0.9545,0.9545,0.9621,0.7872,1.0,0.6491
0.88,0.4,0.9545,0.7202,0.887,0.6206,0.9481,0.9495,0.9545,0.9545,0.9621,0.7872,1.0,0.6491
0.88,0.41,0.9545,0.7202,0.887,0.6206,0.9481,0.9495,0.9545,0.9545,0.9621,0.7872,1.0,0.6491
0.88,0.42,0.9545,0.7202,0.887,0.6206,0.9481,0.9495,0.9545,0.9545,0.9621,0.7872,1.0,0.6491
0.88,0.43,0.9545,0.7202,0.887,0.6206,0.9481,0.9495,0.9545,0.9545,0.9621,0.7872,1.0,0.6491
0.88,0.44,0.9545,0.7202,0.887,0.6206,0.9481,0.9495,0.9545,0.9545,0.9621,0.7872,1.0,0.6491
0.88,0.45,0.9545,0.7202,0.887,0.6206,0.9481,0.9495,0.9545,0.9545,0.9621,0.7872,1.0,0.6491
0.88,0.46,0.9545,0.7202,0.887,0.6206,0.9481,0.9495,0.9545,0.9545,0.9621,0.7872,1.0,0.6491
0.88,0.47,0.9545,0.7202,0.887,0.6206,0.9481,0.9495,0.9545,0.9545,0.9621,0.7872,1.0,0.6491
0.88,0.48,0.9545,0.7202,0.887,0.6206,0.9481,0.9495,0.9545,0.9545,0.9621,0.7872,1.0,0.6491
0.88,0.49,0.9545,0.7202,0.887,0.6206,0.9481,0.9495,0.9545,0.9545,0.9621,0.7872,1.0,0.6491
0.88,0.5,0.9545,0.7202,0.887,0.6206,0.9481,0.9495,0.9545,0.9545,0.9621,0.7872,1.0,0.6491
0.88,0.51,0.9545,0.7202,0.887,0.6206,0.9481,0.9495,0.9545,0.9545,0.9621,0.7872,1.0,0.6491
0.88,0.52,0.9545,0.7202,0.887,0.6206,0.9481,0.9495,0.9545,0.9545,0.9621,0.7872,1.0,0.6491
0.88,0.53,0.9527,0.7144,0.8868,0.6122,0.946,0.9477,0.9527,0.9527,0.9602,0.7742,1.0,0.6316
0.88,0.54,0.9527,0.7144,0.8868,0.6122,0.946,0.9477,0.9527,0.9527,0.9602,0.7742,1.0,0.6316
0.88,0.55,0.9527,0.7144,0.8868,0.6122,0.946,0.9477,0.9527,0.9527,0.9602,0.7742,1.0,0.6316
0.88,0.56,0.9527,0.7144,0.8868,0.6122,0.946,0.9477,0.9527,0.9527,0.9602,0.7742,1.0,0.6316
0.88,0.57,0.9508,0.6921,0.8746,0.5884,0.9433,0.945,0.9508,0.9508,0.9583,0.7609,1.0,0.614
0.88,0.58,0.9508,0.6921,0.8746,0.5884,0.9433,0.945,0.9508,0.9508,0.9583,0.7609,1.0,0.614
0.88,0.59,0.9508,0.6921,0.8746,0.5884,0.9433,0.945,0.9508,0.9508,0.9583,0.7609,1.0,0.614
0.88,0.6,0.9508,0.6921,0.8746,0.5884,0.9433,0.945,0.9508,0.9508,0.9583,0.7609,1.0,0.614
0.88,0.61,0.9489,0.6859,0.8743,0.58,0.941,0.9433,0.9489,0.9489,0.9564,0.7473,1.0,0.5965
0.88,0.62,0.947,0.6706,0.874,0.5596,0.9387,0.9416,0.947,0.947,0.9545,0.7333,1.0,0.5789
0.88,0.63,0.947,0.6706,0.874,0.5596,0.9387,0.9416,0.947,0.947,0.9545,0.7333,1.0,0.5789
0.88,0.64,0.947,0.6706,0.874,0.5596,0.9387,0.9416,0.947,0.947,0.9545,0.7333,1.0,0.5789
0.88,0.65,0.947,0.6706,0.874,0.5596,0.9387,0.9416,0.947,0.947,0.9545,0.7333,1.0,0.5789
0.88,0.66,0.947,0.6706,0.874,0.5596,0.9387,0.9416,0.947,0.947,0.9545,0.7333,1.0,0.5789
0.88,0.67,0.947,0.6706,0.874,0.5596,0.9387,0.9416,0.947,0.947,0.9545,0.7333,1.0,0.5789
0.88,0.68,0.9451,0.6641,0.8738,0.5512,0.9364,0.9399,0.9451,0.9451,0.9527,0.7191,1.0,0.5614
0.88,0.69,0.9432,0.6551,0.8735,0.5402,0.934,0.9382,0.9432,0.9432,0.9508,0.7045,1.0,0.5439
0.88,0.7,0.9432,0.6551,0.8735,0.5402,0.934,0.9382,0.9432,0.9432,0.9508,0.7045,1.0,0.5439
0.88,0.71,0.9432,0.6551,0.8735,0.5402,0.934,0.9382,0.9432,0.9432,0.9508,0.7045,1.0,0.5439
0.88,0.72,0.9432,0.6551,0.8735,0.5402,0.934,0.9382,0.9432,0.9432,0.9508,0.7045,1.0,0.5439
0.88,0.73,0.9432,0.6551,0.8735,0.5402,0.934,0.9382,0.9432,0.9432,0.9508,0.7045,1.0,0.5439
0.88,0.74,0.9432,0.6551,0.8735,0.5402,0.934,0.9382,0.9432,0.9432,0.9508,0.7045,1.0,0.5439
0.88,0.75,0.9432,0.6551,0.8735,0.5402,0.934,0.9382,0.9432,0.9432,0.9508,0.7045,1.0,0.5439
0.88,0.76,0.9432,0.6551,0.8735,0.5402,0.934,0.9382,0.9432,0.9432,0.9508,0.7045,1.0,0.5439
0.88,0.77,0.9432,0.6551,0.8735,0.5402,0.934,0.9382,0.9432,0.9432,0.9508,0.7045,1.0,0.5439
0.88,0.78,0.9432,0.6551,0.8735,0.5402,0.934,0.9382,0.9432,0.9432,0.9508,0.7045,1.0,0.5439
0.88,0.79,0.9432,0.6551,0.8735,0.5402,0.934,0.9382,0.9432,0.9432,0.9508,0.7045,1.0,0.5439
0.88,0.8,0.9432,0.6551,0.8735,0.5402,0.934,0.9382,0.9432,0.9432,0.9508,0.7045,1.0,0.5439
0.88,0.81,0.9432,0.6551,0.8735,0.5402,0.934,0.9382,0.9432,0.9432,0.9508,0.7045,1.0,0.5439
0.88,0.82,0.9432,0.6551,0.8735,0.5402,0.934,0.9382,0.9432,0.9432,0.9508,0.7045,1.0,0.5439
0.88,0.83,0.9432,0.6551,0.8735,0.5402,0.934,0.9382,0.9432,0.9432,0.9508,0.7045,1.0,0.5439
0.88,0.84,0.9432,0.6577,0.8875,0.5402,0.9335,0.9388,0.9432,0.9432,0.9489,0.6897,1.0,0.5263
0.88,0.85,0.9432,0.6608,0.9087,0.5402,0.9331,0.9405,0.9432,0.9432,0.947,0.6744,1.0,0.5088
0.88,0.86,0.9432,0.6608,0.9087,0.5402,0.9331,0.9405,0.9432,0.9432,0.947,0.6744,1.0,0.5088
0.88,0.87,0.9432,0.6608,0.9087,0.5402,0.9331,0.9405,0.9432,0.9432,0.947,0.6744,1.0,0.5088
0.88,0.88,0.9432,0.6608,0.9087,0.5402,0.9331,0.9405,0.9432,0.9432,0.947,0.6744,1.0,0.5088
0.89,0.0,0.9432,0.6608,0.9087,0.5402,0.9331,0.9405,0.9432,0.9432,0.947,0.6744,1.0,0.5088
0.89,0.01,0.9261,0.7076,0.7547,0.6953,0.9296,0.9367,0.9261,0.9261,0.9337,0.6903,0.6964,0.6842
0.89,0.02,0.9337,0.7165,0.7669,0.6965,0.9343,0.9384,0.9337,0.9337,0.9413,0.7156,0.75,0.6842
0.89,0.03,0.9413,0.7278,0.7844,0.6977,0.9392,0.9407,0.9413,0.9413,0.9489,0.7429,0.8125,0.6842
0.89,0.04,0.947,0.7406,0.8028,0.6986,0.9431,0.9424,0.947,0.947,0.9545,0.7647,0.8667,0.6842
0.89,0.05,0.9508,0.7529,0.8274,0.6992,0.9459,0.9444,0.9508,0.9508,0.9583,0.78,0.907,0.6842
0.89,0.06,0.9564,0.7706,0.8774,0.7002,0.951,0.9513,0.9564,0.9564,0.964,0.8041,0.975,0.6842
0.89,0.07,0.9564,0.7706,0.8774,0.7002,0.951,0.9513,0.9564,0.9564,0.964,0.8041,0.975,0.6842
0.89,0.08,0.9564,0.7706,0.8774,0.7002,0.951,0.9513,0.9564,0.9564,0.964,0.8041,0.975,0.6842
0.89,0.09,0.9583,0.7733,0.8876,0.7005,0.9524,0.953,0.9583,0.9583,0.9659,0.8125,1.0,0.6842
0.89,0.1,0.9583,0.7733,0.8876,0.7005,0.9524,0.953,0.9583,0.9583,0.9659,0.8125,1.0,0.6842
0.89,0.11,0.9583,0.7733,0.8876,0.7005,0.9524,0.953,0.9583,0.9583,0.9659,0.8125,1.0,0.6842
0.89,0.12,0.9583,0.7733,0.8876,0.7005,0.9524,0.953,0.9583,0.9583,0.9659,0.8125,1.0,0.6842
0.89,0.13,0.9583,0.7733,0.8876,0.7005,0.9524,0.953,0.9583,0.9583,0.9659,0.8125,1.0,0.6842
0.89,0.14,0.9583,0.7733,0.8876,0.7005,0.9524,0.953,0.9583,0.9583,0.9659,0.8125,1.0,0.6842
0.89,0.15,0.9583,0.7733,0.8876,0.7005,0.9524,0.953,0.9583,0.9583,0.9659,0.8125,1.0,0.6842
0.89,0.16,0.9564,0.7679,0.8873,0.6921,0.9503,0.9512,0.9564,0.9564,0.964,0.8,1.0,0.6667
0.89,0.17,0.9564,0.7679,0.8873,0.6921,0.9503,0.9512,0.9564,0.9564,0.964,0.8,1.0,0.6667
0.89,0.18,0.9564,0.7679,0.8873,0.6921,0.9503,0.9512,0.9564,0.9564,0.964,0.8,1.0,0.6667
0.89,0.19,0.9564,0.7679,0.8873,0.6921,0.9503,0.9512,0.9564,0.9564,0.964,0.8,1.0,0.6667
0.89,0.2,0.9564,0.7679,0.8873,0.6921,0.9503,0.9512,0.9564,0.9564,0.964,0.8,1.0,0.6667
0.89,0.21,0.9564,0.7679,0.8873,0.6921,0.9503,0.9512,0.9564,0.9564,0.964,0.8,1.0,0.6667
0.89,0.22,0.9564,0.7679,0.8873,0.6921,0.9503,0.9512,0.9564,0.9564,0.964,0.8,1.0,0.6667
0.89,0.23,0.9564,0.7679,0.8873,0.6921,0.9503,0.9512,0.9564,0.9564,0.964,0.8,1.0,0.6667
0.89,0.24,0.9564,0.7679,0.8873,0.6921,0.9503,0.9512,0.9564,0.9564,0.964,0.8,1.0,0.6667
0.89,0.25,0.9564,0.7679,0.8873,0.6921,0.9503,0.9512,0.9564,0.9564,0.964,0.8,1.0,0.6667
0.89,0.26,0.9564,0.7679,0.8873,0.6921,0.9503,0.9512,0.9564,0.9564,0.964,0.8,1.0,0.6667
0.89,0.27,0.9564,0.7679,0.8873,0.6921,0.9503,0.9512,0.9564,0.9564,0.964,0.8,1.0,0.6667
0.89,0.28,0.9564,0.7679,0.8873,0.6921,0.9503,0.9512,0.9564,0.9564,0.964,0.8,1.0,0.6667
0.89,0.29,0.9564,0.7679,0.8873,0.6921,0.9503,0.9512,0.9564,0.9564,0.964,0.8,1.0,0.6667
0.89,0.3,0.9564,0.7679,0.8873,0.6921,0.9503,0.9512,0.9564,0.9564,0.964,0.8,1.0,0.6667
0.89,0.31,0.9564,0.7679,0.8873,0.6921,0.9503,0.9512,0.9564,0.9564,0.964,0.8,1.0,0.6667
0.89,0.32,0.9564,0.7679,0.8873,0.6921,0.9503,0.9512,0.9564,0.9564,0.964,0.8,1.0,0.6667
0.89,0.33,0.9564,0.7679,0.8873,0.6921,0.9503,0.9512,0.9564,0.9564,0.964,0.8,1.0,0.6667
0.89,0.34,0.9564,0.7679,0.8873,0.6921,0.9503,0.9512,0.9564,0.9564,0.964,0.8,1.0,0.6667
0.89,0.35,0.9564,0.7679,0.8873,0.6921,0.9503,0.9512,0.9564,0.9564,0.964,0.8,1.0,0.6667
0.89,0.36,0.9564,0.7679,0.8873,0.6921,0.9503,0.9512,0.9564,0.9564,0.964,0.8,1.0,0.6667
0.89,0.37,0.9564,0.7679,0.8873,0.6921,0.9503,0.9512,0.9564,0.9564,0.964,0.8,1.0,0.6667
0.89,0.38,0.9564,0.7679,0.8873,0.6921,0.9503,0.9512,0.9564,0.9564,0.964,0.8,1.0,0.6667
0.89,0.39,0.9545,0.7202,0.887,0.6206,0.9481,0.9495,0.9545,0.9545,0.9621,0.7872,1.0,0.6491
0.89,0.4,0.9545,0.7202,0.887,0.6206,0.9481,0.9495,0.9545,0.9545,0.9621,0.7872,1.0,0.6491
0.89,0.41,0.9545,0.7202,0.887,0.6206,0.9481,0.9495,0.9545,0.9545,0.9621,0.7872,1.0,0.6491
0.89,0.42,0.9545,0.7202,0.887,0.6206,0.9481,0.9495,0.9545,0.9545,0.9621,0.7872,1.0,0.6491
0.89,0.43,0.9545,0.7202,0.887,0.6206,0.9481,0.9495,0.9545,0.9545,0.9621,0.7872,1.0,0.6491
0.89,0.44,0.9545,0.7202,0.887,0.6206,0.9481,0.9495,0.9545,0.9545,0.9621,0.7872,1.0,0.6491
0.89,0.45,0.9545,0.7202,0.887,0.6206,0.9481,0.9495,0.9545,0.9545,0.9621,0.7872,1.0,0.6491
0.89,0.46,0.9545,0.7202,0.887,0.6206,0.9481,0.9495,0.9545,0.9545,0.9621,0.7872,1.0,0.6491
0.89,0.47,0.9545,0.7202,0.887,0.6206,0.9481,0.9495,0.9545,0.9545,0.9621,0.7872,1.0,0.6491
0.89,0.48,0.9545,0.7202,0.887,0.6206,0.9481,0.9495,0.9545,0.9545,0.9621,0.7872,1.0,0.6491
0.89,0.49,0.9545,0.7202,0.887,0.6206,0.9481,0.9495,0.9545,0.9545,0.9621,0.7872,1.0,0.6491
0.89,0.5,0.9545,0.7202,0.887,0.6206,0.9481,0.9495,0.9545,0.9545,0.9621,0.7872,1.0,0.6491
0.89,0.51,0.9545,0.7202,0.887,0.6206,0.9481,0.9495,0.9545,0.9545,0.9621,0.7872,1.0,0.6491
0.89,0.52,0.9545,0.7202,0.887,0.6206,0.9481,0.9495,0.9545,0.9545,0.9621,0.7872,1.0,0.6491
0.89,0.53,0.9527,0.7144,0.8868,0.6122,0.946,0.9477,0.9527,0.9527,0.9602,0.7742,1.0,0.6316
0.89,0.54,0.9527,0.7144,0.8868,0.6122,0.946,0.9477,0.9527,0.9527,0.9602,0.7742,1.0,0.6316
0.89,0.55,0.9527,0.7144,0.8868,0.6122,0.946,0.9477,0.9527,0.9527,0.9602,0.7742,1.0,0.6316
0.89,0.56,0.9527,0.7144,0.8868,0.6122,0.946,0.9477,0.9527,0.9527,0.9602,0.7742,1.0,0.6316
0.89,0.57,0.9508,0.6921,0.8746,0.5884,0.9433,0.945,0.9508,0.9508,0.9583,0.7609,1.0,0.614
0.89,0.58,0.9508,0.6921,0.8746,0.5884,0.9433,0.945,0.9508,0.9508,0.9583,0.7609,1.0,0.614
0.89,0.59,0.9508,0.6921,0.8746,0.5884,0.9433,0.945,0.9508,0.9508,0.9583,0.7609,1.0,0.614
0.89,0.6,0.9508,0.6921,0.8746,0.5884,0.9433,0.945,0.9508,0.9508,0.9583,0.7609,1.0,0.614
0.89,0.61,0.9489,0.6859,0.8743,0.58,0.941,0.9433,0.9489,0.9489,0.9564,0.7473,1.0,0.5965
0.89,0.62,0.947,0.6706,0.874,0.5596,0.9387,0.9416,0.947,0.947,0.9545,0.7333,1.0,0.5789
0.89,0.63,0.947,0.6706,0.874,0.5596,0.9387,0.9416,0.947,0.947,0.9545,0.7333,1.0,0.5789
0.89,0.64,0.947,0.6706,0.874,0.5596,0.9387,0.9416,0.947,0.947,0.9545,0.7333,1.0,0.5789
0.89,0.65,0.947,0.6706,0.874,0.5596,0.9387,0.9416,0.947,0.947,0.9545,0.7333,1.0,0.5789
0.89,0.66,0.947,0.6706,0.874,0.5596,0.9387,0.9416,0.947,0.947,0.9545,0.7333,1.0,0.5789
0.89,0.67,0.947,0.6706,0.874,0.5596,0.9387,0.9416,0.947,0.947,0.9545,0.7333,1.0,0.5789
0.89,0.68,0.9451,0.6641,0.8738,0.5512,0.9364,0.9399,0.9451,0.9451,0.9527,0.7191,1.0,0.5614
0.89,0.69,0.9432,0.6551,0.8735,0.5402,0.934,0.9382,0.9432,0.9432,0.9508,0.7045,1.0,0.5439
0.89,0.7,0.9432,0.6551,0.8735,0.5402,0.934,0.9382,0.9432,0.9432,0.9508,0.7045,1.0,0.5439
0.89,0.71,0.9432,0.6551,0.8735,0.5402,0.934,0.9382,0.9432,0.9432,0.9508,0.7045,1.0,0.5439
0.89,0.72,0.9432,0.6551,0.8735,0.5402,0.934,0.9382,0.9432,0.9432,0.9508,0.7045,1.0,0.5439
0.89,0.73,0.9432,0.6551,0.8735,0.5402,0.934,0.9382,0.9432,0.9432,0.9508,0.7045,1.0,0.5439
0.89,0.74,0.9432,0.6551,0.8735,0.5402,0.934,0.9382,0.9432,0.9432,0.9508,0.7045,1.0,0.5439
0.89,0.75,0.9432,0.6551,0.8735,0.5402,0.934,0.9382,0.9432,0.9432,0.9508,0.7045,1.0,0.5439
0.89,0.76,0.9432,0.6551,0.8735,0.5402,0.934,0.9382,0.9432,0.9432,0.9508,0.7045,1.0,0.5439
0.89,0.77,0.9432,0.6551,0.8735,0.5402,0.934,0.9382,0.9432,0.9432,0.9508,0.7045,1.0,0.5439
0.89,0.78,0.9432,0.6551,0.8735,0.5402,0.934,0.9382,0.9432,0.9432,0.9508,0.7045,1.0,0.5439
0.89,0.79,0.9432,0.6551,0.8735,0.5402,0.934,0.9382,0.9432,0.9432,0.9508,0.7045,1.0,0.5439
0.89,0.8,0.9432,0.6551,0.8735,0.5402,0.934,0.9382,0.9432,0.9432,0.9508,0.7045,1.0,0.5439
0.89,0.81,0.9432,0.6551,0.8735,0.5402,0.934,0.9382,0.9432,0.9432,0.9508,0.7045,1.0,0.5439
0.89,0.82,0.9432,0.6551,0.8735,0.5402,0.934,0.9382,0.9432,0.9432,0.9508,0.7045,1.0,0.5439
0.89,0.83,0.9432,0.6551,0.8735,0.5402,0.934,0.9382,0.9432,0.9432,0.9508,0.7045,1.0,0.5439
0.89,0.84,0.9432,0.6577,0.8875,0.5402,0.9335,0.9388,0.9432,0.9432,0.9489,0.6897,1.0,0.5263
0.89,0.85,0.9432,0.6608,0.9087,0.5402,0.9331,0.9405,0.9432,0.9432,0.947,0.6744,1.0,0.5088
0.89,0.86,0.9432,0.6608,0.9087,0.5402,0.9331,0.9405,0.9432,0.9432,0.947,0.6744,1.0,0.5088
0.89,0.87,0.9432,0.6608,0.9087,0.5402,0.9331,0.9405,0.9432,0.9432,0.947,0.6744,1.0,0.5088
0.89,0.88,0.9432,0.6608,0.9087,0.5402,0.9331,0.9405,0.9432,0.9432,0.947,0.6744,1.0,0.5088
0.89,0.89,0.9432,0.6608,0.9087,0.5402,0.9331,0.9405,0.9432,0.9432,0.947,0.6744,1.0,0.5088
0.9,0.0,0.9432,0.6608,0.9087,0.5402,0.9331,0.9405,0.9432,0.9432,0.947,0.6744,1.0,0.5088
0.9,0.01,0.9261,0.7076,0.7547,0.6953,0.9296,0.9367,0.9261,0.9261,0.9337,0.6903,0.6964,0.6842
0.9,0.02,0.9337,0.7165,0.7669,0.6965,0.9343,0.9384,0.9337,0.9337,0.9413,0.7156,0.75,0.6842
0.9,0.03,0.9413,0.7278,0.7844,0.6977,0.9392,0.9407,0.9413,0.9413,0.9489,0.7429,0.8125,0.6842
0.9,0.04,0.947,0.7406,0.8028,0.6986,0.9431,0.9424,0.947,0.947,0.9545,0.7647,0.8667,0.6842
0.9,0.05,0.9508,0.7529,0.8274,0.6992,0.9459,0.9444,0.9508,0.9508,0.9583,0.78,0.907,0.6842
0.9,0.06,0.9564,0.7706,0.8774,0.7002,0.951,0.9513,0.9564,0.9564,0.964,0.8041,0.975,0.6842
0.9,0.07,0.9564,0.7706,0.8774,0.7002,0.951,0.9513,0.9564,0.9564,0.964,0.8041,0.975,0.6842
0.9,0.08,0.9564,0.7706,0.8774,0.7002,0.951,0.9513,0.9564,0.9564,0.964,0.8041,0.975,0.6842
0.9,0.09,0.9583,0.7733,0.8876,0.7005,0.9524,0.953,0.9583,0.9583,0.9659,0.8125,1.0,0.6842
0.9,0.1,0.9583,0.7733,0.8876,0.7005,0.9524,0.953,0.9583,0.9583,0.9659,0.8125,1.0,0.6842
0.9,0.11,0.9583,0.7733,0.8876,0.7005,0.9524,0.953,0.9583,0.9583,0.9659,0.8125,1.0,0.6842
0.9,0.12,0.9583,0.7733,0.8876,0.7005,0.9524,0.953,0.9583,0.9583,0.9659,0.8125,1.0,0.6842
0.9,0.13,0.9583,0.7733,0.8876,0.7005,0.9524,0.953,0.9583,0.9583,0.9659,0.8125,1.0,0.6842
0.9,0.14,0.9583,0.7733,0.8876,0.7005,0.9524,0.953,0.9583,0.9583,0.9659,0.8125,1.0,0.6842
0.9,0.15,0.9583,0.7733,0.8876,0.7005,0.9524,0.953,0.9583,0.9583,0.9659,0.8125,1.0,0.6842
0.9,0.16,0.9564,0.7679,0.8873,0.6921,0.9503,0.9512,0.9564,0.9564,0.964,0.8,1.0,0.6667
0.9,0.17,0.9564,0.7679,0.8873,0.6921,0.9503,0.9512,0.9564,0.9564,0.964,0.8,1.0,0.6667
0.9,0.18,0.9564,0.7679,0.8873,0.6921,0.9503,0.9512,0.9564,0.9564,0.964,0.8,1.0,0.6667
0.9,0.19,0.9564,0.7679,0.8873,0.6921,0.9503,0.9512,0.9564,0.9564,0.964,0.8,1.0,0.6667
0.9,0.2,0.9564,0.7679,0.8873,0.6921,0.9503,0.9512,0.9564,0.9564,0.964,0.8,1.0,0.6667
0.9,0.21,0.9564,0.7679,0.8873,0.6921,0.9503,0.9512,0.9564,0.9564,0.964,0.8,1.0,0.6667
0.9,0.22,0.9564,0.7679,0.8873,0.6921,0.9503,0.9512,0.9564,0.9564,0.964,0.8,1.0,0.6667
0.9,0.23,0.9564,0.7679,0.8873,0.6921,0.9503,0.9512,0.9564,0.9564,0.964,0.8,1.0,0.6667
0.9,0.24,0.9564,0.7679,0.8873,0.6921,0.9503,0.9512,0.9564,0.9564,0.964,0.8,1.0,0.6667
0.9,0.25,0.9564,0.7679,0.8873,0.6921,0.9503,0.9512,0.9564,0.9564,0.964,0.8,1.0,0.6667
0.9,0.26,0.9564,0.7679,0.8873,0.6921,0.9503,0.9512,0.9564,0.9564,0.964,0.8,1.0,0.6667
0.9,0.27,0.9564,0.7679,0.8873,0.6921,0.9503,0.9512,0.9564,0.9564,0.964,0.8,1.0,0.6667
0.9,0.28,0.9564,0.7679,0.8873,0.6921,0.9503,0.9512,0.9564,0.9564,0.964,0.8,1.0,0.6667
0.9,0.29,0.9564,0.7679,0.8873,0.6921,0.9503,0.9512,0.9564,0.9564,0.964,0.8,1.0,0.6667
0.9,0.3,0.9564,0.7679,0.8873,0.6921,0.9503,0.9512,0.9564,0.9564,0.964,0.8,1.0,0.6667
0.9,0.31,0.9564,0.7679,0.8873,0.6921,0.9503,0.9512,0.9564,0.9564,0.964,0.8,1.0,0.6667
0.9,0.32,0.9564,0.7679,0.8873,0.6921,0.9503,0.9512,0.9564,0.9564,0.964,0.8,1.0,0.6667
0.9,0.33,0.9564,0.7679,0.8873,0.6921,0.9503,0.9512,0.9564,0.9564,0.964,0.8,1.0,0.6667
0.9,0.34,0.9564,0.7679,0.8873,0.6921,0.9503,0.9512,0.9564,0.9564,0.964,0.8,1.0,0.6667
0.9,0.35,0.9564,0.7679,0.8873,0.6921,0.9503,0.9512,0.9564,0.9564,0.964,0.8,1.0,0.6667
0.9,0.36,0.9564,0.7679,0.8873,0.6921,0.9503,0.9512,0.9564,0.9564,0.964,0.8,1.0,0.6667
0.9,0.37,0.9564,0.7679,0.8873,0.6921,0.9503,0.9512,0.9564,0.9564,0.964,0.8,1.0,0.6667
0.9,0.38,0.9564,0.7679,0.8873,0.6921,0.9503,0.9512,0.9564,0.9564,0.964,0.8,1.0,0.6667
0.9,0.39,0.9545,0.7202,0.887,0.6206,0.9481,0.9495,0.9545,0.9545,0.9621,0.7872,1.0,0.6491
0.9,0.4,0.9545,0.7202,0.887,0.6206,0.9481,0.9495,0.9545,0.9545,0.9621,0.7872,1.0,0.6491
0.9,0.41,0.9545,0.7202,0.887,0.6206,0.9481,0.9495,0.9545,0.9545,0.9621,0.7872,1.0,0.6491
0.9,0.42,0.9545,0.7202,0.887,0.6206,0.9481,0.9495,0.9545,0.9545,0.9621,0.7872,1.0,0.6491
0.9,0.43,0.9545,0.7202,0.887,0.6206,0.9481,0.9495,0.9545,0.9545,0.9621,0.7872,1.0,0.6491
0.9,0.44,0.9545,0.7202,0.887,0.6206,0.9481,0.9495,0.9545,0.9545,0.9621,0.7872,1.0,0.6491
0.9,0.45,0.9545,0.7202,0.887,0.6206,0.9481,0.9495,0.9545,0.9545,0.9621,0.7872,1.0,0.6491
0.9,0.46,0.9545,0.7202,0.887,0.6206,0.9481,0.9495,0.9545,0.9545,0.9621,0.7872,1.0,0.6491
0.9,0.47,0.9545,0.7202,0.887,0.6206,0.9481,0.9495,0.9545,0.9545,0.9621,0.7872,1.0,0.6491
0.9,0.48,0.9545,0.7202,0.887,0.6206,0.9481,0.9495,0.9545,0.9545,0.9621,0.7872,1.0,0.6491
0.9,0.49,0.9545,0.7202,0.887,0.6206,0.9481,0.9495,0.9545,0.9545,0.9621,0.7872,1.0,0.6491
0.9,0.5,0.9545,0.7202,0.887,0.6206,0.9481,0.9495,0.9545,0.9545,0.9621,0.7872,1.0,0.6491
0.9,0.51,0.9545,0.7202,0.887,0.6206,0.9481,0.9495,0.9545,0.9545,0.9621,0.7872,1.0,0.6491
0.9,0.52,0.9545,0.7202,0.887,0.6206,0.9481,0.9495,0.9545,0.9545,0.9621,0.7872,1.0,0.6491
0.9,0.53,0.9527,0.7144,0.8868,0.6122,0.946,0.9477,0.9527,0.9527,0.9602,0.7742,1.0,0.6316
0.9,0.54,0.9527,0.7144,0.8868,0.6122,0.946,0.9477,0.9527,0.9527,0.9602,0.7742,1.0,0.6316
0.9,0.55,0.9527,0.7144,0.8868,0.6122,0.946,0.9477,0.9527,0.9527,0.9602,0.7742,1.0,0.6316
0.9,0.56,0.9527,0.7144,0.8868,0.6122,0.946,0.9477,0.9527,0.9527,0.9602,0.7742,1.0,0.6316
0.9,0.57,0.9508,0.6921,0.8746,0.5884,0.9433,0.945,0.9508,0.9508,0.9583,0.7609,1.0,0.614
0.9,0.58,0.9508,0.6921,0.8746,0.5884,0.9433,0.945,0.9508,0.9508,0.9583,0.7609,1.0,0.614
0.9,0.59,0.9508,0.6921,0.8746,0.5884,0.9433,0.945,0.9508,0.9508,0.9583,0.7609,1.0,0.614
0.9,0.6,0.9508,0.6921,0.8746,0.5884,0.9433,0.945,0.9508,0.9508,0.9583,0.7609,1.0,0.614
0.9,0.61,0.9489,0.6859,0.8743,0.58,0.941,0.9433,0.9489,0.9489,0.9564,0.7473,1.0,0.5965
0.9,0.62,0.947,0.6706,0.874,0.5596,0.9387,0.9416,0.947,0.947,0.9545,0.7333,1.0,0.5789
0.9,0.63,0.947,0.6706,0.874,0.5596,0.9387,0.9416,0.947,0.947,0.9545,0.7333,1.0,0.5789
0.9,0.64,0.947,0.6706,0.874,0.5596,0.9387,0.9416,0.947,0.947,0.9545,0.7333,1.0,0.5789
0.9,0.65,0.947,0.6706,0.874,0.5596,0.9387,0.9416,0.947,0.947,0.9545,0.7333,1.0,0.5789
0.9,0.66,0.947,0.6706,0.874,0.5596,0.9387,0.9416,0.947,0.947,0.9545,0.7333,1.0,0.5789
0.9,0.67,0.947,0.6706,0.874,0.5596,0.9387,0.9416,0.947,0.947,0.9545,0.7333,1.0,0.5789
0.9,0.68,0.9451,0.6641,0.8738,0.5512,0.9364,0.9399,0.9451,0.9451,0.9527,0.7191,1.0,0.5614
0.9,0.69,0.9432,0.6551,0.8735,0.5402,0.934,0.9382,0.9432,0.9432,0.9508,0.7045,1.0,0.5439
0.9,0.7,0.9432,0.6551,0.8735,0.5402,0.934,0.9382,0.9432,0.9432,0.9508,0.7045,1.0,0.5439
0.9,0.71,0.9432,0.6551,0.8735,0.5402,0.934,0.9382,0.9432,0.9432,0.9508,0.7045,1.0,0.5439
0.9,0.72,0.9432,0.6551,0.8735,0.5402,0.934,0.9382,0.9432,0.9432,0.9508,0.7045,1.0,0.5439
0.9,0.73,0.9432,0.6551,0.8735,0.5402,0.934,0.9382,0.9432,0.9432,0.9508,0.7045,1.0,0.5439
0.9,0.74,0.9432,0.6551,0.8735,0.5402,0.934,0.9382,0.9432,0.9432,0.9508,0.7045,1.0,0.5439
0.9,0.75,0.9432,0.6551,0.8735,0.5402,0.934,0.9382,0.9432,0.9432,0.9508,0.7045,1.0,0.5439
0.9,0.76,0.9432,0.6551,0.8735,0.5402,0.934,0.9382,0.9432,0.9432,0.9508,0.7045,1.0,0.5439
0.9,0.77,0.9432,0.6551,0.8735,0.5402,0.934,0.9382,0.9432,0.9432,0.9508,0.7045,1.0,0.5439
0.9,0.78,0.9432,0.6551,0.8735,0.5402,0.934,0.9382,0.9432,0.9432,0.9508,0.7045,1.0,0.5439
0.9,0.79,0.9432,0.6551,0.8735,0.5402,0.934,0.9382,0.9432,0.9432,0.9508,0.7045,1.0,0.5439
0.9,0.8,0.9432,0.6551,0.8735,0.5402,0.934,0.9382,0.9432,0.9432,0.9508,0.7045,1.0,0.5439
0.9,0.81,0.9432,0.6551,0.8735,0.5402,0.934,0.9382,0.9432,0.9432,0.9508,0.7045,1.0,0.5439
0.9,0.82,0.9432,0.6551,0.8735,0.5402,0.934,0.9382,0.9432,0.9432,0.9508,0.7045,1.0,0.5439
0.9,0.83,0.9432,0.6551,0.8735,0.5402,0.934,0.9382,0.9432,0.9432,0.9508,0.7045,1.0,0.5439
0.9,0.84,0.9432,0.6577,0.8875,0.5402,0.9335,0.9388,0.9432,0.9432,0.9489,0.6897,1.0,0.5263
0.9,0.85,0.9432,0.6608,0.9087,0.5402,0.9331,0.9405,0.9432,0.9432,0.947,0.6744,1.0,0.5088
0.9,0.86,0.9432,0.6608,0.9087,0.5402,0.9331,0.9405,0.9432,0.9432,0.947,0.6744,1.0,0.5088
0.9,0.87,0.9432,0.6608,0.9087,0.5402,0.9331,0.9405,0.9432,0.9432,0.947,0.6744,1.0,0.5088
0.9,0.88,0.9432,0.6608,0.9087,0.5402,0.9331,0.9405,0.9432,0.9432,0.947,0.6744,1.0,0.5088
0.9,0.89,0.9432,0.6608,0.9087,0.5402,0.9331,0.9405,0.9432,0.9432,0.947,0.6744,1.0,0.5088
0.9,0.9,0.9432,0.6608,0.9087,0.5402,0.9331,0.9405,0.9432,0.9432,0.947,0.6744,1.0,0.5088
0.91,0.0,0.9432,0.6608,0.9087,0.5402,0.9331,0.9405,0.9432,0.9432,0.947,0.6744,1.0,0.5088
0.91,0.01,0.9261,0.7076,0.7547,0.6953,0.9296,0.9367,0.9261,0.9261,0.9337,0.6903,0.6964,0.6842
0.91,0.02,0.9337,0.7165,0.7669,0.6965,0.9343,0.9384,0.9337,0.9337,0.9413,0.7156,0.75,0.6842
0.91,0.03,0.9413,0.7278,0.7844,0.6977,0.9392,0.9407,0.9413,0.9413,0.9489,0.7429,0.8125,0.6842
0.91,0.04,0.947,0.7406,0.8028,0.6986,0.9431,0.9424,0.947,0.947,0.9545,0.7647,0.8667,0.6842
0.91,0.05,0.9508,0.7529,0.8274,0.6992,0.9459,0.9444,0.9508,0.9508,0.9583,0.78,0.907,0.6842
0.91,0.06,0.9564,0.7706,0.8774,0.7002,0.951,0.9513,0.9564,0.9564,0.964,0.8041,0.975,0.6842
0.91,0.07,0.9564,0.7706,0.8774,0.7002,0.951,0.9513,0.9564,0.9564,0.964,0.8041,0.975,0.6842
0.91,0.08,0.9564,0.7706,0.8774,0.7002,0.951,0.9513,0.9564,0.9564,0.964,0.8041,0.975,0.6842
0.91,0.09,0.9583,0.7733,0.8876,0.7005,0.9524,0.953,0.9583,0.9583,0.9659,0.8125,1.0,0.6842
0.91,0.1,0.9583,0.7733,0.8876,0.7005,0.9524,0.953,0.9583,0.9583,0.9659,0.8125,1.0,0.6842
0.91,0.11,0.9583,0.7733,0.8876,0.7005,0.9524,0.953,0.9583,0.9583,0.9659,0.8125,1.0,0.6842
0.91,0.12,0.9583,0.7733,0.8876,0.7005,0.9524,0.953,0.9583,0.9583,0.9659,0.8125,1.0,0.6842
0.91,0.13,0.9583,0.7733,0.8876,0.7005,0.9524,0.953,0.9583,0.9583,0.9659,0.8125,1.0,0.6842
0.91,0.14,0.9583,0.7733,0.8876,0.7005,0.9524,0.953,0.9583,0.9583,0.9659,0.8125,1.0,0.6842
0.91,0.15,0.9583,0.7733,0.8876,0.7005,0.9524,0.953,0.9583,0.9583,0.9659,0.8125,1.0,0.6842
0.91,0.16,0.9564,0.7679,0.8873,0.6921,0.9503,0.9512,0.9564,0.9564,0.964,0.8,1.0,0.6667
0.91,0.17,0.9564,0.7679,0.8873,0.6921,0.9503,0.9512,0.9564,0.9564,0.964,0.8,1.0,0.6667
0.91,0.18,0.9564,0.7679,0.8873,0.6921,0.9503,0.9512,0.9564,0.9564,0.964,0.8,1.0,0.6667
0.91,0.19,0.9564,0.7679,0.8873,0.6921,0.9503,0.9512,0.9564,0.9564,0.964,0.8,1.0,0.6667
0.91,0.2,0.9564,0.7679,0.8873,0.6921,0.9503,0.9512,0.9564,0.9564,0.964,0.8,1.0,0.6667
0.91,0.21,0.9564,0.7679,0.8873,0.6921,0.9503,0.9512,0.9564,0.9564,0.964,0.8,1.0,0.6667
0.91,0.22,0.9564,0.7679,0.8873,0.6921,0.9503,0.9512,0.9564,0.9564,0.964,0.8,1.0,0.6667
0.91,0.23,0.9564,0.7679,0.8873,0.6921,0.9503,0.9512,0.9564,0.9564,0.964,0.8,1.0,0.6667
0.91,0.24,0.9564,0.7679,0.8873,0.6921,0.9503,0.9512,0.9564,0.9564,0.964,0.8,1.0,0.6667
0.91,0.25,0.9564,0.7679,0.8873,0.6921,0.9503,0.9512,0.9564,0.9564,0.964,0.8,1.0,0.6667
0.91,0.26,0.9564,0.7679,0.8873,0.6921,0.9503,0.9512,0.9564,0.9564,0.964,0.8,1.0,0.6667
0.91,0.27,0.9564,0.7679,0.8873,0.6921,0.9503,0.9512,0.9564,0.9564,0.964,0.8,1.0,0.6667
0.91,0.28,0.9564,0.7679,0.8873,0.6921,0.9503,0.9512,0.9564,0.9564,0.964,0.8,1.0,0.6667
0.91,0.29,0.9564,0.7679,0.8873,0.6921,0.9503,0.9512,0.9564,0.9564,0.964,0.8,1.0,0.6667
0.91,0.3,0.9564,0.7679,0.8873,0.6921,0.9503,0.9512,0.9564,0.9564,0.964,0.8,1.0,0.6667
0.91,0.31,0.9564,0.7679,0.8873,0.6921,0.9503,0.9512,0.9564,0.9564,0.964,0.8,1.0,0.6667
0.91,0.32,0.9564,0.7679,0.8873,0.6921,0.9503,0.9512,0.9564,0.9564,0.964,0.8,1.0,0.6667
0.91,0.33,0.9564,0.7679,0.8873,0.6921,0.9503,0.9512,0.9564,0.9564,0.964,0.8,1.0,0.6667
0.91,0.34,0.9564,0.7679,0.8873,0.6921,0.9503,0.9512,0.9564,0.9564,0.964,0.8,1.0,0.6667
0.91,0.35,0.9564,0.7679,0.8873,0.6921,0.9503,0.9512,0.9564,0.9564,0.964,0.8,1.0,0.6667
0.91,0.36,0.9564,0.7679,0.8873,0.6921,0.9503,0.9512,0.9564,0.9564,0.964,0.8,1.0,0.6667
0.91,0.37,0.9564,0.7679,0.8873,0.6921,0.9503,0.9512,0.9564,0.9564,0.964,0.8,1.0,0.6667
0.91,0.38,0.9564,0.7679,0.8873,0.6921,0.9503,0.9512,0.9564,0.9564,0.964,0.8,1.0,0.6667
0.91,0.39,0.9545,0.7202,0.887,0.6206,0.9481,0.9495,0.9545,0.9545,0.9621,0.7872,1.0,0.6491
0.91,0.4,0.9545,0.7202,0.887,0.6206,0.9481,0.9495,0.9545,0.9545,0.9621,0.7872,1.0,0.6491
0.91,0.41,0.9545,0.7202,0.887,0.6206,0.9481,0.9495,0.9545,0.9545,0.9621,0.7872,1.0,0.6491
0.91,0.42,0.9545,0.7202,0.887,0.6206,0.9481,0.9495,0.9545,0.9545,0.9621,0.7872,1.0,0.6491
0.91,0.43,0.9545,0.7202,0.887,0.6206,0.9481,0.9495,0.9545,0.9545,0.9621,0.7872,1.0,0.6491
0.91,0.44,0.9545,0.7202,0.887,0.6206,0.9481,0.9495,0.9545,0.9545,0.9621,0.7872,1.0,0.6491
0.91,0.45,0.9545,0.7202,0.887,0.6206,0.9481,0.9495,0.9545,0.9545,0.9621,0.7872,1.0,0.6491
0.91,0.46,0.9545,0.7202,0.887,0.6206,0.9481,0.9495,0.9545,0.9545,0.9621,0.7872,1.0,0.6491
0.91,0.47,0.9545,0.7202,0.887,0.6206,0.9481,0.9495,0.9545,0.9545,0.9621,0.7872,1.0,0.6491
0.91,0.48,0.9545,0.7202,0.887,0.6206,0.9481,0.9495,0.9545,0.9545,0.9621,0.7872,1.0,0.6491
0.91,0.49,0.9545,0.7202,0.887,0.6206,0.9481,0.9495,0.9545,0.9545,0.9621,0.7872,1.0,0.6491
0.91,0.5,0.9545,0.7202,0.887,0.6206,0.9481,0.9495,0.9545,0.9545,0.9621,0.7872,1.0,0.6491
0.91,0.51,0.9545,0.7202,0.887,0.6206,0.9481,0.9495,0.9545,0.9545,0.9621,0.7872,1.0,0.6491
0.91,0.52,0.9545,0.7202,0.887,0.6206,0.9481,0.9495,0.9545,0.9545,0.9621,0.7872,1.0,0.6491
0.91,0.53,0.9527,0.7144,0.8868,0.6122,0.946,0.9477,0.9527,0.9527,0.9602,0.7742,1.0,0.6316
0.91,0.54,0.9527,0.7144,0.8868,0.6122,0.946,0.9477,0.9527,0.9527,0.9602,0.7742,1.0,0.6316
0.91,0.55,0.9527,0.7144,0.8868,0.6122,0.946,0.9477,0.9527,0.9527,0.9602,0.7742,1.0,0.6316
0.91,0.56,0.9527,0.7144,0.8868,0.6122,0.946,0.9477,0.9527,0.9527,0.9602,0.7742,1.0,0.6316
0.91,0.57,0.9508,0.6921,0.8746,0.5884,0.9433,0.945,0.9508,0.9508,0.9583,0.7609,1.0,0.614
0.91,0.58,0.9508,0.6921,0.8746,0.5884,0.9433,0.945,0.9508,0.9508,0.9583,0.7609,1.0,0.614
0.91,0.59,0.9508,0.6921,0.8746,0.5884,0.9433,0.945,0.9508,0.9508,0.9583,0.7609,1.0,0.614
0.91,0.6,0.9508,0.6921,0.8746,0.5884,0.9433,0.945,0.9508,0.9508,0.9583,0.7609,1.0,0.614
0.91,0.61,0.9489,0.6859,0.8743,0.58,0.941,0.9433,0.9489,0.9489,0.9564,0.7473,1.0,0.5965
0.91,0.62,0.947,0.6706,0.874,0.5596,0.9387,0.9416,0.947,0.947,0.9545,0.7333,1.0,0.5789
0.91,0.63,0.947,0.6706,0.874,0.5596,0.9387,0.9416,0.947,0.947,0.9545,0.7333,1.0,0.5789
0.91,0.64,0.947,0.6706,0.874,0.5596,0.9387,0.9416,0.947,0.947,0.9545,0.7333,1.0,0.5789
0.91,0.65,0.947,0.6706,0.874,0.5596,0.9387,0.9416,0.947,0.947,0.9545,0.7333,1.0,0.5789
0.91,0.66,0.947,0.6706,0.874,0.5596,0.9387,0.9416,0.947,0.947,0.9545,0.7333,1.0,0.5789
0.91,0.67,0.947,0.6706,0.874,0.5596,0.9387,0.9416,0.947,0.947,0.9545,0.7333,1.0,0.5789
0.91,0.68,0.9451,0.6641,0.8738,0.5512,0.9364,0.9399,0.9451,0.9451,0.9527,0.7191,1.0,0.5614
0.91,0.69,0.9432,0.6551,0.8735,0.5402,0.934,0.9382,0.9432,0.9432,0.9508,0.7045,1.0,0.5439
0.91,0.7,0.9432,0.6551,0.8735,0.5402,0.934,0.9382,0.9432,0.9432,0.9508,0.7045,1.0,0.5439
0.91,0.71,0.9432,0.6551,0.8735,0.5402,0.934,0.9382,0.9432,0.9432,0.9508,0.7045,1.0,0.5439
0.91,0.72,0.9432,0.6551,0.8735,0.5402,0.934,0.9382,0.9432,0.9432,0.9508,0.7045,1.0,0.5439
0.91,0.73,0.9432,0.6551,0.8735,0.5402,0.934,0.9382,0.9432,0.9432,0.9508,0.7045,1.0,0.5439
0.91,0.74,0.9432,0.6551,0.8735,0.5402,0.934,0.9382,0.9432,0.9432,0.9508,0.7045,1.0,0.5439
0.91,0.75,0.9432,0.6551,0.8735,0.5402,0.934,0.9382,0.9432,0.9432,0.9508,0.7045,1.0,0.5439
0.91,0.76,0.9432,0.6551,0.8735,0.5402,0.934,0.9382,0.9432,0.9432,0.9508,0.7045,1.0,0.5439
0.91,0.77,0.9432,0.6551,0.8735,0.5402,0.934,0.9382,0.9432,0.9432,0.9508,0.7045,1.0,0.5439
0.91,0.78,0.9432,0.6551,0.8735,0.5402,0.934,0.9382,0.9432,0.9432,0.9508,0.7045,1.0,0.5439
0.91,0.79,0.9432,0.6551,0.8735,0.5402,0.934,0.9382,0.9432,0.9432,0.9508,0.7045,1.0,0.5439
0.91,0.8,0.9432,0.6551,0.8735,0.5402,0.934,0.9382,0.9432,0.9432,0.9508,0.7045,1.0,0.5439
0.91,0.81,0.9432,0.6551,0.8735,0.5402,0.934,0.9382,0.9432,0.9432,0.9508,0.7045,1.0,0.5439
0.91,0.82,0.9432,0.6551,0.8735,0.5402,0.934,0.9382,0.9432,0.9432,0.9508,0.7045,1.0,0.5439
0.91,0.83,0.9432,0.6551,0.8735,0.5402,0.934,0.9382,0.9432,0.9432,0.9508,0.7045,1.0,0.5439
0.91,0.84,0.9432,0.6577,0.8875,0.5402,0.9335,0.9388,0.9432,0.9432,0.9489,0.6897,1.0,0.5263
0.91,0.85,0.9432,0.6608,0.9087,0.5402,0.9331,0.9405,0.9432,0.9432,0.947,0.6744,1.0,0.5088
0.91,0.86,0.9432,0.6608,0.9087,0.5402,0.9331,0.9405,0.9432,0.9432,0.947,0.6744,1.0,0.5088
0.91,0.87,0.9432,0.6608,0.9087,0.5402,0.9331,0.9405,0.9432,0.9432,0.947,0.6744,1.0,0.5088
0.91,0.88,0.9432,0.6608,0.9087,0.5402,0.9331,0.9405,0.9432,0.9432,0.947,0.6744,1.0,0.5088
0.91,0.89,0.9432,0.6608,0.9087,0.5402,0.9331,0.9405,0.9432,0.9432,0.947,0.6744,1.0,0.5088
0.91,0.9,0.9432,0.6608,0.9087,0.5402,0.9331,0.9405,0.9432,0.9432,0.947,0.6744,1.0,0.5088
0.91,0.91,0.9432,0.6608,0.9087,0.5402,0.9331,0.9405,0.9432,0.9432,0.947,0.6744,1.0,0.5088
0.92,0.0,0.9413,0.6537,0.9084,0.5318,0.9307,0.9388,0.9413,0.9413,0.9451,0.6588,1.0,0.4912
0.92,0.01,0.9261,0.7076,0.7547,0.6953,0.9296,0.9367,0.9261,0.9261,0.9337,0.6903,0.6964,0.6842
0.92,0.02,0.9337,0.7165,0.7669,0.6965,0.9343,0.9384,0.9337,0.9337,0.9413,0.7156,0.75,0.6842
0.92,0.03,0.9413,0.7278,0.7844,0.6977,0.9392,0.9407,0.9413,0.9413,0.9489,0.7429,0.8125,0.6842
0.92,0.04,0.947,0.7406,0.8028,0.6986,0.9431,0.9424,0.947,0.947,0.9545,0.7647,0.8667,0.6842
0.92,0.05,0.9508,0.7529,0.8274,0.6992,0.9459,0.9444,0.9508,0.9508,0.9583,0.78,0.907,0.6842
0.92,0.06,0.9564,0.7706,0.8774,0.7002,0.951,0.9513,0.9564,0.9564,0.964,0.8041,0.975,0.6842
0.92,0.07,0.9564,0.7706,0.8774,0.7002,0.951,0.9513,0.9564,0.9564,0.964,0.8041,0.975,0.6842
0.92,0.08,0.9564,0.7706,0.8774,0.7002,0.951,0.9513,0.9564,0.9564,0.964,0.8041,0.975,0.6842
0.92,0.09,0.9583,0.7733,0.8876,0.7005,0.9524,0.953,0.9583,0.9583,0.9659,0.8125,1.0,0.6842
0.92,0.1,0.9583,0.7733,0.8876,0.7005,0.9524,0.953,0.9583,0.9583,0.9659,0.8125,1.0,0.6842
0.92,0.11,0.9583,0.7733,0.8876,0.7005,0.9524,0.953,0.9583,0.9583,0.9659,0.8125,1.0,0.6842
0.92,0.12,0.9583,0.7733,0.8876,0.7005,0.9524,0.953,0.9583,0.9583,0.9659,0.8125,1.0,0.6842
0.92,0.13,0.9583,0.7733,0.8876,0.7005,0.9524,0.953,0.9583,0.9583,0.9659,0.8125,1.0,0.6842
0.92,0.14,0.9583,0.7733,0.8876,0.7005,0.9524,0.953,0.9583,0.9583,0.9659,0.8125,1.0,0.6842
0.92,0.15,0.9583,0.7733,0.8876,0.7005,0.9524,0.953,0.9583,0.9583,0.9659,0.8125,1.0,0.6842
0.92,0.16,0.9564,0.7679,0.8873,0.6921,0.9503,0.9512,0.9564,0.9564,0.964,0.8,1.0,0.6667
0.92,0.17,0.9564,0.7679,0.8873,0.6921,0.9503,0.9512,0.9564,0.9564,0.964,0.8,1.0,0.6667
0.92,0.18,0.9564,0.7679,0.8873,0.6921,0.9503,0.9512,0.9564,0.9564,0.964,0.8,1.0,0.6667
0.92,0.19,0.9564,0.7679,0.8873,0.6921,0.9503,0.9512,0.9564,0.9564,0.964,0.8,1.0,0.6667
0.92,0.2,0.9564,0.7679,0.8873,0.6921,0.9503,0.9512,0.9564,0.9564,0.964,0.8,1.0,0.6667
0.92,0.21,0.9564,0.7679,0.8873,0.6921,0.9503,0.9512,0.9564,0.9564,0.964,0.8,1.0,0.6667
0.92,0.22,0.9564,0.7679,0.8873,0.6921,0.9503,0.9512,0.9564,0.9564,0.964,0.8,1.0,0.6667
0.92,0.23,0.9564,0.7679,0.8873,0.6921,0.9503,0.9512,0.9564,0.9564,0.964,0.8,1.0,0.6667
0.92,0.24,0.9564,0.7679,0.8873,0.6921,0.9503,0.9512,0.9564,0.9564,0.964,0.8,1.0,0.6667
0.92,0.25,0.9564,0.7679,0.8873,0.6921,0.9503,0.9512,0.9564,0.9564,0.964,0.8,1.0,0.6667
0.92,0.26,0.9564,0.7679,0.8873,0.6921,0.9503,0.9512,0.9564,0.9564,0.964,0.8,1.0,0.6667
0.92,0.27,0.9564,0.7679,0.8873,0.6921,0.9503,0.9512,0.9564,0.9564,0.964,0.8,1.0,0.6667
0.92,0.28,0.9564,0.7679,0.8873,0.6921,0.9503,0.9512,0.9564,0.9564,0.964,0.8,1.0,0.6667
0.92,0.29,0.9564,0.7679,0.8873,0.6921,0.9503,0.9512,0.9564,0.9564,0.964,0.8,1.0,0.6667
0.92,0.3,0.9564,0.7679,0.8873,0.6921,0.9503,0.9512,0.9564,0.9564,0.964,0.8,1.0,0.6667
0.92,0.31,0.9564,0.7679,0.8873,0.6921,0.9503,0.9512,0.9564,0.9564,0.964,0.8,1.0,0.6667
0.92,0.32,0.9564,0.7679,0.8873,0.6921,0.9503,0.9512,0.9564,0.9564,0.964,0.8,1.0,0.6667
0.92,0.33,0.9564,0.7679,0.8873,0.6921,0.9503,0.9512,0.9564,0.9564,0.964,0.8,1.0,0.6667
0.92,0.34,0.9564,0.7679,0.8873,0.6921,0.9503,0.9512,0.9564,0.9564,0.964,0.8,1.0,0.6667
0.92,0.35,0.9564,0.7679,0.8873,0.6921,0.9503,0.9512,0.9564,0.9564,0.964,0.8,1.0,0.6667
0.92,0.36,0.9564,0.7679,0.8873,0.6921,0.9503,0.9512,0.9564,0.9564,0.964,0.8,1.0,0.6667
0.92,0.37,0.9564,0.7679,0.8873,0.6921,0.9503,0.9512,0.9564,0.9564,0.964,0.8,1.0,0.6667
0.92,0.38,0.9564,0.7679,0.8873,0.6921,0.9503,0.9512,0.9564,0.9564,0.964,0.8,1.0,0.6667
0.92,0.39,0.9545,0.7202,0.887,0.6206,0.9481,0.9495,0.9545,0.9545,0.9621,0.7872,1.0,0.6491
0.92,0.4,0.9545,0.7202,0.887,0.6206,0.9481,0.9495,0.9545,0.9545,0.9621,0.7872,1.0,0.6491
0.92,0.41,0.9545,0.7202,0.887,0.6206,0.9481,0.9495,0.9545,0.9545,0.9621,0.7872,1.0,0.6491
0.92,0.42,0.9545,0.7202,0.887,0.6206,0.9481,0.9495,0.9545,0.9545,0.9621,0.7872,1.0,0.6491
0.92,0.43,0.9545,0.7202,0.887,0.6206,0.9481,0.9495,0.9545,0.9545,0.9621,0.7872,1.0,0.6491
0.92,0.44,0.9545,0.7202,0.887,0.6206,0.9481,0.9495,0.9545,0.9545,0.9621,0.7872,1.0,0.6491
0.92,0.45,0.9545,0.7202,0.887,0.6206,0.9481,0.9495,0.9545,0.9545,0.9621,0.7872,1.0,0.6491
0.92,0.46,0.9545,0.7202,0.887,0.6206,0.9481,0.9495,0.9545,0.9545,0.9621,0.7872,1.0,0.6491
0.92,0.47,0.9545,0.7202,0.887,0.6206,0.9481,0.9495,0.9545,0.9545,0.9621,0.7872,1.0,0.6491
0.92,0.48,0.9545,0.7202,0.887,0.6206,0.9481,0.9495,0.9545,0.9545,0.9621,0.7872,1.0,0.6491
0.92,0.49,0.9545,0.7202,0.887,0.6206,0.9481,0.9495,0.9545,0.9545,0.9621,0.7872,1.0,0.6491
0.92,0.5,0.9545,0.7202,0.887,0.6206,0.9481,0.9495,0.9545,0.9545,0.9621,0.7872,1.0,0.6491
0.92,0.51,0.9545,0.7202,0.887,0.6206,0.9481,0.9495,0.9545,0.9545,0.9621,0.7872,1.0,0.6491
0.92,0.52,0.9545,0.7202,0.887,0.6206,0.9481,0.9495,0.9545,0.9545,0.9621,0.7872,1.0,0.6491
0.92,0.53,0.9527,0.7144,0.8868,0.6122,0.946,0.9477,0.9527,0.9527,0.9602,0.7742,1.0,0.6316
0.92,0.54,0.9527,0.7144,0.8868,0.6122,0.946,0.9477,0.9527,0.9527,0.9602,0.7742,1.0,0.6316
0.92,0.55,0.9527,0.7144,0.8868,0.6122,0.946,0.9477,0.9527,0.9527,0.9602,0.7742,1.0,0.6316
0.92,0.56,0.9527,0.7144,0.8868,0.6122,0.946,0.9477,0.9527,0.9527,0.9602,0.7742,1.0,0.6316
0.92,0.57,0.9508,0.6921,0.8746,0.5884,0.9433,0.945,0.9508,0.9508,0.9583,0.7609,1.0,0.614
0.92,0.58,0.9508,0.6921,0.8746,0.5884,0.9433,0.945,0.9508,0.9508,0.9583,0.7609,1.0,0.614
0.92,0.59,0.9508,0.6921,0.8746,0.5884,0.9433,0.945,0.9508,0.9508,0.9583,0.7609,1.0,0.614
0.92,0.6,0.9508,0.6921,0.8746,0.5884,0.9433,0.945,0.9508,0.9508,0.9583,0.7609,1.0,0.614
0.92,0.61,0.9489,0.6859,0.8743,0.58,0.941,0.9433,0.9489,0.9489,0.9564,0.7473,1.0,0.5965
0.92,0.62,0.947,0.6706,0.874,0.5596,0.9387,0.9416,0.947,0.947,0.9545,0.7333,1.0,0.5789
0.92,0.63,0.947,0.6706,0.874,0.5596,0.9387,0.9416,0.947,0.947,0.9545,0.7333,1.0,0.5789
0.92,0.64,0.947,0.6706,0.874,0.5596,0.9387,0.9416,0.947,0.947,0.9545,0.7333,1.0,0.5789
0.92,0.65,0.947,0.6706,0.874,0.5596,0.9387,0.9416,0.947,0.947,0.9545,0.7333,1.0,0.5789
0.92,0.66,0.947,0.6706,0.874,0.5596,0.9387,0.9416,0.947,0.947,0.9545,0.7333,1.0,0.5789
0.92,0.67,0.947,0.6706,0.874,0.5596,0.9387,0.9416,0.947,0.947,0.9545,0.7333,1.0,0.5789
0.92,0.68,0.9451,0.6641,0.8738,0.5512,0.9364,0.9399,0.9451,0.9451,0.9527,0.7191,1.0,0.5614
0.92,0.69,0.9432,0.6551,0.8735,0.5402,0.934,0.9382,0.9432,0.9432,0.9508,0.7045,1.0,0.5439
0.92,0.7,0.9432,0.6551,0.8735,0.5402,0.934,0.9382,0.9432,0.9432,0.9508,0.7045,1.0,0.5439
0.92,0.71,0.9432,0.6551,0.8735,0.5402,0.934,0.9382,0.9432,0.9432,0.9508,0.7045,1.0,0.5439
0.92,0.72,0.9432,0.6551,0.8735,0.5402,0.934,0.9382,0.9432,0.9432,0.9508,0.7045,1.0,0.5439
0.92,0.73,0.9432,0.6551,0.8735,0.5402,0.934,0.9382,0.9432,0.9432,0.9508,0.7045,1.0,0.5439
0.92,0.74,0.9432,0.6551,0.8735,0.5402,0.934,0.9382,0.9432,0.9432,0.9508,0.7045,1.0,0.5439
0.92,0.75,0.9432,0.6551,0.8735,0.5402,0.934,0.9382,0.9432,0.9432,0.9508,0.7045,1.0,0.5439
0.92,0.76,0.9432,0.6551,0.8735,0.5402,0.934,0.9382,0.9432,0.9432,0.9508,0.7045,1.0,0.5439
0.92,0.77,0.9432,0.6551,0.8735,0.5402,0.934,0.9382,0.9432,0.9432,0.9508,0.7045,1.0,0.5439
0.92,0.78,0.9432,0.6551,0.8735,0.5402,0.934,0.9382,0.9432,0.9432,0.9508,0.7045,1.0,0.5439
0.92,0.79,0.9432,0.6551,0.8735,0.5402,0.934,0.9382,0.9432,0.9432,0.9508,0.7045,1.0,0.5439
0.92,0.8,0.9432,0.6551,0.8735,0.5402,0.934,0.9382,0.9432,0.9432,0.9508,0.7045,1.0,0.5439
0.92,0.81,0.9432,0.6551,0.8735,0.5402,0.934,0.9382,0.9432,0.9432,0.9508,0.7045,1.0,0.5439
0.92,0.82,0.9432,0.6551,0.8735,0.5402,0.934,0.9382,0.9432,0.9432,0.9508,0.7045,1.0,0.5439
0.92,0.83,0.9432,0.6551,0.8735,0.5402,0.934,0.9382,0.9432,0.9432,0.9508,0.7045,1.0,0.5439
0.92,0.84,0.9432,0.6577,0.8875,0.5402,0.9335,0.9388,0.9432,0.9432,0.9489,0.6897,1.0,0.5263
0.92,0.85,0.9432,0.6608,0.9087,0.5402,0.9331,0.9405,0.9432,0.9432,0.947,0.6744,1.0,0.5088
0.92,0.86,0.9432,0.6608,0.9087,0.5402,0.9331,0.9405,0.9432,0.9432,0.947,0.6744,1.0,0.5088
0.92,0.87,0.9432,0.6608,0.9087,0.5402,0.9331,0.9405,0.9432,0.9432,0.947,0.6744,1.0,0.5088
0.92,0.88,0.9432,0.6608,0.9087,0.5402,0.9331,0.9405,0.9432,0.9432,0.947,0.6744,1.0,0.5088
0.92,0.89,0.9432,0.6608,0.9087,0.5402,0.9331,0.9405,0.9432,0.9432,0.947,0.6744,1.0,0.5088
0.92,0.9,0.9432,0.6608,0.9087,0.5402,0.9331,0.9405,0.9432,0.9432,0.947,0.6744,1.0,0.5088
0.92,0.91,0.9432,0.6608,0.9087,0.5402,0.9331,0.9405,0.9432,0.9432,0.947,0.6744,1.0,0.5088
0.92,0.92,0.9413,0.6537,0.9084,0.5318,0.9307,0.9388,0.9413,0.9413,0.9451,0.6588,1.0,0.4912
0.93,0.0,0.9413,0.6537,0.9084,0.5318,0.9307,0.9388,0.9413,0.9413,0.9451,0.6588,1.0,0.4912
0.93,0.01,0.9261,0.7076,0.7547,0.6953,0.9296,0.9367,0.9261,0.9261,0.9337,0.6903,0.6964,0.6842
0.93,0.02,0.9337,0.7165,0.7669,0.6965,0.9343,0.9384,0.9337,0.9337,0.9413,0.7156,0.75,0.6842
0.93,0.03,0.9413,0.7278,0.7844,0.6977,0.9392,0.9407,0.9413,0.9413,0.9489,0.7429,0.8125,0.6842
0.93,0.04,0.947,0.7406,0.8028,0.6986,0.9431,0.9424,0.947,0.947,0.9545,0.7647,0.8667,0.6842
0.93,0.05,0.9508,0.7529,0.8274,0.6992,0.9459,0.9444,0.9508,0.9508,0.9583,0.78,0.907,0.6842
0.93,0.06,0.9564,0.7706,0.8774,0.7002,0.951,0.9513,0.9564,0.9564,0.964,0.8041,0.975,0.6842
0.93,0.07,0.9564,0.7706,0.8774,0.7002,0.951,0.9513,0.9564,0.9564,0.964,0.8041,0.975,0.6842
0.93,0.08,0.9564,0.7706,0.8774,0.7002,0.951,0.9513,0.9564,0.9564,0.964,0.8041,0.975,0.6842
0.93,0.09,0.9583,0.7733,0.8876,0.7005,0.9524,0.953,0.9583,0.9583,0.9659,0.8125,1.0,0.6842
0.93,0.1,0.9583,0.7733,0.8876,0.7005,0.9524,0.953,0.9583,0.9583,0.9659,0.8125,1.0,0.6842
0.93,0.11,0.9583,0.7733,0.8876,0.7005,0.9524,0.953,0.9583,0.9583,0.9659,0.8125,1.0,0.6842
0.93,0.12,0.9583,0.7733,0.8876,0.7005,0.9524,0.953,0.9583,0.9583,0.9659,0.8125,1.0,0.6842
0.93,0.13,0.9583,0.7733,0.8876,0.7005,0.9524,0.953,0.9583,0.9583,0.9659,0.8125,1.0,0.6842
0.93,0.14,0.9583,0.7733,0.8876,0.7005,0.9524,0.953,0.9583,0.9583,0.9659,0.8125,1.0,0.6842
0.93,0.15,0.9583,0.7733,0.8876,0.7005,0.9524,0.953,0.9583,0.9583,0.9659,0.8125,1.0,0.6842
0.93,0.16,0.9564,0.7679,0.8873,0.6921,0.9503,0.9512,0.9564,0.9564,0.964,0.8,1.0,0.6667
0.93,0.17,0.9564,0.7679,0.8873,0.6921,0.9503,0.9512,0.9564,0.9564,0.964,0.8,1.0,0.6667
0.93,0.18,0.9564,0.7679,0.8873,0.6921,0.9503,0.9512,0.9564,0.9564,0.964,0.8,1.0,0.6667
0.93,0.19,0.9564,0.7679,0.8873,0.6921,0.9503,0.9512,0.9564,0.9564,0.964,0.8,1.0,0.6667
0.93,0.2,0.9564,0.7679,0.8873,0.6921,0.9503,0.9512,0.9564,0.9564,0.964,0.8,1.0,0.6667
0.93,0.21,0.9564,0.7679,0.8873,0.6921,0.9503,0.9512,0.9564,0.9564,0.964,0.8,1.0,0.6667
0.93,0.22,0.9564,0.7679,0.8873,0.6921,0.9503,0.9512,0.9564,0.9564,0.964,0.8,1.0,0.6667
0.93,0.23,0.9564,0.7679,0.8873,0.6921,0.9503,0.9512,0.9564,0.9564,0.964,0.8,1.0,0.6667
0.93,0.24,0.9564,0.7679,0.8873,0.6921,0.9503,0.9512,0.9564,0.9564,0.964,0.8,1.0,0.6667
0.93,0.25,0.9564,0.7679,0.8873,0.6921,0.9503,0.9512,0.9564,0.9564,0.964,0.8,1.0,0.6667
0.93,0.26,0.9564,0.7679,0.8873,0.6921,0.9503,0.9512,0.9564,0.9564,0.964,0.8,1.0,0.6667
0.93,0.27,0.9564,0.7679,0.8873,0.6921,0.9503,0.9512,0.9564,0.9564,0.964,0.8,1.0,0.6667
0.93,0.28,0.9564,0.7679,0.8873,0.6921,0.9503,0.9512,0.9564,0.9564,0.964,0.8,1.0,0.6667
0.93,0.29,0.9564,0.7679,0.8873,0.6921,0.9503,0.9512,0.9564,0.9564,0.964,0.8,1.0,0.6667
0.93,0.3,0.9564,0.7679,0.8873,0.6921,0.9503,0.9512,0.9564,0.9564,0.964,0.8,1.0,0.6667
0.93,0.31,0.9564,0.7679,0.8873,0.6921,0.9503,0.9512,0.9564,0.9564,0.964,0.8,1.0,0.6667
0.93,0.32,0.9564,0.7679,0.8873,0.6921,0.9503,0.9512,0.9564,0.9564,0.964,0.8,1.0,0.6667
0.93,0.33,0.9564,0.7679,0.8873,0.6921,0.9503,0.9512,0.9564,0.9564,0.964,0.8,1.0,0.6667
0.93,0.34,0.9564,0.7679,0.8873,0.6921,0.9503,0.9512,0.9564,0.9564,0.964,0.8,1.0,0.6667
0.93,0.35,0.9564,0.7679,0.8873,0.6921,0.9503,0.9512,0.9564,0.9564,0.964,0.8,1.0,0.6667
0.93,0.36,0.9564,0.7679,0.8873,0.6921,0.9503,0.9512,0.9564,0.9564,0.964,0.8,1.0,0.6667
0.93,0.37,0.9564,0.7679,0.8873,0.6921,0.9503,0.9512,0.9564,0.9564,0.964,0.8,1.0,0.6667
0.93,0.38,0.9564,0.7679,0.8873,0.6921,0.9503,0.9512,0.9564,0.9564,0.964,0.8,1.0,0.6667
0.93,0.39,0.9545,0.7202,0.887,0.6206,0.9481,0.9495,0.9545,0.9545,0.9621,0.7872,1.0,0.6491
0.93,0.4,0.9545,0.7202,0.887,0.6206,0.9481,0.9495,0.9545,0.9545,0.9621,0.7872,1.0,0.6491
0.93,0.41,0.9545,0.7202,0.887,0.6206,0.9481,0.9495,0.9545,0.9545,0.9621,0.7872,1.0,0.6491
0.93,0.42,0.9545,0.7202,0.887,0.6206,0.9481,0.9495,0.9545,0.9545,0.9621,0.7872,1.0,0.6491
0.93,0.43,0.9545,0.7202,0.887,0.6206,0.9481,0.9495,0.9545,0.9545,0.9621,0.7872,1.0,0.6491
0.93,0.44,0.9545,0.7202,0.887,0.6206,0.9481,0.9495,0.9545,0.9545,0.9621,0.7872,1.0,0.6491
0.93,0.45,0.9545,0.7202,0.887,0.6206,0.9481,0.9495,0.9545,0.9545,0.9621,0.7872,1.0,0.6491
0.93,0.46,0.9545,0.7202,0.887,0.6206,0.9481,0.9495,0.9545,0.9545,0.9621,0.7872,1.0,0.6491
0.93,0.47,0.9545,0.7202,0.887,0.6206,0.9481,0.9495,0.9545,0.9545,0.9621,0.7872,1.0,0.6491
0.93,0.48,0.9545,0.7202,0.887,0.6206,0.9481,0.9495,0.9545,0.9545,0.9621,0.7872,1.0,0.6491
0.93,0.49,0.9545,0.7202,0.887,0.6206,0.9481,0.9495,0.9545,0.9545,0.9621,0.7872,1.0,0.6491
0.93,0.5,0.9545,0.7202,0.887,0.6206,0.9481,0.9495,0.9545,0.9545,0.9621,0.7872,1.0,0.6491
0.93,0.51,0.9545,0.7202,0.887,0.6206,0.9481,0.9495,0.9545,0.9545,0.9621,0.7872,1.0,0.6491
0.93,0.52,0.9545,0.7202,0.887,0.6206,0.9481,0.9495,0.9545,0.9545,0.9621,0.7872,1.0,0.6491
0.93,0.53,0.9527,0.7144,0.8868,0.6122,0.946,0.9477,0.9527,0.9527,0.9602,0.7742,1.0,0.6316
0.93,0.54,0.9527,0.7144,0.8868,0.6122,0.946,0.9477,0.9527,0.9527,0.9602,0.7742,1.0,0.6316
0.93,0.55,0.9527,0.7144,0.8868,0.6122,0.946,0.9477,0.9527,0.9527,0.9602,0.7742,1.0,0.6316
0.93,0.56,0.9527,0.7144,0.8868,0.6122,0.946,0.9477,0.9527,0.9527,0.9602,0.7742,1.0,0.6316
0.93,0.57,0.9508,0.6921,0.8746,0.5884,0.9433,0.945,0.9508,0.9508,0.9583,0.7609,1.0,0.614
0.93,0.58,0.9508,0.6921,0.8746,0.5884,0.9433,0.945,0.9508,0.9508,0.9583,0.7609,1.0,0.614
0.93,0.59,0.9508,0.6921,0.8746,0.5884,0.9433,0.945,0.9508,0.9508,0.9583,0.7609,1.0,0.614
0.93,0.6,0.9508,0.6921,0.8746,0.5884,0.9433,0.945,0.9508,0.9508,0.9583,0.7609,1.0,0.614
0.93,0.61,0.9489,0.6859,0.8743,0.58,0.941,0.9433,0.9489,0.9489,0.9564,0.7473,1.0,0.5965
0.93,0.62,0.947,0.6706,0.874,0.5596,0.9387,0.9416,0.947,0.947,0.9545,0.7333,1.0,0.5789
0.93,0.63,0.947,0.6706,0.874,0.5596,0.9387,0.9416,0.947,0.947,0.9545,0.7333,1.0,0.5789
0.93,0.64,0.947,0.6706,0.874,0.5596,0.9387,0.9416,0.947,0.947,0.9545,0.7333,1.0,0.5789
0.93,0.65,0.947,0.6706,0.874,0.5596,0.9387,0.9416,0.947,0.947,0.9545,0.7333,1.0,0.5789
0.93,0.66,0.947,0.6706,0.874,0.5596,0.9387,0.9416,0.947,0.947,0.9545,0.7333,1.0,0.5789
0.93,0.67,0.947,0.6706,0.874,0.5596,0.9387,0.9416,0.947,0.947,0.9545,0.7333,1.0,0.5789
0.93,0.68,0.9451,0.6641,0.8738,0.5512,0.9364,0.9399,0.9451,0.9451,0.9527,0.7191,1.0,0.5614
0.93,0.69,0.9432,0.6551,0.8735,0.5402,0.934,0.9382,0.9432,0.9432,0.9508,0.7045,1.0,0.5439
0.93,0.7,0.9432,0.6551,0.8735,0.5402,0.934,0.9382,0.9432,0.9432,0.9508,0.7045,1.0,0.5439
0.93,0.71,0.9432,0.6551,0.8735,0.5402,0.934,0.9382,0.9432,0.9432,0.9508,0.7045,1.0,0.5439
0.93,0.72,0.9432,0.6551,0.8735,0.5402,0.934,0.9382,0.9432,0.9432,0.9508,0.7045,1.0,0.5439
0.93,0.73,0.9432,0.6551,0.8735,0.5402,0.934,0.9382,0.9432,0.9432,0.9508,0.7045,1.0,0.5439
0.93,0.74,0.9432,0.6551,0.8735,0.5402,0.934,0.9382,0.9432,0.9432,0.9508,0.7045,1.0,0.5439
0.93,0.75,0.9432,0.6551,0.8735,0.5402,0.934,0.9382,0.9432,0.9432,0.9508,0.7045,1.0,0.5439
0.93,0.76,0.9432,0.6551,0.8735,0.5402,0.934,0.9382,0.9432,0.9432,0.9508,0.7045,1.0,0.5439
0.93,0.77,0.9432,0.6551,0.8735,0.5402,0.934,0.9382,0.9432,0.9432,0.9508,0.7045,1.0,0.5439
0.93,0.78,0.9432,0.6551,0.8735,0.5402,0.934,0.9382,0.9432,0.9432,0.9508,0.7045,1.0,0.5439
0.93,0.79,0.9432,0.6551,0.8735,0.5402,0.934,0.9382,0.9432,0.9432,0.9508,0.7045,1.0,0.5439
0.93,0.8,0.9432,0.6551,0.8735,0.5402,0.934,0.9382,0.9432,0.9432,0.9508,0.7045,1.0,0.5439
0.93,0.81,0.9432,0.6551,0.8735,0.5402,0.934,0.9382,0.9432,0.9432,0.9508,0.7045,1.0,0.5439
0.93,0.82,0.9432,0.6551,0.8735,0.5402,0.934,0.9382,0.9432,0.9432,0.9508,0.7045,1.0,0.5439
0.93,0.83,0.9432,0.6551,0.8735,0.5402,0.934,0.9382,0.9432,0.9432,0.9508,0.7045,1.0,0.5439
0.93,0.84,0.9432,0.6577,0.8875,0.5402,0.9335,0.9388,0.9432,0.9432,0.9489,0.6897,1.0,0.5263
0.93,0.85,0.9432,0.6608,0.9087,0.5402,0.9331,0.9405,0.9432,0.9432,0.947,0.6744,1.0,0.5088
0.93,0.86,0.9432,0.6608,0.9087,0.5402,0.9331,0.9405,0.9432,0.9432,0.947,0.6744,1.0,0.5088
0.93,0.87,0.9432,0.6608,0.9087,0.5402,0.9331,0.9405,0.9432,0.9432,0.947,0.6744,1.0,0.5088
0.93,0.88,0.9432,0.6608,0.9087,0.5402,0.9331,0.9405,0.9432,0.9432,0.947,0.6744,1.0,0.5088
0.93,0.89,0.9432,0.6608,0.9087,0.5402,0.9331,0.9405,0.9432,0.9432,0.947,0.6744,1.0,0.5088
0.93,0.9,0.9432,0.6608,0.9087,0.5402,0.9331,0.9405,0.9432,0.9432,0.947,0.6744,1.0,0.5088
0.93,0.91,0.9432,0.6608,0.9087,0.5402,0.9331,0.9405,0.9432,0.9432,0.947,0.6744,1.0,0.5088
0.93,0.92,0.9413,0.6537,0.9084,0.5318,0.9307,0.9388,0.9413,0.9413,0.9451,0.6588,1.0,0.4912
0.93,0.93,0.9413,0.6537,0.9084,0.5318,0.9307,0.9388,0.9413,0.9413,0.9451,0.6588,1.0,0.4912
0.94,0.0,0.9413,0.6537,0.9084,0.5318,0.9307,0.9388,0.9413,0.9413,0.9451,0.6588,1.0,0.4912
0.94,0.01,0.9261,0.7076,0.7547,0.6953,0.9296,0.9367,0.9261,0.9261,0.9337,0.6903,0.6964,0.6842
0.94,0.02,0.9337,0.7165,0.7669,0.6965,0.9343,0.9384,0.9337,0.9337,0.9413,0.7156,0.75,0.6842
0.94,0.03,0.9413,0.7278,0.7844,0.6977,0.9392,0.9407,0.9413,0.9413,0.9489,0.7429,0.8125,0.6842
0.94,0.04,0.947,0.7406,0.8028,0.6986,0.9431,0.9424,0.947,0.947,0.9545,0.7647,0.8667,0.6842
0.94,0.05,0.9508,0.7529,0.8274,0.6992,0.9459,0.9444,0.9508,0.9508,0.9583,0.78,0.907,0.6842
0.94,0.06,0.9564,0.7706,0.8774,0.7002,0.951,0.9513,0.9564,0.9564,0.964,0.8041,0.975,0.6842
0.94,0.07,0.9564,0.7706,0.8774,0.7002,0.951,0.9513,0.9564,0.9564,0.964,0.8041,0.975,0.6842
0.94,0.08,0.9564,0.7706,0.8774,0.7002,0.951,0.9513,0.9564,0.9564,0.964,0.8041,0.975,0.6842
0.94,0.09,0.9583,0.7733,0.8876,0.7005,0.9524,0.953,0.9583,0.9583,0.9659,0.8125,1.0,0.6842
0.94,0.1,0.9583,0.7733,0.8876,0.7005,0.9524,0.953,0.9583,0.9583,0.9659,0.8125,1.0,0.6842
0.94,0.11,0.9583,0.7733,0.8876,0.7005,0.9524,0.953,0.9583,0.9583,0.9659,0.8125,1.0,0.6842
0.94,0.12,0.9583,0.7733,0.8876,0.7005,0.9524,0.953,0.9583,0.9583,0.9659,0.8125,1.0,0.6842
0.94,0.13,0.9583,0.7733,0.8876,0.7005,0.9524,0.953,0.9583,0.9583,0.9659,0.8125,1.0,0.6842
0.94,0.14,0.9583,0.7733,0.8876,0.7005,0.9524,0.953,0.9583,0.9583,0.9659,0.8125,1.0,0.6842
0.94,0.15,0.9583,0.7733,0.8876,0.7005,0.9524,0.953,0.9583,0.9583,0.9659,0.8125,1.0,0.6842
0.94,0.16,0.9564,0.7679,0.8873,0.6921,0.9503,0.9512,0.9564,0.9564,0.964,0.8,1.0,0.6667
0.94,0.17,0.9564,0.7679,0.8873,0.6921,0.9503,0.9512,0.9564,0.9564,0.964,0.8,1.0,0.6667
0.94,0.18,0.9564,0.7679,0.8873,0.6921,0.9503,0.9512,0.9564,0.9564,0.964,0.8,1.0,0.6667
0.94,0.19,0.9564,0.7679,0.8873,0.6921,0.9503,0.9512,0.9564,0.9564,0.964,0.8,1.0,0.6667
0.94,0.2,0.9564,0.7679,0.8873,0.6921,0.9503,0.9512,0.9564,0.9564,0.964,0.8,1.0,0.6667
0.94,0.21,0.9564,0.7679,0.8873,0.6921,0.9503,0.9512,0.9564,0.9564,0.964,0.8,1.0,0.6667
0.94,0.22,0.9564,0.7679,0.8873,0.6921,0.9503,0.9512,0.9564,0.9564,0.964,0.8,1.0,0.6667
0.94,0.23,0.9564,0.7679,0.8873,0.6921,0.9503,0.9512,0.9564,0.9564,0.964,0.8,1.0,0.6667
0.94,0.24,0.9564,0.7679,0.8873,0.6921,0.9503,0.9512,0.9564,0.9564,0.964,0.8,1.0,0.6667
0.94,0.25,0.9564,0.7679,0.8873,0.6921,0.9503,0.9512,0.9564,0.9564,0.964,0.8,1.0,0.6667
0.94,0.26,0.9564,0.7679,0.8873,0.6921,0.9503,0.9512,0.9564,0.9564,0.964,0.8,1.0,0.6667
0.94,0.27,0.9564,0.7679,0.8873,0.6921,0.9503,0.9512,0.9564,0.9564,0.964,0.8,1.0,0.6667
0.94,0.28,0.9564,0.7679,0.8873,0.6921,0.9503,0.9512,0.9564,0.9564,0.964,0.8,1.0,0.6667
0.94,0.29,0.9564,0.7679,0.8873,0.6921,0.9503,0.9512,0.9564,0.9564,0.964,0.8,1.0,0.6667
0.94,0.3,0.9564,0.7679,0.8873,0.6921,0.9503,0.9512,0.9564,0.9564,0.964,0.8,1.0,0.6667
0.94,0.31,0.9564,0.7679,0.8873,0.6921,0.9503,0.9512,0.9564,0.9564,0.964,0.8,1.0,0.6667
0.94,0.32,0.9564,0.7679,0.8873,0.6921,0.9503,0.9512,0.9564,0.9564,0.964,0.8,1.0,0.6667
0.94,0.33,0.9564,0.7679,0.8873,0.6921,0.9503,0.9512,0.9564,0.9564,0.964,0.8,1.0,0.6667
0.94,0.34,0.9564,0.7679,0.8873,0.6921,0.9503,0.9512,0.9564,0.9564,0.964,0.8,1.0,0.6667
0.94,0.35,0.9564,0.7679,0.8873,0.6921,0.9503,0.9512,0.9564,0.9564,0.964,0.8,1.0,0.6667
0.94,0.36,0.9564,0.7679,0.8873,0.6921,0.9503,0.9512,0.9564,0.9564,0.964,0.8,1.0,0.6667
0.94,0.37,0.9564,0.7679,0.8873,0.6921,0.9503,0.9512,0.9564,0.9564,0.964,0.8,1.0,0.6667
0.94,0.38,0.9564,0.7679,0.8873,0.6921,0.9503,0.9512,0.9564,0.9564,0.964,0.8,1.0,0.6667
0.94,0.39,0.9545,0.7202,0.887,0.6206,0.9481,0.9495,0.9545,0.9545,0.9621,0.7872,1.0,0.6491
0.94,0.4,0.9545,0.7202,0.887,0.6206,0.9481,0.9495,0.9545,0.9545,0.9621,0.7872,1.0,0.6491
0.94,0.41,0.9545,0.7202,0.887,0.6206,0.9481,0.9495,0.9545,0.9545,0.9621,0.7872,1.0,0.6491
0.94,0.42,0.9545,0.7202,0.887,0.6206,0.9481,0.9495,0.9545,0.9545,0.9621,0.7872,1.0,0.6491
0.94,0.43,0.9545,0.7202,0.887,0.6206,0.9481,0.9495,0.9545,0.9545,0.9621,0.7872,1.0,0.6491
0.94,0.44,0.9545,0.7202,0.887,0.6206,0.9481,0.9495,0.9545,0.9545,0.9621,0.7872,1.0,0.6491
0.94,0.45,0.9545,0.7202,0.887,0.6206,0.9481,0.9495,0.9545,0.9545,0.9621,0.7872,1.0,0.6491
0.94,0.46,0.9545,0.7202,0.887,0.6206,0.9481,0.9495,0.9545,0.9545,0.9621,0.7872,1.0,0.6491
0.94,0.47,0.9545,0.7202,0.887,0.6206,0.9481,0.9495,0.9545,0.9545,0.9621,0.7872,1.0,0.6491
0.94,0.48,0.9545,0.7202,0.887,0.6206,0.9481,0.9495,0.9545,0.9545,0.9621,0.7872,1.0,0.6491
0.94,0.49,0.9545,0.7202,0.887,0.6206,0.9481,0.9495,0.9545,0.9545,0.9621,0.7872,1.0,0.6491
0.94,0.5,0.9545,0.7202,0.887,0.6206,0.9481,0.9495,0.9545,0.9545,0.9621,0.7872,1.0,0.6491
0.94,0.51,0.9545,0.7202,0.887,0.6206,0.9481,0.9495,0.9545,0.9545,0.9621,0.7872,1.0,0.6491
0.94,0.52,0.9545,0.7202,0.887,0.6206,0.9481,0.9495,0.9545,0.9545,0.9621,0.7872,1.0,0.6491
0.94,0.53,0.9527,0.7144,0.8868,0.6122,0.946,0.9477,0.9527,0.9527,0.9602,0.7742,1.0,0.6316
0.94,0.54,0.9527,0.7144,0.8868,0.6122,0.946,0.9477,0.9527,0.9527,0.9602,0.7742,1.0,0.6316
0.94,0.55,0.9527,0.7144,0.8868,0.6122,0.946,0.9477,0.9527,0.9527,0.9602,0.7742,1.0,0.6316
0.94,0.56,0.9527,0.7144,0.8868,0.6122,0.946,0.9477,0.9527,0.9527,0.9602,0.7742,1.0,0.6316
0.94,0.57,0.9508,0.6921,0.8746,0.5884,0.9433,0.945,0.9508,0.9508,0.9583,0.7609,1.0,0.614
0.94,0.58,0.9508,0.6921,0.8746,0.5884,0.9433,0.945,0.9508,0.9508,0.9583,0.7609,1.0,0.614
0.94,0.59,0.9508,0.6921,0.8746,0.5884,0.9433,0.945,0.9508,0.9508,0.9583,0.7609,1.0,0.614
0.94,0.6,0.9508,0.6921,0.8746,0.5884,0.9433,0.945,0.9508,0.9508,0.9583,0.7609,1.0,0.614
0.94,0.61,0.9489,0.6859,0.8743,0.58,0.941,0.9433,0.9489,0.9489,0.9564,0.7473,1.0,0.5965
0.94,0.62,0.947,0.6706,0.874,0.5596,0.9387,0.9416,0.947,0.947,0.9545,0.7333,1.0,0.5789
0.94,0.63,0.947,0.6706,0.874,0.5596,0.9387,0.9416,0.947,0.947,0.9545,0.7333,1.0,0.5789
0.94,0.64,0.947,0.6706,0.874,0.5596,0.9387,0.9416,0.947,0.947,0.9545,0.7333,1.0,0.5789
0.94,0.65,0.947,0.6706,0.874,0.5596,0.9387,0.9416,0.947,0.947,0.9545,0.7333,1.0,0.5789
0.94,0.66,0.947,0.6706,0.874,0.5596,0.9387,0.9416,0.947,0.947,0.9545,0.7333,1.0,0.5789
0.94,0.67,0.947,0.6706,0.874,0.5596,0.9387,0.9416,0.947,0.947,0.9545,0.7333,1.0,0.5789
0.94,0.68,0.9451,0.6641,0.8738,0.5512,0.9364,0.9399,0.9451,0.9451,0.9527,0.7191,1.0,0.5614
0.94,0.69,0.9432,0.6551,0.8735,0.5402,0.934,0.9382,0.9432,0.9432,0.9508,0.7045,1.0,0.5439
0.94,0.7,0.9432,0.6551,0.8735,0.5402,0.934,0.9382,0.9432,0.9432,0.9508,0.7045,1.0,0.5439
0.94,0.71,0.9432,0.6551,0.8735,0.5402,0.934,0.9382,0.9432,0.9432,0.9508,0.7045,1.0,0.5439
0.94,0.72,0.9432,0.6551,0.8735,0.5402,0.934,0.9382,0.9432,0.9432,0.9508,0.7045,1.0,0.5439
0.94,0.73,0.9432,0.6551,0.8735,0.5402,0.934,0.9382,0.9432,0.9432,0.9508,0.7045,1.0,0.5439
0.94,0.74,0.9432,0.6551,0.8735,0.5402,0.934,0.9382,0.9432,0.9432,0.9508,0.7045,1.0,0.5439
0.94,0.75,0.9432,0.6551,0.8735,0.5402,0.934,0.9382,0.9432,0.9432,0.9508,0.7045,1.0,0.5439
0.94,0.76,0.9432,0.6551,0.8735,0.5402,0.934,0.9382,0.9432,0.9432,0.9508,0.7045,1.0,0.5439
0.94,0.77,0.9432,0.6551,0.8735,0.5402,0.934,0.9382,0.9432,0.9432,0.9508,0.7045,1.0,0.5439
0.94,0.78,0.9432,0.6551,0.8735,0.5402,0.934,0.9382,0.9432,0.9432,0.9508,0.7045,1.0,0.5439
0.94,0.79,0.9432,0.6551,0.8735,0.5402,0.934,0.9382,0.9432,0.9432,0.9508,0.7045,1.0,0.5439
0.94,0.8,0.9432,0.6551,0.8735,0.5402,0.934,0.9382,0.9432,0.9432,0.9508,0.7045,1.0,0.5439
0.94,0.81,0.9432,0.6551,0.8735,0.5402,0.934,0.9382,0.9432,0.9432,0.9508,0.7045,1.0,0.5439
0.94,0.82,0.9432,0.6551,0.8735,0.5402,0.934,0.9382,0.9432,0.9432,0.9508,0.7045,1.0,0.5439
0.94,0.83,0.9432,0.6551,0.8735,0.5402,0.934,0.9382,0.9432,0.9432,0.9508,0.7045,1.0,0.5439
0.94,0.84,0.9432,0.6577,0.8875,0.5402,0.9335,0.9388,0.9432,0.9432,0.9489,0.6897,1.0,0.5263
0.94,0.85,0.9432,0.6608,0.9087,0.5402,0.9331,0.9405,0.9432,0.9432,0.947,0.6744,1.0,0.5088
0.94,0.86,0.9432,0.6608,0.9087,0.5402,0.9331,0.9405,0.9432,0.9432,0.947,0.6744,1.0,0.5088
0.94,0.87,0.9432,0.6608,0.9087,0.5402,0.9331,0.9405,0.9432,0.9432,0.947,0.6744,1.0,0.5088
0.94,0.88,0.9432,0.6608,0.9087,0.5402,0.9331,0.9405,0.9432,0.9432,0.947,0.6744,1.0,0.5088
0.94,0.89,0.9432,0.6608,0.9087,0.5402,0.9331,0.9405,0.9432,0.9432,0.947,0.6744,1.0,0.5088
0.94,0.9,0.9432,0.6608,0.9087,0.5402,0.9331,0.9405,0.9432,0.9432,0.947,0.6744,1.0,0.5088
0.94,0.91,0.9432,0.6608,0.9087,0.5402,0.9331,0.9405,0.9432,0.9432,0.947,0.6744,1.0,0.5088
0.94,0.92,0.9413,0.6537,0.9084,0.5318,0.9307,0.9388,0.9413,0.9413,0.9451,0.6588,1.0,0.4912
0.94,0.93,0.9413,0.6537,0.9084,0.5318,0.9307,0.9388,0.9413,0.9413,0.9451,0.6588,1.0,0.4912
0.94,0.94,0.9413,0.6537,0.9084,0.5318,0.9307,0.9388,0.9413,0.9413,0.9451,0.6588,1.0,0.4912
0.95,0.0,0.9413,0.6537,0.9084,0.5318,0.9307,0.9388,0.9413,0.9413,0.9451,0.6588,1.0,0.4912
0.95,0.01,0.9261,0.7076,0.7547,0.6953,0.9296,0.9367,0.9261,0.9261,0.9337,0.6903,0.6964,0.6842
0.95,0.02,0.9337,0.7165,0.7669,0.6965,0.9343,0.9384,0.9337,0.9337,0.9413,0.7156,0.75,0.6842
0.95,0.03,0.9413,0.7278,0.7844,0.6977,0.9392,0.9407,0.9413,0.9413,0.9489,0.7429,0.8125,0.6842
0.95,0.04,0.947,0.7406,0.8028,0.6986,0.9431,0.9424,0.947,0.947,0.9545,0.7647,0.8667,0.6842
0.95,0.05,0.9508,0.7529,0.8274,0.6992,0.9459,0.9444,0.9508,0.9508,0.9583,0.78,0.907,0.6842
0.95,0.06,0.9564,0.7706,0.8774,0.7002,0.951,0.9513,0.9564,0.9564,0.964,0.8041,0.975,0.6842
0.95,0.07,0.9564,0.7706,0.8774,0.7002,0.951,0.9513,0.9564,0.9564,0.964,0.8041,0.975,0.6842
0.95,0.08,0.9564,0.7706,0.8774,0.7002,0.951,0.9513,0.9564,0.9564,0.964,0.8041,0.975,0.6842
0.95,0.09,0.9583,0.7733,0.8876,0.7005,0.9524,0.953,0.9583,0.9583,0.9659,0.8125,1.0,0.6842
0.95,0.1,0.9583,0.7733,0.8876,0.7005,0.9524,0.953,0.9583,0.9583,0.9659,0.8125,1.0,0.6842
0.95,0.11,0.9583,0.7733,0.8876,0.7005,0.9524,0.953,0.9583,0.9583,0.9659,0.8125,1.0,0.6842
0.95,0.12,0.9583,0.7733,0.8876,0.7005,0.9524,0.953,0.9583,0.9583,0.9659,0.8125,1.0,0.6842
0.95,0.13,0.9583,0.7733,0.8876,0.7005,0.9524,0.953,0.9583,0.9583,0.9659,0.8125,1.0,0.6842
0.95,0.14,0.9583,0.7733,0.8876,0.7005,0.9524,0.953,0.9583,0.9583,0.9659,0.8125,1.0,0.6842
0.95,0.15,0.9583,0.7733,0.8876,0.7005,0.9524,0.953,0.9583,0.9583,0.9659,0.8125,1.0,0.6842
0.95,0.16,0.9564,0.7679,0.8873,0.6921,0.9503,0.9512,0.9564,0.9564,0.964,0.8,1.0,0.6667
0.95,0.17,0.9564,0.7679,0.8873,0.6921,0.9503,0.9512,0.9564,0.9564,0.964,0.8,1.0,0.6667
0.95,0.18,0.9564,0.7679,0.8873,0.6921,0.9503,0.9512,0.9564,0.9564,0.964,0.8,1.0,0.6667
0.95,0.19,0.9564,0.7679,0.8873,0.6921,0.9503,0.9512,0.9564,0.9564,0.964,0.8,1.0,0.6667
0.95,0.2,0.9564,0.7679,0.8873,0.6921,0.9503,0.9512,0.9564,0.9564,0.964,0.8,1.0,0.6667
0.95,0.21,0.9564,0.7679,0.8873,0.6921,0.9503,0.9512,0.9564,0.9564,0.964,0.8,1.0,0.6667
0.95,0.22,0.9564,0.7679,0.8873,0.6921,0.9503,0.9512,0.9564,0.9564,0.964,0.8,1.0,0.6667
0.95,0.23,0.9564,0.7679,0.8873,0.6921,0.9503,0.9512,0.9564,0.9564,0.964,0.8,1.0,0.6667
0.95,0.24,0.9564,0.7679,0.8873,0.6921,0.9503,0.9512,0.9564,0.9564,0.964,0.8,1.0,0.6667
0.95,0.25,0.9564,0.7679,0.8873,0.6921,0.9503,0.9512,0.9564,0.9564,0.964,0.8,1.0,0.6667
0.95,0.26,0.9564,0.7679,0.8873,0.6921,0.9503,0.9512,0.9564,0.9564,0.964,0.8,1.0,0.6667
0.95,0.27,0.9564,0.7679,0.8873,0.6921,0.9503,0.9512,0.9564,0.9564,0.964,0.8,1.0,0.6667
0.95,0.28,0.9564,0.7679,0.8873,0.6921,0.9503,0.9512,0.9564,0.9564,0.964,0.8,1.0,0.6667
0.95,0.29,0.9564,0.7679,0.8873,0.6921,0.9503,0.9512,0.9564,0.9564,0.964,0.8,1.0,0.6667
0.95,0.3,0.9564,0.7679,0.8873,0.6921,0.9503,0.9512,0.9564,0.9564,0.964,0.8,1.0,0.6667
0.95,0.31,0.9564,0.7679,0.8873,0.6921,0.9503,0.9512,0.9564,0.9564,0.964,0.8,1.0,0.6667
0.95,0.32,0.9564,0.7679,0.8873,0.6921,0.9503,0.9512,0.9564,0.9564,0.964,0.8,1.0,0.6667
0.95,0.33,0.9564,0.7679,0.8873,0.6921,0.9503,0.9512,0.9564,0.9564,0.964,0.8,1.0,0.6667
0.95,0.34,0.9564,0.7679,0.8873,0.6921,0.9503,0.9512,0.9564,0.9564,0.964,0.8,1.0,0.6667
0.95,0.35,0.9564,0.7679,0.8873,0.6921,0.9503,0.9512,0.9564,0.9564,0.964,0.8,1.0,0.6667
0.95,0.36,0.9564,0.7679,0.8873,0.6921,0.9503,0.9512,0.9564,0.9564,0.964,0.8,1.0,0.6667
0.95,0.37,0.9564,0.7679,0.8873,0.6921,0.9503,0.9512,0.9564,0.9564,0.964,0.8,1.0,0.6667
0.95,0.38,0.9564,0.7679,0.8873,0.6921,0.9503,0.9512,0.9564,0.9564,0.964,0.8,1.0,0.6667
0.95,0.39,0.9545,0.7202,0.887,0.6206,0.9481,0.9495,0.9545,0.9545,0.9621,0.7872,1.0,0.6491
0.95,0.4,0.9545,0.7202,0.887,0.6206,0.9481,0.9495,0.9545,0.9545,0.9621,0.7872,1.0,0.6491
0.95,0.41,0.9545,0.7202,0.887,0.6206,0.9481,0.9495,0.9545,0.9545,0.9621,0.7872,1.0,0.6491
0.95,0.42,0.9545,0.7202,0.887,0.6206,0.9481,0.9495,0.9545,0.9545,0.9621,0.7872,1.0,0.6491
0.95,0.43,0.9545,0.7202,0.887,0.6206,0.9481,0.9495,0.9545,0.9545,0.9621,0.7872,1.0,0.6491
0.95,0.44,0.9545,0.7202,0.887,0.6206,0.9481,0.9495,0.9545,0.9545,0.9621,0.7872,1.0,0.6491
0.95,0.45,0.9545,0.7202,0.887,0.6206,0.9481,0.9495,0.9545,0.9545,0.9621,0.7872,1.0,0.6491
0.95,0.46,0.9545,0.7202,0.887,0.6206,0.9481,0.9495,0.9545,0.9545,0.9621,0.7872,1.0,0.6491
0.95,0.47,0.9545,0.7202,0.887,0.6206,0.9481,0.9495,0.9545,0.9545,0.9621,0.7872,1.0,0.6491
0.95,0.48,0.9545,0.7202,0.887,0.6206,0.9481,0.9495,0.9545,0.9545,0.9621,0.7872,1.0,0.6491
0.95,0.49,0.9545,0.7202,0.887,0.6206,0.9481,0.9495,0.9545,0.9545,0.9621,0.7872,1.0,0.6491
0.95,0.5,0.9545,0.7202,0.887,0.6206,0.9481,0.9495,0.9545,0.9545,0.9621,0.7872,1.0,0.6491
0.95,0.51,0.9545,0.7202,0.887,0.6206,0.9481,0.9495,0.9545,0.9545,0.9621,0.7872,1.0,0.6491
0.95,0.52,0.9545,0.7202,0.887,0.6206,0.9481,0.9495,0.9545,0.9545,0.9621,0.7872,1.0,0.6491
0.95,0.53,0.9527,0.7144,0.8868,0.6122,0.946,0.9477,0.9527,0.9527,0.9602,0.7742,1.0,0.6316
0.95,0.54,0.9527,0.7144,0.8868,0.6122,0.946,0.9477,0.9527,0.9527,0.9602,0.7742,1.0,0.6316
0.95,0.55,0.9527,0.7144,0.8868,0.6122,0.946,0.9477,0.9527,0.9527,0.9602,0.7742,1.0,0.6316
0.95,0.56,0.9527,0.7144,0.8868,0.6122,0.946,0.9477,0.9527,0.9527,0.9602,0.7742,1.0,0.6316
0.95,0.57,0.9508,0.6921,0.8746,0.5884,0.9433,0.945,0.9508,0.9508,0.9583,0.7609,1.0,0.614
0.95,0.58,0.9508,0.6921,0.8746,0.5884,0.9433,0.945,0.9508,0.9508,0.9583,0.7609,1.0,0.614
0.95,0.59,0.9508,0.6921,0.8746,0.5884,0.9433,0.945,0.9508,0.9508,0.9583,0.7609,1.0,0.614
0.95,0.6,0.9508,0.6921,0.8746,0.5884,0.9433,0.945,0.9508,0.9508,0.9583,0.7609,1.0,0.614
0.95,0.61,0.9489,0.6859,0.8743,0.58,0.941,0.9433,0.9489,0.9489,0.9564,0.7473,1.0,0.5965
0.95,0.62,0.947,0.6706,0.874,0.5596,0.9387,0.9416,0.947,0.947,0.9545,0.7333,1.0,0.5789
0.95,0.63,0.947,0.6706,0.874,0.5596,0.9387,0.9416,0.947,0.947,0.9545,0.7333,1.0,0.5789
0.95,0.64,0.947,0.6706,0.874,0.5596,0.9387,0.9416,0.947,0.947,0.9545,0.7333,1.0,0.5789
0.95,0.65,0.947,0.6706,0.874,0.5596,0.9387,0.9416,0.947,0.947,0.9545,0.7333,1.0,0.5789
0.95,0.66,0.947,0.6706,0.874,0.5596,0.9387,0.9416,0.947,0.947,0.9545,0.7333,1.0,0.5789
0.95,0.67,0.947,0.6706,0.874,0.5596,0.9387,0.9416,0.947,0.947,0.9545,0.7333,1.0,0.5789
0.95,0.68,0.9451,0.6641,0.8738,0.5512,0.9364,0.9399,0.9451,0.9451,0.9527,0.7191,1.0,0.5614
0.95,0.69,0.9432,0.6551,0.8735,0.5402,0.934,0.9382,0.9432,0.9432,0.9508,0.7045,1.0,0.5439
0.95,0.7,0.9432,0.6551,0.8735,0.5402,0.934,0.9382,0.9432,0.9432,0.9508,0.7045,1.0,0.5439
0.95,0.71,0.9432,0.6551,0.8735,0.5402,0.934,0.9382,0.9432,0.9432,0.9508,0.7045,1.0,0.5439
0.95,0.72,0.9432,0.6551,0.8735,0.5402,0.934,0.9382,0.9432,0.9432,0.9508,0.7045,1.0,0.5439
0.95,0.73,0.9432,0.6551,0.8735,0.5402,0.934,0.9382,0.9432,0.9432,0.9508,0.7045,1.0,0.5439
0.95,0.74,0.9432,0.6551,0.8735,0.5402,0.934,0.9382,0.9432,0.9432,0.9508,0.7045,1.0,0.5439
0.95,0.75,0.9432,0.6551,0.8735,0.5402,0.934,0.9382,0.9432,0.9432,0.9508,0.7045,1.0,0.5439
0.95,0.76,0.9432,0.6551,0.8735,0.5402,0.934,0.9382,0.9432,0.9432,0.9508,0.7045,1.0,0.5439
0.95,0.77,0.9432,0.6551,0.8735,0.5402,0.934,0.9382,0.9432,0.9432,0.9508,0.7045,1.0,0.5439
0.95,0.78,0.9432,0.6551,0.8735,0.5402,0.934,0.9382,0.9432,0.9432,0.9508,0.7045,1.0,0.5439
0.95,0.79,0.9432,0.6551,0.8735,0.5402,0.934,0.9382,0.9432,0.9432,0.9508,0.7045,1.0,0.5439
0.95,0.8,0.9432,0.6551,0.8735,0.5402,0.934,0.9382,0.9432,0.9432,0.9508,0.7045,1.0,0.5439
0.95,0.81,0.9432,0.6551,0.8735,0.5402,0.934,0.9382,0.9432,0.9432,0.9508,0.7045,1.0,0.5439
0.95,0.82,0.9432,0.6551,0.8735,0.5402,0.934,0.9382,0.9432,0.9432,0.9508,0.7045,1.0,0.5439
0.95,0.83,0.9432,0.6551,0.8735,0.5402,0.934,0.9382,0.9432,0.9432,0.9508,0.7045,1.0,0.5439
0.95,0.84,0.9432,0.6577,0.8875,0.5402,0.9335,0.9388,0.9432,0.9432,0.9489,0.6897,1.0,0.5263
0.95,0.85,0.9432,0.6608,0.9087,0.5402,0.9331,0.9405,0.9432,0.9432,0.947,0.6744,1.0,0.5088
0.95,0.86,0.9432,0.6608,0.9087,0.5402,0.9331,0.9405,0.9432,0.9432,0.947,0.6744,1.0,0.5088
0.95,0.87,0.9432,0.6608,0.9087,0.5402,0.9331,0.9405,0.9432,0.9432,0.947,0.6744,1.0,0.5088
0.95,0.88,0.9432,0.6608,0.9087,0.5402,0.9331,0.9405,0.9432,0.9432,0.947,0.6744,1.0,0.5088
0.95,0.89,0.9432,0.6608,0.9087,0.5402,0.9331,0.9405,0.9432,0.9432,0.947,0.6744,1.0,0.5088
0.95,0.9,0.9432,0.6608,0.9087,0.5402,0.9331,0.9405,0.9432,0.9432,0.947,0.6744,1.0,0.5088
0.95,0.91,0.9432,0.6608,0.9087,0.5402,0.9331,0.9405,0.9432,0.9432,0.947,0.6744,1.0,0.5088
0.95,0.92,0.9413,0.6537,0.9084,0.5318,0.9307,0.9388,0.9413,0.9413,0.9451,0.6588,1.0,0.4912
0.95,0.93,0.9413,0.6537,0.9084,0.5318,0.9307,0.9388,0.9413,0.9413,0.9451,0.6588,1.0,0.4912
0.95,0.94,0.9413,0.6537,0.9084,0.5318,0.9307,0.9388,0.9413,0.9413,0.9451,0.6588,1.0,0.4912
0.95,0.95,0.9413,0.6537,0.9084,0.5318,0.9307,0.9388,0.9413,0.9413,0.9451,0.6588,1.0,0.4912
0.96,0.0,0.9375,0.6182,0.884,0.4996,0.925,0.9335,0.9375,0.9375,0.9413,0.6265,1.0,0.4561
0.96,0.01,0.9261,0.7076,0.7547,0.6953,0.9296,0.9367,0.9261,0.9261,0.9337,0.6903,0.6964,0.6842
0.96,0.02,0.9337,0.7165,0.7669,0.6965,0.9343,0.9384,0.9337,0.9337,0.9413,0.7156,0.75,0.6842
0.96,0.03,0.9413,0.7278,0.7844,0.6977,0.9392,0.9407,0.9413,0.9413,0.9489,0.7429,0.8125,0.6842
0.96,0.04,0.947,0.7406,0.8028,0.6986,0.9431,0.9424,0.947,0.947,0.9545,0.7647,0.8667,0.6842
0.96,0.05,0.9508,0.7529,0.8274,0.6992,0.9459,0.9444,0.9508,0.9508,0.9583,0.78,0.907,0.6842
0.96,0.06,0.9564,0.7706,0.8774,0.7002,0.951,0.9513,0.9564,0.9564,0.964,0.8041,0.975,0.6842
0.96,0.07,0.9564,0.7706,0.8774,0.7002,0.951,0.9513,0.9564,0.9564,0.964,0.8041,0.975,0.6842
0.96,0.08,0.9564,0.7706,0.8774,0.7002,0.951,0.9513,0.9564,0.9564,0.964,0.8041,0.975,0.6842
0.96,0.09,0.9583,0.7733,0.8876,0.7005,0.9524,0.953,0.9583,0.9583,0.9659,0.8125,1.0,0.6842
0.96,0.1,0.9583,0.7733,0.8876,0.7005,0.9524,0.953,0.9583,0.9583,0.9659,0.8125,1.0,0.6842
0.96,0.11,0.9583,0.7733,0.8876,0.7005,0.9524,0.953,0.9583,0.9583,0.9659,0.8125,1.0,0.6842
0.96,0.12,0.9583,0.7733,0.8876,0.7005,0.9524,0.953,0.9583,0.9583,0.9659,0.8125,1.0,0.6842
0.96,0.13,0.9583,0.7733,0.8876,0.7005,0.9524,0.953,0.9583,0.9583,0.9659,0.8125,1.0,0.6842
0.96,0.14,0.9583,0.7733,0.8876,0.7005,0.9524,0.953,0.9583,0.9583,0.9659,0.8125,1.0,0.6842
0.96,0.15,0.9583,0.7733,0.8876,0.7005,0.9524,0.953,0.9583,0.9583,0.9659,0.8125,1.0,0.6842
0.96,0.16,0.9564,0.7679,0.8873,0.6921,0.9503,0.9512,0.9564,0.9564,0.964,0.8,1.0,0.6667
0.96,0.17,0.9564,0.7679,0.8873,0.6921,0.9503,0.9512,0.9564,0.9564,0.964,0.8,1.0,0.6667
0.96,0.18,0.9564,0.7679,0.8873,0.6921,0.9503,0.9512,0.9564,0.9564,0.964,0.8,1.0,0.6667
0.96,0.19,0.9564,0.7679,0.8873,0.6921,0.9503,0.9512,0.9564,0.9564,0.964,0.8,1.0,0.6667
0.96,0.2,0.9564,0.7679,0.8873,0.6921,0.9503,0.9512,0.9564,0.9564,0.964,0.8,1.0,0.6667
0.96,0.21,0.9564,0.7679,0.8873,0.6921,0.9503,0.9512,0.9564,0.9564,0.964,0.8,1.0,0.6667
0.96,0.22,0.9564,0.7679,0.8873,0.6921,0.9503,0.9512,0.9564,0.9564,0.964,0.8,1.0,0.6667
0.96,0.23,0.9564,0.7679,0.8873,0.6921,0.9503,0.9512,0.9564,0.9564,0.964,0.8,1.0,0.6667
0.96,0.24,0.9564,0.7679,0.8873,0.6921,0.9503,0.9512,0.9564,0.9564,0.964,0.8,1.0,0.6667
0.96,0.25,0.9564,0.7679,0.8873,0.6921,0.9503,0.9512,0.9564,0.9564,0.964,0.8,1.0,0.6667
0.96,0.26,0.9564,0.7679,0.8873,0.6921,0.9503,0.9512,0.9564,0.9564,0.964,0.8,1.0,0.6667
0.96,0.27,0.9564,0.7679,0.8873,0.6921,0.9503,0.9512,0.9564,0.9564,0.964,0.8,1.0,0.6667
0.96,0.28,0.9564,0.7679,0.8873,0.6921,0.9503,0.9512,0.9564,0.9564,0.964,0.8,1.0,0.6667
0.96,0.29,0.9564,0.7679,0.8873,0.6921,0.9503,0.9512,0.9564,0.9564,0.964,0.8,1.0,0.6667
0.96,0.3,0.9564,0.7679,0.8873,0.6921,0.9503,0.9512,0.9564,0.9564,0.964,0.8,1.0,0.6667
0.96,0.31,0.9564,0.7679,0.8873,0.6921,0.9503,0.9512,0.9564,0.9564,0.964,0.8,1.0,0.6667
0.96,0.32,0.9564,0.7679,0.8873,0.6921,0.9503,0.9512,0.9564,0.9564,0.964,0.8,1.0,0.6667
0.96,0.33,0.9564,0.7679,0.8873,0.6921,0.9503,0.9512,0.9564,0.9564,0.964,0.8,1.0,0.6667
0.96,0.34,0.9564,0.7679,0.8873,0.6921,0.9503,0.9512,0.9564,0.9564,0.964,0.8,1.0,0.6667
0.96,0.35,0.9564,0.7679,0.8873,0.6921,0.9503,0.9512,0.9564,0.9564,0.964,0.8,1.0,0.6667
0.96,0.36,0.9564,0.7679,0.8873,0.6921,0.9503,0.9512,0.9564,0.9564,0.964,0.8,1.0,0.6667
0.96,0.37,0.9564,0.7679,0.8873,0.6921,0.9503,0.9512,0.9564,0.9564,0.964,0.8,1.0,0.6667
0.96,0.38,0.9564,0.7679,0.8873,0.6921,0.9503,0.9512,0.9564,0.9564,0.964,0.8,1.0,0.6667
0.96,0.39,0.9545,0.7202,0.887,0.6206,0.9481,0.9495,0.9545,0.9545,0.9621,0.7872,1.0,0.6491
0.96,0.4,0.9545,0.7202,0.887,0.6206,0.9481,0.9495,0.9545,0.9545,0.9621,0.7872,1.0,0.6491
0.96,0.41,0.9545,0.7202,0.887,0.6206,0.9481,0.9495,0.9545,0.9545,0.9621,0.7872,1.0,0.6491
0.96,0.42,0.9545,0.7202,0.887,0.6206,0.9481,0.9495,0.9545,0.9545,0.9621,0.7872,1.0,0.6491
0.96,0.43,0.9545,0.7202,0.887,0.6206,0.9481,0.9495,0.9545,0.9545,0.9621,0.7872,1.0,0.6491
0.96,0.44,0.9545,0.7202,0.887,0.6206,0.9481,0.9495,0.9545,0.9545,0.9621,0.7872,1.0,0.6491
0.96,0.45,0.9545,0.7202,0.887,0.6206,0.9481,0.9495,0.9545,0.9545,0.9621,0.7872,1.0,0.6491
0.96,0.46,0.9545,0.7202,0.887,0.6206,0.9481,0.9495,0.9545,0.9545,0.9621,0.7872,1.0,0.6491
0.96,0.47,0.9545,0.7202,0.887,0.6206,0.9481,0.9495,0.9545,0.9545,0.9621,0.7872,1.0,0.6491
0.96,0.48,0.9545,0.7202,0.887,0.6206,0.9481,0.9495,0.9545,0.9545,0.9621,0.7872,1.0,0.6491
0.96,0.49,0.9545,0.7202,0.887,0.6206,0.9481,0.9495,0.9545,0.9545,0.9621,0.7872,1.0,0.6491
0.96,0.5,0.9545,0.7202,0.887,0.6206,0.9481,0.9495,0.9545,0.9545,0.9621,0.7872,1.0,0.6491
0.96,0.51,0.9545,0.7202,0.887,0.6206,0.9481,0.9495,0.9545,0.9545,0.9621,0.7872,1.0,0.6491
0.96,0.52,0.9545,0.7202,0.887,0.6206,0.9481,0.9495,0.9545,0.9545,0.9621,0.7872,1.0,0.6491
0.96,0.53,0.9527,0.7144,0.8868,0.6122,0.946,0.9477,0.9527,0.9527,0.9602,0.7742,1.0,0.6316
0.96,0.54,0.9527,0.7144,0.8868,0.6122,0.946,0.9477,0.9527,0.9527,0.9602,0.7742,1.0,0.6316
0.96,0.55,0.9527,0.7144,0.8868,0.6122,0.946,0.9477,0.9527,0.9527,0.9602,0.7742,1.0,0.6316
0.96,0.56,0.9527,0.7144,0.8868,0.6122,0.946,0.9477,0.9527,0.9527,0.9602,0.7742,1.0,0.6316
0.96,0.57,0.9508,0.6921,0.8746,0.5884,0.9433,0.945,0.9508,0.9508,0.9583,0.7609,1.0,0.614
0.96,0.58,0.9508,0.6921,0.8746,0.5884,0.9433,0.945,0.9508,0.9508,0.9583,0.7609,1.0,0.614
0.96,0.59,0.9508,0.6921,0.8746,0.5884,0.9433,0.945,0.9508,0.9508,0.9583,0.7609,1.0,0.614
0.96,0.6,0.9508,0.6921,0.8746,0.5884,0.9433,0.945,0.9508,0.9508,0.9583,0.7609,1.0,0.614
0.96,0.61,0.9489,0.6859,0.8743,0.58,0.941,0.9433,0.9489,0.9489,0.9564,0.7473,1.0,0.5965
0.96,0.62,0.947,0.6706,0.874,0.5596,0.9387,0.9416,0.947,0.947,0.9545,0.7333,1.0,0.5789
0.96,0.63,0.947,0.6706,0.874,0.5596,0.9387,0.9416,0.947,0.947,0.9545,0.7333,1.0,0.5789
0.96,0.64,0.947,0.6706,0.874,0.5596,0.9387,0.9416,0.947,0.947,0.9545,0.7333,1.0,0.5789
0.96,0.65,0.947,0.6706,0.874,0.5596,0.9387,0.9416,0.947,0.947,0.9545,0.7333,1.0,0.5789
0.96,0.66,0.947,0.6706,0.874,0.5596,0.9387,0.9416,0.947,0.947,0.9545,0.7333,1.0,0.5789
0.96,0.67,0.947,0.6706,0.874,0.5596,0.9387,0.9416,0.947,0.947,0.9545,0.7333,1.0,0.5789
0.96,0.68,0.9451,0.6641,0.8738,0.5512,0.9364,0.9399,0.9451,0.9451,0.9527,0.7191,1.0,0.5614
0.96,0.69,0.9432,0.6551,0.8735,0.5402,0.934,0.9382,0.9432,0.9432,0.9508,0.7045,1.0,0.5439
0.96,0.7,0.9432,0.6551,0.8735,0.5402,0.934,0.9382,0.9432,0.9432,0.9508,0.7045,1.0,0.5439
0.96,0.71,0.9432,0.6551,0.8735,0.5402,0.934,0.9382,0.9432,0.9432,0.9508,0.7045,1.0,0.5439
0.96,0.72,0.9432,0.6551,0.8735,0.5402,0.934,0.9382,0.9432,0.9432,0.9508,0.7045,1.0,0.5439
0.96,0.73,0.9432,0.6551,0.8735,0.5402,0.934,0.9382,0.9432,0.9432,0.9508,0.7045,1.0,0.5439
0.96,0.74,0.9432,0.6551,0.8735,0.5402,0.934,0.9382,0.9432,0.9432,0.9508,0.7045,1.0,0.5439
0.96,0.75,0.9432,0.6551,0.8735,0.5402,0.934,0.9382,0.9432,0.9432,0.9508,0.7045,1.0,0.5439
0.96,0.76,0.9432,0.6551,0.8735,0.5402,0.934,0.9382,0.9432,0.9432,0.9508,0.7045,1.0,0.5439
0.96,0.77,0.9432,0.6551,0.8735,0.5402,0.934,0.9382,0.9432,0.9432,0.9508,0.7045,1.0,0.5439
0.96,0.78,0.9432,0.6551,0.8735,0.5402,0.934,0.9382,0.9432,0.9432,0.9508,0.7045,1.0,0.5439
0.96,0.79,0.9432,0.6551,0.8735,0.5402,0.934,0.9382,0.9432,0.9432,0.9508,0.7045,1.0,0.5439
0.96,0.8,0.9432,0.6551,0.8735,0.5402,0.934,0.9382,0.9432,0.9432,0.9508,0.7045,1.0,0.5439
0.96,0.81,0.9432,0.6551,0.8735,0.5402,0.934,0.9382,0.9432,0.9432,0.9508,0.7045,1.0,0.5439
0.96,0.82,0.9432,0.6551,0.8735,0.5402,0.934,0.9382,0.9432,0.9432,0.9508,0.7045,1.0,0.5439
0.96,0.83,0.9432,0.6551,0.8735,0.5402,0.934,0.9382,0.9432,0.9432,0.9508,0.7045,1.0,0.5439
0.96,0.84,0.9432,0.6577,0.8875,0.5402,0.9335,0.9388,0.9432,0.9432,0.9489,0.6897,1.0,0.5263
0.96,0.85,0.9432,0.6608,0.9087,0.5402,0.9331,0.9405,0.9432,0.9432,0.947,0.6744,1.0,0.5088
0.96,0.86,0.9432,0.6608,0.9087,0.5402,0.9331,0.9405,0.9432,0.9432,0.947,0.6744,1.0,0.5088
0.96,0.87,0.9432,0.6608,0.9087,0.5402,0.9331,0.9405,0.9432,0.9432,0.947,0.6744,1.0,0.5088
0.96,0.88,0.9432,0.6608,0.9087,0.5402,0.9331,0.9405,0.9432,0.9432,0.947,0.6744,1.0,0.5088
0.96,0.89,0.9432,0.6608,0.9087,0.5402,0.9331,0.9405,0.9432,0.9432,0.947,0.6744,1.0,0.5088
0.96,0.9,0.9432,0.6608,0.9087,0.5402,0.9331,0.9405,0.9432,0.9432,0.947,0.6744,1.0,0.5088
0.96,0.91,0.9432,0.6608,0.9087,0.5402,0.9331,0.9405,0.9432,0.9432,0.947,0.6744,1.0,0.5088
0.96,0.92,0.9413,0.6537,0.9084,0.5318,0.9307,0.9388,0.9413,0.9413,0.9451,0.6588,1.0,0.4912
0.96,0.93,0.9413,0.6537,0.9084,0.5318,0.9307,0.9388,0.9413,0.9413,0.9451,0.6588,1.0,0.4912
0.96,0.94,0.9413,0.6537,0.9084,0.5318,0.9307,0.9388,0.9413,0.9413,0.9451,0.6588,1.0,0.4912
0.96,0.95,0.9413,0.6537,0.9084,0.5318,0.9307,0.9388,0.9413,0.9413,0.9451,0.6588,1.0,0.4912
0.96,0.96,0.9375,0.6182,0.884,0.4996,0.925,0.9335,0.9375,0.9375,0.9413,0.6265,1.0,0.4561
0.97,0.0,0.928,0.5753,0.9539,0.4524,0.9106,0.9293,0.928,0.928,0.9299,0.5195,1.0,0.3509
0.97,0.01,0.9242,0.704,0.7559,0.6869,0.9267,0.9332,0.9242,0.9242,0.9299,0.6667,0.6852,0.6491
0.97,0.02,0.9318,0.7135,0.769,0.6881,0.9315,0.935,0.9318,0.9318,0.9375,0.6916,0.74,0.6491
0.97,0.03,0.9394,0.7259,0.7886,0.6893,0.9365,0.9375,0.9394,0.9394,0.9451,0.7184,0.8043,0.6491
0.97,0.04,0.9432,0.7349,0.8122,0.6818,0.9383,0.9379,0.9432,0.9432,0.9489,0.7273,0.8571,0.6316
0.97,0.05,0.947,0.7495,0.8479,0.6824,0.9414,0.9409,0.947,0.947,0.9527,0.7423,0.9,0.6316
0.97,0.06,0.9527,0.7689,0.9123,0.6833,0.9466,0.9489,0.9527,0.9527,0.9583,0.766,0.973,0.6316
0.97,0.07,0.9527,0.7689,0.9123,0.6833,0.9466,0.9489,0.9527,0.9527,0.9583,0.766,0.973,0.6316
0.97,0.08,0.9527,0.7689,0.9123,0.6833,0.9466,0.9489,0.9527,0.9527,0.9583,0.766,0.973,0.6316
0.97,0.09,0.9545,0.7716,0.9225,0.6837,0.948,0.9506,0.9545,0.9545,0.9602,0.7742,1.0,0.6316
0.97,0.1,0.9545,0.7716,0.9225,0.6837,0.948,0.9506,0.9545,0.9545,0.9602,0.7742,1.0,0.6316
0.97,0.11,0.9545,0.7716,0.9225,0.6837,0.948,0.9506,0.9545,0.9545,0.9602,0.7742,1.0,0.6316
0.97,0.12,0.9545,0.7716,0.9225,0.6837,0.948,0.9506,0.9545,0.9545,0.9602,0.7742,1.0,0.6316
0.97,0.13,0.9545,0.7716,0.9225,0.6837,0.948,0.9506,0.9545,0.9545,0.9602,0.7742,1.0,0.6316
0.97,0.14,0.9545,0.7716,0.9225,0.6837,0.948,0.9506,0.9545,0.9545,0.9602,0.7742,1.0,0.6316
0.97,0.15,0.9545,0.7716,0.9225,0.6837,0.948,0.9506,0.9545,0.9545,0.9602,0.7742,1.0,0.6316
0.97,0.16,0.9527,0.7654,0.9222,0.6752,0.9457,0.9488,0.9527,0.9527,0.9583,0.7609,1.0,0.614
0.97,0.17,0.9527,0.7654,0.9222,0.6752,0.9457,0.9488,0.9527,0.9527,0.9583,0.7609,1.0,0.614
0.97,0.18,0.9527,0.7654,0.9222,0.6752,0.9457,0.9488,0.9527,0.9527,0.9583,0.7609,1.0,0.614
0.97,0.19,0.9527,0.7654,0.9222,0.6752,0.9457,0.9488,0.9527,0.9527,0.9583,0.7609,1.0,0.614
0.97,0.2,0.9527,0.7654,0.9222,0.6752,0.9457,0.9488,0.9527,0.9527,0.9583,0.7609,1.0,0.614
0.97,0.21,0.9527,0.7654,0.9222,0.6752,0.9457,0.9488,0.9527,0.9527,0.9583,0.7609,1.0,0.614
0.97,0.22,0.9527,0.7654,0.9222,0.6752,0.9457,0.9488,0.9527,0.9527,0.9583,0.7609,1.0,0.614
0.97,0.23,0.9527,0.7654,0.9222,0.6752,0.9457,0.9488,0.9527,0.9527,0.9583,0.7609,1.0,0.614
0.97,0.24,0.9527,0.7654,0.9222,0.6752,0.9457,0.9488,0.9527,0.9527,0.9583,0.7609,1.0,0.614
0.97,0.25,0.9527,0.7654,0.9222,0.6752,0.9457,0.9488,0.9527,0.9527,0.9583,0.7609,1.0,0.614
0.97,0.26,0.9527,0.7654,0.9222,0.6752,0.9457,0.9488,0.9527,0.9527,0.9583,0.7609,1.0,0.614
0.97,0.27,0.9527,0.7654,0.9222,0.6752,0.9457,0.9488,0.9527,0.9527,0.9583,0.7609,1.0,0.614
0.97,0.28,0.9527,0.7654,0.9222,0.6752,0.9457,0.9488,0.9527,0.9527,0.9583,0.7609,1.0,0.614
0.97,0.29,0.9527,0.7654,0.9222,0.6752,0.9457,0.9488,0.9527,0.9527,0.9583,0.7609,1.0,0.614
0.97,0.3,0.9527,0.7654,0.9222,0.6752,0.9457,0.9488,0.9527,0.9527,0.9583,0.7609,1.0,0.614
0.97,0.31,0.9527,0.7654,0.9222,0.6752,0.9457,0.9488,0.9527,0.9527,0.9583,0.7609,1.0,0.614
0.97,0.32,0.9527,0.7654,0.9222,0.6752,0.9457,0.9488,0.9527,0.9527,0.9583,0.7609,1.0,0.614
0.97,0.33,0.9527,0.7654,0.9222,0.6752,0.9457,0.9488,0.9527,0.9527,0.9583,0.7609,1.0,0.614
0.97,0.34,0.9527,0.7654,0.9222,0.6752,0.9457,0.9488,0.9527,0.9527,0.9583,0.7609,1.0,0.614
0.97,0.35,0.9527,0.7654,0.9222,0.6752,0.9457,0.9488,0.9527,0.9527,0.9583,0.7609,1.0,0.614
0.97,0.36,0.9527,0.7654,0.9222,0.6752,0.9457,0.9488,0.9527,0.9527,0.9583,0.7609,1.0,0.614
0.97,0.37,0.9527,0.7654,0.9222,0.6752,0.9457,0.9488,0.9527,0.9527,0.9583,0.7609,1.0,0.614
0.97,0.38,0.9527,0.7654,0.9222,0.6752,0.9457,0.9488,0.9527,0.9527,0.9583,0.7609,1.0,0.614
0.97,0.39,0.9508,0.7177,0.9219,0.6038,0.9436,0.9471,0.9508,0.9508,0.9564,0.7473,1.0,0.5965
0.97,0.4,0.9508,0.7177,0.9219,0.6038,0.9436,0.9471,0.9508,0.9508,0.9564,0.7473,1.0,0.5965
0.97,0.41,0.9508,0.7177,0.9219,0.6038,0.9436,0.9471,0.9508,0.9508,0.9564,0.7473,1.0,0.5965
0.97,0.42,0.9508,0.7177,0.9219,0.6038,0.9436,0.9471,0.9508,0.9508,0.9564,0.7473,1.0,0.5965
0.97,0.43,0.9508,0.7177,0.9219,0.6038,0.9436,0.9471,0.9508,0.9508,0.9564,0.7473,1.0,0.5965
0.97,0.44,0.9508,0.7177,0.9219,0.6038,0.9436,0.9471,0.9508,0.9508,0.9564,0.7473,1.0,0.5965
0.97,0.45,0.9508,0.7177,0.9219,0.6038,0.9436,0.9471,0.9508,0.9508,0.9564,0.7473,1.0,0.5965
0.97,0.46,0.9508,0.7177,0.9219,0.6038,0.9436,0.9471,0.9508,0.9508,0.9564,0.7473,1.0,0.5965
0.97,0.47,0.9508,0.7177,0.9219,0.6038,0.9436,0.9471,0.9508,0.9508,0.9564,0.7473,1.0,0.5965
0.97,0.48,0.9508,0.7177,0.9219,0.6038,0.9436,0.9471,0.9508,0.9508,0.9564,0.7473,1.0,0.5965
0.97,0.49,0.9508,0.7177,0.9219,0.6038,0.9436,0.9471,0.9508,0.9508,0.9564,0.7473,1.0,0.5965
0.97,0.5,0.9508,0.7177,0.9219,0.6038,0.9436,0.9471,0.9508,0.9508,0.9564,0.7473,1.0,0.5965
0.97,0.51,0.9508,0.7177,0.9219,0.6038,0.9436,0.9471,0.9508,0.9508,0.9564,0.7473,1.0,0.5965
0.97,0.52,0.9508,0.7177,0.9219,0.6038,0.9436,0.9471,0.9508,0.9508,0.9564,0.7473,1.0,0.5965
0.97,0.53,0.9489,0.7111,0.9216,0.5954,0.9412,0.9454,0.9489,0.9489,0.9545,0.7333,1.0,0.5789
0.97,0.54,0.9489,0.7111,0.9216,0.5954,0.9412,0.9454,0.9489,0.9489,0.9545,0.7333,1.0,0.5789
0.97,0.55,0.9489,0.7111,0.9216,0.5954,0.9412,0.9454,0.9489,0.9489,0.9545,0.7333,1.0,0.5789
0.97,0.56,0.9489,0.7111,0.9216,0.5954,0.9412,0.9454,0.9489,0.9489,0.9545,0.7333,1.0,0.5789
0.97,0.57,0.947,0.6872,0.9214,0.5716,0.9384,0.9437,0.947,0.947,0.9527,0.7191,1.0,0.5614
0.97,0.58,0.947,0.6872,0.9214,0.5716,0.9384,0.9437,0.947,0.947,0.9527,0.7191,1.0,0.5614
0.97,0.59,0.947,0.6872,0.9214,0.5716,0.9384,0.9437,0.947,0.947,0.9527,0.7191,1.0,0.5614
0.97,0.6,0.947,0.6872,0.9214,0.5716,0.9384,0.9437,0.947,0.947,0.9527,0.7191,1.0,0.5614
0.97,0.61,0.9432,0.6725,0.9208,0.5548,0.9334,0.9403,0.9432,0.9432,0.9489,0.6897,1.0,0.5263
0.97,0.62,0.9413,0.6572,0.9206,0.5344,0.9311,0.9386,0.9413,0.9413,0.947,0.6744,1.0,0.5088
0.97,0.63,0.9413,0.6572,0.9206,0.5344,0.9311,0.9386,0.9413,0.9413,0.947,0.6744,1.0,0.5088
0.97,0.64,0.9413,0.6572,0.9206,0.5344,0.9311,0.9386,0.9413,0.9413,0.947,0.6744,1.0,0.5088
0.97,0.65,0.9413,0.6572,0.9206,0.5344,0.9311,0.9386,0.9413,0.9413,0.947,0.6744,1.0,0.5088
0.97,0.66,0.9413,0.6572,0.9206,0.5344,0.9311,0.9386,0.9413,0.9413,0.947,0.6744,1.0,0.5088
0.97,0.67,0.9413,0.6572,0.9206,0.5344,0.9311,0.9386,0.9413,0.9413,0.947,0.6744,1.0,0.5088
0.97,0.68,0.9394,0.6489,0.9203,0.526,0.9284,0.9369,0.9394,0.9394,0.9451,0.6588,1.0,0.4912
0.97,0.69,0.9375,0.64,0.92,0.515,0.926,0.9352,0.9375,0.9375,0.9432,0.6429,1.0,0.4737
0.97,0.7,0.9375,0.64,0.92,0.515,0.926,0.9352,0.9375,0.9375,0.9432,0.6429,1.0,0.4737
0.97,0.71,0.9375,0.64,0.92,0.515,0.926,0.9352,0.9375,0.9375,0.9432,0.6429,1.0,0.4737
0.97,0.72,0.9375,0.64,0.92,0.515,0.926,0.9352,0.9375,0.9375,0.9432,0.6429,1.0,0.4737
0.97,0.73,0.9375,0.64,0.92,0.515,0.926,0.9352,0.9375,0.9375,0.9432,0.6429,1.0,0.4737
0.97,0.74,0.9375,0.64,0.92,0.515,0.926,0.9352,0.9375,0.9375,0.9432,0.6429,1.0,0.4737
0.97,0.75,0.9375,0.64,0.92,0.515,0.926,0.9352,0.9375,0.9375,0.9432,0.6429,1.0,0.4737
0.97,0.76,0.9375,0.64,0.92,0.515,0.926,0.9352,0.9375,0.9375,0.9432,0.6429,1.0,0.4737
0.97,0.77,0.9375,0.64,0.92,0.515,0.926,0.9352,0.9375,0.9375,0.9432,0.6429,1.0,0.4737
0.97,0.78,0.9375,0.64,0.92,0.515,0.926,0.9352,0.9375,0.9375,0.9432,0.6429,1.0,0.4737
0.97,0.79,0.9375,0.64,0.92,0.515,0.926,0.9352,0.9375,0.9375,0.9432,0.6429,1.0,0.4737
0.97,0.8,0.9375,0.64,0.92,0.515,0.926,0.9352,0.9375,0.9375,0.9432,0.6429,1.0,0.4737
0.97,0.81,0.9375,0.64,0.92,0.515,0.926,0.9352,0.9375,0.9375,0.9432,0.6429,1.0,0.4737
0.97,0.82,0.9375,0.64,0.92,0.515,0.926,0.9352,0.9375,0.9375,0.9432,0.6429,1.0,0.4737
0.97,0.83,0.9375,0.64,0.92,0.515,0.926,0.9352,0.9375,0.9375,0.9432,0.6429,1.0,0.4737
0.97,0.84,0.9375,0.6426,0.934,0.515,0.9255,0.9358,0.9375,0.9375,0.9413,0.6265,1.0,0.4561
0.97,0.85,0.9375,0.6456,0.9552,0.515,0.9251,0.9376,0.9375,0.9375,0.9394,0.6098,1.0,0.4386
0.97,0.86,0.9375,0.6456,0.9552,0.515,0.9251,0.9376,0.9375,0.9375,0.9394,0.6098,1.0,0.4386
0.97,0.87,0.9375,0.6456,0.9552,0.515,0.9251,0.9376,0.9375,0.9375,0.9394,0.6098,1.0,0.4386
0.97,0.88,0.9375,0.6456,0.9552,0.515,0.9251,0.9376,0.9375,0.9375,0.9394,0.6098,1.0,0.4386
0.97,0.89,0.9375,0.6456,0.9552,0.515,0.9251,0.9376,0.9375,0.9375,0.9394,0.6098,1.0,0.4386
0.97,0.9,0.9375,0.6456,0.9552,0.515,0.9251,0.9376,0.9375,0.9375,0.9394,0.6098,1.0,0.4386
0.97,0.91,0.9375,0.6456,0.9552,0.515,0.9251,0.9376,0.9375,0.9375,0.9394,0.6098,1.0,0.4386
0.97,0.92,0.9356,0.6367,0.9549,0.5066,0.9223,0.9359,0.9356,0.9356,0.9375,0.5926,1.0,0.4211
0.97,0.93,0.9356,0.6367,0.9549,0.5066,0.9223,0.9359,0.9356,0.9356,0.9375,0.5926,1.0,0.4211
0.97,0.94,0.9356,0.6367,0.9549,0.5066,0.9223,0.9359,0.9356,0.9356,0.9375,0.5926,1.0,0.4211
0.97,0.95,0.9356,0.6367,0.9549,0.5066,0.9223,0.9359,0.9356,0.9356,0.9375,0.5926,1.0,0.4211
0.97,0.96,0.9337,0.6059,0.9547,0.4828,0.9189,0.9343,0.9337,0.9337,0.9356,0.575,1.0,0.4035
0.97,0.97,0.928,0.5753,0.9539,0.4524,0.9106,0.9293,0.928,0.928,0.9299,0.5195,1.0,0.3509
0.98,0.0,0.928,0.5753,0.9539,0.4524,0.9106,0.9293,0.928,0.928,0.9299,0.5195,1.0,0.3509
0.98,0.01,0.9242,0.704,0.7559,0.6869,0.9267,0.9332,0.9242,0.9242,0.9299,0.6667,0.6852,0.6491
0.98,0.02,0.9318,0.7135,0.769,0.6881,0.9315,0.935,0.9318,0.9318,0.9375,0.6916,0.74,0.6491
0.98,0.03,0.9394,0.7259,0.7886,0.6893,0.9365,0.9375,0.9394,0.9394,0.9451,0.7184,0.8043,0.6491
0.98,0.04,0.9432,0.7349,0.8122,0.6818,0.9383,0.9379,0.9432,0.9432,0.9489,0.7273,0.8571,0.6316
0.98,0.05,0.947,0.7495,0.8479,0.6824,0.9414,0.9409,0.947,0.947,0.9527,0.7423,0.9,0.6316
0.98,0.06,0.9527,0.7689,0.9123,0.6833,0.9466,0.9489,0.9527,0.9527,0.9583,0.766,0.973,0.6316
0.98,0.07,0.9527,0.7689,0.9123,0.6833,0.9466,0.9489,0.9527,0.9527,0.9583,0.766,0.973,0.6316
0.98,0.08,0.9527,0.7689,0.9123,0.6833,0.9466,0.9489,0.9527,0.9527,0.9583,0.766,0.973,0.6316
0.98,0.09,0.9545,0.7716,0.9225,0.6837,0.948,0.9506,0.9545,0.9545,0.9602,0.7742,1.0,0.6316
0.98,0.1,0.9545,0.7716,0.9225,0.6837,0.948,0.9506,0.9545,0.9545,0.9602,0.7742,1.0,0.6316
0.98,0.11,0.9545,0.7716,0.9225,0.6837,0.948,0.9506,0.9545,0.9545,0.9602,0.7742,1.0,0.6316
0.98,0.12,0.9545,0.7716,0.9225,0.6837,0.948,0.9506,0.9545,0.9545,0.9602,0.7742,1.0,0.6316
0.98,0.13,0.9545,0.7716,0.9225,0.6837,0.948,0.9506,0.9545,0.9545,0.9602,0.7742,1.0,0.6316
0.98,0.14,0.9545,0.7716,0.9225,0.6837,0.948,0.9506,0.9545,0.9545,0.9602,0.7742,1.0,0.6316
0.98,0.15,0.9545,0.7716,0.9225,0.6837,0.948,0.9506,0.9545,0.9545,0.9602,0.7742,1.0,0.6316
0.98,0.16,0.9527,0.7654,0.9222,0.6752,0.9457,0.9488,0.9527,0.9527,0.9583,0.7609,1.0,0.614
0.98,0.17,0.9527,0.7654,0.9222,0.6752,0.9457,0.9488,0.9527,0.9527,0.9583,0.7609,1.0,0.614
0.98,0.18,0.9527,0.7654,0.9222,0.6752,0.9457,0.9488,0.9527,0.9527,0.9583,0.7609,1.0,0.614
0.98,0.19,0.9527,0.7654,0.9222,0.6752,0.9457,0.9488,0.9527,0.9527,0.9583,0.7609,1.0,0.614
0.98,0.2,0.9527,0.7654,0.9222,0.6752,0.9457,0.9488,0.9527,0.9527,0.9583,0.7609,1.0,0.614
0.98,0.21,0.9527,0.7654,0.9222,0.6752,0.9457,0.9488,0.9527,0.9527,0.9583,0.7609,1.0,0.614
0.98,0.22,0.9527,0.7654,0.9222,0.6752,0.9457,0.9488,0.9527,0.9527,0.9583,0.7609,1.0,0.614
0.98,0.23,0.9527,0.7654,0.9222,0.6752,0.9457,0.9488,0.9527,0.9527,0.9583,0.7609,1.0,0.614
0.98,0.24,0.9527,0.7654,0.9222,0.6752,0.9457,0.9488,0.9527,0.9527,0.9583,0.7609,1.0,0.614
0.98,0.25,0.9527,0.7654,0.9222,0.6752,0.9457,0.9488,0.9527,0.9527,0.9583,0.7609,1.0,0.614
0.98,0.26,0.9527,0.7654,0.9222,0.6752,0.9457,0.9488,0.9527,0.9527,0.9583,0.7609,1.0,0.614
0.98,0.27,0.9527,0.7654,0.9222,0.6752,0.9457,0.9488,0.9527,0.9527,0.9583,0.7609,1.0,0.614
0.98,0.28,0.9527,0.7654,0.9222,0.6752,0.9457,0.9488,0.9527,0.9527,0.9583,0.7609,1.0,0.614
0.98,0.29,0.9527,0.7654,0.9222,0.6752,0.9457,0.9488,0.9527,0.9527,0.9583,0.7609,1.0,0.614
0.98,0.3,0.9527,0.7654,0.9222,0.6752,0.9457,0.9488,0.9527,0.9527,0.9583,0.7609,1.0,0.614
0.98,0.31,0.9527,0.7654,0.9222,0.6752,0.9457,0.9488,0.9527,0.9527,0.9583,0.7609,1.0,0.614
0.98,0.32,0.9527,0.7654,0.9222,0.6752,0.9457,0.9488,0.9527,0.9527,0.9583,0.7609,1.0,0.614
0.98,0.33,0.9527,0.7654,0.9222,0.6752,0.9457,0.9488,0.9527,0.9527,0.9583,0.7609,1.0,0.614
0.98,0.34,0.9527,0.7654,0.9222,0.6752,0.9457,0.9488,0.9527,0.9527,0.9583,0.7609,1.0,0.614
0.98,0.35,0.9527,0.7654,0.9222,0.6752,0.9457,0.9488,0.9527,0.9527,0.9583,0.7609,1.0,0.614
0.98,0.36,0.9527,0.7654,0.9222,0.6752,0.9457,0.9488,0.9527,0.9527,0.9583,0.7609,1.0,0.614
0.98,0.37,0.9527,0.7654,0.9222,0.6752,0.9457,0.9488,0.9527,0.9527,0.9583,0.7609,1.0,0.614
0.98,0.38,0.9527,0.7654,0.9222,0.6752,0.9457,0.9488,0.9527,0.9527,0.9583,0.7609,1.0,0.614
0.98,0.39,0.9508,0.7177,0.9219,0.6038,0.9436,0.9471,0.9508,0.9508,0.9564,0.7473,1.0,0.5965
0.98,0.4,0.9508,0.7177,0.9219,0.6038,0.9436,0.9471,0.9508,0.9508,0.9564,0.7473,1.0,0.5965
0.98,0.41,0.9508,0.7177,0.9219,0.6038,0.9436,0.9471,0.9508,0.9508,0.9564,0.7473,1.0,0.5965
0.98,0.42,0.9508,0.7177,0.9219,0.6038,0.9436,0.9471,0.9508,0.9508,0.9564,0.7473,1.0,0.5965
0.98,0.43,0.9508,0.7177,0.9219,0.6038,0.9436,0.9471,0.9508,0.9508,0.9564,0.7473,1.0,0.5965
0.98,0.44,0.9508,0.7177,0.9219,0.6038,0.9436,0.9471,0.9508,0.9508,0.9564,0.7473,1.0,0.5965
0.98,0.45,0.9508,0.7177,0.9219,0.6038,0.9436,0.9471,0.9508,0.9508,0.9564,0.7473,1.0,0.5965
0.98,0.46,0.9508,0.7177,0.9219,0.6038,0.9436,0.9471,0.9508,0.9508,0.9564,0.7473,1.0,0.5965
0.98,0.47,0.9508,0.7177,0.9219,0.6038,0.9436,0.9471,0.9508,0.9508,0.9564,0.7473,1.0,0.5965
0.98,0.48,0.9508,0.7177,0.9219,0.6038,0.9436,0.9471,0.9508,0.9508,0.9564,0.7473,1.0,0.5965
0.98,0.49,0.9508,0.7177,0.9219,0.6038,0.9436,0.9471,0.9508,0.9508,0.9564,0.7473,1.0,0.5965
0.98,0.5,0.9508,0.7177,0.9219,0.6038,0.9436,0.9471,0.9508,0.9508,0.9564,0.7473,1.0,0.5965
0.98,0.51,0.9508,0.7177,0.9219,0.6038,0.9436,0.9471,0.9508,0.9508,0.9564,0.7473,1.0,0.5965
0.98,0.52,0.9508,0.7177,0.9219,0.6038,0.9436,0.9471,0.9508,0.9508,0.9564,0.7473,1.0,0.5965
0.98,0.53,0.9489,0.7111,0.9216,0.5954,0.9412,0.9454,0.9489,0.9489,0.9545,0.7333,1.0,0.5789
0.98,0.54,0.9489,0.7111,0.9216,0.5954,0.9412,0.9454,0.9489,0.9489,0.9545,0.7333,1.0,0.5789
0.98,0.55,0.9489,0.7111,0.9216,0.5954,0.9412,0.9454,0.9489,0.9489,0.9545,0.7333,1.0,0.5789
0.98,0.56,0.9489,0.7111,0.9216,0.5954,0.9412,0.9454,0.9489,0.9489,0.9545,0.7333,1.0,0.5789
0.98,0.57,0.947,0.6872,0.9214,0.5716,0.9384,0.9437,0.947,0.947,0.9527,0.7191,1.0,0.5614
0.98,0.58,0.947,0.6872,0.9214,0.5716,0.9384,0.9437,0.947,0.947,0.9527,0.7191,1.0,0.5614
0.98,0.59,0.947,0.6872,0.9214,0.5716,0.9384,0.9437,0.947,0.947,0.9527,0.7191,1.0,0.5614
0.98,0.6,0.947,0.6872,0.9214,0.5716,0.9384,0.9437,0.947,0.947,0.9527,0.7191,1.0,0.5614
0.98,0.61,0.9432,0.6725,0.9208,0.5548,0.9334,0.9403,0.9432,0.9432,0.9489,0.6897,1.0,0.5263
0.98,0.62,0.9413,0.6572,0.9206,0.5344,0.9311,0.9386,0.9413,0.9413,0.947,0.6744,1.0,0.5088
0.98,0.63,0.9413,0.6572,0.9206,0.5344,0.9311,0.9386,0.9413,0.9413,0.947,0.6744,1.0,0.5088
0.98,0.64,0.9413,0.6572,0.9206,0.5344,0.9311,0.9386,0.9413,0.9413,0.947,0.6744,1.0,0.5088
0.98,0.65,0.9413,0.6572,0.9206,0.5344,0.9311,0.9386,0.9413,0.9413,0.947,0.6744,1.0,0.5088
0.98,0.66,0.9413,0.6572,0.9206,0.5344,0.9311,0.9386,0.9413,0.9413,0.947,0.6744,1.0,0.5088
0.98,0.67,0.9413,0.6572,0.9206,0.5344,0.9311,0.9386,0.9413,0.9413,0.947,0.6744,1.0,0.5088
0.98,0.68,0.9394,0.6489,0.9203,0.526,0.9284,0.9369,0.9394,0.9394,0.9451,0.6588,1.0,0.4912
0.98,0.69,0.9375,0.64,0.92,0.515,0.926,0.9352,0.9375,0.9375,0.9432,0.6429,1.0,0.4737
0.98,0.7,0.9375,0.64,0.92,0.515,0.926,0.9352,0.9375,0.9375,0.9432,0.6429,1.0,0.4737
0.98,0.71,0.9375,0.64,0.92,0.515,0.926,0.9352,0.9375,0.9375,0.9432,0.6429,1.0,0.4737
0.98,0.72,0.9375,0.64,0.92,0.515,0.926,0.9352,0.9375,0.9375,0.9432,0.6429,1.0,0.4737
0.98,0.73,0.9375,0.64,0.92,0.515,0.926,0.9352,0.9375,0.9375,0.9432,0.6429,1.0,0.4737
0.98,0.74,0.9375,0.64,0.92,0.515,0.926,0.9352,0.9375,0.9375,0.9432,0.6429,1.0,0.4737
0.98,0.75,0.9375,0.64,0.92,0.515,0.926,0.9352,0.9375,0.9375,0.9432,0.6429,1.0,0.4737
0.98,0.76,0.9375,0.64,0.92,0.515,0.926,0.9352,0.9375,0.9375,0.9432,0.6429,1.0,0.4737
0.98,0.77,0.9375,0.64,0.92,0.515,0.926,0.9352,0.9375,0.9375,0.9432,0.6429,1.0,0.4737
0.98,0.78,0.9375,0.64,0.92,0.515,0.926,0.9352,0.9375,0.9375,0.9432,0.6429,1.0,0.4737
0.98,0.79,0.9375,0.64,0.92,0.515,0.926,0.9352,0.9375,0.9375,0.9432,0.6429,1.0,0.4737
0.98,0.8,0.9375,0.64,0.92,0.515,0.926,0.9352,0.9375,0.9375,0.9432,0.6429,1.0,0.4737
0.98,0.81,0.9375,0.64,0.92,0.515,0.926,0.9352,0.9375,0.9375,0.9432,0.6429,1.0,0.4737
0.98,0.82,0.9375,0.64,0.92,0.515,0.926,0.9352,0.9375,0.9375,0.9432,0.6429,1.0,0.4737
0.98,0.83,0.9375,0.64,0.92,0.515,0.926,0.9352,0.9375,0.9375,0.9432,0.6429,1.0,0.4737
0.98,0.84,0.9375,0.6426,0.934,0.515,0.9255,0.9358,0.9375,0.9375,0.9413,0.6265,1.0,0.4561
0.98,0.85,0.9375,0.6456,0.9552,0.515,0.9251,0.9376,0.9375,0.9375,0.9394,0.6098,1.0,0.4386
0.98,0.86,0.9375,0.6456,0.9552,0.515,0.9251,0.9376,0.9375,0.9375,0.9394,0.6098,1.0,0.4386
0.98,0.87,0.9375,0.6456,0.9552,0.515,0.9251,0.9376,0.9375,0.9375,0.9394,0.6098,1.0,0.4386
0.98,0.88,0.9375,0.6456,0.9552,0.515,0.9251,0.9376,0.9375,0.9375,0.9394,0.6098,1.0,0.4386
0.98,0.89,0.9375,0.6456,0.9552,0.515,0.9251,0.9376,0.9375,0.9375,0.9394,0.6098,1.0,0.4386
0.98,0.9,0.9375,0.6456,0.9552,0.515,0.9251,0.9376,0.9375,0.9375,0.9394,0.6098,1.0,0.4386
0.98,0.91,0.9375,0.6456,0.9552,0.515,0.9251,0.9376,0.9375,0.9375,0.9394,0.6098,1.0,0.4386
0.98,0.92,0.9356,0.6367,0.9549,0.5066,0.9223,0.9359,0.9356,0.9356,0.9375,0.5926,1.0,0.4211
0.98,0.93,0.9356,0.6367,0.9549,0.5066,0.9223,0.9359,0.9356,0.9356,0.9375,0.5926,1.0,0.4211
0.98,0.94,0.9356,0.6367,0.9549,0.5066,0.9223,0.9359,0.9356,0.9356,0.9375,0.5926,1.0,0.4211
0.98,0.95,0.9356,0.6367,0.9549,0.5066,0.9223,0.9359,0.9356,0.9356,0.9375,0.5926,1.0,0.4211
0.98,0.96,0.9337,0.6059,0.9547,0.4828,0.9189,0.9343,0.9337,0.9337,0.9356,0.575,1.0,0.4035
0.98,0.97,0.928,0.5753,0.9539,0.4524,0.9106,0.9293,0.928,0.928,0.9299,0.5195,1.0,0.3509
0.98,0.98,0.928,0.5753,0.9539,0.4524,0.9106,0.9293,0.928,0.928,0.9299,0.5195,1.0,0.3509
0.99,0.0,0.9223,0.5434,0.9886,0.4272,0.8998,0.9286,0.9223,0.9223,0.9223,0.4384,1.0,0.2807
0.99,0.01,0.9129,0.6566,0.8123,0.6203,0.9076,0.9235,0.9129,0.9129,0.9129,0.5306,0.6341,0.4561
0.99,0.02,0.9186,0.6639,0.8195,0.6212,0.911,0.9244,0.9186,0.9186,0.9186,0.5474,0.6842,0.4561
0.99,0.03,0.9261,0.6776,0.8672,0.6224,0.9162,0.9315,0.9261,0.9261,0.9261,0.5714,0.7647,0.4561
0.99,0.04,0.9318,0.6923,0.8911,0.6233,0.9202,0.9338,0.9318,0.9318,0.9318,0.5909,0.8387,0.4561
0.99,0.05,0.9356,0.7069,0.9268,0.6239,0.9233,0.9368,0.9356,0.9356,0.9356,0.6047,0.8966,0.4561
0.99,0.06,0.9413,0.7264,0.9912,0.6248,0.9285,0.9449,0.9413,0.9413,0.9413,0.6265,1.0,0.4561
0.99,0.07,0.9413,0.7264,0.9912,0.6248,0.9285,0.9449,0.9413,0.9413,0.9413,0.6265,1.0,0.4561
0.99,0.08,0.9413,0.7264,0.9912,0.6248,0.9285,0.9449,0.9413,0.9413,0.9413,0.6265,1.0,0.4561
0.99,0.09,0.9413,0.7264,0.9912,0.6248,0.9285,0.9449,0.9413,0.9413,0.9413,0.6265,1.0,0.4561
0.99,0.1,0.9413,0.7264,0.9912,0.6248,0.9285,0.9449,0.9413,0.9413,0.9413,0.6265,1.0,0.4561
0.99,0.11,0.9413,0.7264,0.9912,0.6248,0.9285,0.9449,0.9413,0.9413,0.9413,0.6265,1.0,0.4561
0.99,0.12,0.9413,0.7264,0.9912,0.6248,0.9285,0.9449,0.9413,0.9413,0.9413,0.6265,1.0,0.4561
0.99,0.13,0.9413,0.7264,0.9912,0.6248,0.9285,0.9449,0.9413,0.9413,0.9413,0.6265,1.0,0.4561
0.99,0.14,0.9413,0.7264,0.9912,0.6248,0.9285,0.9449,0.9413,0.9413,0.9413,0.6265,1.0,0.4561
0.99,0.15,0.9413,0.7264,0.9912,0.6248,0.9285,0.9449,0.9413,0.9413,0.9413,0.6265,1.0,0.4561
0.99,0.16,0.9413,0.7264,0.9912,0.6248,0.9285,0.9449,0.9413,0.9413,0.9413,0.6265,1.0,0.4561
0.99,0.17,0.9413,0.7264,0.9912,0.6248,0.9285,0.9449,0.9413,0.9413,0.9413,0.6265,1.0,0.4561
0.99,0.18,0.9413,0.7264,0.9912,0.6248,0.9285,0.9449,0.9413,0.9413,0.9413,0.6265,1.0,0.4561
0.99,0.19,0.9413,0.7264,0.9912,0.6248,0.9285,0.9449,0.9413,0.9413,0.9413,0.6265,1.0,0.4561
0.99,0.2,0.9413,0.7264,0.9912,0.6248,0.9285,0.9449,0.9413,0.9413,0.9413,0.6265,1.0,0.4561
0.99,0.21,0.9413,0.7264,0.9912,0.6248,0.9285,0.9449,0.9413,0.9413,0.9413,0.6265,1.0,0.4561
0.99,0.22,0.9413,0.7264,0.9912,0.6248,0.9285,0.9449,0.9413,0.9413,0.9413,0.6265,1.0,0.4561
0.99,0.23,0.9413,0.7264,0.9912,0.6248,0.9285,0.9449,0.9413,0.9413,0.9413,0.6265,1.0,0.4561
0.99,0.24,0.9413,0.7264,0.9912,0.6248,0.9285,0.9449,0.9413,0.9413,0.9413,0.6265,1.0,0.4561
0.99,0.25,0.9413,0.7264,0.9912,0.6248,0.9285,0.9449,0.9413,0.9413,0.9413,0.6265,1.0,0.4561
0.99,0.26,0.9413,0.7264,0.9912,0.6248,0.9285,0.9449,0.9413,0.9413,0.9413,0.6265,1.0,0.4561
0.99,0.27,0.9413,0.7264,0.9912,0.6248,0.9285,0.9449,0.9413,0.9413,0.9413,0.6265,1.0,0.4561
0.99,0.28,0.9413,0.7264,0.9912,0.6248,0.9285,0.9449,0.9413,0.9413,0.9413,0.6265,1.0,0.4561
0.99,0.29,0.9413,0.7264,0.9912,0.6248,0.9285,0.9449,0.9413,0.9413,0.9413,0.6265,1.0,0.4561
0.99,0.3,0.9413,0.7264,0.9912,0.6248,0.9285,0.9449,0.9413,0.9413,0.9413,0.6265,1.0,0.4561
0.99,0.31,0.9413,0.7264,0.9912,0.6248,0.9285,0.9449,0.9413,0.9413,0.9413,0.6265,1.0,0.4561
0.99,0.32,0.9413,0.7264,0.9912,0.6248,0.9285,0.9449,0.9413,0.9413,0.9413,0.6265,1.0,0.4561
0.99,0.33,0.9413,0.7264,0.9912,0.6248,0.9285,0.9449,0.9413,0.9413,0.9413,0.6265,1.0,0.4561
0.99,0.34,0.9413,0.7264,0.9912,0.6248,0.9285,0.9449,0.9413,0.9413,0.9413,0.6265,1.0,0.4561
0.99,0.35,0.9413,0.7264,0.9912,0.6248,0.9285,0.9449,0.9413,0.9413,0.9413,0.6265,1.0,0.4561
0.99,0.36,0.9413,0.7264,0.9912,0.6248,0.9285,0.9449,0.9413,0.9413,0.9413,0.6265,1.0,0.4561
0.99,0.37,0.9413,0.7264,0.9912,0.6248,0.9285,0.9449,0.9413,0.9413,0.9413,0.6265,1.0,0.4561
0.99,0.38,0.9413,0.7264,0.9912,0.6248,0.9285,0.9449,0.9413,0.9413,0.9413,0.6265,1.0,0.4561
0.99,0.39,0.9394,0.6786,0.9909,0.5534,0.9264,0.9432,0.9394,0.9394,0.9394,0.6098,1.0,0.4386
0.99,0.4,0.9394,0.6786,0.9909,0.5534,0.9264,0.9432,0.9394,0.9394,0.9394,0.6098,1.0,0.4386
0.99,0.41,0.9394,0.6786,0.9909,0.5534,0.9264,0.9432,0.9394,0.9394,0.9394,0.6098,1.0,0.4386
0.99,0.42,0.9394,0.6786,0.9909,0.5534,0.9264,0.9432,0.9394,0.9394,0.9394,0.6098,1.0,0.4386
0.99,0.43,0.9394,0.6786,0.9909,0.5534,0.9264,0.9432,0.9394,0.9394,0.9394,0.6098,1.0,0.4386
0.99,0.44,0.9394,0.6786,0.9909,0.5534,0.9264,0.9432,0.9394,0.9394,0.9394,0.6098,1.0,0.4386
0.99,0.45,0.9394,0.6786,0.9909,0.5534,0.9264,0.9432,0.9394,0.9394,0.9394,0.6098,1.0,0.4386
0.99,0.46,0.9394,0.6786,0.9909,0.5534,0.9264,0.9432,0.9394,0.9394,0.9394,0.6098,1.0,0.4386
0.99,0.47,0.9394,0.6786,0.9909,0.5534,0.9264,0.9432,0.9394,0.9394,0.9394,0.6098,1.0,0.4386
0.99,0.48,0.9394,0.6786,0.9909,0.5534,0.9264,0.9432,0.9394,0.9394,0.9394,0.6098,1.0,0.4386
0.99,0.49,0.9394,0.6786,0.9909,0.5534,0.9264,0.9432,0.9394,0.9394,0.9394,0.6098,1.0,0.4386
0.99,0.5,0.9394,0.6786,0.9909,0.5534,0.9264,0.9432,0.9394,0.9394,0.9394,0.6098,1.0,0.4386
0.99,0.51,0.9394,0.6786,0.9909,0.5534,0.9264,0.9432,0.9394,0.9394,0.9394,0.6098,1.0,0.4386
0.99,0.52,0.9394,0.6786,0.9909,0.5534,0.9264,0.9432,0.9394,0.9394,0.9394,0.6098,1.0,0.4386
0.99,0.53,0.9394,0.6786,0.9909,0.5534,0.9264,0.9432,0.9394,0.9394,0.9394,0.6098,1.0,0.4386
0.99,0.54,0.9394,0.6786,0.9909,0.5534,0.9264,0.9432,0.9394,0.9394,0.9394,0.6098,1.0,0.4386
0.99,0.55,0.9394,0.6786,0.9909,0.5534,0.9264,0.9432,0.9394,0.9394,0.9394,0.6098,1.0,0.4386
0.99,0.56,0.9394,0.6786,0.9909,0.5534,0.9264,0.9432,0.9394,0.9394,0.9394,0.6098,1.0,0.4386
0.99,0.57,0.9375,0.6547,0.9906,0.5296,0.9236,0.9416,0.9375,0.9375,0.9375,0.5926,1.0,0.4211
0.99,0.58,0.9375,0.6547,0.9906,0.5296,0.9236,0.9416,0.9375,0.9375,0.9375,0.5926,1.0,0.4211
0.99,0.59,0.9375,0.6547,0.9906,0.5296,0.9236,0.9416,0.9375,0.9375,0.9375,0.5926,1.0,0.4211
0.99,0.6,0.9375,0.6547,0.9906,0.5296,0.9236,0.9416,0.9375,0.9375,0.9375,0.5926,1.0,0.4211
0.99,0.61,0.9337,0.6323,0.9901,0.5128,0.9169,0.9383,0.9337,0.9337,0.9337,0.557,1.0,0.386
0.99,0.62,0.9318,0.617,0.9899,0.4924,0.9146,0.9367,0.9318,0.9318,0.9318,0.5385,1.0,0.3684
0.99,0.63,0.9318,0.617,0.9899,0.4924,0.9146,0.9367,0.9318,0.9318,0.9318,0.5385,1.0,0.3684
0.99,0.64,0.9318,0.617,0.9899,0.4924,0.9146,0.9367,0.9318,0.9318,0.9318,0.5385,1.0,0.3684
0.99,0.65,0.9318,0.617,0.9899,0.4924,0.9146,0.9367,0.9318,0.9318,0.9318,0.5385,1.0,0.3684
0.99,0.66,0.9318,0.617,0.9899,0.4924,0.9146,0.9367,0.9318,0.9318,0.9318,0.5385,1.0,0.3684
0.99,0.67,0.9318,0.617,0.9899,0.4924,0.9146,0.9367,0.9318,0.9318,0.9318,0.5385,1.0,0.3684
0.99,0.68,0.9318,0.617,0.9899,0.4924,0.9146,0.9367,0.9318,0.9318,0.9318,0.5385,1.0,0.3684
0.99,0.69,0.9299,0.608,0.9896,0.4814,0.9122,0.935,0.9299,0.9299,0.9299,0.5195,1.0,0.3509
0.99,0.7,0.9299,0.608,0.9896,0.4814,0.9122,0.935,0.9299,0.9299,0.9299,0.5195,1.0,0.3509
0.99,0.71,0.9299,0.608,0.9896,0.4814,0.9122,0.935,0.9299,0.9299,0.9299,0.5195,1.0,0.3509
0.99,0.72,0.9299,0.608,0.9896,0.4814,0.9122,0.935,0.9299,0.9299,0.9299,0.5195,1.0,0.3509
0.99,0.73,0.9299,0.608,0.9896,0.4814,0.9122,0.935,0.9299,0.9299,0.9299,0.5195,1.0,0.3509
0.99,0.74,0.9299,0.608,0.9896,0.4814,0.9122,0.935,0.9299,0.9299,0.9299,0.5195,1.0,0.3509
0.99,0.75,0.9299,0.608,0.9896,0.4814,0.9122,0.935,0.9299,0.9299,0.9299,0.5195,1.0,0.3509
0.99,0.76,0.9299,0.608,0.9896,0.4814,0.9122,0.935,0.9299,0.9299,0.9299,0.5195,1.0,0.3509
0.99,0.77,0.9299,0.608,0.9896,0.4814,0.9122,0.935,0.9299,0.9299,0.9299,0.5195,1.0,0.3509
0.99,0.78,0.9299,0.608,0.9896,0.4814,0.9122,0.935,0.9299,0.9299,0.9299,0.5195,1.0,0.3509
0.99,0.79,0.9299,0.608,0.9896,0.4814,0.9122,0.935,0.9299,0.9299,0.9299,0.5195,1.0,0.3509
0.99,0.8,0.9299,0.608,0.9896,0.4814,0.9122,0.935,0.9299,0.9299,0.9299,0.5195,1.0,0.3509
0.99,0.81,0.9299,0.608,0.9896,0.4814,0.9122,0.935,0.9299,0.9299,0.9299,0.5195,1.0,0.3509
0.99,0.82,0.9299,0.608,0.9896,0.4814,0.9122,0.935,0.9299,0.9299,0.9299,0.5195,1.0,0.3509
0.99,0.83,0.9299,0.608,0.9896,0.4814,0.9122,0.935,0.9299,0.9299,0.9299,0.5195,1.0,0.3509
0.99,0.84,0.9299,0.608,0.9896,0.4814,0.9122,0.935,0.9299,0.9299,0.9299,0.5195,1.0,0.3509
0.99,0.85,0.9299,0.608,0.9896,0.4814,0.9122,0.935,0.9299,0.9299,0.9299,0.5195,1.0,0.3509
0.99,0.86,0.9299,0.608,0.9896,0.4814,0.9122,0.935,0.9299,0.9299,0.9299,0.5195,1.0,0.3509
0.99,0.87,0.9299,0.608,0.9896,0.4814,0.9122,0.935,0.9299,0.9299,0.9299,0.5195,1.0,0.3509
0.99,0.88,0.9299,0.608,0.9896,0.4814,0.9122,0.935,0.9299,0.9299,0.9299,0.5195,1.0,0.3509
0.99,0.89,0.9299,0.608,0.9896,0.4814,0.9122,0.935,0.9299,0.9299,0.9299,0.5195,1.0,0.3509
0.99,0.9,0.9299,0.608,0.9896,0.4814,0.9122,0.935,0.9299,0.9299,0.9299,0.5195,1.0,0.3509
0.99,0.91,0.9299,0.608,0.9896,0.4814,0.9122,0.935,0.9299,0.9299,0.9299,0.5195,1.0,0.3509
0.99,0.92,0.9299,0.608,0.9896,0.4814,0.9122,0.935,0.9299,0.9299,0.9299,0.5195,1.0,0.3509
0.99,0.93,0.9299,0.608,0.9896,0.4814,0.9122,0.935,0.9299,0.9299,0.9299,0.5195,1.0,0.3509
0.99,0.94,0.9299,0.608,0.9896,0.4814,0.9122,0.935,0.9299,0.9299,0.9299,0.5195,1.0,0.3509
0.99,0.95,0.9299,0.608,0.9896,0.4814,0.9122,0.935,0.9299,0.9299,0.9299,0.5195,1.0,0.3509
0.99,0.96,0.928,0.5773,0.9893,0.4576,0.9089,0.9334,0.928,0.928,0.928,0.5,1.0,0.3333
0.99,0.97,0.9223,0.5434,0.9886,0.4272,0.8998,0.9286,0.9223,0.9223,0.9223,0.4384,1.0,0.2807
0.99,0.98,0.9223,0.5434,0.9886,0.4272,0.8998,0.9286,0.9223,0.9223,0.9223,0.4384,1.0,0.2807
0.99,0.99,0.9223,0.5434,0.9886,0.4272,0.8998,0.9286,0.9223,0.9223,0.9223,0.4384,1.0,0.2807
1.0,0.0,0.9015,0.2185,0.4144,0.1952,0.8605,0.8602,0.9015,0.9015,0.9015,0.1613,1.0,0.0877
1.0,0.01,0.9091,0.2781,0.3872,0.2554,0.8754,0.8643,0.9091,0.9091,0.9091,0.3143,0.8462,0.193
1.0,0.02,0.9091,0.2781,0.3872,0.2554,0.8754,0.8643,0.9091,0.9091,0.9091,0.3143,0.8462,0.193
1.0,0.03,0.9091,0.2781,0.3872,0.2554,0.8754,0.8643,0.9091,0.9091,0.9091,0.3143,0.8462,0.193
1.0,0.04,0.9091,0.2781,0.3872,0.2554,0.8754,0.8643,0.9091,0.9091,0.9091,0.3143,0.8462,0.193
1.0,0.05,0.9091,0.2781,0.3872,0.2554,0.8754,0.8643,0.9091,0.9091,0.9091,0.3143,0.8462,0.193
1.0,0.06,0.9129,0.2879,0.4159,0.256,0.8789,0.8695,0.9129,0.9129,0.9129,0.3235,1.0,0.193
1.0,0.07,0.9129,0.2879,0.4159,0.256,0.8789,0.8695,0.9129,0.9129,0.9129,0.3235,1.0,0.193
1.0,0.08,0.9129,0.2879,0.4159,0.256,0.8789,0.8695,0.9129,0.9129,0.9129,0.3235,1.0,0.193
1.0,0.09,0.9129,0.2879,0.4159,0.256,0.8789,0.8695,0.9129,0.9129,0.9129,0.3235,1.0,0.193
1.0,0.1,0.9129,0.2879,0.4159,0.256,0.8789,0.8695,0.9129,0.9129,0.9129,0.3235,1.0,0.193
1.0,0.11,0.9129,0.2879,0.4159,0.256,0.8789,0.8695,0.9129,0.9129,0.9129,0.3235,1.0,0.193
1.0,0.12,0.9129,0.2879,0.4159,0.256,0.8789,0.8695,0.9129,0.9129,0.9129,0.3235,1.0,0.193
1.0,0.13,0.9129,0.2879,0.4159,0.256,0.8789,0.8695,0.9129,0.9129,0.9129,0.3235,1.0,0.193
1.0,0.14,0.9129,0.2879,0.4159,0.256,0.8789,0.8695,0.9129,0.9129,0.9129,0.3235,1.0,0.193
1.0,0.15,0.9129,0.2879,0.4159,0.256,0.8789,0.8695,0.9129,0.9129,0.9129,0.3235,1.0,0.193
1.0,0.16,0.9129,0.2879,0.4159,0.256,0.8789,0.8695,0.9129,0.9129,0.9129,0.3235,1.0,0.193
1.0,0.17,0.9129,0.2879,0.4159,0.256,0.8789,0.8695,0.9129,0.9129,0.9129,0.3235,1.0,0.193
1.0,0.18,0.9129,0.2879,0.4159,0.256,0.8789,0.8695,0.9129,0.9129,0.9129,0.3235,1.0,0.193
1.0,0.19,0.9129,0.2879,0.4159,0.256,0.8789,0.8695,0.9129,0.9129,0.9129,0.3235,1.0,0.193
1.0,0.2,0.9129,0.2879,0.4159,0.256,0.8789,0.8695,0.9129,0.9129,0.9129,0.3235,1.0,0.193
1.0,0.21,0.9129,0.2879,0.4159,0.256,0.8789,0.8695,0.9129,0.9129,0.9129,0.3235,1.0,0.193
1.0,0.22,0.9129,0.2879,0.4159,0.256,0.8789,0.8695,0.9129,0.9129,0.9129,0.3235,1.0,0.193
1.0,0.23,0.9129,0.2879,0.4159,0.256,0.8789,0.8695,0.9129,0.9129,0.9129,0.3235,1.0,0.193
1.0,0.24,0.9129,0.2879,0.4159,0.256,0.8789,0.8695,0.9129,0.9129,0.9129,0.3235,1.0,0.193
1.0,0.25,0.9129,0.2879,0.4159,0.256,0.8789,0.8695,0.9129,0.9129,0.9129,0.3235,1.0,0.193
1.0,0.26,0.9129,0.2879,0.4159,0.256,0.8789,0.8695,0.9129,0.9129,0.9129,0.3235,1.0,0.193
1.0,0.27,0.9129,0.2879,0.4159,0.256,0.8789,0.8695,0.9129,0.9129,0.9129,0.3235,1.0,0.193
1.0,0.28,0.9129,0.2879,0.4159,0.256,0.8789,0.8695,0.9129,0.9129,0.9129,0.3235,1.0,0.193
1.0,0.29,0.9129,0.2879,0.4159,0.256,0.8789,0.8695,0.9129,0.9129,0.9129,0.3235,1.0,0.193
1.0,0.3,0.9129,0.2879,0.4159,0.256,0.8789,0.8695,0.9129,0.9129,0.9129,0.3235,1.0,0.193
1.0,0.31,0.9129,0.2879,0.4159,0.256,0.8789,0.8695,0.9129,0.9129,0.9129,0.3235,1.0,0.193
1.0,0.32,0.9129,0.2879,0.4159,0.256,0.8789,0.8695,0.9129,0.9129,0.9129,0.3235,1.0,0.193
1.0,0.33,0.9129,0.2879,0.4159,0.256,0.8789,0.8695,0.9129,0.9129,0.9129,0.3235,1.0,0.193
1.0,0.34,0.9129,0.2879,0.4159,0.256,0.8789,0.8695,0.9129,0.9129,0.9129,0.3235,1.0,0.193
1.0,0.35,0.9129,0.2879,0.4159,0.256,0.8789,0.8695,0.9129,0.9129,0.9129,0.3235,1.0,0.193
1.0,0.36,0.9129,0.2879,0.4159,0.256,0.8789,0.8695,0.9129,0.9129,0.9129,0.3235,1.0,0.193
1.0,0.37,0.9129,0.2879,0.4159,0.256,0.8789,0.8695,0.9129,0.9129,0.9129,0.3235,1.0,0.193
1.0,0.38,0.9129,0.2879,0.4159,0.256,0.8789,0.8695,0.9129,0.9129,0.9129,0.3235,1.0,0.193
1.0,0.39,0.9129,0.2879,0.4159,0.256,0.8789,0.8695,0.9129,0.9129,0.9129,0.3235,1.0,0.193
1.0,0.4,0.9129,0.2879,0.4159,0.256,0.8789,0.8695,0.9129,0.9129,0.9129,0.3235,1.0,0.193
1.0,0.41,0.9129,0.2879,0.4159,0.256,0.8789,0.8695,0.9129,0.9129,0.9129,0.3235,1.0,0.193
1.0,0.42,0.9129,0.2879,0.4159,0.256,0.8789,0.8695,0.9129,0.9129,0.9129,0.3235,1.0,0.193
1.0,0.43,0.9129,0.2879,0.4159,0.256,0.8789,0.8695,0.9129,0.9129,0.9129,0.3235,1.0,0.193
1.0,0.44,0.9129,0.2879,0.4159,0.256,0.8789,0.8695,0.9129,0.9129,0.9129,0.3235,1.0,0.193
1.0,0.45,0.9129,0.2879,0.4159,0.256,0.8789,0.8695,0.9129,0.9129,0.9129,0.3235,1.0,0.193
1.0,0.46,0.9129,0.2879,0.4159,0.256,0.8789,0.8695,0.9129,0.9129,0.9129,0.3235,1.0,0.193
1.0,0.47,0.9129,0.2879,0.4159,0.256,0.8789,0.8695,0.9129,0.9129,0.9129,0.3235,1.0,0.193
1.0,0.48,0.9129,0.2879,0.4159,0.256,0.8789,0.8695,0.9129,0.9129,0.9129,0.3235,1.0,0.193
1.0,0.49,0.9129,0.2879,0.4159,0.256,0.8789,0.8695,0.9129,0.9129,0.9129,0.3235,1.0,0.193
1.0,0.5,0.9129,0.2879,0.4159,0.256,0.8789,0.8695,0.9129,0.9129,0.9129,0.3235,1.0,0.193
1.0,0.51,0.9129,0.2879,0.4159,0.256,0.8789,0.8695,0.9129,0.9129,0.9129,0.3235,1.0,0.193
1.0,0.52,0.9129,0.2879,0.4159,0.256,0.8789,0.8695,0.9129,0.9129,0.9129,0.3235,1.0,0.193
1.0,0.53,0.9129,0.2879,0.4159,0.256,0.8789,0.8695,0.9129,0.9129,0.9129,0.3235,1.0,0.193
1.0,0.54,0.9129,0.2879,0.4159,0.256,0.8789,0.8695,0.9129,0.9129,0.9129,0.3235,1.0,0.193
1.0,0.55,0.9129,0.2879,0.4159,0.256,0.8789,0.8695,0.9129,0.9129,0.9129,0.3235,1.0,0.193
1.0,0.56,0.9129,0.2879,0.4159,0.256,0.8789,0.8695,0.9129,0.9129,0.9129,0.3235,1.0,0.193
1.0,0.57,0.9129,0.2879,0.4159,0.256,0.8789,0.8695,0.9129,0.9129,0.9129,0.3235,1.0,0.193
1.0,0.58,0.9129,0.2879,0.4159,0.256,0.8789,0.8695,0.9129,0.9129,0.9129,0.3235,1.0,0.193
1.0,0.59,0.9129,0.2879,0.4159,0.256,0.8789,0.8695,0.9129,0.9129,0.9129,0.3235,1.0,0.193
1.0,0.6,0.9129,0.2879,0.4159,0.256,0.8789,0.8695,0.9129,0.9129,0.9129,0.3235,1.0,0.193
1.0,0.61,0.9091,0.2606,0.4154,0.2392,0.8711,0.8664,0.9091,0.9091,0.9091,0.2727,1.0,0.1579
1.0,0.62,0.9091,0.2606,0.4154,0.2392,0.8711,0.8664,0.9091,0.9091,0.9091,0.2727,1.0,0.1579
1.0,0.63,0.9091,0.2606,0.4154,0.2392,0.8711,0.8664,0.9091,0.9091,0.9091,0.2727,1.0,0.1579
1.0,0.64,0.9091,0.2606,0.4154,0.2392,0.8711,0.8664,0.9091,0.9091,0.9091,0.2727,1.0,0.1579
1.0,0.65,0.9091,0.2606,0.4154,0.2392,0.8711,0.8664,0.9091,0.9091,0.9091,0.2727,1.0,0.1579
1.0,0.66,0.9091,0.2606,0.4154,0.2392,0.8711,0.8664,0.9091,0.9091,0.9091,0.2727,1.0,0.1579
1.0,0.67,0.9091,0.2606,0.4154,0.2392,0.8711,0.8664,0.9091,0.9091,0.9091,0.2727,1.0,0.1579
1.0,0.68,0.9091,0.2606,0.4154,0.2392,0.8711,0.8664,0.9091,0.9091,0.9091,0.2727,1.0,0.1579
1.0,0.69,0.9072,0.2517,0.4151,0.2282,0.8688,0.8648,0.9072,0.9072,0.9072,0.2462,1.0,0.1404
1.0,0.7,0.9072,0.2517,0.4151,0.2282,0.8688,0.8648,0.9072,0.9072,0.9072,0.2462,1.0,0.1404
1.0,0.71,0.9072,0.2517,0.4151,0.2282,0.8688,0.8648,0.9072,0.9072,0.9072,0.2462,1.0,0.1404
1.0,0.72,0.9072,0.2517,0.4151,0.2282,0.8688,0.8648,0.9072,0.9072,0.9072,0.2462,1.0,0.1404
1.0,0.73,0.9072,0.2517,0.4151,0.2282,0.8688,0.8648,0.9072,0.9072,0.9072,0.2462,1.0,0.1404
1.0,0.74,0.9072,0.2517,0.4151,0.2282,0.8688,0.8648,0.9072,0.9072,0.9072,0.2462,1.0,0.1404
1.0,0.75,0.9072,0.2517,0.4151,0.2282,0.8688,0.8648,0.9072,0.9072,0.9072,0.2462,1.0,0.1404
1.0,0.76,0.9072,0.2517,0.4151,0.2282,0.8688,0.8648,0.9072,0.9072,0.9072,0.2462,1.0,0.1404
1.0,0.77,0.9072,0.2517,0.4151,0.2282,0.8688,0.8648,0.9072,0.9072,0.9072,0.2462,1.0,0.1404
1.0,0.78,0.9072,0.2517,0.4151,0.2282,0.8688,0.8648,0.9072,0.9072,0.9072,0.2462,1.0,0.1404
1.0,0.79,0.9072,0.2517,0.4151,0.2282,0.8688,0.8648,0.9072,0.9072,0.9072,0.2462,1.0,0.1404
1.0,0.8,0.9072,0.2517,0.4151,0.2282,0.8688,0.8648,0.9072,0.9072,0.9072,0.2462,1.0,0.1404
1.0,0.81,0.9072,0.2517,0.4151,0.2282,0.8688,0.8648,0.9072,0.9072,0.9072,0.2462,1.0,0.1404
1.0,0.82,0.9072,0.2517,0.4151,0.2282,0.8688,0.8648,0.9072,0.9072,0.9072,0.2462,1.0,0.1404
1.0,0.83,0.9072,0.2517,0.4151,0.2282,0.8688,0.8648,0.9072,0.9072,0.9072,0.2462,1.0,0.1404
1.0,0.84,0.9072,0.2517,0.4151,0.2282,0.8688,0.8648,0.9072,0.9072,0.9072,0.2462,1.0,0.1404
1.0,0.85,0.9072,0.2517,0.4151,0.2282,0.8688,0.8648,0.9072,0.9072,0.9072,0.2462,1.0,0.1404
1.0,0.86,0.9072,0.2517,0.4151,0.2282,0.8688,0.8648,0.9072,0.9072,0.9072,0.2462,1.0,0.1404
1.0,0.87,0.9072,0.2517,0.4151,0.2282,0.8688,0.8648,0.9072,0.9072,0.9072,0.2462,1.0,0.1404
1.0,0.88,0.9072,0.2517,0.4151,0.2282,0.8688,0.8648,0.9072,0.9072,0.9072,0.2462,1.0,0.1404
1.0,0.89,0.9072,0.2517,0.4151,0.2282,0.8688,0.8648,0.9072,0.9072,0.9072,0.2462,1.0,0.1404
1.0,0.9,0.9072,0.2517,0.4151,0.2282,0.8688,0.8648,0.9072,0.9072,0.9072,0.2462,1.0,0.1404
1.0,0.91,0.9072,0.2517,0.4151,0.2282,0.8688,0.8648,0.9072,0.9072,0.9072,0.2462,1.0,0.1404
1.0,0.92,0.9072,0.2517,0.4151,0.2282,0.8688,0.8648,0.9072,0.9072,0.9072,0.2462,1.0,0.1404
1.0,0.93,0.9072,0.2517,0.4151,0.2282,0.8688,0.8648,0.9072,0.9072,0.9072,0.2462,1.0,0.1404
1.0,0.94,0.9072,0.2517,0.4151,0.2282,0.8688,0.8648,0.9072,0.9072,0.9072,0.2462,1.0,0.1404
1.0,0.95,0.9072,0.2517,0.4151,0.2282,0.8688,0.8648,0.9072,0.9072,0.9072,0.2462,1.0,0.1404
1.0,0.96,0.9072,0.2517,0.4151,0.2282,0.8688,0.8648,0.9072,0.9072,0.9072,0.2462,1.0,0.1404
1.0,0.97,0.9034,0.2308,0.4146,0.2062,0.8635,0.8617,0.9034,0.9034,0.9034,0.1905,1.0,0.1053
1.0,0.98,0.9034,0.2308,0.4146,0.2062,0.8635,0.8617,0.9034,0.9034,0.9034,0.1905,1.0,0.1053
1.0,0.99,0.9034,0.2308,0.4146,0.2062,0.8635,0.8617,0.9034,0.9034,0.9034,0.1905,1.0,0.1053
1.0,1.0,0.9015,0.2185,0.4144,0.1952,0.8605,0.8602,0.9015,0.9015,0.9015,0.1613,1.0,0.0877
