tau_1,tau_2,patch_acc_multi,patch_f1_macro,patch_pre_macro,patch_rec_macro,patch_f1_weighted,patch_pre_weighted,patch_rec_weighted,patch_f1_micro,patch_acc_bin,patch_f1_bin,patch_pre_bin,patch_rec_bin
0.0,0.0,0.9801,0.8485,0.8791,0.8215,0.9796,0.9795,0.9801,0.9801,0.9831,0.8629,0.8989,0.8296
0.01,0.0,0.9801,0.8485,0.8791,0.8215,0.9796,0.9795,0.9801,0.9801,0.9831,0.8629,0.8989,0.8296
0.01,0.01,0.9552,0.7817,0.7096,0.8968,0.9607,0.9718,0.9552,0.9552,0.9594,0.7528,0.6177,0.9635
0.02,0.0,0.9801,0.8485,0.8791,0.8215,0.9796,0.9795,0.9801,0.9801,0.9831,0.8629,0.8989,0.8296
0.02,0.01,0.9552,0.7817,0.7096,0.8968,0.9607,0.9718,0.9552,0.9552,0.9594,0.7528,0.6177,0.9635
0.02,0.02,0.9669,0.8117,0.7522,0.8942,0.9697,0.9752,0.9669,0.9669,0.971,0.8079,0.7021,0.9513
0.03,0.0,0.9801,0.8485,0.8791,0.8215,0.9796,0.9795,0.9801,0.9801,0.9831,0.8629,0.8989,0.8296
0.03,0.01,0.9552,0.7817,0.7096,0.8968,0.9607,0.9718,0.9552,0.9552,0.9594,0.7528,0.6177,0.9635
0.03,0.02,0.9669,0.8117,0.7522,0.8942,0.9697,0.9752,0.9669,0.9669,0.971,0.8079,0.7021,0.9513
0.03,0.03,0.9727,0.8359,0.7885,0.8981,0.9744,0.9779,0.9727,0.9727,0.9762,0.8359,0.7492,0.9452
0.04,0.0,0.9801,0.8485,0.8791,0.8215,0.9796,0.9795,0.9801,0.9801,0.9831,0.8629,0.8989,0.8296
0.04,0.01,0.9552,0.7817,0.7096,0.8968,0.9607,0.9718,0.9552,0.9552,0.9594,0.7528,0.6177,0.9635
0.04,0.02,0.9669,0.8117,0.7522,0.8942,0.9697,0.9752,0.9669,0.9669,0.971,0.8079,0.7021,0.9513
0.04,0.03,0.9727,0.8359,0.7885,0.8981,0.9744,0.9779,0.9727,0.9727,0.9762,0.8359,0.7492,0.9452
0.04,0.04,0.9746,0.8407,0.798,0.8944,0.976,0.9786,0.9746,0.9746,0.9781,0.8464,0.7704,0.9391
0.05,0.0,0.9801,0.8485,0.8791,0.8215,0.9796,0.9795,0.9801,0.9801,0.9831,0.8629,0.8989,0.8296
0.05,0.01,0.9552,0.7817,0.7096,0.8968,0.9607,0.9718,0.9552,0.9552,0.9594,0.7528,0.6177,0.9635
0.05,0.02,0.9669,0.8117,0.7522,0.8942,0.9697,0.9752,0.9669,0.9669,0.971,0.8079,0.7021,0.9513
0.05,0.03,0.9727,0.8359,0.7885,0.8981,0.9744,0.9779,0.9727,0.9727,0.9762,0.8359,0.7492,0.9452
0.05,0.04,0.9746,0.8407,0.798,0.8944,0.976,0.9786,0.9746,0.9746,0.9781,0.8464,0.7704,0.9391
0.05,0.05,0.976,0.8454,0.8068,0.8929,0.9772,0.9794,0.976,0.976,0.9796,0.8548,0.7857,0.9371
0.06,0.0,0.9801,0.8485,0.8791,0.8215,0.9796,0.9795,0.9801,0.9801,0.9831,0.8629,0.8989,0.8296
0.06,0.01,0.9552,0.7817,0.7096,0.8968,0.9607,0.9718,0.9552,0.9552,0.9594,0.7528,0.6177,0.9635
0.06,0.02,0.9669,0.8117,0.7522,0.8942,0.9697,0.9752,0.9669,0.9669,0.971,0.8079,0.7021,0.9513
0.06,0.03,0.9727,0.8359,0.7885,0.8981,0.9744,0.9779,0.9727,0.9727,0.9762,0.8359,0.7492,0.9452
0.06,0.04,0.9746,0.8407,0.798,0.8944,0.976,0.9786,0.9746,0.9746,0.9781,0.8464,0.7704,0.9391
0.06,0.05,0.976,0.8454,0.8068,0.8929,0.9772,0.9794,0.976,0.976,0.9796,0.8548,0.7857,0.9371
0.06,0.06,0.9771,0.8476,0.8149,0.8872,0.978,0.9798,0.9771,0.9771,0.9806,0.8604,0.7997,0.931
0.07,0.0,0.9801,0.8485,0.8791,0.8215,0.9796,0.9795,0.9801,0.9801,0.9831,0.8629,0.8989,0.8296
0.07,0.01,0.9552,0.7817,0.7096,0.8968,0.9607,0.9718,0.9552,0.9552,0.9594,0.7528,0.6177,0.9635
0.07,0.02,0.9669,0.8117,0.7522,0.8942,0.9697,0.9752,0.9669,0.9669,0.971,0.8079,0.7021,0.9513
0.07,0.03,0.9727,0.8359,0.7885,0.8981,0.9744,0.9779,0.9727,0.9727,0.9762,0.8359,0.7492,0.9452
0.07,0.04,0.9746,0.8407,0.798,0.8944,0.976,0.9786,0.9746,0.9746,0.9781,0.8464,0.7704,0.9391
0.07,0.05,0.976,0.8454,0.8068,0.8929,0.9772,0.9794,0.976,0.976,0.9796,0.8548,0.7857,0.9371
0.07,0.06,0.9771,0.8476,0.8149,0.8872,0.978,0.9798,0.9771,0.9771,0.9806,0.8604,0.7997,0.931
0.07,0.07,0.9784,0.8524,0.823,0.8874,0.9792,0.9806,0.9784,0.9784,0.9819,0.8685,0.8138,0.931
0.08,0.0,0.9801,0.8485,0.8791,0.8215,0.9796,0.9795,0.9801,0.9801,0.9831,0.8629,0.8989,0.8296
0.08,0.01,0.9552,0.7817,0.7096,0.8968,0.9607,0.9718,0.9552,0.9552,0.9594,0.7528,0.6177,0.9635
0.08,0.02,0.9669,0.8117,0.7522,0.8942,0.9697,0.9752,0.9669,0.9669,0.971,0.8079,0.7021,0.9513
0.08,0.03,0.9727,0.8359,0.7885,0.8981,0.9744,0.9779,0.9727,0.9727,0.9762,0.8359,0.7492,0.9452
0.08,0.04,0.9746,0.8407,0.798,0.8944,0.976,0.9786,0.9746,0.9746,0.9781,0.8464,0.7704,0.9391
0.08,0.05,0.976,0.8454,0.8068,0.8929,0.9772,0.9794,0.976,0.976,0.9796,0.8548,0.7857,0.9371
0.08,0.06,0.9771,0.8476,0.8149,0.8872,0.978,0.9798,0.9771,0.9771,0.9806,0.8604,0.7997,0.931
0.08,0.07,0.9784,0.8524,0.823,0.8874,0.9792,0.9806,0.9784,0.9784,0.9819,0.8685,0.8138,0.931
0.08,0.08,0.9785,0.8512,0.8252,0.882,0.9792,0.9805,0.9785,0.9785,0.982,0.8686,0.8187,0.9249
0.09,0.0,0.9801,0.8485,0.8791,0.8215,0.9796,0.9795,0.9801,0.9801,0.9831,0.8629,0.8989,0.8296
0.09,0.01,0.9552,0.7817,0.7096,0.8968,0.9607,0.9718,0.9552,0.9552,0.9594,0.7528,0.6177,0.9635
0.09,0.02,0.9669,0.8117,0.7522,0.8942,0.9697,0.9752,0.9669,0.9669,0.971,0.8079,0.7021,0.9513
0.09,0.03,0.9727,0.8359,0.7885,0.8981,0.9744,0.9779,0.9727,0.9727,0.9762,0.8359,0.7492,0.9452
0.09,0.04,0.9746,0.8407,0.798,0.8944,0.976,0.9786,0.9746,0.9746,0.9781,0.8464,0.7704,0.9391
0.09,0.05,0.976,0.8454,0.8068,0.8929,0.9772,0.9794,0.976,0.976,0.9796,0.8548,0.7857,0.9371
0.09,0.06,0.9771,0.8476,0.8149,0.8872,0.978,0.9798,0.9771,0.9771,0.9806,0.8604,0.7997,0.931
0.09,0.07,0.9784,0.8524,0.823,0.8874,0.9792,0.9806,0.9784,0.9784,0.9819,0.8685,0.8138,0.931
0.09,0.08,0.9785,0.8512,0.8252,0.882,0.9792,0.9805,0.9785,0.9785,0.982,0.8686,0.8187,0.9249
0.09,0.09,0.979,0.8512,0.8273,0.8787,0.9796,0.9806,0.979,0.979,0.9826,0.8712,0.8282,0.9189
0.1,0.0,0.9801,0.8485,0.8791,0.8215,0.9796,0.9795,0.9801,0.9801,0.9831,0.8629,0.8989,0.8296
0.1,0.01,0.9552,0.7817,0.7096,0.8968,0.9607,0.9718,0.9552,0.9552,0.9594,0.7528,0.6177,0.9635
0.1,0.02,0.9669,0.8117,0.7522,0.8942,0.9697,0.9752,0.9669,0.9669,0.971,0.8079,0.7021,0.9513
0.1,0.03,0.9727,0.8359,0.7885,0.8981,0.9744,0.9779,0.9727,0.9727,0.9762,0.8359,0.7492,0.9452
0.1,0.04,0.9746,0.8407,0.798,0.8944,0.976,0.9786,0.9746,0.9746,0.9781,0.8464,0.7704,0.9391
0.1,0.05,0.976,0.8454,0.8068,0.8929,0.9772,0.9794,0.976,0.976,0.9796,0.8548,0.7857,0.9371
0.1,0.06,0.9771,0.8476,0.8149,0.8872,0.978,0.9798,0.9771,0.9771,0.9806,0.8604,0.7997,0.931
0.1,0.07,0.9784,0.8524,0.823,0.8874,0.9792,0.9806,0.9784,0.9784,0.9819,0.8685,0.8138,0.931
0.1,0.08,0.9785,0.8512,0.8252,0.882,0.9792,0.9805,0.9785,0.9785,0.982,0.8686,0.8187,0.9249
0.1,0.09,0.979,0.8512,0.8273,0.8787,0.9796,0.9806,0.979,0.979,0.9826,0.8712,0.8282,0.9189
0.1,0.1,0.9796,0.8529,0.8309,0.8778,0.9801,0.9809,0.9796,0.9796,0.9831,0.8743,0.8355,0.9168
0.11,0.0,0.9801,0.8485,0.8791,0.8215,0.9796,0.9795,0.9801,0.9801,0.9831,0.8629,0.8989,0.8296
0.11,0.01,0.9552,0.7817,0.7096,0.8968,0.9607,0.9718,0.9552,0.9552,0.9594,0.7528,0.6177,0.9635
0.11,0.02,0.9669,0.8117,0.7522,0.8942,0.9697,0.9752,0.9669,0.9669,0.971,0.8079,0.7021,0.9513
0.11,0.03,0.9727,0.8359,0.7885,0.8981,0.9744,0.9779,0.9727,0.9727,0.9762,0.8359,0.7492,0.9452
0.11,0.04,0.9746,0.8407,0.798,0.8944,0.976,0.9786,0.9746,0.9746,0.9781,0.8464,0.7704,0.9391
0.11,0.05,0.976,0.8454,0.8068,0.8929,0.9772,0.9794,0.976,0.976,0.9796,0.8548,0.7857,0.9371
0.11,0.06,0.9771,0.8476,0.8149,0.8872,0.978,0.9798,0.9771,0.9771,0.9806,0.8604,0.7997,0.931
0.11,0.07,0.9784,0.8524,0.823,0.8874,0.9792,0.9806,0.9784,0.9784,0.9819,0.8685,0.8138,0.931
0.11,0.08,0.9785,0.8512,0.8252,0.882,0.9792,0.9805,0.9785,0.9785,0.982,0.8686,0.8187,0.9249
0.11,0.09,0.979,0.8512,0.8273,0.8787,0.9796,0.9806,0.979,0.979,0.9826,0.8712,0.8282,0.9189
0.11,0.1,0.9796,0.8529,0.8309,0.8778,0.9801,0.9809,0.9796,0.9796,0.9831,0.8743,0.8355,0.9168
0.11,0.11,0.9801,0.8549,0.8371,0.8751,0.9805,0.9811,0.9801,0.9801,0.9836,0.8772,0.8443,0.9128
0.12,0.0,0.9801,0.8485,0.8791,0.8215,0.9796,0.9795,0.9801,0.9801,0.9831,0.8629,0.8989,0.8296
0.12,0.01,0.9552,0.7817,0.7096,0.8968,0.9607,0.9718,0.9552,0.9552,0.9594,0.7528,0.6177,0.9635
0.12,0.02,0.9669,0.8117,0.7522,0.8942,0.9697,0.9752,0.9669,0.9669,0.971,0.8079,0.7021,0.9513
0.12,0.03,0.9727,0.8359,0.7885,0.8981,0.9744,0.9779,0.9727,0.9727,0.9762,0.8359,0.7492,0.9452
0.12,0.04,0.9746,0.8407,0.798,0.8944,0.976,0.9786,0.9746,0.9746,0.9781,0.8464,0.7704,0.9391
0.12,0.05,0.976,0.8454,0.8068,0.8929,0.9772,0.9794,0.976,0.976,0.9796,0.8548,0.7857,0.9371
0.12,0.06,0.9771,0.8476,0.8149,0.8872,0.978,0.9798,0.9771,0.9771,0.9806,0.8604,0.7997,0.931
0.12,0.07,0.9784,0.8524,0.823,0.8874,0.9792,0.9806,0.9784,0.9784,0.9819,0.8685,0.8138,0.931
0.12,0.08,0.9785,0.8512,0.8252,0.882,0.9792,0.9805,0.9785,0.9785,0.982,0.8686,0.8187,0.9249
0.12,0.09,0.979,0.8512,0.8273,0.8787,0.9796,0.9806,0.979,0.979,0.9826,0.8712,0.8282,0.9189
0.12,0.1,0.9796,0.8529,0.8309,0.8778,0.9801,0.9809,0.9796,0.9796,0.9831,0.8743,0.8355,0.9168
0.12,0.11,0.9801,0.8549,0.8371,0.8751,0.9805,0.9811,0.9801,0.9801,0.9836,0.8772,0.8443,0.9128
0.12,0.12,0.9803,0.8567,0.84,0.8757,0.9807,0.9813,0.9803,0.9803,0.9837,0.8778,0.8472,0.9108
0.13,0.0,0.9801,0.8485,0.8791,0.8215,0.9796,0.9795,0.9801,0.9801,0.9831,0.8629,0.8989,0.8296
0.13,0.01,0.9552,0.7817,0.7096,0.8968,0.9607,0.9718,0.9552,0.9552,0.9594,0.7528,0.6177,0.9635
0.13,0.02,0.9669,0.8117,0.7522,0.8942,0.9697,0.9752,0.9669,0.9669,0.971,0.8079,0.7021,0.9513
0.13,0.03,0.9727,0.8359,0.7885,0.8981,0.9744,0.9779,0.9727,0.9727,0.9762,0.8359,0.7492,0.9452
0.13,0.04,0.9746,0.8407,0.798,0.8944,0.976,0.9786,0.9746,0.9746,0.9781,0.8464,0.7704,0.9391
0.13,0.05,0.976,0.8454,0.8068,0.8929,0.9772,0.9794,0.976,0.976,0.9796,0.8548,0.7857,0.9371
0.13,0.06,0.9771,0.8476,0.8149,0.8872,0.978,0.9798,0.9771,0.9771,0.9806,0.8604,0.7997,0.931
0.13,0.07,0.9784,0.8524,0.823,0.8874,0.9792,0.9806,0.9784,0.9784,0.9819,0.8685,0.8138,0.931
0.13,0.08,0.9785,0.8512,0.8252,0.882,0.9792,0.9805,0.9785,0.9785,0.982,0.8686,0.8187,0.9249
0.13,0.09,0.979,0.8512,0.8273,0.8787,0.9796,0.9806,0.979,0.979,0.9826,0.8712,0.8282,0.9189
0.13,0.1,0.9796,0.8529,0.8309,0.8778,0.9801,0.9809,0.9796,0.9796,0.9831,0.8743,0.8355,0.9168
0.13,0.11,0.9801,0.8549,0.8371,0.8751,0.9805,0.9811,0.9801,0.9801,0.9836,0.8772,0.8443,0.9128
0.13,0.12,0.9803,0.8567,0.84,0.8757,0.9807,0.9813,0.9803,0.9803,0.9837,0.8778,0.8472,0.9108
0.13,0.13,0.9806,0.8573,0.842,0.8748,0.9809,0.9814,0.9806,0.9806,0.984,0.8793,0.8517,0.9087
0.14,0.0,0.9801,0.8485,0.8791,0.8215,0.9796,0.9795,0.9801,0.9801,0.9831,0.8629,0.8989,0.8296
0.14,0.01,0.9552,0.7817,0.7096,0.8968,0.9607,0.9718,0.9552,0.9552,0.9594,0.7528,0.6177,0.9635
0.14,0.02,0.9669,0.8117,0.7522,0.8942,0.9697,0.9752,0.9669,0.9669,0.971,0.8079,0.7021,0.9513
0.14,0.03,0.9727,0.8359,0.7885,0.8981,0.9744,0.9779,0.9727,0.9727,0.9762,0.8359,0.7492,0.9452
0.14,0.04,0.9746,0.8407,0.798,0.8944,0.976,0.9786,0.9746,0.9746,0.9781,0.8464,0.7704,0.9391
0.14,0.05,0.976,0.8454,0.8068,0.8929,0.9772,0.9794,0.976,0.976,0.9796,0.8548,0.7857,0.9371
0.14,0.06,0.9771,0.8476,0.8149,0.8872,0.978,0.9798,0.9771,0.9771,0.9806,0.8604,0.7997,0.931
0.14,0.07,0.9784,0.8524,0.823,0.8874,0.9792,0.9806,0.9784,0.9784,0.9819,0.8685,0.8138,0.931
0.14,0.08,0.9785,0.8512,0.8252,0.882,0.9792,0.9805,0.9785,0.9785,0.982,0.8686,0.8187,0.9249
0.14,0.09,0.979,0.8512,0.8273,0.8787,0.9796,0.9806,0.979,0.979,0.9826,0.8712,0.8282,0.9189
0.14,0.1,0.9796,0.8529,0.8309,0.8778,0.9801,0.9809,0.9796,0.9796,0.9831,0.8743,0.8355,0.9168
0.14,0.11,0.9801,0.8549,0.8371,0.8751,0.9805,0.9811,0.9801,0.9801,0.9836,0.8772,0.8443,0.9128
0.14,0.12,0.9803,0.8567,0.84,0.8757,0.9807,0.9813,0.9803,0.9803,0.9837,0.8778,0.8472,0.9108
0.14,0.13,0.9806,0.8573,0.842,0.8748,0.9809,0.9814,0.9806,0.9806,0.984,0.8793,0.8517,0.9087
0.14,0.14,0.9809,0.8592,0.8456,0.8749,0.9811,0.9816,0.9809,0.9809,0.9841,0.8799,0.8547,0.9067
0.15,0.0,0.9801,0.8485,0.8791,0.8215,0.9796,0.9795,0.9801,0.9801,0.9831,0.8629,0.8989,0.8296
0.15,0.01,0.9552,0.7817,0.7096,0.8968,0.9607,0.9718,0.9552,0.9552,0.9594,0.7528,0.6177,0.9635
0.15,0.02,0.9669,0.8117,0.7522,0.8942,0.9697,0.9752,0.9669,0.9669,0.971,0.8079,0.7021,0.9513
0.15,0.03,0.9727,0.8359,0.7885,0.8981,0.9744,0.9779,0.9727,0.9727,0.9762,0.8359,0.7492,0.9452
0.15,0.04,0.9746,0.8407,0.798,0.8944,0.976,0.9786,0.9746,0.9746,0.9781,0.8464,0.7704,0.9391
0.15,0.05,0.976,0.8454,0.8068,0.8929,0.9772,0.9794,0.976,0.976,0.9796,0.8548,0.7857,0.9371
0.15,0.06,0.9771,0.8476,0.8149,0.8872,0.978,0.9798,0.9771,0.9771,0.9806,0.8604,0.7997,0.931
0.15,0.07,0.9784,0.8524,0.823,0.8874,0.9792,0.9806,0.9784,0.9784,0.9819,0.8685,0.8138,0.931
0.15,0.08,0.9785,0.8512,0.8252,0.882,0.9792,0.9805,0.9785,0.9785,0.982,0.8686,0.8187,0.9249
0.15,0.09,0.979,0.8512,0.8273,0.8787,0.9796,0.9806,0.979,0.979,0.9826,0.8712,0.8282,0.9189
0.15,0.1,0.9796,0.8529,0.8309,0.8778,0.9801,0.9809,0.9796,0.9796,0.9831,0.8743,0.8355,0.9168
0.15,0.11,0.9801,0.8549,0.8371,0.8751,0.9805,0.9811,0.9801,0.9801,0.9836,0.8772,0.8443,0.9128
0.15,0.12,0.9803,0.8567,0.84,0.8757,0.9807,0.9813,0.9803,0.9803,0.9837,0.8778,0.8472,0.9108
0.15,0.13,0.9806,0.8573,0.842,0.8748,0.9809,0.9814,0.9806,0.9806,0.984,0.8793,0.8517,0.9087
0.15,0.14,0.9809,0.8592,0.8456,0.8749,0.9811,0.9816,0.9809,0.9809,0.9841,0.8799,0.8547,0.9067
0.15,0.15,0.981,0.8598,0.8479,0.8734,0.9812,0.9816,0.981,0.981,0.9842,0.8806,0.8577,0.9047
0.16,0.0,0.9801,0.8485,0.8791,0.8215,0.9796,0.9795,0.9801,0.9801,0.9831,0.8629,0.8989,0.8296
0.16,0.01,0.9552,0.7817,0.7096,0.8968,0.9607,0.9718,0.9552,0.9552,0.9594,0.7528,0.6177,0.9635
0.16,0.02,0.9669,0.8117,0.7522,0.8942,0.9697,0.9752,0.9669,0.9669,0.971,0.8079,0.7021,0.9513
0.16,0.03,0.9727,0.8359,0.7885,0.8981,0.9744,0.9779,0.9727,0.9727,0.9762,0.8359,0.7492,0.9452
0.16,0.04,0.9746,0.8407,0.798,0.8944,0.976,0.9786,0.9746,0.9746,0.9781,0.8464,0.7704,0.9391
0.16,0.05,0.976,0.8454,0.8068,0.8929,0.9772,0.9794,0.976,0.976,0.9796,0.8548,0.7857,0.9371
0.16,0.06,0.9771,0.8476,0.8149,0.8872,0.978,0.9798,0.9771,0.9771,0.9806,0.8604,0.7997,0.931
0.16,0.07,0.9784,0.8524,0.823,0.8874,0.9792,0.9806,0.9784,0.9784,0.9819,0.8685,0.8138,0.931
0.16,0.08,0.9785,0.8512,0.8252,0.882,0.9792,0.9805,0.9785,0.9785,0.982,0.8686,0.8187,0.9249
0.16,0.09,0.979,0.8512,0.8273,0.8787,0.9796,0.9806,0.979,0.979,0.9826,0.8712,0.8282,0.9189
0.16,0.1,0.9796,0.8529,0.8309,0.8778,0.9801,0.9809,0.9796,0.9796,0.9831,0.8743,0.8355,0.9168
0.16,0.11,0.9801,0.8549,0.8371,0.8751,0.9805,0.9811,0.9801,0.9801,0.9836,0.8772,0.8443,0.9128
0.16,0.12,0.9803,0.8567,0.84,0.8757,0.9807,0.9813,0.9803,0.9803,0.9837,0.8778,0.8472,0.9108
0.16,0.13,0.9806,0.8573,0.842,0.8748,0.9809,0.9814,0.9806,0.9806,0.984,0.8793,0.8517,0.9087
0.16,0.14,0.9809,0.8592,0.8456,0.8749,0.9811,0.9816,0.9809,0.9809,0.9841,0.8799,0.8547,0.9067
0.16,0.15,0.981,0.8598,0.8479,0.8734,0.9812,0.9816,0.981,0.981,0.9842,0.8806,0.8577,0.9047
0.16,0.16,0.9809,0.8589,0.8476,0.8718,0.9811,0.9815,0.9809,0.9809,0.9841,0.8794,0.8574,0.9026
0.17,0.0,0.9801,0.8485,0.8791,0.8215,0.9796,0.9795,0.9801,0.9801,0.9831,0.8629,0.8989,0.8296
0.17,0.01,0.9552,0.7817,0.7096,0.8968,0.9607,0.9718,0.9552,0.9552,0.9594,0.7528,0.6177,0.9635
0.17,0.02,0.9669,0.8117,0.7522,0.8942,0.9697,0.9752,0.9669,0.9669,0.971,0.8079,0.7021,0.9513
0.17,0.03,0.9727,0.8359,0.7885,0.8981,0.9744,0.9779,0.9727,0.9727,0.9762,0.8359,0.7492,0.9452
0.17,0.04,0.9746,0.8407,0.798,0.8944,0.976,0.9786,0.9746,0.9746,0.9781,0.8464,0.7704,0.9391
0.17,0.05,0.976,0.8454,0.8068,0.8929,0.9772,0.9794,0.976,0.976,0.9796,0.8548,0.7857,0.9371
0.17,0.06,0.9771,0.8476,0.8149,0.8872,0.978,0.9798,0.9771,0.9771,0.9806,0.8604,0.7997,0.931
0.17,0.07,0.9784,0.8524,0.823,0.8874,0.9792,0.9806,0.9784,0.9784,0.9819,0.8685,0.8138,0.931
0.17,0.08,0.9785,0.8512,0.8252,0.882,0.9792,0.9805,0.9785,0.9785,0.982,0.8686,0.8187,0.9249
0.17,0.09,0.979,0.8512,0.8273,0.8787,0.9796,0.9806,0.979,0.979,0.9826,0.8712,0.8282,0.9189
0.17,0.1,0.9796,0.8529,0.8309,0.8778,0.9801,0.9809,0.9796,0.9796,0.9831,0.8743,0.8355,0.9168
0.17,0.11,0.9801,0.8549,0.8371,0.8751,0.9805,0.9811,0.9801,0.9801,0.9836,0.8772,0.8443,0.9128
0.17,0.12,0.9803,0.8567,0.84,0.8757,0.9807,0.9813,0.9803,0.9803,0.9837,0.8778,0.8472,0.9108
0.17,0.13,0.9806,0.8573,0.842,0.8748,0.9809,0.9814,0.9806,0.9806,0.984,0.8793,0.8517,0.9087
0.17,0.14,0.9809,0.8592,0.8456,0.8749,0.9811,0.9816,0.9809,0.9809,0.9841,0.8799,0.8547,0.9067
0.17,0.15,0.981,0.8598,0.8479,0.8734,0.9812,0.9816,0.981,0.981,0.9842,0.8806,0.8577,0.9047
0.17,0.16,0.9809,0.8589,0.8476,0.8718,0.9811,0.9815,0.9809,0.9809,0.9841,0.8794,0.8574,0.9026
0.17,0.17,0.9809,0.8586,0.8487,0.8698,0.9811,0.9814,0.9809,0.9809,0.9841,0.879,0.8602,0.8986
0.18,0.0,0.9801,0.8485,0.8791,0.8215,0.9796,0.9795,0.9801,0.9801,0.9831,0.8629,0.8989,0.8296
0.18,0.01,0.9552,0.7817,0.7096,0.8968,0.9607,0.9718,0.9552,0.9552,0.9594,0.7528,0.6177,0.9635
0.18,0.02,0.9669,0.8117,0.7522,0.8942,0.9697,0.9752,0.9669,0.9669,0.971,0.8079,0.7021,0.9513
0.18,0.03,0.9727,0.8359,0.7885,0.8981,0.9744,0.9779,0.9727,0.9727,0.9762,0.8359,0.7492,0.9452
0.18,0.04,0.9746,0.8407,0.798,0.8944,0.976,0.9786,0.9746,0.9746,0.9781,0.8464,0.7704,0.9391
0.18,0.05,0.976,0.8454,0.8068,0.8929,0.9772,0.9794,0.976,0.976,0.9796,0.8548,0.7857,0.9371
0.18,0.06,0.9771,0.8476,0.8149,0.8872,0.978,0.9798,0.9771,0.9771,0.9806,0.8604,0.7997,0.931
0.18,0.07,0.9784,0.8524,0.823,0.8874,0.9792,0.9806,0.9784,0.9784,0.9819,0.8685,0.8138,0.931
0.18,0.08,0.9785,0.8512,0.8252,0.882,0.9792,0.9805,0.9785,0.9785,0.982,0.8686,0.8187,0.9249
0.18,0.09,0.979,0.8512,0.8273,0.8787,0.9796,0.9806,0.979,0.979,0.9826,0.8712,0.8282,0.9189
0.18,0.1,0.9796,0.8529,0.8309,0.8778,0.9801,0.9809,0.9796,0.9796,0.9831,0.8743,0.8355,0.9168
0.18,0.11,0.9801,0.8549,0.8371,0.8751,0.9805,0.9811,0.9801,0.9801,0.9836,0.8772,0.8443,0.9128
0.18,0.12,0.9803,0.8567,0.84,0.8757,0.9807,0.9813,0.9803,0.9803,0.9837,0.8778,0.8472,0.9108
0.18,0.13,0.9806,0.8573,0.842,0.8748,0.9809,0.9814,0.9806,0.9806,0.984,0.8793,0.8517,0.9087
0.18,0.14,0.9809,0.8592,0.8456,0.8749,0.9811,0.9816,0.9809,0.9809,0.9841,0.8799,0.8547,0.9067
0.18,0.15,0.981,0.8598,0.8479,0.8734,0.9812,0.9816,0.981,0.981,0.9842,0.8806,0.8577,0.9047
0.18,0.16,0.9809,0.8589,0.8476,0.8718,0.9811,0.9815,0.9809,0.9809,0.9841,0.8794,0.8574,0.9026
0.18,0.17,0.9809,0.8586,0.8487,0.8698,0.9811,0.9814,0.9809,0.9809,0.9841,0.879,0.8602,0.8986
0.18,0.18,0.9806,0.8569,0.8481,0.8667,0.9808,0.9811,0.9806,0.9806,0.9839,0.8767,0.8596,0.8945
0.19,0.0,0.9801,0.8485,0.8791,0.8215,0.9796,0.9795,0.9801,0.9801,0.9831,0.8629,0.8989,0.8296
0.19,0.01,0.9552,0.7817,0.7096,0.8968,0.9607,0.9718,0.9552,0.9552,0.9594,0.7528,0.6177,0.9635
0.19,0.02,0.9669,0.8117,0.7522,0.8942,0.9697,0.9752,0.9669,0.9669,0.971,0.8079,0.7021,0.9513
0.19,0.03,0.9727,0.8359,0.7885,0.8981,0.9744,0.9779,0.9727,0.9727,0.9762,0.8359,0.7492,0.9452
0.19,0.04,0.9746,0.8407,0.798,0.8944,0.976,0.9786,0.9746,0.9746,0.9781,0.8464,0.7704,0.9391
0.19,0.05,0.976,0.8454,0.8068,0.8929,0.9772,0.9794,0.976,0.976,0.9796,0.8548,0.7857,0.9371
0.19,0.06,0.9771,0.8476,0.8149,0.8872,0.978,0.9798,0.9771,0.9771,0.9806,0.8604,0.7997,0.931
0.19,0.07,0.9784,0.8524,0.823,0.8874,0.9792,0.9806,0.9784,0.9784,0.9819,0.8685,0.8138,0.931
0.19,0.08,0.9785,0.8512,0.8252,0.882,0.9792,0.9805,0.9785,0.9785,0.982,0.8686,0.8187,0.9249
0.19,0.09,0.979,0.8512,0.8273,0.8787,0.9796,0.9806,0.979,0.979,0.9826,0.8712,0.8282,0.9189
0.19,0.1,0.9796,0.8529,0.8309,0.8778,0.9801,0.9809,0.9796,0.9796,0.9831,0.8743,0.8355,0.9168
0.19,0.11,0.9801,0.8549,0.8371,0.8751,0.9805,0.9811,0.9801,0.9801,0.9836,0.8772,0.8443,0.9128
0.19,0.12,0.9803,0.8567,0.84,0.8757,0.9807,0.9813,0.9803,0.9803,0.9837,0.8778,0.8472,0.9108
0.19,0.13,0.9806,0.8573,0.842,0.8748,0.9809,0.9814,0.9806,0.9806,0.984,0.8793,0.8517,0.9087
0.19,0.14,0.9809,0.8592,0.8456,0.8749,0.9811,0.9816,0.9809,0.9809,0.9841,0.8799,0.8547,0.9067
0.19,0.15,0.981,0.8598,0.8479,0.8734,0.9812,0.9816,0.981,0.981,0.9842,0.8806,0.8577,0.9047
0.19,0.16,0.9809,0.8589,0.8476,0.8718,0.9811,0.9815,0.9809,0.9809,0.9841,0.8794,0.8574,0.9026
0.19,0.17,0.9809,0.8586,0.8487,0.8698,0.9811,0.9814,0.9809,0.9809,0.9841,0.879,0.8602,0.8986
0.19,0.18,0.9806,0.8569,0.8481,0.8667,0.9808,0.9811,0.9806,0.9806,0.9839,0.8767,0.8596,0.8945
0.19,0.19,0.981,0.859,0.8523,0.8668,0.9811,0.9814,0.981,0.981,0.9842,0.8794,0.8647,0.8945
0.2,0.0,0.9801,0.8485,0.8791,0.8215,0.9796,0.9795,0.9801,0.9801,0.9831,0.8629,0.8989,0.8296
0.2,0.01,0.9552,0.7817,0.7096,0.8968,0.9607,0.9718,0.9552,0.9552,0.9594,0.7528,0.6177,0.9635
0.2,0.02,0.9669,0.8117,0.7522,0.8942,0.9697,0.9752,0.9669,0.9669,0.971,0.8079,0.7021,0.9513
0.2,0.03,0.9727,0.8359,0.7885,0.8981,0.9744,0.9779,0.9727,0.9727,0.9762,0.8359,0.7492,0.9452
0.2,0.04,0.9746,0.8407,0.798,0.8944,0.976,0.9786,0.9746,0.9746,0.9781,0.8464,0.7704,0.9391
0.2,0.05,0.976,0.8454,0.8068,0.8929,0.9772,0.9794,0.976,0.976,0.9796,0.8548,0.7857,0.9371
0.2,0.06,0.9771,0.8476,0.8149,0.8872,0.978,0.9798,0.9771,0.9771,0.9806,0.8604,0.7997,0.931
0.2,0.07,0.9784,0.8524,0.823,0.8874,0.9792,0.9806,0.9784,0.9784,0.9819,0.8685,0.8138,0.931
0.2,0.08,0.9785,0.8512,0.8252,0.882,0.9792,0.9805,0.9785,0.9785,0.982,0.8686,0.8187,0.9249
0.2,0.09,0.979,0.8512,0.8273,0.8787,0.9796,0.9806,0.979,0.979,0.9826,0.8712,0.8282,0.9189
0.2,0.1,0.9796,0.8529,0.8309,0.8778,0.9801,0.9809,0.9796,0.9796,0.9831,0.8743,0.8355,0.9168
0.2,0.11,0.9801,0.8549,0.8371,0.8751,0.9805,0.9811,0.9801,0.9801,0.9836,0.8772,0.8443,0.9128
0.2,0.12,0.9803,0.8567,0.84,0.8757,0.9807,0.9813,0.9803,0.9803,0.9837,0.8778,0.8472,0.9108
0.2,0.13,0.9806,0.8573,0.842,0.8748,0.9809,0.9814,0.9806,0.9806,0.984,0.8793,0.8517,0.9087
0.2,0.14,0.9809,0.8592,0.8456,0.8749,0.9811,0.9816,0.9809,0.9809,0.9841,0.8799,0.8547,0.9067
0.2,0.15,0.981,0.8598,0.8479,0.8734,0.9812,0.9816,0.981,0.981,0.9842,0.8806,0.8577,0.9047
0.2,0.16,0.9809,0.8589,0.8476,0.8718,0.9811,0.9815,0.9809,0.9809,0.9841,0.8794,0.8574,0.9026
0.2,0.17,0.9809,0.8586,0.8487,0.8698,0.9811,0.9814,0.9809,0.9809,0.9841,0.879,0.8602,0.8986
0.2,0.18,0.9806,0.8569,0.8481,0.8667,0.9808,0.9811,0.9806,0.9806,0.9839,0.8767,0.8596,0.8945
0.2,0.19,0.981,0.859,0.8523,0.8668,0.9811,0.9814,0.981,0.981,0.9842,0.8794,0.8647,0.8945
0.2,0.2,0.9809,0.8583,0.8526,0.8648,0.981,0.9812,0.9809,0.9809,0.9841,0.878,0.8659,0.8905
0.21,0.0,0.9801,0.8485,0.8791,0.8215,0.9796,0.9795,0.9801,0.9801,0.9831,0.8629,0.8989,0.8296
0.21,0.01,0.9552,0.7817,0.7096,0.8968,0.9607,0.9718,0.9552,0.9552,0.9594,0.7528,0.6177,0.9635
0.21,0.02,0.9669,0.8117,0.7522,0.8942,0.9697,0.9752,0.9669,0.9669,0.971,0.8079,0.7021,0.9513
0.21,0.03,0.9727,0.8359,0.7885,0.8981,0.9744,0.9779,0.9727,0.9727,0.9762,0.8359,0.7492,0.9452
0.21,0.04,0.9746,0.8407,0.798,0.8944,0.976,0.9786,0.9746,0.9746,0.9781,0.8464,0.7704,0.9391
0.21,0.05,0.976,0.8454,0.8068,0.8929,0.9772,0.9794,0.976,0.976,0.9796,0.8548,0.7857,0.9371
0.21,0.06,0.9771,0.8476,0.8149,0.8872,0.978,0.9798,0.9771,0.9771,0.9806,0.8604,0.7997,0.931
0.21,0.07,0.9784,0.8524,0.823,0.8874,0.9792,0.9806,0.9784,0.9784,0.9819,0.8685,0.8138,0.931
0.21,0.08,0.9785,0.8512,0.8252,0.882,0.9792,0.9805,0.9785,0.9785,0.982,0.8686,0.8187,0.9249
0.21,0.09,0.979,0.8512,0.8273,0.8787,0.9796,0.9806,0.979,0.979,0.9826,0.8712,0.8282,0.9189
0.21,0.1,0.9796,0.8529,0.8309,0.8778,0.9801,0.9809,0.9796,0.9796,0.9831,0.8743,0.8355,0.9168
0.21,0.11,0.9801,0.8549,0.8371,0.8751,0.9805,0.9811,0.9801,0.9801,0.9836,0.8772,0.8443,0.9128
0.21,0.12,0.9803,0.8567,0.84,0.8757,0.9807,0.9813,0.9803,0.9803,0.9837,0.8778,0.8472,0.9108
0.21,0.13,0.9806,0.8573,0.842,0.8748,0.9809,0.9814,0.9806,0.9806,0.984,0.8793,0.8517,0.9087
0.21,0.14,0.9809,0.8592,0.8456,0.8749,0.9811,0.9816,0.9809,0.9809,0.9841,0.8799,0.8547,0.9067
0.21,0.15,0.981,0.8598,0.8479,0.8734,0.9812,0.9816,0.981,0.981,0.9842,0.8806,0.8577,0.9047
0.21,0.16,0.9809,0.8589,0.8476,0.8718,0.9811,0.9815,0.9809,0.9809,0.9841,0.8794,0.8574,0.9026
0.21,0.17,0.9809,0.8586,0.8487,0.8698,0.9811,0.9814,0.9809,0.9809,0.9841,0.879,0.8602,0.8986
0.21,0.18,0.9806,0.8569,0.8481,0.8667,0.9808,0.9811,0.9806,0.9806,0.9839,0.8767,0.8596,0.8945
0.21,0.19,0.981,0.859,0.8523,0.8668,0.9811,0.9814,0.981,0.981,0.9842,0.8794,0.8647,0.8945
0.21,0.2,0.9809,0.8583,0.8526,0.8648,0.981,0.9812,0.9809,0.9809,0.9841,0.878,0.8659,0.8905
0.21,0.21,0.9812,0.8603,0.8565,0.8649,0.9813,0.9815,0.9812,0.9812,0.9845,0.8806,0.871,0.8905
0.22,0.0,0.9801,0.8485,0.8791,0.8215,0.9796,0.9795,0.9801,0.9801,0.9831,0.8629,0.8989,0.8296
0.22,0.01,0.9552,0.7817,0.7096,0.8968,0.9607,0.9718,0.9552,0.9552,0.9594,0.7528,0.6177,0.9635
0.22,0.02,0.9669,0.8117,0.7522,0.8942,0.9697,0.9752,0.9669,0.9669,0.971,0.8079,0.7021,0.9513
0.22,0.03,0.9727,0.8359,0.7885,0.8981,0.9744,0.9779,0.9727,0.9727,0.9762,0.8359,0.7492,0.9452
0.22,0.04,0.9746,0.8407,0.798,0.8944,0.976,0.9786,0.9746,0.9746,0.9781,0.8464,0.7704,0.9391
0.22,0.05,0.976,0.8454,0.8068,0.8929,0.9772,0.9794,0.976,0.976,0.9796,0.8548,0.7857,0.9371
0.22,0.06,0.9771,0.8476,0.8149,0.8872,0.978,0.9798,0.9771,0.9771,0.9806,0.8604,0.7997,0.931
0.22,0.07,0.9784,0.8524,0.823,0.8874,0.9792,0.9806,0.9784,0.9784,0.9819,0.8685,0.8138,0.931
0.22,0.08,0.9785,0.8512,0.8252,0.882,0.9792,0.9805,0.9785,0.9785,0.982,0.8686,0.8187,0.9249
0.22,0.09,0.979,0.8512,0.8273,0.8787,0.9796,0.9806,0.979,0.979,0.9826,0.8712,0.8282,0.9189
0.22,0.1,0.9796,0.8529,0.8309,0.8778,0.9801,0.9809,0.9796,0.9796,0.9831,0.8743,0.8355,0.9168
0.22,0.11,0.9801,0.8549,0.8371,0.8751,0.9805,0.9811,0.9801,0.9801,0.9836,0.8772,0.8443,0.9128
0.22,0.12,0.9803,0.8567,0.84,0.8757,0.9807,0.9813,0.9803,0.9803,0.9837,0.8778,0.8472,0.9108
0.22,0.13,0.9806,0.8573,0.842,0.8748,0.9809,0.9814,0.9806,0.9806,0.984,0.8793,0.8517,0.9087
0.22,0.14,0.9809,0.8592,0.8456,0.8749,0.9811,0.9816,0.9809,0.9809,0.9841,0.8799,0.8547,0.9067
0.22,0.15,0.981,0.8598,0.8479,0.8734,0.9812,0.9816,0.981,0.981,0.9842,0.8806,0.8577,0.9047
0.22,0.16,0.9809,0.8589,0.8476,0.8718,0.9811,0.9815,0.9809,0.9809,0.9841,0.8794,0.8574,0.9026
0.22,0.17,0.9809,0.8586,0.8487,0.8698,0.9811,0.9814,0.9809,0.9809,0.9841,0.879,0.8602,0.8986
0.22,0.18,0.9806,0.8569,0.8481,0.8667,0.9808,0.9811,0.9806,0.9806,0.9839,0.8767,0.8596,0.8945
0.22,0.19,0.981,0.859,0.8523,0.8668,0.9811,0.9814,0.981,0.981,0.9842,0.8794,0.8647,0.8945
0.22,0.2,0.9809,0.8583,0.8526,0.8648,0.981,0.9812,0.9809,0.9809,0.9841,0.878,0.8659,0.8905
0.22,0.21,0.9812,0.8603,0.8565,0.8649,0.9813,0.9815,0.9812,0.9812,0.9845,0.8806,0.871,0.8905
0.22,0.22,0.9812,0.8599,0.857,0.8634,0.9813,0.9814,0.9812,0.9812,0.9845,0.8804,0.8725,0.8884
0.23,0.0,0.9801,0.8485,0.8791,0.8215,0.9796,0.9795,0.9801,0.9801,0.9831,0.8629,0.8989,0.8296
0.23,0.01,0.9552,0.7817,0.7096,0.8968,0.9607,0.9718,0.9552,0.9552,0.9594,0.7528,0.6177,0.9635
0.23,0.02,0.9669,0.8117,0.7522,0.8942,0.9697,0.9752,0.9669,0.9669,0.971,0.8079,0.7021,0.9513
0.23,0.03,0.9727,0.8359,0.7885,0.8981,0.9744,0.9779,0.9727,0.9727,0.9762,0.8359,0.7492,0.9452
0.23,0.04,0.9746,0.8407,0.798,0.8944,0.976,0.9786,0.9746,0.9746,0.9781,0.8464,0.7704,0.9391
0.23,0.05,0.976,0.8454,0.8068,0.8929,0.9772,0.9794,0.976,0.976,0.9796,0.8548,0.7857,0.9371
0.23,0.06,0.9771,0.8476,0.8149,0.8872,0.978,0.9798,0.9771,0.9771,0.9806,0.8604,0.7997,0.931
0.23,0.07,0.9784,0.8524,0.823,0.8874,0.9792,0.9806,0.9784,0.9784,0.9819,0.8685,0.8138,0.931
0.23,0.08,0.9785,0.8512,0.8252,0.882,0.9792,0.9805,0.9785,0.9785,0.982,0.8686,0.8187,0.9249
0.23,0.09,0.979,0.8512,0.8273,0.8787,0.9796,0.9806,0.979,0.979,0.9826,0.8712,0.8282,0.9189
0.23,0.1,0.9796,0.8529,0.8309,0.8778,0.9801,0.9809,0.9796,0.9796,0.9831,0.8743,0.8355,0.9168
0.23,0.11,0.9801,0.8549,0.8371,0.8751,0.9805,0.9811,0.9801,0.9801,0.9836,0.8772,0.8443,0.9128
0.23,0.12,0.9803,0.8567,0.84,0.8757,0.9807,0.9813,0.9803,0.9803,0.9837,0.8778,0.8472,0.9108
0.23,0.13,0.9806,0.8573,0.842,0.8748,0.9809,0.9814,0.9806,0.9806,0.984,0.8793,0.8517,0.9087
0.23,0.14,0.9809,0.8592,0.8456,0.8749,0.9811,0.9816,0.9809,0.9809,0.9841,0.8799,0.8547,0.9067
0.23,0.15,0.981,0.8598,0.8479,0.8734,0.9812,0.9816,0.981,0.981,0.9842,0.8806,0.8577,0.9047
0.23,0.16,0.9809,0.8589,0.8476,0.8718,0.9811,0.9815,0.9809,0.9809,0.9841,0.8794,0.8574,0.9026
0.23,0.17,0.9809,0.8586,0.8487,0.8698,0.9811,0.9814,0.9809,0.9809,0.9841,0.879,0.8602,0.8986
0.23,0.18,0.9806,0.8569,0.8481,0.8667,0.9808,0.9811,0.9806,0.9806,0.9839,0.8767,0.8596,0.8945
0.23,0.19,0.981,0.859,0.8523,0.8668,0.9811,0.9814,0.981,0.981,0.9842,0.8794,0.8647,0.8945
0.23,0.2,0.9809,0.8583,0.8526,0.8648,0.981,0.9812,0.9809,0.9809,0.9841,0.878,0.8659,0.8905
0.23,0.21,0.9812,0.8603,0.8565,0.8649,0.9813,0.9815,0.9812,0.9812,0.9845,0.8806,0.871,0.8905
0.23,0.22,0.9812,0.8599,0.857,0.8634,0.9813,0.9814,0.9812,0.9812,0.9845,0.8804,0.8725,0.8884
0.23,0.23,0.9811,0.8588,0.8567,0.8615,0.9812,0.9813,0.9811,0.9811,0.9844,0.8793,0.8723,0.8864
0.24,0.0,0.9801,0.8485,0.8791,0.8215,0.9796,0.9795,0.9801,0.9801,0.9831,0.8629,0.8989,0.8296
0.24,0.01,0.9552,0.7817,0.7096,0.8968,0.9607,0.9718,0.9552,0.9552,0.9594,0.7528,0.6177,0.9635
0.24,0.02,0.9669,0.8117,0.7522,0.8942,0.9697,0.9752,0.9669,0.9669,0.971,0.8079,0.7021,0.9513
0.24,0.03,0.9727,0.8359,0.7885,0.8981,0.9744,0.9779,0.9727,0.9727,0.9762,0.8359,0.7492,0.9452
0.24,0.04,0.9746,0.8407,0.798,0.8944,0.976,0.9786,0.9746,0.9746,0.9781,0.8464,0.7704,0.9391
0.24,0.05,0.976,0.8454,0.8068,0.8929,0.9772,0.9794,0.976,0.976,0.9796,0.8548,0.7857,0.9371
0.24,0.06,0.9771,0.8476,0.8149,0.8872,0.978,0.9798,0.9771,0.9771,0.9806,0.8604,0.7997,0.931
0.24,0.07,0.9784,0.8524,0.823,0.8874,0.9792,0.9806,0.9784,0.9784,0.9819,0.8685,0.8138,0.931
0.24,0.08,0.9785,0.8512,0.8252,0.882,0.9792,0.9805,0.9785,0.9785,0.982,0.8686,0.8187,0.9249
0.24,0.09,0.979,0.8512,0.8273,0.8787,0.9796,0.9806,0.979,0.979,0.9826,0.8712,0.8282,0.9189
0.24,0.1,0.9796,0.8529,0.8309,0.8778,0.9801,0.9809,0.9796,0.9796,0.9831,0.8743,0.8355,0.9168
0.24,0.11,0.9801,0.8549,0.8371,0.8751,0.9805,0.9811,0.9801,0.9801,0.9836,0.8772,0.8443,0.9128
0.24,0.12,0.9803,0.8567,0.84,0.8757,0.9807,0.9813,0.9803,0.9803,0.9837,0.8778,0.8472,0.9108
0.24,0.13,0.9806,0.8573,0.842,0.8748,0.9809,0.9814,0.9806,0.9806,0.984,0.8793,0.8517,0.9087
0.24,0.14,0.9809,0.8592,0.8456,0.8749,0.9811,0.9816,0.9809,0.9809,0.9841,0.8799,0.8547,0.9067
0.24,0.15,0.981,0.8598,0.8479,0.8734,0.9812,0.9816,0.981,0.981,0.9842,0.8806,0.8577,0.9047
0.24,0.16,0.9809,0.8589,0.8476,0.8718,0.9811,0.9815,0.9809,0.9809,0.9841,0.8794,0.8574,0.9026
0.24,0.17,0.9809,0.8586,0.8487,0.8698,0.9811,0.9814,0.9809,0.9809,0.9841,0.879,0.8602,0.8986
0.24,0.18,0.9806,0.8569,0.8481,0.8667,0.9808,0.9811,0.9806,0.9806,0.9839,0.8767,0.8596,0.8945
0.24,0.19,0.981,0.859,0.8523,0.8668,0.9811,0.9814,0.981,0.981,0.9842,0.8794,0.8647,0.8945
0.24,0.2,0.9809,0.8583,0.8526,0.8648,0.981,0.9812,0.9809,0.9809,0.9841,0.878,0.8659,0.8905
0.24,0.21,0.9812,0.8603,0.8565,0.8649,0.9813,0.9815,0.9812,0.9812,0.9845,0.8806,0.871,0.8905
0.24,0.22,0.9812,0.8599,0.857,0.8634,0.9813,0.9814,0.9812,0.9812,0.9845,0.8804,0.8725,0.8884
0.24,0.23,0.9811,0.8588,0.8567,0.8615,0.9812,0.9813,0.9811,0.9811,0.9844,0.8793,0.8723,0.8864
0.24,0.24,0.981,0.857,0.8568,0.8579,0.981,0.9811,0.981,0.981,0.9842,0.8779,0.8735,0.8824
0.25,0.0,0.9801,0.8485,0.8791,0.8215,0.9796,0.9795,0.9801,0.9801,0.9831,0.8629,0.8989,0.8296
0.25,0.01,0.9552,0.7817,0.7096,0.8968,0.9607,0.9718,0.9552,0.9552,0.9594,0.7528,0.6177,0.9635
0.25,0.02,0.9669,0.8117,0.7522,0.8942,0.9697,0.9752,0.9669,0.9669,0.971,0.8079,0.7021,0.9513
0.25,0.03,0.9727,0.8359,0.7885,0.8981,0.9744,0.9779,0.9727,0.9727,0.9762,0.8359,0.7492,0.9452
0.25,0.04,0.9746,0.8407,0.798,0.8944,0.976,0.9786,0.9746,0.9746,0.9781,0.8464,0.7704,0.9391
0.25,0.05,0.976,0.8454,0.8068,0.8929,0.9772,0.9794,0.976,0.976,0.9796,0.8548,0.7857,0.9371
0.25,0.06,0.9771,0.8476,0.8149,0.8872,0.978,0.9798,0.9771,0.9771,0.9806,0.8604,0.7997,0.931
0.25,0.07,0.9784,0.8524,0.823,0.8874,0.9792,0.9806,0.9784,0.9784,0.9819,0.8685,0.8138,0.931
0.25,0.08,0.9785,0.8512,0.8252,0.882,0.9792,0.9805,0.9785,0.9785,0.982,0.8686,0.8187,0.9249
0.25,0.09,0.979,0.8512,0.8273,0.8787,0.9796,0.9806,0.979,0.979,0.9826,0.8712,0.8282,0.9189
0.25,0.1,0.9796,0.8529,0.8309,0.8778,0.9801,0.9809,0.9796,0.9796,0.9831,0.8743,0.8355,0.9168
0.25,0.11,0.9801,0.8549,0.8371,0.8751,0.9805,0.9811,0.9801,0.9801,0.9836,0.8772,0.8443,0.9128
0.25,0.12,0.9803,0.8567,0.84,0.8757,0.9807,0.9813,0.9803,0.9803,0.9837,0.8778,0.8472,0.9108
0.25,0.13,0.9806,0.8573,0.842,0.8748,0.9809,0.9814,0.9806,0.9806,0.984,0.8793,0.8517,0.9087
0.25,0.14,0.9809,0.8592,0.8456,0.8749,0.9811,0.9816,0.9809,0.9809,0.9841,0.8799,0.8547,0.9067
0.25,0.15,0.981,0.8598,0.8479,0.8734,0.9812,0.9816,0.981,0.981,0.9842,0.8806,0.8577,0.9047
0.25,0.16,0.9809,0.8589,0.8476,0.8718,0.9811,0.9815,0.9809,0.9809,0.9841,0.8794,0.8574,0.9026
0.25,0.17,0.9809,0.8586,0.8487,0.8698,0.9811,0.9814,0.9809,0.9809,0.9841,0.879,0.8602,0.8986
0.25,0.18,0.9806,0.8569,0.8481,0.8667,0.9808,0.9811,0.9806,0.9806,0.9839,0.8767,0.8596,0.8945
0.25,0.19,0.981,0.859,0.8523,0.8668,0.9811,0.9814,0.981,0.981,0.9842,0.8794,0.8647,0.8945
0.25,0.2,0.9809,0.8583,0.8526,0.8648,0.981,0.9812,0.9809,0.9809,0.9841,0.878,0.8659,0.8905
0.25,0.21,0.9812,0.8603,0.8565,0.8649,0.9813,0.9815,0.9812,0.9812,0.9845,0.8806,0.871,0.8905
0.25,0.22,0.9812,0.8599,0.857,0.8634,0.9813,0.9814,0.9812,0.9812,0.9845,0.8804,0.8725,0.8884
0.25,0.23,0.9811,0.8588,0.8567,0.8615,0.9812,0.9813,0.9811,0.9811,0.9844,0.8793,0.8723,0.8864
0.25,0.24,0.981,0.857,0.8568,0.8579,0.981,0.9811,0.981,0.981,0.9842,0.8779,0.8735,0.8824
0.25,0.25,0.9812,0.8585,0.86,0.8579,0.9813,0.9813,0.9812,0.9812,0.9845,0.8797,0.877,0.8824
0.26,0.0,0.9801,0.8485,0.8791,0.8215,0.9796,0.9795,0.9801,0.9801,0.9831,0.8629,0.8989,0.8296
0.26,0.01,0.9552,0.7817,0.7096,0.8968,0.9607,0.9718,0.9552,0.9552,0.9594,0.7528,0.6177,0.9635
0.26,0.02,0.9669,0.8117,0.7522,0.8942,0.9697,0.9752,0.9669,0.9669,0.971,0.8079,0.7021,0.9513
0.26,0.03,0.9727,0.8359,0.7885,0.8981,0.9744,0.9779,0.9727,0.9727,0.9762,0.8359,0.7492,0.9452
0.26,0.04,0.9746,0.8407,0.798,0.8944,0.976,0.9786,0.9746,0.9746,0.9781,0.8464,0.7704,0.9391
0.26,0.05,0.976,0.8454,0.8068,0.8929,0.9772,0.9794,0.976,0.976,0.9796,0.8548,0.7857,0.9371
0.26,0.06,0.9771,0.8476,0.8149,0.8872,0.978,0.9798,0.9771,0.9771,0.9806,0.8604,0.7997,0.931
0.26,0.07,0.9784,0.8524,0.823,0.8874,0.9792,0.9806,0.9784,0.9784,0.9819,0.8685,0.8138,0.931
0.26,0.08,0.9785,0.8512,0.8252,0.882,0.9792,0.9805,0.9785,0.9785,0.982,0.8686,0.8187,0.9249
0.26,0.09,0.979,0.8512,0.8273,0.8787,0.9796,0.9806,0.979,0.979,0.9826,0.8712,0.8282,0.9189
0.26,0.1,0.9796,0.8529,0.8309,0.8778,0.9801,0.9809,0.9796,0.9796,0.9831,0.8743,0.8355,0.9168
0.26,0.11,0.9801,0.8549,0.8371,0.8751,0.9805,0.9811,0.9801,0.9801,0.9836,0.8772,0.8443,0.9128
0.26,0.12,0.9803,0.8567,0.84,0.8757,0.9807,0.9813,0.9803,0.9803,0.9837,0.8778,0.8472,0.9108
0.26,0.13,0.9806,0.8573,0.842,0.8748,0.9809,0.9814,0.9806,0.9806,0.984,0.8793,0.8517,0.9087
0.26,0.14,0.9809,0.8592,0.8456,0.8749,0.9811,0.9816,0.9809,0.9809,0.9841,0.8799,0.8547,0.9067
0.26,0.15,0.981,0.8598,0.8479,0.8734,0.9812,0.9816,0.981,0.981,0.9842,0.8806,0.8577,0.9047
0.26,0.16,0.9809,0.8589,0.8476,0.8718,0.9811,0.9815,0.9809,0.9809,0.9841,0.8794,0.8574,0.9026
0.26,0.17,0.9809,0.8586,0.8487,0.8698,0.9811,0.9814,0.9809,0.9809,0.9841,0.879,0.8602,0.8986
0.26,0.18,0.9806,0.8569,0.8481,0.8667,0.9808,0.9811,0.9806,0.9806,0.9839,0.8767,0.8596,0.8945
0.26,0.19,0.981,0.859,0.8523,0.8668,0.9811,0.9814,0.981,0.981,0.9842,0.8794,0.8647,0.8945
0.26,0.2,0.9809,0.8583,0.8526,0.8648,0.981,0.9812,0.9809,0.9809,0.9841,0.878,0.8659,0.8905
0.26,0.21,0.9812,0.8603,0.8565,0.8649,0.9813,0.9815,0.9812,0.9812,0.9845,0.8806,0.871,0.8905
0.26,0.22,0.9812,0.8599,0.857,0.8634,0.9813,0.9814,0.9812,0.9812,0.9845,0.8804,0.8725,0.8884
0.26,0.23,0.9811,0.8588,0.8567,0.8615,0.9812,0.9813,0.9811,0.9811,0.9844,0.8793,0.8723,0.8864
0.26,0.24,0.981,0.857,0.8568,0.8579,0.981,0.9811,0.981,0.981,0.9842,0.8779,0.8735,0.8824
0.26,0.25,0.9812,0.8585,0.86,0.8579,0.9813,0.9813,0.9812,0.9812,0.9845,0.8797,0.877,0.8824
0.26,0.26,0.9814,0.8592,0.8613,0.858,0.9814,0.9814,0.9814,0.9814,0.9846,0.8806,0.8788,0.8824
0.27,0.0,0.9801,0.8485,0.8791,0.8215,0.9796,0.9795,0.9801,0.9801,0.9831,0.8629,0.8989,0.8296
0.27,0.01,0.9552,0.7817,0.7096,0.8968,0.9607,0.9718,0.9552,0.9552,0.9594,0.7528,0.6177,0.9635
0.27,0.02,0.9669,0.8117,0.7522,0.8942,0.9697,0.9752,0.9669,0.9669,0.971,0.8079,0.7021,0.9513
0.27,0.03,0.9727,0.8359,0.7885,0.8981,0.9744,0.9779,0.9727,0.9727,0.9762,0.8359,0.7492,0.9452
0.27,0.04,0.9746,0.8407,0.798,0.8944,0.976,0.9786,0.9746,0.9746,0.9781,0.8464,0.7704,0.9391
0.27,0.05,0.976,0.8454,0.8068,0.8929,0.9772,0.9794,0.976,0.976,0.9796,0.8548,0.7857,0.9371
0.27,0.06,0.9771,0.8476,0.8149,0.8872,0.978,0.9798,0.9771,0.9771,0.9806,0.8604,0.7997,0.931
0.27,0.07,0.9784,0.8524,0.823,0.8874,0.9792,0.9806,0.9784,0.9784,0.9819,0.8685,0.8138,0.931
0.27,0.08,0.9785,0.8512,0.8252,0.882,0.9792,0.9805,0.9785,0.9785,0.982,0.8686,0.8187,0.9249
0.27,0.09,0.979,0.8512,0.8273,0.8787,0.9796,0.9806,0.979,0.979,0.9826,0.8712,0.8282,0.9189
0.27,0.1,0.9796,0.8529,0.8309,0.8778,0.9801,0.9809,0.9796,0.9796,0.9831,0.8743,0.8355,0.9168
0.27,0.11,0.9801,0.8549,0.8371,0.8751,0.9805,0.9811,0.9801,0.9801,0.9836,0.8772,0.8443,0.9128
0.27,0.12,0.9803,0.8567,0.84,0.8757,0.9807,0.9813,0.9803,0.9803,0.9837,0.8778,0.8472,0.9108
0.27,0.13,0.9806,0.8573,0.842,0.8748,0.9809,0.9814,0.9806,0.9806,0.984,0.8793,0.8517,0.9087
0.27,0.14,0.9809,0.8592,0.8456,0.8749,0.9811,0.9816,0.9809,0.9809,0.9841,0.8799,0.8547,0.9067
0.27,0.15,0.981,0.8598,0.8479,0.8734,0.9812,0.9816,0.981,0.981,0.9842,0.8806,0.8577,0.9047
0.27,0.16,0.9809,0.8589,0.8476,0.8718,0.9811,0.9815,0.9809,0.9809,0.9841,0.8794,0.8574,0.9026
0.27,0.17,0.9809,0.8586,0.8487,0.8698,0.9811,0.9814,0.9809,0.9809,0.9841,0.879,0.8602,0.8986
0.27,0.18,0.9806,0.8569,0.8481,0.8667,0.9808,0.9811,0.9806,0.9806,0.9839,0.8767,0.8596,0.8945
0.27,0.19,0.981,0.859,0.8523,0.8668,0.9811,0.9814,0.981,0.981,0.9842,0.8794,0.8647,0.8945
0.27,0.2,0.9809,0.8583,0.8526,0.8648,0.981,0.9812,0.9809,0.9809,0.9841,0.878,0.8659,0.8905
0.27,0.21,0.9812,0.8603,0.8565,0.8649,0.9813,0.9815,0.9812,0.9812,0.9845,0.8806,0.871,0.8905
0.27,0.22,0.9812,0.8599,0.857,0.8634,0.9813,0.9814,0.9812,0.9812,0.9845,0.8804,0.8725,0.8884
0.27,0.23,0.9811,0.8588,0.8567,0.8615,0.9812,0.9813,0.9811,0.9811,0.9844,0.8793,0.8723,0.8864
0.27,0.24,0.981,0.857,0.8568,0.8579,0.981,0.9811,0.981,0.981,0.9842,0.8779,0.8735,0.8824
0.27,0.25,0.9812,0.8585,0.86,0.8579,0.9813,0.9813,0.9812,0.9812,0.9845,0.8797,0.877,0.8824
0.27,0.26,0.9814,0.8592,0.8613,0.858,0.9814,0.9814,0.9814,0.9814,0.9846,0.8806,0.8788,0.8824
0.27,0.27,0.9816,0.8604,0.8637,0.858,0.9816,0.9817,0.9816,0.9816,0.9849,0.8824,0.8824,0.8824
0.28,0.0,0.9801,0.8485,0.8791,0.8215,0.9796,0.9795,0.9801,0.9801,0.9831,0.8629,0.8989,0.8296
0.28,0.01,0.9552,0.7817,0.7096,0.8968,0.9607,0.9718,0.9552,0.9552,0.9594,0.7528,0.6177,0.9635
0.28,0.02,0.9669,0.8117,0.7522,0.8942,0.9697,0.9752,0.9669,0.9669,0.971,0.8079,0.7021,0.9513
0.28,0.03,0.9727,0.8359,0.7885,0.8981,0.9744,0.9779,0.9727,0.9727,0.9762,0.8359,0.7492,0.9452
0.28,0.04,0.9746,0.8407,0.798,0.8944,0.976,0.9786,0.9746,0.9746,0.9781,0.8464,0.7704,0.9391
0.28,0.05,0.976,0.8454,0.8068,0.8929,0.9772,0.9794,0.976,0.976,0.9796,0.8548,0.7857,0.9371
0.28,0.06,0.9771,0.8476,0.8149,0.8872,0.978,0.9798,0.9771,0.9771,0.9806,0.8604,0.7997,0.931
0.28,0.07,0.9784,0.8524,0.823,0.8874,0.9792,0.9806,0.9784,0.9784,0.9819,0.8685,0.8138,0.931
0.28,0.08,0.9785,0.8512,0.8252,0.882,0.9792,0.9805,0.9785,0.9785,0.982,0.8686,0.8187,0.9249
0.28,0.09,0.979,0.8512,0.8273,0.8787,0.9796,0.9806,0.979,0.979,0.9826,0.8712,0.8282,0.9189
0.28,0.1,0.9796,0.8529,0.8309,0.8778,0.9801,0.9809,0.9796,0.9796,0.9831,0.8743,0.8355,0.9168
0.28,0.11,0.9801,0.8549,0.8371,0.8751,0.9805,0.9811,0.9801,0.9801,0.9836,0.8772,0.8443,0.9128
0.28,0.12,0.9803,0.8567,0.84,0.8757,0.9807,0.9813,0.9803,0.9803,0.9837,0.8778,0.8472,0.9108
0.28,0.13,0.9806,0.8573,0.842,0.8748,0.9809,0.9814,0.9806,0.9806,0.984,0.8793,0.8517,0.9087
0.28,0.14,0.9809,0.8592,0.8456,0.8749,0.9811,0.9816,0.9809,0.9809,0.9841,0.8799,0.8547,0.9067
0.28,0.15,0.981,0.8598,0.8479,0.8734,0.9812,0.9816,0.981,0.981,0.9842,0.8806,0.8577,0.9047
0.28,0.16,0.9809,0.8589,0.8476,0.8718,0.9811,0.9815,0.9809,0.9809,0.9841,0.8794,0.8574,0.9026
0.28,0.17,0.9809,0.8586,0.8487,0.8698,0.9811,0.9814,0.9809,0.9809,0.9841,0.879,0.8602,0.8986
0.28,0.18,0.9806,0.8569,0.8481,0.8667,0.9808,0.9811,0.9806,0.9806,0.9839,0.8767,0.8596,0.8945
0.28,0.19,0.981,0.859,0.8523,0.8668,0.9811,0.9814,0.981,0.981,0.9842,0.8794,0.8647,0.8945
0.28,0.2,0.9809,0.8583,0.8526,0.8648,0.981,0.9812,0.9809,0.9809,0.9841,0.878,0.8659,0.8905
0.28,0.21,0.9812,0.8603,0.8565,0.8649,0.9813,0.9815,0.9812,0.9812,0.9845,0.8806,0.871,0.8905
0.28,0.22,0.9812,0.8599,0.857,0.8634,0.9813,0.9814,0.9812,0.9812,0.9845,0.8804,0.8725,0.8884
0.28,0.23,0.9811,0.8588,0.8567,0.8615,0.9812,0.9813,0.9811,0.9811,0.9844,0.8793,0.8723,0.8864
0.28,0.24,0.981,0.857,0.8568,0.8579,0.981,0.9811,0.981,0.981,0.9842,0.8779,0.8735,0.8824
0.28,0.25,0.9812,0.8585,0.86,0.8579,0.9813,0.9813,0.9812,0.9812,0.9845,0.8797,0.877,0.8824
0.28,0.26,0.9814,0.8592,0.8613,0.858,0.9814,0.9814,0.9814,0.9814,0.9846,0.8806,0.8788,0.8824
0.28,0.27,0.9816,0.8604,0.8637,0.858,0.9816,0.9817,0.9816,0.9816,0.9849,0.8824,0.8824,0.8824
0.28,0.28,0.9814,0.8586,0.8647,0.8537,0.9813,0.9813,0.9814,0.9814,0.9846,0.8798,0.8834,0.8763
0.29,0.0,0.9801,0.8485,0.8791,0.8215,0.9796,0.9795,0.9801,0.9801,0.9831,0.8629,0.8989,0.8296
0.29,0.01,0.9552,0.7817,0.7096,0.8968,0.9607,0.9718,0.9552,0.9552,0.9594,0.7528,0.6177,0.9635
0.29,0.02,0.9669,0.8117,0.7522,0.8942,0.9697,0.9752,0.9669,0.9669,0.971,0.8079,0.7021,0.9513
0.29,0.03,0.9727,0.8359,0.7885,0.8981,0.9744,0.9779,0.9727,0.9727,0.9762,0.8359,0.7492,0.9452
0.29,0.04,0.9746,0.8407,0.798,0.8944,0.976,0.9786,0.9746,0.9746,0.9781,0.8464,0.7704,0.9391
0.29,0.05,0.976,0.8454,0.8068,0.8929,0.9772,0.9794,0.976,0.976,0.9796,0.8548,0.7857,0.9371
0.29,0.06,0.9771,0.8476,0.8149,0.8872,0.978,0.9798,0.9771,0.9771,0.9806,0.8604,0.7997,0.931
0.29,0.07,0.9784,0.8524,0.823,0.8874,0.9792,0.9806,0.9784,0.9784,0.9819,0.8685,0.8138,0.931
0.29,0.08,0.9785,0.8512,0.8252,0.882,0.9792,0.9805,0.9785,0.9785,0.982,0.8686,0.8187,0.9249
0.29,0.09,0.979,0.8512,0.8273,0.8787,0.9796,0.9806,0.979,0.979,0.9826,0.8712,0.8282,0.9189
0.29,0.1,0.9796,0.8529,0.8309,0.8778,0.9801,0.9809,0.9796,0.9796,0.9831,0.8743,0.8355,0.9168
0.29,0.11,0.9801,0.8549,0.8371,0.8751,0.9805,0.9811,0.9801,0.9801,0.9836,0.8772,0.8443,0.9128
0.29,0.12,0.9803,0.8567,0.84,0.8757,0.9807,0.9813,0.9803,0.9803,0.9837,0.8778,0.8472,0.9108
0.29,0.13,0.9806,0.8573,0.842,0.8748,0.9809,0.9814,0.9806,0.9806,0.984,0.8793,0.8517,0.9087
0.29,0.14,0.9809,0.8592,0.8456,0.8749,0.9811,0.9816,0.9809,0.9809,0.9841,0.8799,0.8547,0.9067
0.29,0.15,0.981,0.8598,0.8479,0.8734,0.9812,0.9816,0.981,0.981,0.9842,0.8806,0.8577,0.9047
0.29,0.16,0.9809,0.8589,0.8476,0.8718,0.9811,0.9815,0.9809,0.9809,0.9841,0.8794,0.8574,0.9026
0.29,0.17,0.9809,0.8586,0.8487,0.8698,0.9811,0.9814,0.9809,0.9809,0.9841,0.879,0.8602,0.8986
0.29,0.18,0.9806,0.8569,0.8481,0.8667,0.9808,0.9811,0.9806,0.9806,0.9839,0.8767,0.8596,0.8945
0.29,0.19,0.981,0.859,0.8523,0.8668,0.9811,0.9814,0.981,0.981,0.9842,0.8794,0.8647,0.8945
0.29,0.2,0.9809,0.8583,0.8526,0.8648,0.981,0.9812,0.9809,0.9809,0.9841,0.878,0.8659,0.8905
0.29,0.21,0.9812,0.8603,0.8565,0.8649,0.9813,0.9815,0.9812,0.9812,0.9845,0.8806,0.871,0.8905
0.29,0.22,0.9812,0.8599,0.857,0.8634,0.9813,0.9814,0.9812,0.9812,0.9845,0.8804,0.8725,0.8884
0.29,0.23,0.9811,0.8588,0.8567,0.8615,0.9812,0.9813,0.9811,0.9811,0.9844,0.8793,0.8723,0.8864
0.29,0.24,0.981,0.857,0.8568,0.8579,0.981,0.9811,0.981,0.981,0.9842,0.8779,0.8735,0.8824
0.29,0.25,0.9812,0.8585,0.86,0.8579,0.9813,0.9813,0.9812,0.9812,0.9845,0.8797,0.877,0.8824
0.29,0.26,0.9814,0.8592,0.8613,0.858,0.9814,0.9814,0.9814,0.9814,0.9846,0.8806,0.8788,0.8824
0.29,0.27,0.9816,0.8604,0.8637,0.858,0.9816,0.9817,0.9816,0.9816,0.9849,0.8824,0.8824,0.8824
0.29,0.28,0.9814,0.8586,0.8647,0.8537,0.9813,0.9813,0.9814,0.9814,0.9846,0.8798,0.8834,0.8763
0.29,0.29,0.9811,0.8565,0.8641,0.8503,0.981,0.981,0.9811,0.9811,0.9844,0.8776,0.883,0.8722
0.3,0.0,0.9801,0.8485,0.8791,0.8215,0.9796,0.9795,0.9801,0.9801,0.9831,0.8629,0.8989,0.8296
0.3,0.01,0.9552,0.7817,0.7096,0.8968,0.9607,0.9718,0.9552,0.9552,0.9594,0.7528,0.6177,0.9635
0.3,0.02,0.9669,0.8117,0.7522,0.8942,0.9697,0.9752,0.9669,0.9669,0.971,0.8079,0.7021,0.9513
0.3,0.03,0.9727,0.8359,0.7885,0.8981,0.9744,0.9779,0.9727,0.9727,0.9762,0.8359,0.7492,0.9452
0.3,0.04,0.9746,0.8407,0.798,0.8944,0.976,0.9786,0.9746,0.9746,0.9781,0.8464,0.7704,0.9391
0.3,0.05,0.976,0.8454,0.8068,0.8929,0.9772,0.9794,0.976,0.976,0.9796,0.8548,0.7857,0.9371
0.3,0.06,0.9771,0.8476,0.8149,0.8872,0.978,0.9798,0.9771,0.9771,0.9806,0.8604,0.7997,0.931
0.3,0.07,0.9784,0.8524,0.823,0.8874,0.9792,0.9806,0.9784,0.9784,0.9819,0.8685,0.8138,0.931
0.3,0.08,0.9785,0.8512,0.8252,0.882,0.9792,0.9805,0.9785,0.9785,0.982,0.8686,0.8187,0.9249
0.3,0.09,0.979,0.8512,0.8273,0.8787,0.9796,0.9806,0.979,0.979,0.9826,0.8712,0.8282,0.9189
0.3,0.1,0.9796,0.8529,0.8309,0.8778,0.9801,0.9809,0.9796,0.9796,0.9831,0.8743,0.8355,0.9168
0.3,0.11,0.9801,0.8549,0.8371,0.8751,0.9805,0.9811,0.9801,0.9801,0.9836,0.8772,0.8443,0.9128
0.3,0.12,0.9803,0.8567,0.84,0.8757,0.9807,0.9813,0.9803,0.9803,0.9837,0.8778,0.8472,0.9108
0.3,0.13,0.9806,0.8573,0.842,0.8748,0.9809,0.9814,0.9806,0.9806,0.984,0.8793,0.8517,0.9087
0.3,0.14,0.9809,0.8592,0.8456,0.8749,0.9811,0.9816,0.9809,0.9809,0.9841,0.8799,0.8547,0.9067
0.3,0.15,0.981,0.8598,0.8479,0.8734,0.9812,0.9816,0.981,0.981,0.9842,0.8806,0.8577,0.9047
0.3,0.16,0.9809,0.8589,0.8476,0.8718,0.9811,0.9815,0.9809,0.9809,0.9841,0.8794,0.8574,0.9026
0.3,0.17,0.9809,0.8586,0.8487,0.8698,0.9811,0.9814,0.9809,0.9809,0.9841,0.879,0.8602,0.8986
0.3,0.18,0.9806,0.8569,0.8481,0.8667,0.9808,0.9811,0.9806,0.9806,0.9839,0.8767,0.8596,0.8945
0.3,0.19,0.981,0.859,0.8523,0.8668,0.9811,0.9814,0.981,0.981,0.9842,0.8794,0.8647,0.8945
0.3,0.2,0.9809,0.8583,0.8526,0.8648,0.981,0.9812,0.9809,0.9809,0.9841,0.878,0.8659,0.8905
0.3,0.21,0.9812,0.8603,0.8565,0.8649,0.9813,0.9815,0.9812,0.9812,0.9845,0.8806,0.871,0.8905
0.3,0.22,0.9812,0.8599,0.857,0.8634,0.9813,0.9814,0.9812,0.9812,0.9845,0.8804,0.8725,0.8884
0.3,0.23,0.9811,0.8588,0.8567,0.8615,0.9812,0.9813,0.9811,0.9811,0.9844,0.8793,0.8723,0.8864
0.3,0.24,0.981,0.857,0.8568,0.8579,0.981,0.9811,0.981,0.981,0.9842,0.8779,0.8735,0.8824
0.3,0.25,0.9812,0.8585,0.86,0.8579,0.9813,0.9813,0.9812,0.9812,0.9845,0.8797,0.877,0.8824
0.3,0.26,0.9814,0.8592,0.8613,0.858,0.9814,0.9814,0.9814,0.9814,0.9846,0.8806,0.8788,0.8824
0.3,0.27,0.9816,0.8604,0.8637,0.858,0.9816,0.9817,0.9816,0.9816,0.9849,0.8824,0.8824,0.8824
0.3,0.28,0.9814,0.8586,0.8647,0.8537,0.9813,0.9813,0.9814,0.9814,0.9846,0.8798,0.8834,0.8763
0.3,0.29,0.9811,0.8565,0.8641,0.8503,0.981,0.981,0.9811,0.9811,0.9844,0.8776,0.883,0.8722
0.3,0.3,0.9809,0.855,0.8636,0.8477,0.9808,0.9807,0.9809,0.9809,0.9841,0.8753,0.8825,0.8682
0.31,0.0,0.9801,0.8485,0.8791,0.8215,0.9796,0.9795,0.9801,0.9801,0.9831,0.8629,0.8989,0.8296
0.31,0.01,0.9552,0.7817,0.7096,0.8968,0.9607,0.9718,0.9552,0.9552,0.9594,0.7528,0.6177,0.9635
0.31,0.02,0.9669,0.8117,0.7522,0.8942,0.9697,0.9752,0.9669,0.9669,0.971,0.8079,0.7021,0.9513
0.31,0.03,0.9727,0.8359,0.7885,0.8981,0.9744,0.9779,0.9727,0.9727,0.9762,0.8359,0.7492,0.9452
0.31,0.04,0.9746,0.8407,0.798,0.8944,0.976,0.9786,0.9746,0.9746,0.9781,0.8464,0.7704,0.9391
0.31,0.05,0.976,0.8454,0.8068,0.8929,0.9772,0.9794,0.976,0.976,0.9796,0.8548,0.7857,0.9371
0.31,0.06,0.9771,0.8476,0.8149,0.8872,0.978,0.9798,0.9771,0.9771,0.9806,0.8604,0.7997,0.931
0.31,0.07,0.9784,0.8524,0.823,0.8874,0.9792,0.9806,0.9784,0.9784,0.9819,0.8685,0.8138,0.931
0.31,0.08,0.9785,0.8512,0.8252,0.882,0.9792,0.9805,0.9785,0.9785,0.982,0.8686,0.8187,0.9249
0.31,0.09,0.979,0.8512,0.8273,0.8787,0.9796,0.9806,0.979,0.979,0.9826,0.8712,0.8282,0.9189
0.31,0.1,0.9796,0.8529,0.8309,0.8778,0.9801,0.9809,0.9796,0.9796,0.9831,0.8743,0.8355,0.9168
0.31,0.11,0.9801,0.8549,0.8371,0.8751,0.9805,0.9811,0.9801,0.9801,0.9836,0.8772,0.8443,0.9128
0.31,0.12,0.9803,0.8567,0.84,0.8757,0.9807,0.9813,0.9803,0.9803,0.9837,0.8778,0.8472,0.9108
0.31,0.13,0.9806,0.8573,0.842,0.8748,0.9809,0.9814,0.9806,0.9806,0.984,0.8793,0.8517,0.9087
0.31,0.14,0.9809,0.8592,0.8456,0.8749,0.9811,0.9816,0.9809,0.9809,0.9841,0.8799,0.8547,0.9067
0.31,0.15,0.981,0.8598,0.8479,0.8734,0.9812,0.9816,0.981,0.981,0.9842,0.8806,0.8577,0.9047
0.31,0.16,0.9809,0.8589,0.8476,0.8718,0.9811,0.9815,0.9809,0.9809,0.9841,0.8794,0.8574,0.9026
0.31,0.17,0.9809,0.8586,0.8487,0.8698,0.9811,0.9814,0.9809,0.9809,0.9841,0.879,0.8602,0.8986
0.31,0.18,0.9806,0.8569,0.8481,0.8667,0.9808,0.9811,0.9806,0.9806,0.9839,0.8767,0.8596,0.8945
0.31,0.19,0.981,0.859,0.8523,0.8668,0.9811,0.9814,0.981,0.981,0.9842,0.8794,0.8647,0.8945
0.31,0.2,0.9809,0.8583,0.8526,0.8648,0.981,0.9812,0.9809,0.9809,0.9841,0.878,0.8659,0.8905
0.31,0.21,0.9812,0.8603,0.8565,0.8649,0.9813,0.9815,0.9812,0.9812,0.9845,0.8806,0.871,0.8905
0.31,0.22,0.9812,0.8599,0.857,0.8634,0.9813,0.9814,0.9812,0.9812,0.9845,0.8804,0.8725,0.8884
0.31,0.23,0.9811,0.8588,0.8567,0.8615,0.9812,0.9813,0.9811,0.9811,0.9844,0.8793,0.8723,0.8864
0.31,0.24,0.981,0.857,0.8568,0.8579,0.981,0.9811,0.981,0.981,0.9842,0.8779,0.8735,0.8824
0.31,0.25,0.9812,0.8585,0.86,0.8579,0.9813,0.9813,0.9812,0.9812,0.9845,0.8797,0.877,0.8824
0.31,0.26,0.9814,0.8592,0.8613,0.858,0.9814,0.9814,0.9814,0.9814,0.9846,0.8806,0.8788,0.8824
0.31,0.27,0.9816,0.8604,0.8637,0.858,0.9816,0.9817,0.9816,0.9816,0.9849,0.8824,0.8824,0.8824
0.31,0.28,0.9814,0.8586,0.8647,0.8537,0.9813,0.9813,0.9814,0.9814,0.9846,0.8798,0.8834,0.8763
0.31,0.29,0.9811,0.8565,0.8641,0.8503,0.981,0.981,0.9811,0.9811,0.9844,0.8776,0.883,0.8722
0.31,0.3,0.9809,0.855,0.8636,0.8477,0.9808,0.9807,0.9809,0.9809,0.9841,0.8753,0.8825,0.8682
0.31,0.31,0.9807,0.8539,0.8633,0.8459,0.9806,0.9806,0.9807,0.9807,0.984,0.8741,0.8822,0.8661
0.32,0.0,0.9801,0.8485,0.8791,0.8215,0.9796,0.9795,0.9801,0.9801,0.9831,0.8629,0.8989,0.8296
0.32,0.01,0.9552,0.7817,0.7096,0.8968,0.9607,0.9718,0.9552,0.9552,0.9594,0.7528,0.6177,0.9635
0.32,0.02,0.9669,0.8117,0.7522,0.8942,0.9697,0.9752,0.9669,0.9669,0.971,0.8079,0.7021,0.9513
0.32,0.03,0.9727,0.8359,0.7885,0.8981,0.9744,0.9779,0.9727,0.9727,0.9762,0.8359,0.7492,0.9452
0.32,0.04,0.9746,0.8407,0.798,0.8944,0.976,0.9786,0.9746,0.9746,0.9781,0.8464,0.7704,0.9391
0.32,0.05,0.976,0.8454,0.8068,0.8929,0.9772,0.9794,0.976,0.976,0.9796,0.8548,0.7857,0.9371
0.32,0.06,0.9771,0.8476,0.8149,0.8872,0.978,0.9798,0.9771,0.9771,0.9806,0.8604,0.7997,0.931
0.32,0.07,0.9784,0.8524,0.823,0.8874,0.9792,0.9806,0.9784,0.9784,0.9819,0.8685,0.8138,0.931
0.32,0.08,0.9785,0.8512,0.8252,0.882,0.9792,0.9805,0.9785,0.9785,0.982,0.8686,0.8187,0.9249
0.32,0.09,0.979,0.8512,0.8273,0.8787,0.9796,0.9806,0.979,0.979,0.9826,0.8712,0.8282,0.9189
0.32,0.1,0.9796,0.8529,0.8309,0.8778,0.9801,0.9809,0.9796,0.9796,0.9831,0.8743,0.8355,0.9168
0.32,0.11,0.9801,0.8549,0.8371,0.8751,0.9805,0.9811,0.9801,0.9801,0.9836,0.8772,0.8443,0.9128
0.32,0.12,0.9803,0.8567,0.84,0.8757,0.9807,0.9813,0.9803,0.9803,0.9837,0.8778,0.8472,0.9108
0.32,0.13,0.9806,0.8573,0.842,0.8748,0.9809,0.9814,0.9806,0.9806,0.984,0.8793,0.8517,0.9087
0.32,0.14,0.9809,0.8592,0.8456,0.8749,0.9811,0.9816,0.9809,0.9809,0.9841,0.8799,0.8547,0.9067
0.32,0.15,0.981,0.8598,0.8479,0.8734,0.9812,0.9816,0.981,0.981,0.9842,0.8806,0.8577,0.9047
0.32,0.16,0.9809,0.8589,0.8476,0.8718,0.9811,0.9815,0.9809,0.9809,0.9841,0.8794,0.8574,0.9026
0.32,0.17,0.9809,0.8586,0.8487,0.8698,0.9811,0.9814,0.9809,0.9809,0.9841,0.879,0.8602,0.8986
0.32,0.18,0.9806,0.8569,0.8481,0.8667,0.9808,0.9811,0.9806,0.9806,0.9839,0.8767,0.8596,0.8945
0.32,0.19,0.981,0.859,0.8523,0.8668,0.9811,0.9814,0.981,0.981,0.9842,0.8794,0.8647,0.8945
0.32,0.2,0.9809,0.8583,0.8526,0.8648,0.981,0.9812,0.9809,0.9809,0.9841,0.878,0.8659,0.8905
0.32,0.21,0.9812,0.8603,0.8565,0.8649,0.9813,0.9815,0.9812,0.9812,0.9845,0.8806,0.871,0.8905
0.32,0.22,0.9812,0.8599,0.857,0.8634,0.9813,0.9814,0.9812,0.9812,0.9845,0.8804,0.8725,0.8884
0.32,0.23,0.9811,0.8588,0.8567,0.8615,0.9812,0.9813,0.9811,0.9811,0.9844,0.8793,0.8723,0.8864
0.32,0.24,0.981,0.857,0.8568,0.8579,0.981,0.9811,0.981,0.981,0.9842,0.8779,0.8735,0.8824
0.32,0.25,0.9812,0.8585,0.86,0.8579,0.9813,0.9813,0.9812,0.9812,0.9845,0.8797,0.877,0.8824
0.32,0.26,0.9814,0.8592,0.8613,0.858,0.9814,0.9814,0.9814,0.9814,0.9846,0.8806,0.8788,0.8824
0.32,0.27,0.9816,0.8604,0.8637,0.858,0.9816,0.9817,0.9816,0.9816,0.9849,0.8824,0.8824,0.8824
0.32,0.28,0.9814,0.8586,0.8647,0.8537,0.9813,0.9813,0.9814,0.9814,0.9846,0.8798,0.8834,0.8763
0.32,0.29,0.9811,0.8565,0.8641,0.8503,0.981,0.981,0.9811,0.9811,0.9844,0.8776,0.883,0.8722
0.32,0.3,0.9809,0.855,0.8636,0.8477,0.9808,0.9807,0.9809,0.9809,0.9841,0.8753,0.8825,0.8682
0.32,0.31,0.9807,0.8539,0.8633,0.8459,0.9806,0.9806,0.9807,0.9807,0.984,0.8741,0.8822,0.8661
0.32,0.32,0.9807,0.8535,0.8658,0.8431,0.9806,0.9805,0.9807,0.9807,0.984,0.8736,0.8854,0.8621
0.33,0.0,0.9801,0.8485,0.8791,0.8215,0.9796,0.9795,0.9801,0.9801,0.9831,0.8629,0.8989,0.8296
0.33,0.01,0.9552,0.7817,0.7096,0.8968,0.9607,0.9718,0.9552,0.9552,0.9594,0.7528,0.6177,0.9635
0.33,0.02,0.9669,0.8117,0.7522,0.8942,0.9697,0.9752,0.9669,0.9669,0.971,0.8079,0.7021,0.9513
0.33,0.03,0.9727,0.8359,0.7885,0.8981,0.9744,0.9779,0.9727,0.9727,0.9762,0.8359,0.7492,0.9452
0.33,0.04,0.9746,0.8407,0.798,0.8944,0.976,0.9786,0.9746,0.9746,0.9781,0.8464,0.7704,0.9391
0.33,0.05,0.976,0.8454,0.8068,0.8929,0.9772,0.9794,0.976,0.976,0.9796,0.8548,0.7857,0.9371
0.33,0.06,0.9771,0.8476,0.8149,0.8872,0.978,0.9798,0.9771,0.9771,0.9806,0.8604,0.7997,0.931
0.33,0.07,0.9784,0.8524,0.823,0.8874,0.9792,0.9806,0.9784,0.9784,0.9819,0.8685,0.8138,0.931
0.33,0.08,0.9785,0.8512,0.8252,0.882,0.9792,0.9805,0.9785,0.9785,0.982,0.8686,0.8187,0.9249
0.33,0.09,0.979,0.8512,0.8273,0.8787,0.9796,0.9806,0.979,0.979,0.9826,0.8712,0.8282,0.9189
0.33,0.1,0.9796,0.8529,0.8309,0.8778,0.9801,0.9809,0.9796,0.9796,0.9831,0.8743,0.8355,0.9168
0.33,0.11,0.9801,0.8549,0.8371,0.8751,0.9805,0.9811,0.9801,0.9801,0.9836,0.8772,0.8443,0.9128
0.33,0.12,0.9803,0.8567,0.84,0.8757,0.9807,0.9813,0.9803,0.9803,0.9837,0.8778,0.8472,0.9108
0.33,0.13,0.9806,0.8573,0.842,0.8748,0.9809,0.9814,0.9806,0.9806,0.984,0.8793,0.8517,0.9087
0.33,0.14,0.9809,0.8592,0.8456,0.8749,0.9811,0.9816,0.9809,0.9809,0.9841,0.8799,0.8547,0.9067
0.33,0.15,0.981,0.8598,0.8479,0.8734,0.9812,0.9816,0.981,0.981,0.9842,0.8806,0.8577,0.9047
0.33,0.16,0.9809,0.8589,0.8476,0.8718,0.9811,0.9815,0.9809,0.9809,0.9841,0.8794,0.8574,0.9026
0.33,0.17,0.9809,0.8586,0.8487,0.8698,0.9811,0.9814,0.9809,0.9809,0.9841,0.879,0.8602,0.8986
0.33,0.18,0.9806,0.8569,0.8481,0.8667,0.9808,0.9811,0.9806,0.9806,0.9839,0.8767,0.8596,0.8945
0.33,0.19,0.981,0.859,0.8523,0.8668,0.9811,0.9814,0.981,0.981,0.9842,0.8794,0.8647,0.8945
0.33,0.2,0.9809,0.8583,0.8526,0.8648,0.981,0.9812,0.9809,0.9809,0.9841,0.878,0.8659,0.8905
0.33,0.21,0.9812,0.8603,0.8565,0.8649,0.9813,0.9815,0.9812,0.9812,0.9845,0.8806,0.871,0.8905
0.33,0.22,0.9812,0.8599,0.857,0.8634,0.9813,0.9814,0.9812,0.9812,0.9845,0.8804,0.8725,0.8884
0.33,0.23,0.9811,0.8588,0.8567,0.8615,0.9812,0.9813,0.9811,0.9811,0.9844,0.8793,0.8723,0.8864
0.33,0.24,0.981,0.857,0.8568,0.8579,0.981,0.9811,0.981,0.981,0.9842,0.8779,0.8735,0.8824
0.33,0.25,0.9812,0.8585,0.86,0.8579,0.9813,0.9813,0.9812,0.9812,0.9845,0.8797,0.877,0.8824
0.33,0.26,0.9814,0.8592,0.8613,0.858,0.9814,0.9814,0.9814,0.9814,0.9846,0.8806,0.8788,0.8824
0.33,0.27,0.9816,0.8604,0.8637,0.858,0.9816,0.9817,0.9816,0.9816,0.9849,0.8824,0.8824,0.8824
0.33,0.28,0.9814,0.8586,0.8647,0.8537,0.9813,0.9813,0.9814,0.9814,0.9846,0.8798,0.8834,0.8763
0.33,0.29,0.9811,0.8565,0.8641,0.8503,0.981,0.981,0.9811,0.9811,0.9844,0.8776,0.883,0.8722
0.33,0.3,0.9809,0.855,0.8636,0.8477,0.9808,0.9807,0.9809,0.9809,0.9841,0.8753,0.8825,0.8682
0.33,0.31,0.9807,0.8539,0.8633,0.8459,0.9806,0.9806,0.9807,0.9807,0.984,0.8741,0.8822,0.8661
0.33,0.32,0.9807,0.8535,0.8658,0.8431,0.9806,0.9805,0.9807,0.9807,0.984,0.8736,0.8854,0.8621
0.33,0.33,0.9809,0.854,0.8666,0.8431,0.9807,0.9806,0.9809,0.9809,0.9841,0.8745,0.8873,0.8621
0.34,0.0,0.9801,0.8485,0.8791,0.8215,0.9796,0.9795,0.9801,0.9801,0.9831,0.8629,0.8989,0.8296
0.34,0.01,0.9552,0.7817,0.7096,0.8968,0.9607,0.9718,0.9552,0.9552,0.9594,0.7528,0.6177,0.9635
0.34,0.02,0.9669,0.8117,0.7522,0.8942,0.9697,0.9752,0.9669,0.9669,0.971,0.8079,0.7021,0.9513
0.34,0.03,0.9727,0.8359,0.7885,0.8981,0.9744,0.9779,0.9727,0.9727,0.9762,0.8359,0.7492,0.9452
0.34,0.04,0.9746,0.8407,0.798,0.8944,0.976,0.9786,0.9746,0.9746,0.9781,0.8464,0.7704,0.9391
0.34,0.05,0.976,0.8454,0.8068,0.8929,0.9772,0.9794,0.976,0.976,0.9796,0.8548,0.7857,0.9371
0.34,0.06,0.9771,0.8476,0.8149,0.8872,0.978,0.9798,0.9771,0.9771,0.9806,0.8604,0.7997,0.931
0.34,0.07,0.9784,0.8524,0.823,0.8874,0.9792,0.9806,0.9784,0.9784,0.9819,0.8685,0.8138,0.931
0.34,0.08,0.9785,0.8512,0.8252,0.882,0.9792,0.9805,0.9785,0.9785,0.982,0.8686,0.8187,0.9249
0.34,0.09,0.979,0.8512,0.8273,0.8787,0.9796,0.9806,0.979,0.979,0.9826,0.8712,0.8282,0.9189
0.34,0.1,0.9796,0.8529,0.8309,0.8778,0.9801,0.9809,0.9796,0.9796,0.9831,0.8743,0.8355,0.9168
0.34,0.11,0.9801,0.8549,0.8371,0.8751,0.9805,0.9811,0.9801,0.9801,0.9836,0.8772,0.8443,0.9128
0.34,0.12,0.9803,0.8567,0.84,0.8757,0.9807,0.9813,0.9803,0.9803,0.9837,0.8778,0.8472,0.9108
0.34,0.13,0.9806,0.8573,0.842,0.8748,0.9809,0.9814,0.9806,0.9806,0.984,0.8793,0.8517,0.9087
0.34,0.14,0.9809,0.8592,0.8456,0.8749,0.9811,0.9816,0.9809,0.9809,0.9841,0.8799,0.8547,0.9067
0.34,0.15,0.981,0.8598,0.8479,0.8734,0.9812,0.9816,0.981,0.981,0.9842,0.8806,0.8577,0.9047
0.34,0.16,0.9809,0.8589,0.8476,0.8718,0.9811,0.9815,0.9809,0.9809,0.9841,0.8794,0.8574,0.9026
0.34,0.17,0.9809,0.8586,0.8487,0.8698,0.9811,0.9814,0.9809,0.9809,0.9841,0.879,0.8602,0.8986
0.34,0.18,0.9806,0.8569,0.8481,0.8667,0.9808,0.9811,0.9806,0.9806,0.9839,0.8767,0.8596,0.8945
0.34,0.19,0.981,0.859,0.8523,0.8668,0.9811,0.9814,0.981,0.981,0.9842,0.8794,0.8647,0.8945
0.34,0.2,0.9809,0.8583,0.8526,0.8648,0.981,0.9812,0.9809,0.9809,0.9841,0.878,0.8659,0.8905
0.34,0.21,0.9812,0.8603,0.8565,0.8649,0.9813,0.9815,0.9812,0.9812,0.9845,0.8806,0.871,0.8905
0.34,0.22,0.9812,0.8599,0.857,0.8634,0.9813,0.9814,0.9812,0.9812,0.9845,0.8804,0.8725,0.8884
0.34,0.23,0.9811,0.8588,0.8567,0.8615,0.9812,0.9813,0.9811,0.9811,0.9844,0.8793,0.8723,0.8864
0.34,0.24,0.981,0.857,0.8568,0.8579,0.981,0.9811,0.981,0.981,0.9842,0.8779,0.8735,0.8824
0.34,0.25,0.9812,0.8585,0.86,0.8579,0.9813,0.9813,0.9812,0.9812,0.9845,0.8797,0.877,0.8824
0.34,0.26,0.9814,0.8592,0.8613,0.858,0.9814,0.9814,0.9814,0.9814,0.9846,0.8806,0.8788,0.8824
0.34,0.27,0.9816,0.8604,0.8637,0.858,0.9816,0.9817,0.9816,0.9816,0.9849,0.8824,0.8824,0.8824
0.34,0.28,0.9814,0.8586,0.8647,0.8537,0.9813,0.9813,0.9814,0.9814,0.9846,0.8798,0.8834,0.8763
0.34,0.29,0.9811,0.8565,0.8641,0.8503,0.981,0.981,0.9811,0.9811,0.9844,0.8776,0.883,0.8722
0.34,0.3,0.9809,0.855,0.8636,0.8477,0.9808,0.9807,0.9809,0.9809,0.9841,0.8753,0.8825,0.8682
0.34,0.31,0.9807,0.8539,0.8633,0.8459,0.9806,0.9806,0.9807,0.9807,0.984,0.8741,0.8822,0.8661
0.34,0.32,0.9807,0.8535,0.8658,0.8431,0.9806,0.9805,0.9807,0.9807,0.984,0.8736,0.8854,0.8621
0.34,0.33,0.9809,0.854,0.8666,0.8431,0.9807,0.9806,0.9809,0.9809,0.9841,0.8745,0.8873,0.8621
0.34,0.34,0.9809,0.8538,0.87,0.8398,0.9806,0.9805,0.9809,0.9809,0.984,0.8728,0.8903,0.856
0.35,0.0,0.9799,0.8479,0.8802,0.8196,0.9795,0.9793,0.9799,0.9799,0.9828,0.8605,0.8985,0.8256
0.35,0.01,0.9553,0.7831,0.7113,0.8979,0.9609,0.972,0.9553,0.9553,0.9594,0.7528,0.6177,0.9635
0.35,0.02,0.9669,0.8122,0.753,0.8942,0.9697,0.9751,0.9669,0.9669,0.9708,0.8069,0.7016,0.9493
0.35,0.03,0.9727,0.8365,0.7894,0.8981,0.9744,0.9778,0.9727,0.9727,0.976,0.8348,0.7488,0.9432
0.35,0.04,0.9746,0.8413,0.7989,0.8944,0.976,0.9786,0.9746,0.9746,0.978,0.8454,0.77,0.9371
0.35,0.05,0.976,0.846,0.8078,0.8929,0.9772,0.9793,0.976,0.976,0.9794,0.8537,0.7853,0.9351
0.35,0.06,0.9771,0.8482,0.816,0.8872,0.978,0.9797,0.9771,0.9771,0.9805,0.8593,0.7993,0.929
0.35,0.07,0.9784,0.853,0.824,0.8874,0.9792,0.9806,0.9784,0.9784,0.9818,0.8674,0.8135,0.929
0.35,0.08,0.9785,0.8518,0.8262,0.882,0.9792,0.9804,0.9785,0.9785,0.9819,0.8675,0.8183,0.9229
0.35,0.09,0.979,0.8518,0.8284,0.8787,0.9796,0.9805,0.979,0.979,0.9824,0.8701,0.8278,0.9168
0.35,0.1,0.9796,0.8535,0.832,0.8778,0.98,0.9808,0.9796,0.9796,0.9829,0.8732,0.8352,0.9148
0.35,0.11,0.9801,0.8555,0.8382,0.8751,0.9805,0.9811,0.9801,0.9801,0.9835,0.8761,0.844,0.9108
0.35,0.12,0.9803,0.8573,0.8411,0.8757,0.9807,0.9812,0.9803,0.9803,0.9836,0.8767,0.8469,0.9087
0.35,0.13,0.9806,0.8579,0.8431,0.8748,0.9809,0.9814,0.9806,0.9806,0.9839,0.8782,0.8514,0.9067
0.35,0.14,0.9809,0.8598,0.8466,0.8749,0.9811,0.9816,0.9809,0.9809,0.984,0.8788,0.8544,0.9047
0.35,0.15,0.981,0.8604,0.849,0.8734,0.9812,0.9816,0.981,0.981,0.9841,0.8794,0.8574,0.9026
0.35,0.16,0.9809,0.8595,0.8487,0.8718,0.9811,0.9814,0.9809,0.9809,0.984,0.8783,0.8571,0.9006
0.35,0.17,0.9809,0.8592,0.8498,0.8698,0.981,0.9813,0.9809,0.9809,0.984,0.8779,0.8599,0.8966
0.35,0.18,0.9806,0.8575,0.8492,0.8667,0.9808,0.981,0.9806,0.9806,0.9837,0.8756,0.8594,0.8925
0.35,0.19,0.981,0.8597,0.8534,0.8668,0.9811,0.9814,0.981,0.981,0.9841,0.8782,0.8644,0.8925
0.35,0.2,0.9809,0.8589,0.8538,0.8648,0.981,0.9812,0.9809,0.9809,0.984,0.8769,0.8656,0.8884
0.35,0.21,0.9812,0.861,0.8577,0.8649,0.9813,0.9815,0.9812,0.9812,0.9844,0.8795,0.8708,0.8884
0.35,0.22,0.9812,0.8605,0.8582,0.8634,0.9813,0.9814,0.9812,0.9812,0.9844,0.8793,0.8723,0.8864
0.35,0.23,0.9811,0.8594,0.8579,0.8615,0.9812,0.9813,0.9811,0.9811,0.9842,0.8781,0.872,0.8844
0.35,0.24,0.981,0.8576,0.858,0.8579,0.981,0.9811,0.981,0.981,0.9841,0.8768,0.8732,0.8803
0.35,0.25,0.9812,0.8592,0.8612,0.8579,0.9812,0.9813,0.9812,0.9812,0.9844,0.8785,0.8768,0.8803
0.35,0.26,0.9814,0.8598,0.8624,0.858,0.9814,0.9814,0.9814,0.9814,0.9845,0.8794,0.8785,0.8803
0.35,0.27,0.9816,0.861,0.8649,0.858,0.9816,0.9816,0.9816,0.9816,0.9848,0.8812,0.8821,0.8803
0.35,0.28,0.9814,0.8592,0.8659,0.8537,0.9813,0.9813,0.9814,0.9814,0.9845,0.8787,0.8832,0.8742
0.35,0.29,0.9811,0.8572,0.8653,0.8503,0.981,0.981,0.9811,0.9811,0.9842,0.8764,0.8827,0.8702
0.35,0.3,0.9809,0.8557,0.8648,0.8477,0.9807,0.9807,0.9809,0.9809,0.984,0.8741,0.8822,0.8661
0.35,0.31,0.9807,0.8545,0.8645,0.8459,0.9806,0.9806,0.9807,0.9807,0.9839,0.873,0.882,0.8641
0.35,0.32,0.9807,0.8542,0.867,0.8431,0.9805,0.9805,0.9807,0.9807,0.9839,0.8724,0.8852,0.86
0.35,0.33,0.9809,0.8546,0.8678,0.8431,0.9807,0.9806,0.9809,0.9809,0.984,0.8733,0.887,0.86
0.35,0.34,0.9809,0.8544,0.8712,0.8398,0.9806,0.9805,0.9809,0.9809,0.9839,0.8716,0.8901,0.854
0.35,0.35,0.9807,0.8546,0.8739,0.8379,0.9805,0.9804,0.9807,0.9807,0.9836,0.8693,0.8896,0.8499
0.36,0.0,0.9799,0.8479,0.8802,0.8196,0.9795,0.9793,0.9799,0.9799,0.9828,0.8605,0.8985,0.8256
0.36,0.01,0.9553,0.7831,0.7113,0.8979,0.9609,0.972,0.9553,0.9553,0.9594,0.7528,0.6177,0.9635
0.36,0.02,0.9669,0.8122,0.753,0.8942,0.9697,0.9751,0.9669,0.9669,0.9708,0.8069,0.7016,0.9493
0.36,0.03,0.9727,0.8365,0.7894,0.8981,0.9744,0.9778,0.9727,0.9727,0.976,0.8348,0.7488,0.9432
0.36,0.04,0.9746,0.8413,0.7989,0.8944,0.976,0.9786,0.9746,0.9746,0.978,0.8454,0.77,0.9371
0.36,0.05,0.976,0.846,0.8078,0.8929,0.9772,0.9793,0.976,0.976,0.9794,0.8537,0.7853,0.9351
0.36,0.06,0.9771,0.8482,0.816,0.8872,0.978,0.9797,0.9771,0.9771,0.9805,0.8593,0.7993,0.929
0.36,0.07,0.9784,0.853,0.824,0.8874,0.9792,0.9806,0.9784,0.9784,0.9818,0.8674,0.8135,0.929
0.36,0.08,0.9785,0.8518,0.8262,0.882,0.9792,0.9804,0.9785,0.9785,0.9819,0.8675,0.8183,0.9229
0.36,0.09,0.979,0.8518,0.8284,0.8787,0.9796,0.9805,0.979,0.979,0.9824,0.8701,0.8278,0.9168
0.36,0.1,0.9796,0.8535,0.832,0.8778,0.98,0.9808,0.9796,0.9796,0.9829,0.8732,0.8352,0.9148
0.36,0.11,0.9801,0.8555,0.8382,0.8751,0.9805,0.9811,0.9801,0.9801,0.9835,0.8761,0.844,0.9108
0.36,0.12,0.9803,0.8573,0.8411,0.8757,0.9807,0.9812,0.9803,0.9803,0.9836,0.8767,0.8469,0.9087
0.36,0.13,0.9806,0.8579,0.8431,0.8748,0.9809,0.9814,0.9806,0.9806,0.9839,0.8782,0.8514,0.9067
0.36,0.14,0.9809,0.8598,0.8466,0.8749,0.9811,0.9816,0.9809,0.9809,0.984,0.8788,0.8544,0.9047
0.36,0.15,0.981,0.8604,0.849,0.8734,0.9812,0.9816,0.981,0.981,0.9841,0.8794,0.8574,0.9026
0.36,0.16,0.9809,0.8595,0.8487,0.8718,0.9811,0.9814,0.9809,0.9809,0.984,0.8783,0.8571,0.9006
0.36,0.17,0.9809,0.8592,0.8498,0.8698,0.981,0.9813,0.9809,0.9809,0.984,0.8779,0.8599,0.8966
0.36,0.18,0.9806,0.8575,0.8492,0.8667,0.9808,0.981,0.9806,0.9806,0.9837,0.8756,0.8594,0.8925
0.36,0.19,0.981,0.8597,0.8534,0.8668,0.9811,0.9814,0.981,0.981,0.9841,0.8782,0.8644,0.8925
0.36,0.2,0.9809,0.8589,0.8538,0.8648,0.981,0.9812,0.9809,0.9809,0.984,0.8769,0.8656,0.8884
0.36,0.21,0.9812,0.861,0.8577,0.8649,0.9813,0.9815,0.9812,0.9812,0.9844,0.8795,0.8708,0.8884
0.36,0.22,0.9812,0.8605,0.8582,0.8634,0.9813,0.9814,0.9812,0.9812,0.9844,0.8793,0.8723,0.8864
0.36,0.23,0.9811,0.8594,0.8579,0.8615,0.9812,0.9813,0.9811,0.9811,0.9842,0.8781,0.872,0.8844
0.36,0.24,0.981,0.8576,0.858,0.8579,0.981,0.9811,0.981,0.981,0.9841,0.8768,0.8732,0.8803
0.36,0.25,0.9812,0.8592,0.8612,0.8579,0.9812,0.9813,0.9812,0.9812,0.9844,0.8785,0.8768,0.8803
0.36,0.26,0.9814,0.8598,0.8624,0.858,0.9814,0.9814,0.9814,0.9814,0.9845,0.8794,0.8785,0.8803
0.36,0.27,0.9816,0.861,0.8649,0.858,0.9816,0.9816,0.9816,0.9816,0.9848,0.8812,0.8821,0.8803
0.36,0.28,0.9814,0.8592,0.8659,0.8537,0.9813,0.9813,0.9814,0.9814,0.9845,0.8787,0.8832,0.8742
0.36,0.29,0.9811,0.8572,0.8653,0.8503,0.981,0.981,0.9811,0.9811,0.9842,0.8764,0.8827,0.8702
0.36,0.3,0.9809,0.8557,0.8648,0.8477,0.9807,0.9807,0.9809,0.9809,0.984,0.8741,0.8822,0.8661
0.36,0.31,0.9807,0.8545,0.8645,0.8459,0.9806,0.9806,0.9807,0.9807,0.9839,0.873,0.882,0.8641
0.36,0.32,0.9807,0.8542,0.867,0.8431,0.9805,0.9805,0.9807,0.9807,0.9839,0.8724,0.8852,0.86
0.36,0.33,0.9809,0.8546,0.8678,0.8431,0.9807,0.9806,0.9809,0.9809,0.984,0.8733,0.887,0.86
0.36,0.34,0.9809,0.8544,0.8712,0.8398,0.9806,0.9805,0.9809,0.9809,0.9839,0.8716,0.8901,0.854
0.36,0.35,0.9807,0.8546,0.8739,0.8379,0.9805,0.9804,0.9807,0.9807,0.9836,0.8693,0.8896,0.8499
0.36,0.36,0.9805,0.8531,0.8734,0.8354,0.9802,0.9801,0.9805,0.9805,0.9833,0.8669,0.8891,0.8458
0.37,0.0,0.9799,0.8479,0.8802,0.8196,0.9795,0.9793,0.9799,0.9799,0.9828,0.8605,0.8985,0.8256
0.37,0.01,0.9553,0.7831,0.7113,0.8979,0.9609,0.972,0.9553,0.9553,0.9594,0.7528,0.6177,0.9635
0.37,0.02,0.9669,0.8122,0.753,0.8942,0.9697,0.9751,0.9669,0.9669,0.9708,0.8069,0.7016,0.9493
0.37,0.03,0.9727,0.8365,0.7894,0.8981,0.9744,0.9778,0.9727,0.9727,0.976,0.8348,0.7488,0.9432
0.37,0.04,0.9746,0.8413,0.7989,0.8944,0.976,0.9786,0.9746,0.9746,0.978,0.8454,0.77,0.9371
0.37,0.05,0.976,0.846,0.8078,0.8929,0.9772,0.9793,0.976,0.976,0.9794,0.8537,0.7853,0.9351
0.37,0.06,0.9771,0.8482,0.816,0.8872,0.978,0.9797,0.9771,0.9771,0.9805,0.8593,0.7993,0.929
0.37,0.07,0.9784,0.853,0.824,0.8874,0.9792,0.9806,0.9784,0.9784,0.9818,0.8674,0.8135,0.929
0.37,0.08,0.9785,0.8518,0.8262,0.882,0.9792,0.9804,0.9785,0.9785,0.9819,0.8675,0.8183,0.9229
0.37,0.09,0.979,0.8518,0.8284,0.8787,0.9796,0.9805,0.979,0.979,0.9824,0.8701,0.8278,0.9168
0.37,0.1,0.9796,0.8535,0.832,0.8778,0.98,0.9808,0.9796,0.9796,0.9829,0.8732,0.8352,0.9148
0.37,0.11,0.9801,0.8555,0.8382,0.8751,0.9805,0.9811,0.9801,0.9801,0.9835,0.8761,0.844,0.9108
0.37,0.12,0.9803,0.8573,0.8411,0.8757,0.9807,0.9812,0.9803,0.9803,0.9836,0.8767,0.8469,0.9087
0.37,0.13,0.9806,0.8579,0.8431,0.8748,0.9809,0.9814,0.9806,0.9806,0.9839,0.8782,0.8514,0.9067
0.37,0.14,0.9809,0.8598,0.8466,0.8749,0.9811,0.9816,0.9809,0.9809,0.984,0.8788,0.8544,0.9047
0.37,0.15,0.981,0.8604,0.849,0.8734,0.9812,0.9816,0.981,0.981,0.9841,0.8794,0.8574,0.9026
0.37,0.16,0.9809,0.8595,0.8487,0.8718,0.9811,0.9814,0.9809,0.9809,0.984,0.8783,0.8571,0.9006
0.37,0.17,0.9809,0.8592,0.8498,0.8698,0.981,0.9813,0.9809,0.9809,0.984,0.8779,0.8599,0.8966
0.37,0.18,0.9806,0.8575,0.8492,0.8667,0.9808,0.981,0.9806,0.9806,0.9837,0.8756,0.8594,0.8925
0.37,0.19,0.981,0.8597,0.8534,0.8668,0.9811,0.9814,0.981,0.981,0.9841,0.8782,0.8644,0.8925
0.37,0.2,0.9809,0.8589,0.8538,0.8648,0.981,0.9812,0.9809,0.9809,0.984,0.8769,0.8656,0.8884
0.37,0.21,0.9812,0.861,0.8577,0.8649,0.9813,0.9815,0.9812,0.9812,0.9844,0.8795,0.8708,0.8884
0.37,0.22,0.9812,0.8605,0.8582,0.8634,0.9813,0.9814,0.9812,0.9812,0.9844,0.8793,0.8723,0.8864
0.37,0.23,0.9811,0.8594,0.8579,0.8615,0.9812,0.9813,0.9811,0.9811,0.9842,0.8781,0.872,0.8844
0.37,0.24,0.981,0.8576,0.858,0.8579,0.981,0.9811,0.981,0.981,0.9841,0.8768,0.8732,0.8803
0.37,0.25,0.9812,0.8592,0.8612,0.8579,0.9812,0.9813,0.9812,0.9812,0.9844,0.8785,0.8768,0.8803
0.37,0.26,0.9814,0.8598,0.8624,0.858,0.9814,0.9814,0.9814,0.9814,0.9845,0.8794,0.8785,0.8803
0.37,0.27,0.9816,0.861,0.8649,0.858,0.9816,0.9816,0.9816,0.9816,0.9848,0.8812,0.8821,0.8803
0.37,0.28,0.9814,0.8592,0.8659,0.8537,0.9813,0.9813,0.9814,0.9814,0.9845,0.8787,0.8832,0.8742
0.37,0.29,0.9811,0.8572,0.8653,0.8503,0.981,0.981,0.9811,0.9811,0.9842,0.8764,0.8827,0.8702
0.37,0.3,0.9809,0.8557,0.8648,0.8477,0.9807,0.9807,0.9809,0.9809,0.984,0.8741,0.8822,0.8661
0.37,0.31,0.9807,0.8545,0.8645,0.8459,0.9806,0.9806,0.9807,0.9807,0.9839,0.873,0.882,0.8641
0.37,0.32,0.9807,0.8542,0.867,0.8431,0.9805,0.9805,0.9807,0.9807,0.9839,0.8724,0.8852,0.86
0.37,0.33,0.9809,0.8546,0.8678,0.8431,0.9807,0.9806,0.9809,0.9809,0.984,0.8733,0.887,0.86
0.37,0.34,0.9809,0.8544,0.8712,0.8398,0.9806,0.9805,0.9809,0.9809,0.9839,0.8716,0.8901,0.854
0.37,0.35,0.9807,0.8546,0.8739,0.8379,0.9805,0.9804,0.9807,0.9807,0.9836,0.8693,0.8896,0.8499
0.37,0.36,0.9805,0.8531,0.8734,0.8354,0.9802,0.9801,0.9805,0.9805,0.9833,0.8669,0.8891,0.8458
0.37,0.37,0.9805,0.8531,0.8734,0.8354,0.9802,0.9801,0.9805,0.9805,0.9833,0.8669,0.8891,0.8458
0.38,0.0,0.9799,0.8483,0.8811,0.8196,0.9795,0.9793,0.9799,0.9799,0.9827,0.8593,0.8982,0.8235
0.38,0.01,0.9555,0.7838,0.7113,0.8994,0.9609,0.972,0.9555,0.9555,0.9594,0.7528,0.6177,0.9635
0.38,0.02,0.9671,0.813,0.7533,0.8958,0.9698,0.9752,0.9671,0.9671,0.9708,0.8069,0.7016,0.9493
0.38,0.03,0.9729,0.8379,0.7906,0.8997,0.9746,0.978,0.9729,0.9729,0.9762,0.8356,0.75,0.9432
0.38,0.04,0.9749,0.8428,0.8003,0.896,0.9762,0.9787,0.9749,0.9749,0.9781,0.8462,0.7713,0.9371
0.38,0.05,0.9763,0.8475,0.8092,0.8945,0.9774,0.9795,0.9763,0.9763,0.9796,0.8545,0.7867,0.9351
0.38,0.06,0.9773,0.8498,0.8174,0.8888,0.9783,0.9799,0.9773,0.9773,0.9806,0.8601,0.8007,0.929
0.38,0.07,0.9786,0.8546,0.8255,0.889,0.9794,0.9807,0.9786,0.9786,0.9819,0.8682,0.8149,0.929
0.38,0.08,0.9788,0.8534,0.8278,0.8836,0.9794,0.9806,0.9788,0.9788,0.982,0.8683,0.8198,0.9229
0.38,0.09,0.9792,0.853,0.8293,0.8802,0.9797,0.9806,0.9792,0.9792,0.9824,0.8701,0.8278,0.9168
0.38,0.1,0.9797,0.8547,0.8329,0.8794,0.9802,0.9809,0.9797,0.9797,0.9829,0.8732,0.8352,0.9148
0.38,0.11,0.9802,0.8567,0.8392,0.8767,0.9806,0.9812,0.9802,0.9802,0.9835,0.8761,0.844,0.9108
0.38,0.12,0.9805,0.8585,0.842,0.8773,0.9808,0.9814,0.9805,0.9805,0.9836,0.8767,0.8469,0.9087
0.38,0.13,0.9807,0.8592,0.8441,0.8764,0.981,0.9815,0.9807,0.9807,0.9839,0.8782,0.8514,0.9067
0.38,0.14,0.981,0.861,0.8477,0.8764,0.9812,0.9817,0.981,0.981,0.984,0.8788,0.8544,0.9047
0.38,0.15,0.9811,0.8616,0.85,0.8749,0.9813,0.9817,0.9811,0.9811,0.9841,0.8794,0.8574,0.9026
0.38,0.16,0.981,0.8608,0.8497,0.8734,0.9812,0.9816,0.981,0.981,0.984,0.8783,0.8571,0.9006
0.38,0.17,0.981,0.8604,0.8508,0.8714,0.9812,0.9815,0.981,0.981,0.984,0.8779,0.8599,0.8966
0.38,0.18,0.9807,0.8587,0.8503,0.8683,0.9809,0.9812,0.9807,0.9807,0.9837,0.8756,0.8594,0.8925
0.38,0.19,0.9811,0.8609,0.8544,0.8684,0.9813,0.9815,0.9811,0.9811,0.9841,0.8782,0.8644,0.8925
0.38,0.2,0.981,0.8601,0.8548,0.8664,0.9811,0.9813,0.981,0.981,0.984,0.8769,0.8656,0.8884
0.38,0.21,0.9814,0.8622,0.8587,0.8665,0.9815,0.9816,0.9814,0.9814,0.9844,0.8795,0.8708,0.8884
0.38,0.22,0.9814,0.8618,0.8593,0.8649,0.9814,0.9815,0.9814,0.9814,0.9844,0.8793,0.8723,0.8864
0.38,0.23,0.9812,0.8607,0.8589,0.8631,0.9813,0.9814,0.9812,0.9812,0.9842,0.8781,0.872,0.8844
0.38,0.24,0.9811,0.8589,0.859,0.8595,0.9811,0.9812,0.9811,0.9811,0.9841,0.8768,0.8732,0.8803
0.38,0.25,0.9814,0.8604,0.8623,0.8595,0.9814,0.9814,0.9814,0.9814,0.9844,0.8785,0.8768,0.8803
0.38,0.26,0.9814,0.8602,0.8632,0.858,0.9814,0.9814,0.9814,0.9814,0.9844,0.8783,0.8783,0.8783
0.38,0.27,0.9816,0.8614,0.8657,0.858,0.9816,0.9816,0.9816,0.9816,0.9846,0.8801,0.8819,0.8783
0.38,0.28,0.9814,0.8596,0.8667,0.8537,0.9813,0.9813,0.9814,0.9814,0.9844,0.8776,0.883,0.8722
0.38,0.29,0.9811,0.8576,0.8661,0.8503,0.981,0.981,0.9811,0.9811,0.9841,0.8753,0.8825,0.8682
0.38,0.3,0.9809,0.8561,0.8656,0.8477,0.9807,0.9807,0.9809,0.9809,0.9839,0.873,0.882,0.8641
0.38,0.31,0.9807,0.8549,0.8653,0.8459,0.9806,0.9805,0.9807,0.9807,0.9837,0.8718,0.8817,0.8621
0.38,0.32,0.9807,0.8546,0.8678,0.8431,0.9805,0.9805,0.9807,0.9807,0.9837,0.8713,0.8849,0.858
0.38,0.33,0.9809,0.855,0.8687,0.8431,0.9807,0.9806,0.9809,0.9809,0.9839,0.8722,0.8868,0.858
0.38,0.34,0.9809,0.8548,0.872,0.8398,0.9806,0.9805,0.9809,0.9809,0.9837,0.8705,0.8898,0.8519
0.38,0.35,0.9807,0.855,0.8747,0.8379,0.9804,0.9803,0.9807,0.9807,0.9835,0.8681,0.8894,0.8479
0.38,0.36,0.9805,0.8535,0.8743,0.8354,0.9802,0.98,0.9805,0.9805,0.9832,0.8658,0.8889,0.8438
0.38,0.37,0.9805,0.8535,0.8743,0.8354,0.9802,0.98,0.9805,0.9805,0.9832,0.8658,0.8889,0.8438
0.38,0.38,0.9805,0.8535,0.8743,0.8354,0.9802,0.98,0.9805,0.9805,0.9832,0.8658,0.8889,0.8438
0.39,0.0,0.9799,0.8489,0.8824,0.8196,0.9795,0.9793,0.9799,0.9799,0.9826,0.8581,0.898,0.8215
0.39,0.01,0.9557,0.7858,0.7134,0.9013,0.9612,0.9722,0.9557,0.9557,0.9595,0.7534,0.6185,0.9635
0.39,0.02,0.9673,0.8152,0.7554,0.8976,0.97,0.9754,0.9673,0.9673,0.971,0.8076,0.7027,0.9493
0.39,0.03,0.973,0.8396,0.792,0.9015,0.9747,0.9781,0.973,0.973,0.9762,0.8356,0.75,0.9432
0.39,0.04,0.975,0.8444,0.8017,0.8979,0.9763,0.9788,0.975,0.975,0.9781,0.8462,0.7713,0.9371
0.39,0.05,0.9764,0.8492,0.8106,0.8964,0.9775,0.9796,0.9764,0.9764,0.9796,0.8545,0.7867,0.9351
0.39,0.06,0.9775,0.8515,0.8189,0.8906,0.9784,0.98,0.9775,0.9775,0.9806,0.8601,0.8007,0.929
0.39,0.07,0.9788,0.8563,0.827,0.8909,0.9795,0.9809,0.9788,0.9788,0.9819,0.8682,0.8149,0.929
0.39,0.08,0.9789,0.8551,0.8292,0.8855,0.9796,0.9807,0.9789,0.9789,0.982,0.8683,0.8198,0.9229
0.39,0.09,0.9793,0.8547,0.8308,0.8821,0.9798,0.9808,0.9793,0.9793,0.9824,0.8701,0.8278,0.9168
0.39,0.1,0.9798,0.8564,0.8344,0.8812,0.9803,0.9811,0.9798,0.9798,0.9829,0.8732,0.8352,0.9148
0.39,0.11,0.9803,0.8584,0.8407,0.8785,0.9807,0.9813,0.9803,0.9803,0.9835,0.8761,0.844,0.9108
0.39,0.12,0.9806,0.8602,0.8435,0.8791,0.9809,0.9815,0.9806,0.9806,0.9836,0.8767,0.8469,0.9087
0.39,0.13,0.9809,0.8609,0.8456,0.8782,0.9811,0.9816,0.9809,0.9809,0.9839,0.8782,0.8514,0.9067
0.39,0.14,0.9811,0.8628,0.8491,0.8783,0.9814,0.9818,0.9811,0.9811,0.984,0.8788,0.8544,0.9047
0.39,0.15,0.9812,0.8633,0.8515,0.8768,0.9815,0.9818,0.9812,0.9812,0.9841,0.8794,0.8574,0.9026
0.39,0.16,0.9811,0.8625,0.8512,0.8752,0.9813,0.9817,0.9811,0.9811,0.984,0.8783,0.8571,0.9006
0.39,0.17,0.9811,0.8622,0.8523,0.8732,0.9813,0.9816,0.9811,0.9811,0.984,0.8779,0.8599,0.8966
0.39,0.18,0.9809,0.8604,0.8518,0.8701,0.981,0.9813,0.9809,0.9809,0.9837,0.8756,0.8594,0.8925
0.39,0.19,0.9812,0.8626,0.8559,0.8702,0.9814,0.9816,0.9812,0.9812,0.9841,0.8782,0.8644,0.8925
0.39,0.2,0.9811,0.8619,0.8563,0.8682,0.9812,0.9814,0.9811,0.9811,0.984,0.8769,0.8656,0.8884
0.39,0.21,0.9815,0.864,0.8603,0.8683,0.9816,0.9817,0.9815,0.9815,0.9844,0.8795,0.8708,0.8884
0.39,0.22,0.9814,0.8624,0.8605,0.8649,0.9814,0.9815,0.9814,0.9814,0.9842,0.8781,0.872,0.8844
0.39,0.23,0.9812,0.8613,0.8601,0.8631,0.9813,0.9814,0.9812,0.9812,0.9841,0.877,0.8717,0.8824
0.39,0.24,0.9811,0.8595,0.8602,0.8595,0.9811,0.9812,0.9811,0.9811,0.984,0.8756,0.873,0.8783
0.39,0.25,0.9814,0.8611,0.8635,0.8595,0.9814,0.9814,0.9814,0.9814,0.9842,0.8774,0.8765,0.8783
0.39,0.26,0.9814,0.8609,0.8645,0.858,0.9813,0.9814,0.9814,0.9814,0.9842,0.8772,0.878,0.8763
0.39,0.27,0.9816,0.8621,0.867,0.858,0.9816,0.9816,0.9816,0.9816,0.9845,0.8789,0.8816,0.8763
0.39,0.28,0.9814,0.8603,0.8679,0.8537,0.9813,0.9813,0.9814,0.9814,0.9842,0.8764,0.8827,0.8702
0.39,0.29,0.9811,0.8582,0.8673,0.8503,0.981,0.981,0.9811,0.9811,0.984,0.8741,0.8822,0.8661
0.39,0.3,0.9809,0.8567,0.8668,0.8477,0.9807,0.9807,0.9809,0.9809,0.9837,0.8718,0.8817,0.8621
0.39,0.31,0.9807,0.8555,0.8665,0.8459,0.9806,0.9805,0.9807,0.9807,0.9836,0.8706,0.8815,0.86
0.39,0.32,0.9807,0.8552,0.8691,0.8431,0.9805,0.9804,0.9807,0.9807,0.9836,0.8701,0.8847,0.856
0.39,0.33,0.9809,0.8557,0.8699,0.8431,0.9806,0.9806,0.9809,0.9809,0.9837,0.871,0.8866,0.856
0.39,0.34,0.9809,0.8555,0.8733,0.8398,0.9806,0.9805,0.9809,0.9809,0.9836,0.8693,0.8896,0.8499
0.39,0.35,0.9807,0.8557,0.876,0.8379,0.9804,0.9803,0.9807,0.9807,0.9833,0.8669,0.8891,0.8458
0.39,0.36,0.9805,0.8542,0.8756,0.8354,0.9802,0.98,0.9805,0.9805,0.9831,0.8646,0.8887,0.8418
0.39,0.37,0.9805,0.8542,0.8756,0.8354,0.9802,0.98,0.9805,0.9805,0.9831,0.8646,0.8887,0.8418
0.39,0.38,0.9805,0.8542,0.8756,0.8354,0.9802,0.98,0.9805,0.9805,0.9831,0.8646,0.8887,0.8418
0.39,0.39,0.9802,0.8523,0.875,0.8322,0.9799,0.9797,0.9802,0.9802,0.9828,0.8622,0.8882,0.8377
0.4,0.0,0.9799,0.8489,0.8824,0.8196,0.9795,0.9793,0.9799,0.9799,0.9826,0.8581,0.898,0.8215
0.4,0.01,0.9557,0.7858,0.7134,0.9013,0.9612,0.9722,0.9557,0.9557,0.9595,0.7534,0.6185,0.9635
0.4,0.02,0.9673,0.8152,0.7554,0.8976,0.97,0.9754,0.9673,0.9673,0.971,0.8076,0.7027,0.9493
0.4,0.03,0.973,0.8396,0.792,0.9015,0.9747,0.9781,0.973,0.973,0.9762,0.8356,0.75,0.9432
0.4,0.04,0.975,0.8444,0.8017,0.8979,0.9763,0.9788,0.975,0.975,0.9781,0.8462,0.7713,0.9371
0.4,0.05,0.9764,0.8492,0.8106,0.8964,0.9775,0.9796,0.9764,0.9764,0.9796,0.8545,0.7867,0.9351
0.4,0.06,0.9775,0.8515,0.8189,0.8906,0.9784,0.98,0.9775,0.9775,0.9806,0.8601,0.8007,0.929
0.4,0.07,0.9788,0.8563,0.827,0.8909,0.9795,0.9809,0.9788,0.9788,0.9819,0.8682,0.8149,0.929
0.4,0.08,0.9789,0.8551,0.8292,0.8855,0.9796,0.9807,0.9789,0.9789,0.982,0.8683,0.8198,0.9229
0.4,0.09,0.9793,0.8547,0.8308,0.8821,0.9798,0.9808,0.9793,0.9793,0.9824,0.8701,0.8278,0.9168
0.4,0.1,0.9798,0.8564,0.8344,0.8812,0.9803,0.9811,0.9798,0.9798,0.9829,0.8732,0.8352,0.9148
0.4,0.11,0.9803,0.8584,0.8407,0.8785,0.9807,0.9813,0.9803,0.9803,0.9835,0.8761,0.844,0.9108
0.4,0.12,0.9806,0.8602,0.8435,0.8791,0.9809,0.9815,0.9806,0.9806,0.9836,0.8767,0.8469,0.9087
0.4,0.13,0.9809,0.8609,0.8456,0.8782,0.9811,0.9816,0.9809,0.9809,0.9839,0.8782,0.8514,0.9067
0.4,0.14,0.9811,0.8628,0.8491,0.8783,0.9814,0.9818,0.9811,0.9811,0.984,0.8788,0.8544,0.9047
0.4,0.15,0.9812,0.8633,0.8515,0.8768,0.9815,0.9818,0.9812,0.9812,0.9841,0.8794,0.8574,0.9026
0.4,0.16,0.9811,0.8625,0.8512,0.8752,0.9813,0.9817,0.9811,0.9811,0.984,0.8783,0.8571,0.9006
0.4,0.17,0.9811,0.8622,0.8523,0.8732,0.9813,0.9816,0.9811,0.9811,0.984,0.8779,0.8599,0.8966
0.4,0.18,0.9809,0.8604,0.8518,0.8701,0.981,0.9813,0.9809,0.9809,0.9837,0.8756,0.8594,0.8925
0.4,0.19,0.9812,0.8626,0.8559,0.8702,0.9814,0.9816,0.9812,0.9812,0.9841,0.8782,0.8644,0.8925
0.4,0.2,0.9811,0.8619,0.8563,0.8682,0.9812,0.9814,0.9811,0.9811,0.984,0.8769,0.8656,0.8884
0.4,0.21,0.9815,0.864,0.8603,0.8683,0.9816,0.9817,0.9815,0.9815,0.9844,0.8795,0.8708,0.8884
0.4,0.22,0.9814,0.8624,0.8605,0.8649,0.9814,0.9815,0.9814,0.9814,0.9842,0.8781,0.872,0.8844
0.4,0.23,0.9812,0.8613,0.8601,0.8631,0.9813,0.9814,0.9812,0.9812,0.9841,0.877,0.8717,0.8824
0.4,0.24,0.9811,0.8595,0.8602,0.8595,0.9811,0.9812,0.9811,0.9811,0.984,0.8756,0.873,0.8783
0.4,0.25,0.9814,0.8611,0.8635,0.8595,0.9814,0.9814,0.9814,0.9814,0.9842,0.8774,0.8765,0.8783
0.4,0.26,0.9814,0.8609,0.8645,0.858,0.9813,0.9814,0.9814,0.9814,0.9842,0.8772,0.878,0.8763
0.4,0.27,0.9816,0.8621,0.867,0.858,0.9816,0.9816,0.9816,0.9816,0.9845,0.8789,0.8816,0.8763
0.4,0.28,0.9814,0.8603,0.8679,0.8537,0.9813,0.9813,0.9814,0.9814,0.9842,0.8764,0.8827,0.8702
0.4,0.29,0.9811,0.8582,0.8673,0.8503,0.981,0.981,0.9811,0.9811,0.984,0.8741,0.8822,0.8661
0.4,0.3,0.9809,0.8567,0.8668,0.8477,0.9807,0.9807,0.9809,0.9809,0.9837,0.8718,0.8817,0.8621
0.4,0.31,0.9807,0.8555,0.8665,0.8459,0.9806,0.9805,0.9807,0.9807,0.9836,0.8706,0.8815,0.86
0.4,0.32,0.9807,0.8552,0.8691,0.8431,0.9805,0.9804,0.9807,0.9807,0.9836,0.8701,0.8847,0.856
0.4,0.33,0.9809,0.8557,0.8699,0.8431,0.9806,0.9806,0.9809,0.9809,0.9837,0.871,0.8866,0.856
0.4,0.34,0.9809,0.8555,0.8733,0.8398,0.9806,0.9805,0.9809,0.9809,0.9836,0.8693,0.8896,0.8499
0.4,0.35,0.9807,0.8557,0.876,0.8379,0.9804,0.9803,0.9807,0.9807,0.9833,0.8669,0.8891,0.8458
0.4,0.36,0.9805,0.8542,0.8756,0.8354,0.9802,0.98,0.9805,0.9805,0.9831,0.8646,0.8887,0.8418
0.4,0.37,0.9805,0.8542,0.8756,0.8354,0.9802,0.98,0.9805,0.9805,0.9831,0.8646,0.8887,0.8418
0.4,0.38,0.9805,0.8542,0.8756,0.8354,0.9802,0.98,0.9805,0.9805,0.9831,0.8646,0.8887,0.8418
0.4,0.39,0.9802,0.8523,0.875,0.8322,0.9799,0.9797,0.9802,0.9802,0.9828,0.8622,0.8882,0.8377
0.4,0.4,0.9802,0.8523,0.875,0.8322,0.9799,0.9797,0.9802,0.9802,0.9828,0.8622,0.8882,0.8377
0.41,0.0,0.9798,0.848,0.8821,0.8181,0.9793,0.9791,0.9798,0.9798,0.9824,0.8568,0.8978,0.8195
0.41,0.01,0.9557,0.7858,0.7134,0.9013,0.9612,0.9722,0.9557,0.9557,0.9595,0.7534,0.6185,0.9635
0.41,0.02,0.9673,0.8152,0.7554,0.8976,0.97,0.9754,0.9673,0.9673,0.971,0.8076,0.7027,0.9493
0.41,0.03,0.973,0.8396,0.792,0.9015,0.9747,0.9781,0.973,0.973,0.9762,0.8356,0.75,0.9432
0.41,0.04,0.975,0.8444,0.8017,0.8979,0.9763,0.9788,0.975,0.975,0.9781,0.8462,0.7713,0.9371
0.41,0.05,0.9764,0.8492,0.8106,0.8964,0.9775,0.9796,0.9764,0.9764,0.9796,0.8545,0.7867,0.9351
0.41,0.06,0.9775,0.8515,0.8189,0.8906,0.9784,0.98,0.9775,0.9775,0.9806,0.8601,0.8007,0.929
0.41,0.07,0.9788,0.8563,0.827,0.8909,0.9795,0.9809,0.9788,0.9788,0.9819,0.8682,0.8149,0.929
0.41,0.08,0.9789,0.8551,0.8292,0.8855,0.9796,0.9807,0.9789,0.9789,0.982,0.8683,0.8198,0.9229
0.41,0.09,0.9793,0.8547,0.8308,0.8821,0.9798,0.9808,0.9793,0.9793,0.9824,0.8701,0.8278,0.9168
0.41,0.1,0.9798,0.8564,0.8344,0.8812,0.9803,0.9811,0.9798,0.9798,0.9829,0.8732,0.8352,0.9148
0.41,0.11,0.9803,0.8584,0.8407,0.8785,0.9807,0.9813,0.9803,0.9803,0.9835,0.8761,0.844,0.9108
0.41,0.12,0.9806,0.8602,0.8435,0.8791,0.9809,0.9815,0.9806,0.9806,0.9836,0.8767,0.8469,0.9087
0.41,0.13,0.9809,0.8609,0.8456,0.8782,0.9811,0.9816,0.9809,0.9809,0.9839,0.8782,0.8514,0.9067
0.41,0.14,0.9811,0.8628,0.8491,0.8783,0.9814,0.9818,0.9811,0.9811,0.984,0.8788,0.8544,0.9047
0.41,0.15,0.9812,0.8633,0.8515,0.8768,0.9815,0.9818,0.9812,0.9812,0.9841,0.8794,0.8574,0.9026
0.41,0.16,0.9811,0.8625,0.8512,0.8752,0.9813,0.9817,0.9811,0.9811,0.984,0.8783,0.8571,0.9006
0.41,0.17,0.9811,0.8622,0.8523,0.8732,0.9813,0.9816,0.9811,0.9811,0.984,0.8779,0.8599,0.8966
0.41,0.18,0.9809,0.8604,0.8518,0.8701,0.981,0.9813,0.9809,0.9809,0.9837,0.8756,0.8594,0.8925
0.41,0.19,0.9812,0.8626,0.8559,0.8702,0.9814,0.9816,0.9812,0.9812,0.9841,0.8782,0.8644,0.8925
0.41,0.2,0.9811,0.8619,0.8563,0.8682,0.9812,0.9814,0.9811,0.9811,0.984,0.8769,0.8656,0.8884
0.41,0.21,0.9815,0.864,0.8603,0.8683,0.9816,0.9817,0.9815,0.9815,0.9844,0.8795,0.8708,0.8884
0.41,0.22,0.9814,0.8624,0.8605,0.8649,0.9814,0.9815,0.9814,0.9814,0.9842,0.8781,0.872,0.8844
0.41,0.23,0.9812,0.8613,0.8601,0.8631,0.9813,0.9814,0.9812,0.9812,0.9841,0.877,0.8717,0.8824
0.41,0.24,0.9811,0.8595,0.8602,0.8595,0.9811,0.9812,0.9811,0.9811,0.984,0.8756,0.873,0.8783
0.41,0.25,0.9814,0.8611,0.8635,0.8595,0.9814,0.9814,0.9814,0.9814,0.9842,0.8774,0.8765,0.8783
0.41,0.26,0.9814,0.8609,0.8645,0.858,0.9813,0.9814,0.9814,0.9814,0.9842,0.8772,0.878,0.8763
0.41,0.27,0.9816,0.8621,0.867,0.858,0.9816,0.9816,0.9816,0.9816,0.9845,0.8789,0.8816,0.8763
0.41,0.28,0.9814,0.8603,0.8679,0.8537,0.9813,0.9813,0.9814,0.9814,0.9842,0.8764,0.8827,0.8702
0.41,0.29,0.9811,0.8582,0.8673,0.8503,0.981,0.981,0.9811,0.9811,0.984,0.8741,0.8822,0.8661
0.41,0.3,0.9809,0.8567,0.8668,0.8477,0.9807,0.9807,0.9809,0.9809,0.9837,0.8718,0.8817,0.8621
0.41,0.31,0.9807,0.8555,0.8665,0.8459,0.9806,0.9805,0.9807,0.9807,0.9836,0.8706,0.8815,0.86
0.41,0.32,0.9807,0.8552,0.8691,0.8431,0.9805,0.9804,0.9807,0.9807,0.9836,0.8701,0.8847,0.856
0.41,0.33,0.9809,0.8557,0.8699,0.8431,0.9806,0.9806,0.9809,0.9809,0.9837,0.871,0.8866,0.856
0.41,0.34,0.9809,0.8555,0.8733,0.8398,0.9806,0.9805,0.9809,0.9809,0.9836,0.8693,0.8896,0.8499
0.41,0.35,0.9807,0.8557,0.876,0.8379,0.9804,0.9803,0.9807,0.9807,0.9833,0.8669,0.8891,0.8458
0.41,0.36,0.9805,0.8542,0.8756,0.8354,0.9802,0.98,0.9805,0.9805,0.9831,0.8646,0.8887,0.8418
0.41,0.37,0.9805,0.8542,0.8756,0.8354,0.9802,0.98,0.9805,0.9805,0.9831,0.8646,0.8887,0.8418
0.41,0.38,0.9805,0.8542,0.8756,0.8354,0.9802,0.98,0.9805,0.9805,0.9831,0.8646,0.8887,0.8418
0.41,0.39,0.9802,0.8523,0.875,0.8322,0.9799,0.9797,0.9802,0.9802,0.9828,0.8622,0.8882,0.8377
0.41,0.4,0.9802,0.8523,0.875,0.8322,0.9799,0.9797,0.9802,0.9802,0.9828,0.8622,0.8882,0.8377
0.41,0.41,0.9803,0.8537,0.8798,0.8307,0.98,0.9798,0.9803,0.9803,0.9829,0.8628,0.8918,0.8357
0.42,0.0,0.9798,0.848,0.8821,0.8181,0.9793,0.9791,0.9798,0.9798,0.9824,0.8568,0.8978,0.8195
0.42,0.01,0.9557,0.7858,0.7134,0.9013,0.9612,0.9722,0.9557,0.9557,0.9595,0.7534,0.6185,0.9635
0.42,0.02,0.9673,0.8152,0.7554,0.8976,0.97,0.9754,0.9673,0.9673,0.971,0.8076,0.7027,0.9493
0.42,0.03,0.973,0.8396,0.792,0.9015,0.9747,0.9781,0.973,0.973,0.9762,0.8356,0.75,0.9432
0.42,0.04,0.975,0.8444,0.8017,0.8979,0.9763,0.9788,0.975,0.975,0.9781,0.8462,0.7713,0.9371
0.42,0.05,0.9764,0.8492,0.8106,0.8964,0.9775,0.9796,0.9764,0.9764,0.9796,0.8545,0.7867,0.9351
0.42,0.06,0.9775,0.8515,0.8189,0.8906,0.9784,0.98,0.9775,0.9775,0.9806,0.8601,0.8007,0.929
0.42,0.07,0.9788,0.8563,0.827,0.8909,0.9795,0.9809,0.9788,0.9788,0.9819,0.8682,0.8149,0.929
0.42,0.08,0.9789,0.8551,0.8292,0.8855,0.9796,0.9807,0.9789,0.9789,0.982,0.8683,0.8198,0.9229
0.42,0.09,0.9793,0.8547,0.8308,0.8821,0.9798,0.9808,0.9793,0.9793,0.9824,0.8701,0.8278,0.9168
0.42,0.1,0.9798,0.8564,0.8344,0.8812,0.9803,0.9811,0.9798,0.9798,0.9829,0.8732,0.8352,0.9148
0.42,0.11,0.9803,0.8584,0.8407,0.8785,0.9807,0.9813,0.9803,0.9803,0.9835,0.8761,0.844,0.9108
0.42,0.12,0.9806,0.8602,0.8435,0.8791,0.9809,0.9815,0.9806,0.9806,0.9836,0.8767,0.8469,0.9087
0.42,0.13,0.9809,0.8609,0.8456,0.8782,0.9811,0.9816,0.9809,0.9809,0.9839,0.8782,0.8514,0.9067
0.42,0.14,0.9811,0.8628,0.8491,0.8783,0.9814,0.9818,0.9811,0.9811,0.984,0.8788,0.8544,0.9047
0.42,0.15,0.9812,0.8633,0.8515,0.8768,0.9815,0.9818,0.9812,0.9812,0.9841,0.8794,0.8574,0.9026
0.42,0.16,0.9811,0.8625,0.8512,0.8752,0.9813,0.9817,0.9811,0.9811,0.984,0.8783,0.8571,0.9006
0.42,0.17,0.9811,0.8622,0.8523,0.8732,0.9813,0.9816,0.9811,0.9811,0.984,0.8779,0.8599,0.8966
0.42,0.18,0.9809,0.8604,0.8518,0.8701,0.981,0.9813,0.9809,0.9809,0.9837,0.8756,0.8594,0.8925
0.42,0.19,0.9812,0.8626,0.8559,0.8702,0.9814,0.9816,0.9812,0.9812,0.9841,0.8782,0.8644,0.8925
0.42,0.2,0.9811,0.8619,0.8563,0.8682,0.9812,0.9814,0.9811,0.9811,0.984,0.8769,0.8656,0.8884
0.42,0.21,0.9815,0.864,0.8603,0.8683,0.9816,0.9817,0.9815,0.9815,0.9844,0.8795,0.8708,0.8884
0.42,0.22,0.9814,0.8624,0.8605,0.8649,0.9814,0.9815,0.9814,0.9814,0.9842,0.8781,0.872,0.8844
0.42,0.23,0.9812,0.8613,0.8601,0.8631,0.9813,0.9814,0.9812,0.9812,0.9841,0.877,0.8717,0.8824
0.42,0.24,0.9811,0.8595,0.8602,0.8595,0.9811,0.9812,0.9811,0.9811,0.984,0.8756,0.873,0.8783
0.42,0.25,0.9814,0.8611,0.8635,0.8595,0.9814,0.9814,0.9814,0.9814,0.9842,0.8774,0.8765,0.8783
0.42,0.26,0.9814,0.8609,0.8645,0.858,0.9813,0.9814,0.9814,0.9814,0.9842,0.8772,0.878,0.8763
0.42,0.27,0.9816,0.8621,0.867,0.858,0.9816,0.9816,0.9816,0.9816,0.9845,0.8789,0.8816,0.8763
0.42,0.28,0.9814,0.8603,0.8679,0.8537,0.9813,0.9813,0.9814,0.9814,0.9842,0.8764,0.8827,0.8702
0.42,0.29,0.9811,0.8582,0.8673,0.8503,0.981,0.981,0.9811,0.9811,0.984,0.8741,0.8822,0.8661
0.42,0.3,0.9809,0.8567,0.8668,0.8477,0.9807,0.9807,0.9809,0.9809,0.9837,0.8718,0.8817,0.8621
0.42,0.31,0.9807,0.8555,0.8665,0.8459,0.9806,0.9805,0.9807,0.9807,0.9836,0.8706,0.8815,0.86
0.42,0.32,0.9807,0.8552,0.8691,0.8431,0.9805,0.9804,0.9807,0.9807,0.9836,0.8701,0.8847,0.856
0.42,0.33,0.9809,0.8557,0.8699,0.8431,0.9806,0.9806,0.9809,0.9809,0.9837,0.871,0.8866,0.856
0.42,0.34,0.9809,0.8555,0.8733,0.8398,0.9806,0.9805,0.9809,0.9809,0.9836,0.8693,0.8896,0.8499
0.42,0.35,0.9807,0.8557,0.876,0.8379,0.9804,0.9803,0.9807,0.9807,0.9833,0.8669,0.8891,0.8458
0.42,0.36,0.9805,0.8542,0.8756,0.8354,0.9802,0.98,0.9805,0.9805,0.9831,0.8646,0.8887,0.8418
0.42,0.37,0.9805,0.8542,0.8756,0.8354,0.9802,0.98,0.9805,0.9805,0.9831,0.8646,0.8887,0.8418
0.42,0.38,0.9805,0.8542,0.8756,0.8354,0.9802,0.98,0.9805,0.9805,0.9831,0.8646,0.8887,0.8418
0.42,0.39,0.9802,0.8523,0.875,0.8322,0.9799,0.9797,0.9802,0.9802,0.9828,0.8622,0.8882,0.8377
0.42,0.4,0.9802,0.8523,0.875,0.8322,0.9799,0.9797,0.9802,0.9802,0.9828,0.8622,0.8882,0.8377
0.42,0.41,0.9803,0.8537,0.8798,0.8307,0.98,0.9798,0.9803,0.9803,0.9829,0.8628,0.8918,0.8357
0.42,0.42,0.9802,0.8515,0.8792,0.8272,0.9798,0.9797,0.9802,0.9802,0.9828,0.8616,0.8915,0.8337
0.43,0.0,0.9798,0.848,0.8821,0.8181,0.9793,0.9791,0.9798,0.9798,0.9824,0.8568,0.8978,0.8195
0.43,0.01,0.9557,0.7858,0.7134,0.9013,0.9612,0.9722,0.9557,0.9557,0.9595,0.7534,0.6185,0.9635
0.43,0.02,0.9673,0.8152,0.7554,0.8976,0.97,0.9754,0.9673,0.9673,0.971,0.8076,0.7027,0.9493
0.43,0.03,0.973,0.8396,0.792,0.9015,0.9747,0.9781,0.973,0.973,0.9762,0.8356,0.75,0.9432
0.43,0.04,0.975,0.8444,0.8017,0.8979,0.9763,0.9788,0.975,0.975,0.9781,0.8462,0.7713,0.9371
0.43,0.05,0.9764,0.8492,0.8106,0.8964,0.9775,0.9796,0.9764,0.9764,0.9796,0.8545,0.7867,0.9351
0.43,0.06,0.9775,0.8515,0.8189,0.8906,0.9784,0.98,0.9775,0.9775,0.9806,0.8601,0.8007,0.929
0.43,0.07,0.9788,0.8563,0.827,0.8909,0.9795,0.9809,0.9788,0.9788,0.9819,0.8682,0.8149,0.929
0.43,0.08,0.9789,0.8551,0.8292,0.8855,0.9796,0.9807,0.9789,0.9789,0.982,0.8683,0.8198,0.9229
0.43,0.09,0.9793,0.8547,0.8308,0.8821,0.9798,0.9808,0.9793,0.9793,0.9824,0.8701,0.8278,0.9168
0.43,0.1,0.9798,0.8564,0.8344,0.8812,0.9803,0.9811,0.9798,0.9798,0.9829,0.8732,0.8352,0.9148
0.43,0.11,0.9803,0.8584,0.8407,0.8785,0.9807,0.9813,0.9803,0.9803,0.9835,0.8761,0.844,0.9108
0.43,0.12,0.9806,0.8602,0.8435,0.8791,0.9809,0.9815,0.9806,0.9806,0.9836,0.8767,0.8469,0.9087
0.43,0.13,0.9809,0.8609,0.8456,0.8782,0.9811,0.9816,0.9809,0.9809,0.9839,0.8782,0.8514,0.9067
0.43,0.14,0.9811,0.8628,0.8491,0.8783,0.9814,0.9818,0.9811,0.9811,0.984,0.8788,0.8544,0.9047
0.43,0.15,0.9812,0.8633,0.8515,0.8768,0.9815,0.9818,0.9812,0.9812,0.9841,0.8794,0.8574,0.9026
0.43,0.16,0.9811,0.8625,0.8512,0.8752,0.9813,0.9817,0.9811,0.9811,0.984,0.8783,0.8571,0.9006
0.43,0.17,0.9811,0.8622,0.8523,0.8732,0.9813,0.9816,0.9811,0.9811,0.984,0.8779,0.8599,0.8966
0.43,0.18,0.9809,0.8604,0.8518,0.8701,0.981,0.9813,0.9809,0.9809,0.9837,0.8756,0.8594,0.8925
0.43,0.19,0.9812,0.8626,0.8559,0.8702,0.9814,0.9816,0.9812,0.9812,0.9841,0.8782,0.8644,0.8925
0.43,0.2,0.9811,0.8619,0.8563,0.8682,0.9812,0.9814,0.9811,0.9811,0.984,0.8769,0.8656,0.8884
0.43,0.21,0.9815,0.864,0.8603,0.8683,0.9816,0.9817,0.9815,0.9815,0.9844,0.8795,0.8708,0.8884
0.43,0.22,0.9814,0.8624,0.8605,0.8649,0.9814,0.9815,0.9814,0.9814,0.9842,0.8781,0.872,0.8844
0.43,0.23,0.9812,0.8613,0.8601,0.8631,0.9813,0.9814,0.9812,0.9812,0.9841,0.877,0.8717,0.8824
0.43,0.24,0.9811,0.8595,0.8602,0.8595,0.9811,0.9812,0.9811,0.9811,0.984,0.8756,0.873,0.8783
0.43,0.25,0.9814,0.8611,0.8635,0.8595,0.9814,0.9814,0.9814,0.9814,0.9842,0.8774,0.8765,0.8783
0.43,0.26,0.9814,0.8609,0.8645,0.858,0.9813,0.9814,0.9814,0.9814,0.9842,0.8772,0.878,0.8763
0.43,0.27,0.9816,0.8621,0.867,0.858,0.9816,0.9816,0.9816,0.9816,0.9845,0.8789,0.8816,0.8763
0.43,0.28,0.9814,0.8603,0.8679,0.8537,0.9813,0.9813,0.9814,0.9814,0.9842,0.8764,0.8827,0.8702
0.43,0.29,0.9811,0.8582,0.8673,0.8503,0.981,0.981,0.9811,0.9811,0.984,0.8741,0.8822,0.8661
0.43,0.3,0.9809,0.8567,0.8668,0.8477,0.9807,0.9807,0.9809,0.9809,0.9837,0.8718,0.8817,0.8621
0.43,0.31,0.9807,0.8555,0.8665,0.8459,0.9806,0.9805,0.9807,0.9807,0.9836,0.8706,0.8815,0.86
0.43,0.32,0.9807,0.8552,0.8691,0.8431,0.9805,0.9804,0.9807,0.9807,0.9836,0.8701,0.8847,0.856
0.43,0.33,0.9809,0.8557,0.8699,0.8431,0.9806,0.9806,0.9809,0.9809,0.9837,0.871,0.8866,0.856
0.43,0.34,0.9809,0.8555,0.8733,0.8398,0.9806,0.9805,0.9809,0.9809,0.9836,0.8693,0.8896,0.8499
0.43,0.35,0.9807,0.8557,0.876,0.8379,0.9804,0.9803,0.9807,0.9807,0.9833,0.8669,0.8891,0.8458
0.43,0.36,0.9805,0.8542,0.8756,0.8354,0.9802,0.98,0.9805,0.9805,0.9831,0.8646,0.8887,0.8418
0.43,0.37,0.9805,0.8542,0.8756,0.8354,0.9802,0.98,0.9805,0.9805,0.9831,0.8646,0.8887,0.8418
0.43,0.38,0.9805,0.8542,0.8756,0.8354,0.9802,0.98,0.9805,0.9805,0.9831,0.8646,0.8887,0.8418
0.43,0.39,0.9802,0.8523,0.875,0.8322,0.9799,0.9797,0.9802,0.9802,0.9828,0.8622,0.8882,0.8377
0.43,0.4,0.9802,0.8523,0.875,0.8322,0.9799,0.9797,0.9802,0.9802,0.9828,0.8622,0.8882,0.8377
0.43,0.41,0.9803,0.8537,0.8798,0.8307,0.98,0.9798,0.9803,0.9803,0.9829,0.8628,0.8918,0.8357
0.43,0.42,0.9802,0.8515,0.8792,0.8272,0.9798,0.9797,0.9802,0.9802,0.9828,0.8616,0.8915,0.8337
0.43,0.43,0.9802,0.8515,0.8792,0.8272,0.9798,0.9797,0.9802,0.9802,0.9828,0.8616,0.8915,0.8337
0.44,0.0,0.9797,0.8468,0.8818,0.8162,0.9792,0.979,0.9797,0.9797,0.9823,0.8556,0.8976,0.8174
0.44,0.01,0.9557,0.7858,0.7134,0.9013,0.9612,0.9722,0.9557,0.9557,0.9595,0.7534,0.6185,0.9635
0.44,0.02,0.9673,0.8152,0.7554,0.8976,0.97,0.9754,0.9673,0.9673,0.971,0.8076,0.7027,0.9493
0.44,0.03,0.973,0.8396,0.792,0.9015,0.9747,0.9781,0.973,0.973,0.9762,0.8356,0.75,0.9432
0.44,0.04,0.975,0.8444,0.8017,0.8979,0.9763,0.9788,0.975,0.975,0.9781,0.8462,0.7713,0.9371
0.44,0.05,0.9764,0.8492,0.8106,0.8964,0.9775,0.9796,0.9764,0.9764,0.9796,0.8545,0.7867,0.9351
0.44,0.06,0.9775,0.8515,0.8189,0.8906,0.9784,0.98,0.9775,0.9775,0.9806,0.8601,0.8007,0.929
0.44,0.07,0.9788,0.8563,0.827,0.8909,0.9795,0.9809,0.9788,0.9788,0.9819,0.8682,0.8149,0.929
0.44,0.08,0.9789,0.8551,0.8292,0.8855,0.9796,0.9807,0.9789,0.9789,0.982,0.8683,0.8198,0.9229
0.44,0.09,0.9793,0.8547,0.8308,0.8821,0.9798,0.9808,0.9793,0.9793,0.9824,0.8701,0.8278,0.9168
0.44,0.1,0.9798,0.8564,0.8344,0.8812,0.9803,0.9811,0.9798,0.9798,0.9829,0.8732,0.8352,0.9148
0.44,0.11,0.9803,0.8584,0.8407,0.8785,0.9807,0.9813,0.9803,0.9803,0.9835,0.8761,0.844,0.9108
0.44,0.12,0.9806,0.8602,0.8435,0.8791,0.9809,0.9815,0.9806,0.9806,0.9836,0.8767,0.8469,0.9087
0.44,0.13,0.9809,0.8609,0.8456,0.8782,0.9811,0.9816,0.9809,0.9809,0.9839,0.8782,0.8514,0.9067
0.44,0.14,0.9811,0.8628,0.8491,0.8783,0.9814,0.9818,0.9811,0.9811,0.984,0.8788,0.8544,0.9047
0.44,0.15,0.9812,0.8633,0.8515,0.8768,0.9815,0.9818,0.9812,0.9812,0.9841,0.8794,0.8574,0.9026
0.44,0.16,0.9811,0.8625,0.8512,0.8752,0.9813,0.9817,0.9811,0.9811,0.984,0.8783,0.8571,0.9006
0.44,0.17,0.9811,0.8622,0.8523,0.8732,0.9813,0.9816,0.9811,0.9811,0.984,0.8779,0.8599,0.8966
0.44,0.18,0.9809,0.8604,0.8518,0.8701,0.981,0.9813,0.9809,0.9809,0.9837,0.8756,0.8594,0.8925
0.44,0.19,0.9812,0.8626,0.8559,0.8702,0.9814,0.9816,0.9812,0.9812,0.9841,0.8782,0.8644,0.8925
0.44,0.2,0.9811,0.8619,0.8563,0.8682,0.9812,0.9814,0.9811,0.9811,0.984,0.8769,0.8656,0.8884
0.44,0.21,0.9815,0.864,0.8603,0.8683,0.9816,0.9817,0.9815,0.9815,0.9844,0.8795,0.8708,0.8884
0.44,0.22,0.9814,0.8624,0.8605,0.8649,0.9814,0.9815,0.9814,0.9814,0.9842,0.8781,0.872,0.8844
0.44,0.23,0.9812,0.8613,0.8601,0.8631,0.9813,0.9814,0.9812,0.9812,0.9841,0.877,0.8717,0.8824
0.44,0.24,0.9811,0.8595,0.8602,0.8595,0.9811,0.9812,0.9811,0.9811,0.984,0.8756,0.873,0.8783
0.44,0.25,0.9814,0.8611,0.8635,0.8595,0.9814,0.9814,0.9814,0.9814,0.9842,0.8774,0.8765,0.8783
0.44,0.26,0.9814,0.8609,0.8645,0.858,0.9813,0.9814,0.9814,0.9814,0.9842,0.8772,0.878,0.8763
0.44,0.27,0.9816,0.8621,0.867,0.858,0.9816,0.9816,0.9816,0.9816,0.9845,0.8789,0.8816,0.8763
0.44,0.28,0.9814,0.8603,0.8679,0.8537,0.9813,0.9813,0.9814,0.9814,0.9842,0.8764,0.8827,0.8702
0.44,0.29,0.9811,0.8582,0.8673,0.8503,0.981,0.981,0.9811,0.9811,0.984,0.8741,0.8822,0.8661
0.44,0.3,0.9809,0.8567,0.8668,0.8477,0.9807,0.9807,0.9809,0.9809,0.9837,0.8718,0.8817,0.8621
0.44,0.31,0.9807,0.8555,0.8665,0.8459,0.9806,0.9805,0.9807,0.9807,0.9836,0.8706,0.8815,0.86
0.44,0.32,0.9807,0.8552,0.8691,0.8431,0.9805,0.9804,0.9807,0.9807,0.9836,0.8701,0.8847,0.856
0.44,0.33,0.9809,0.8557,0.8699,0.8431,0.9806,0.9806,0.9809,0.9809,0.9837,0.871,0.8866,0.856
0.44,0.34,0.9809,0.8555,0.8733,0.8398,0.9806,0.9805,0.9809,0.9809,0.9836,0.8693,0.8896,0.8499
0.44,0.35,0.9807,0.8557,0.876,0.8379,0.9804,0.9803,0.9807,0.9807,0.9833,0.8669,0.8891,0.8458
0.44,0.36,0.9805,0.8542,0.8756,0.8354,0.9802,0.98,0.9805,0.9805,0.9831,0.8646,0.8887,0.8418
0.44,0.37,0.9805,0.8542,0.8756,0.8354,0.9802,0.98,0.9805,0.9805,0.9831,0.8646,0.8887,0.8418
0.44,0.38,0.9805,0.8542,0.8756,0.8354,0.9802,0.98,0.9805,0.9805,0.9831,0.8646,0.8887,0.8418
0.44,0.39,0.9802,0.8523,0.875,0.8322,0.9799,0.9797,0.9802,0.9802,0.9828,0.8622,0.8882,0.8377
0.44,0.4,0.9802,0.8523,0.875,0.8322,0.9799,0.9797,0.9802,0.9802,0.9828,0.8622,0.8882,0.8377
0.44,0.41,0.9803,0.8537,0.8798,0.8307,0.98,0.9798,0.9803,0.9803,0.9829,0.8628,0.8918,0.8357
0.44,0.42,0.9802,0.8515,0.8792,0.8272,0.9798,0.9797,0.9802,0.9802,0.9828,0.8616,0.8915,0.8337
0.44,0.43,0.9802,0.8515,0.8792,0.8272,0.9798,0.9797,0.9802,0.9802,0.9828,0.8616,0.8915,0.8337
0.44,0.44,0.9805,0.852,0.8826,0.8255,0.98,0.9799,0.9805,0.9805,0.9831,0.8632,0.8972,0.8316
0.45,0.0,0.9797,0.8468,0.8818,0.8162,0.9792,0.979,0.9797,0.9797,0.9823,0.8556,0.8976,0.8174
0.45,0.01,0.9557,0.7858,0.7134,0.9013,0.9612,0.9722,0.9557,0.9557,0.9595,0.7534,0.6185,0.9635
0.45,0.02,0.9673,0.8152,0.7554,0.8976,0.97,0.9754,0.9673,0.9673,0.971,0.8076,0.7027,0.9493
0.45,0.03,0.973,0.8396,0.792,0.9015,0.9747,0.9781,0.973,0.973,0.9762,0.8356,0.75,0.9432
0.45,0.04,0.975,0.8444,0.8017,0.8979,0.9763,0.9788,0.975,0.975,0.9781,0.8462,0.7713,0.9371
0.45,0.05,0.9764,0.8492,0.8106,0.8964,0.9775,0.9796,0.9764,0.9764,0.9796,0.8545,0.7867,0.9351
0.45,0.06,0.9775,0.8515,0.8189,0.8906,0.9784,0.98,0.9775,0.9775,0.9806,0.8601,0.8007,0.929
0.45,0.07,0.9788,0.8563,0.827,0.8909,0.9795,0.9809,0.9788,0.9788,0.9819,0.8682,0.8149,0.929
0.45,0.08,0.9789,0.8551,0.8292,0.8855,0.9796,0.9807,0.9789,0.9789,0.982,0.8683,0.8198,0.9229
0.45,0.09,0.9793,0.8547,0.8308,0.8821,0.9798,0.9808,0.9793,0.9793,0.9824,0.8701,0.8278,0.9168
0.45,0.1,0.9798,0.8564,0.8344,0.8812,0.9803,0.9811,0.9798,0.9798,0.9829,0.8732,0.8352,0.9148
0.45,0.11,0.9803,0.8584,0.8407,0.8785,0.9807,0.9813,0.9803,0.9803,0.9835,0.8761,0.844,0.9108
0.45,0.12,0.9806,0.8602,0.8435,0.8791,0.9809,0.9815,0.9806,0.9806,0.9836,0.8767,0.8469,0.9087
0.45,0.13,0.9809,0.8609,0.8456,0.8782,0.9811,0.9816,0.9809,0.9809,0.9839,0.8782,0.8514,0.9067
0.45,0.14,0.9811,0.8628,0.8491,0.8783,0.9814,0.9818,0.9811,0.9811,0.984,0.8788,0.8544,0.9047
0.45,0.15,0.9812,0.8633,0.8515,0.8768,0.9815,0.9818,0.9812,0.9812,0.9841,0.8794,0.8574,0.9026
0.45,0.16,0.9811,0.8625,0.8512,0.8752,0.9813,0.9817,0.9811,0.9811,0.984,0.8783,0.8571,0.9006
0.45,0.17,0.9811,0.8622,0.8523,0.8732,0.9813,0.9816,0.9811,0.9811,0.984,0.8779,0.8599,0.8966
0.45,0.18,0.9809,0.8604,0.8518,0.8701,0.981,0.9813,0.9809,0.9809,0.9837,0.8756,0.8594,0.8925
0.45,0.19,0.9812,0.8626,0.8559,0.8702,0.9814,0.9816,0.9812,0.9812,0.9841,0.8782,0.8644,0.8925
0.45,0.2,0.9811,0.8619,0.8563,0.8682,0.9812,0.9814,0.9811,0.9811,0.984,0.8769,0.8656,0.8884
0.45,0.21,0.9815,0.864,0.8603,0.8683,0.9816,0.9817,0.9815,0.9815,0.9844,0.8795,0.8708,0.8884
0.45,0.22,0.9814,0.8624,0.8605,0.8649,0.9814,0.9815,0.9814,0.9814,0.9842,0.8781,0.872,0.8844
0.45,0.23,0.9812,0.8613,0.8601,0.8631,0.9813,0.9814,0.9812,0.9812,0.9841,0.877,0.8717,0.8824
0.45,0.24,0.9811,0.8595,0.8602,0.8595,0.9811,0.9812,0.9811,0.9811,0.984,0.8756,0.873,0.8783
0.45,0.25,0.9814,0.8611,0.8635,0.8595,0.9814,0.9814,0.9814,0.9814,0.9842,0.8774,0.8765,0.8783
0.45,0.26,0.9814,0.8609,0.8645,0.858,0.9813,0.9814,0.9814,0.9814,0.9842,0.8772,0.878,0.8763
0.45,0.27,0.9816,0.8621,0.867,0.858,0.9816,0.9816,0.9816,0.9816,0.9845,0.8789,0.8816,0.8763
0.45,0.28,0.9814,0.8603,0.8679,0.8537,0.9813,0.9813,0.9814,0.9814,0.9842,0.8764,0.8827,0.8702
0.45,0.29,0.9811,0.8582,0.8673,0.8503,0.981,0.981,0.9811,0.9811,0.984,0.8741,0.8822,0.8661
0.45,0.3,0.9809,0.8567,0.8668,0.8477,0.9807,0.9807,0.9809,0.9809,0.9837,0.8718,0.8817,0.8621
0.45,0.31,0.9807,0.8555,0.8665,0.8459,0.9806,0.9805,0.9807,0.9807,0.9836,0.8706,0.8815,0.86
0.45,0.32,0.9807,0.8552,0.8691,0.8431,0.9805,0.9804,0.9807,0.9807,0.9836,0.8701,0.8847,0.856
0.45,0.33,0.9809,0.8557,0.8699,0.8431,0.9806,0.9806,0.9809,0.9809,0.9837,0.871,0.8866,0.856
0.45,0.34,0.9809,0.8555,0.8733,0.8398,0.9806,0.9805,0.9809,0.9809,0.9836,0.8693,0.8896,0.8499
0.45,0.35,0.9807,0.8557,0.876,0.8379,0.9804,0.9803,0.9807,0.9807,0.9833,0.8669,0.8891,0.8458
0.45,0.36,0.9805,0.8542,0.8756,0.8354,0.9802,0.98,0.9805,0.9805,0.9831,0.8646,0.8887,0.8418
0.45,0.37,0.9805,0.8542,0.8756,0.8354,0.9802,0.98,0.9805,0.9805,0.9831,0.8646,0.8887,0.8418
0.45,0.38,0.9805,0.8542,0.8756,0.8354,0.9802,0.98,0.9805,0.9805,0.9831,0.8646,0.8887,0.8418
0.45,0.39,0.9802,0.8523,0.875,0.8322,0.9799,0.9797,0.9802,0.9802,0.9828,0.8622,0.8882,0.8377
0.45,0.4,0.9802,0.8523,0.875,0.8322,0.9799,0.9797,0.9802,0.9802,0.9828,0.8622,0.8882,0.8377
0.45,0.41,0.9803,0.8537,0.8798,0.8307,0.98,0.9798,0.9803,0.9803,0.9829,0.8628,0.8918,0.8357
0.45,0.42,0.9802,0.8515,0.8792,0.8272,0.9798,0.9797,0.9802,0.9802,0.9828,0.8616,0.8915,0.8337
0.45,0.43,0.9802,0.8515,0.8792,0.8272,0.9798,0.9797,0.9802,0.9802,0.9828,0.8616,0.8915,0.8337
0.45,0.44,0.9805,0.852,0.8826,0.8255,0.98,0.9799,0.9805,0.9805,0.9831,0.8632,0.8972,0.8316
0.45,0.45,0.9802,0.8501,0.8821,0.8223,0.9798,0.9796,0.9802,0.9802,0.9828,0.8608,0.8967,0.8276
0.46,0.0,0.9797,0.8468,0.8818,0.8162,0.9792,0.979,0.9797,0.9797,0.9823,0.8556,0.8976,0.8174
0.46,0.01,0.9557,0.7858,0.7134,0.9013,0.9612,0.9722,0.9557,0.9557,0.9595,0.7534,0.6185,0.9635
0.46,0.02,0.9673,0.8152,0.7554,0.8976,0.97,0.9754,0.9673,0.9673,0.971,0.8076,0.7027,0.9493
0.46,0.03,0.973,0.8396,0.792,0.9015,0.9747,0.9781,0.973,0.973,0.9762,0.8356,0.75,0.9432
0.46,0.04,0.975,0.8444,0.8017,0.8979,0.9763,0.9788,0.975,0.975,0.9781,0.8462,0.7713,0.9371
0.46,0.05,0.9764,0.8492,0.8106,0.8964,0.9775,0.9796,0.9764,0.9764,0.9796,0.8545,0.7867,0.9351
0.46,0.06,0.9775,0.8515,0.8189,0.8906,0.9784,0.98,0.9775,0.9775,0.9806,0.8601,0.8007,0.929
0.46,0.07,0.9788,0.8563,0.827,0.8909,0.9795,0.9809,0.9788,0.9788,0.9819,0.8682,0.8149,0.929
0.46,0.08,0.9789,0.8551,0.8292,0.8855,0.9796,0.9807,0.9789,0.9789,0.982,0.8683,0.8198,0.9229
0.46,0.09,0.9793,0.8547,0.8308,0.8821,0.9798,0.9808,0.9793,0.9793,0.9824,0.8701,0.8278,0.9168
0.46,0.1,0.9798,0.8564,0.8344,0.8812,0.9803,0.9811,0.9798,0.9798,0.9829,0.8732,0.8352,0.9148
0.46,0.11,0.9803,0.8584,0.8407,0.8785,0.9807,0.9813,0.9803,0.9803,0.9835,0.8761,0.844,0.9108
0.46,0.12,0.9806,0.8602,0.8435,0.8791,0.9809,0.9815,0.9806,0.9806,0.9836,0.8767,0.8469,0.9087
0.46,0.13,0.9809,0.8609,0.8456,0.8782,0.9811,0.9816,0.9809,0.9809,0.9839,0.8782,0.8514,0.9067
0.46,0.14,0.9811,0.8628,0.8491,0.8783,0.9814,0.9818,0.9811,0.9811,0.984,0.8788,0.8544,0.9047
0.46,0.15,0.9812,0.8633,0.8515,0.8768,0.9815,0.9818,0.9812,0.9812,0.9841,0.8794,0.8574,0.9026
0.46,0.16,0.9811,0.8625,0.8512,0.8752,0.9813,0.9817,0.9811,0.9811,0.984,0.8783,0.8571,0.9006
0.46,0.17,0.9811,0.8622,0.8523,0.8732,0.9813,0.9816,0.9811,0.9811,0.984,0.8779,0.8599,0.8966
0.46,0.18,0.9809,0.8604,0.8518,0.8701,0.981,0.9813,0.9809,0.9809,0.9837,0.8756,0.8594,0.8925
0.46,0.19,0.9812,0.8626,0.8559,0.8702,0.9814,0.9816,0.9812,0.9812,0.9841,0.8782,0.8644,0.8925
0.46,0.2,0.9811,0.8619,0.8563,0.8682,0.9812,0.9814,0.9811,0.9811,0.984,0.8769,0.8656,0.8884
0.46,0.21,0.9815,0.864,0.8603,0.8683,0.9816,0.9817,0.9815,0.9815,0.9844,0.8795,0.8708,0.8884
0.46,0.22,0.9814,0.8624,0.8605,0.8649,0.9814,0.9815,0.9814,0.9814,0.9842,0.8781,0.872,0.8844
0.46,0.23,0.9812,0.8613,0.8601,0.8631,0.9813,0.9814,0.9812,0.9812,0.9841,0.877,0.8717,0.8824
0.46,0.24,0.9811,0.8595,0.8602,0.8595,0.9811,0.9812,0.9811,0.9811,0.984,0.8756,0.873,0.8783
0.46,0.25,0.9814,0.8611,0.8635,0.8595,0.9814,0.9814,0.9814,0.9814,0.9842,0.8774,0.8765,0.8783
0.46,0.26,0.9814,0.8609,0.8645,0.858,0.9813,0.9814,0.9814,0.9814,0.9842,0.8772,0.878,0.8763
0.46,0.27,0.9816,0.8621,0.867,0.858,0.9816,0.9816,0.9816,0.9816,0.9845,0.8789,0.8816,0.8763
0.46,0.28,0.9814,0.8603,0.8679,0.8537,0.9813,0.9813,0.9814,0.9814,0.9842,0.8764,0.8827,0.8702
0.46,0.29,0.9811,0.8582,0.8673,0.8503,0.981,0.981,0.9811,0.9811,0.984,0.8741,0.8822,0.8661
0.46,0.3,0.9809,0.8567,0.8668,0.8477,0.9807,0.9807,0.9809,0.9809,0.9837,0.8718,0.8817,0.8621
0.46,0.31,0.9807,0.8555,0.8665,0.8459,0.9806,0.9805,0.9807,0.9807,0.9836,0.8706,0.8815,0.86
0.46,0.32,0.9807,0.8552,0.8691,0.8431,0.9805,0.9804,0.9807,0.9807,0.9836,0.8701,0.8847,0.856
0.46,0.33,0.9809,0.8557,0.8699,0.8431,0.9806,0.9806,0.9809,0.9809,0.9837,0.871,0.8866,0.856
0.46,0.34,0.9809,0.8555,0.8733,0.8398,0.9806,0.9805,0.9809,0.9809,0.9836,0.8693,0.8896,0.8499
0.46,0.35,0.9807,0.8557,0.876,0.8379,0.9804,0.9803,0.9807,0.9807,0.9833,0.8669,0.8891,0.8458
0.46,0.36,0.9805,0.8542,0.8756,0.8354,0.9802,0.98,0.9805,0.9805,0.9831,0.8646,0.8887,0.8418
0.46,0.37,0.9805,0.8542,0.8756,0.8354,0.9802,0.98,0.9805,0.9805,0.9831,0.8646,0.8887,0.8418
0.46,0.38,0.9805,0.8542,0.8756,0.8354,0.9802,0.98,0.9805,0.9805,0.9831,0.8646,0.8887,0.8418
0.46,0.39,0.9802,0.8523,0.875,0.8322,0.9799,0.9797,0.9802,0.9802,0.9828,0.8622,0.8882,0.8377
0.46,0.4,0.9802,0.8523,0.875,0.8322,0.9799,0.9797,0.9802,0.9802,0.9828,0.8622,0.8882,0.8377
0.46,0.41,0.9803,0.8537,0.8798,0.8307,0.98,0.9798,0.9803,0.9803,0.9829,0.8628,0.8918,0.8357
0.46,0.42,0.9802,0.8515,0.8792,0.8272,0.9798,0.9797,0.9802,0.9802,0.9828,0.8616,0.8915,0.8337
0.46,0.43,0.9802,0.8515,0.8792,0.8272,0.9798,0.9797,0.9802,0.9802,0.9828,0.8616,0.8915,0.8337
0.46,0.44,0.9805,0.852,0.8826,0.8255,0.98,0.9799,0.9805,0.9805,0.9831,0.8632,0.8972,0.8316
0.46,0.45,0.9802,0.8501,0.8821,0.8223,0.9798,0.9796,0.9802,0.9802,0.9828,0.8608,0.8967,0.8276
0.46,0.46,0.9799,0.8489,0.8817,0.8203,0.9795,0.9793,0.9799,0.9799,0.9826,0.8584,0.8962,0.8235
0.47,0.0,0.9797,0.847,0.8849,0.8144,0.9791,0.979,0.9797,0.9797,0.9823,0.8553,0.8993,0.8154
0.47,0.01,0.9557,0.7858,0.7134,0.9013,0.9612,0.9722,0.9557,0.9557,0.9595,0.7534,0.6185,0.9635
0.47,0.02,0.9673,0.8152,0.7554,0.8976,0.97,0.9754,0.9673,0.9673,0.971,0.8076,0.7027,0.9493
0.47,0.03,0.973,0.8396,0.792,0.9015,0.9747,0.9781,0.973,0.973,0.9762,0.8356,0.75,0.9432
0.47,0.04,0.975,0.8444,0.8017,0.8979,0.9763,0.9788,0.975,0.975,0.9781,0.8462,0.7713,0.9371
0.47,0.05,0.9764,0.8492,0.8106,0.8964,0.9775,0.9796,0.9764,0.9764,0.9796,0.8545,0.7867,0.9351
0.47,0.06,0.9775,0.8515,0.8189,0.8906,0.9784,0.98,0.9775,0.9775,0.9806,0.8601,0.8007,0.929
0.47,0.07,0.9788,0.8563,0.827,0.8909,0.9795,0.9809,0.9788,0.9788,0.9819,0.8682,0.8149,0.929
0.47,0.08,0.9789,0.8551,0.8292,0.8855,0.9796,0.9807,0.9789,0.9789,0.982,0.8683,0.8198,0.9229
0.47,0.09,0.9793,0.8547,0.8308,0.8821,0.9798,0.9808,0.9793,0.9793,0.9824,0.8701,0.8278,0.9168
0.47,0.1,0.9798,0.8564,0.8344,0.8812,0.9803,0.9811,0.9798,0.9798,0.9829,0.8732,0.8352,0.9148
0.47,0.11,0.9803,0.8584,0.8407,0.8785,0.9807,0.9813,0.9803,0.9803,0.9835,0.8761,0.844,0.9108
0.47,0.12,0.9806,0.8602,0.8435,0.8791,0.9809,0.9815,0.9806,0.9806,0.9836,0.8767,0.8469,0.9087
0.47,0.13,0.9809,0.8609,0.8456,0.8782,0.9811,0.9816,0.9809,0.9809,0.9839,0.8782,0.8514,0.9067
0.47,0.14,0.9811,0.8628,0.8491,0.8783,0.9814,0.9818,0.9811,0.9811,0.984,0.8788,0.8544,0.9047
0.47,0.15,0.9812,0.8633,0.8515,0.8768,0.9815,0.9818,0.9812,0.9812,0.9841,0.8794,0.8574,0.9026
0.47,0.16,0.9811,0.8625,0.8512,0.8752,0.9813,0.9817,0.9811,0.9811,0.984,0.8783,0.8571,0.9006
0.47,0.17,0.9811,0.8622,0.8523,0.8732,0.9813,0.9816,0.9811,0.9811,0.984,0.8779,0.8599,0.8966
0.47,0.18,0.9809,0.8604,0.8518,0.8701,0.981,0.9813,0.9809,0.9809,0.9837,0.8756,0.8594,0.8925
0.47,0.19,0.9812,0.8626,0.8559,0.8702,0.9814,0.9816,0.9812,0.9812,0.9841,0.8782,0.8644,0.8925
0.47,0.2,0.9811,0.8619,0.8563,0.8682,0.9812,0.9814,0.9811,0.9811,0.984,0.8769,0.8656,0.8884
0.47,0.21,0.9815,0.864,0.8603,0.8683,0.9816,0.9817,0.9815,0.9815,0.9844,0.8795,0.8708,0.8884
0.47,0.22,0.9814,0.8624,0.8605,0.8649,0.9814,0.9815,0.9814,0.9814,0.9842,0.8781,0.872,0.8844
0.47,0.23,0.9812,0.8613,0.8601,0.8631,0.9813,0.9814,0.9812,0.9812,0.9841,0.877,0.8717,0.8824
0.47,0.24,0.9811,0.8595,0.8602,0.8595,0.9811,0.9812,0.9811,0.9811,0.984,0.8756,0.873,0.8783
0.47,0.25,0.9814,0.8611,0.8635,0.8595,0.9814,0.9814,0.9814,0.9814,0.9842,0.8774,0.8765,0.8783
0.47,0.26,0.9814,0.8609,0.8645,0.858,0.9813,0.9814,0.9814,0.9814,0.9842,0.8772,0.878,0.8763
0.47,0.27,0.9816,0.8621,0.867,0.858,0.9816,0.9816,0.9816,0.9816,0.9845,0.8789,0.8816,0.8763
0.47,0.28,0.9814,0.8603,0.8679,0.8537,0.9813,0.9813,0.9814,0.9814,0.9842,0.8764,0.8827,0.8702
0.47,0.29,0.9811,0.8582,0.8673,0.8503,0.981,0.981,0.9811,0.9811,0.984,0.8741,0.8822,0.8661
0.47,0.3,0.9809,0.8567,0.8668,0.8477,0.9807,0.9807,0.9809,0.9809,0.9837,0.8718,0.8817,0.8621
0.47,0.31,0.9807,0.8555,0.8665,0.8459,0.9806,0.9805,0.9807,0.9807,0.9836,0.8706,0.8815,0.86
0.47,0.32,0.9807,0.8552,0.8691,0.8431,0.9805,0.9804,0.9807,0.9807,0.9836,0.8701,0.8847,0.856
0.47,0.33,0.9809,0.8557,0.8699,0.8431,0.9806,0.9806,0.9809,0.9809,0.9837,0.871,0.8866,0.856
0.47,0.34,0.9809,0.8555,0.8733,0.8398,0.9806,0.9805,0.9809,0.9809,0.9836,0.8693,0.8896,0.8499
0.47,0.35,0.9807,0.8557,0.876,0.8379,0.9804,0.9803,0.9807,0.9807,0.9833,0.8669,0.8891,0.8458
0.47,0.36,0.9805,0.8542,0.8756,0.8354,0.9802,0.98,0.9805,0.9805,0.9831,0.8646,0.8887,0.8418
0.47,0.37,0.9805,0.8542,0.8756,0.8354,0.9802,0.98,0.9805,0.9805,0.9831,0.8646,0.8887,0.8418
0.47,0.38,0.9805,0.8542,0.8756,0.8354,0.9802,0.98,0.9805,0.9805,0.9831,0.8646,0.8887,0.8418
0.47,0.39,0.9802,0.8523,0.875,0.8322,0.9799,0.9797,0.9802,0.9802,0.9828,0.8622,0.8882,0.8377
0.47,0.4,0.9802,0.8523,0.875,0.8322,0.9799,0.9797,0.9802,0.9802,0.9828,0.8622,0.8882,0.8377
0.47,0.41,0.9803,0.8537,0.8798,0.8307,0.98,0.9798,0.9803,0.9803,0.9829,0.8628,0.8918,0.8357
0.47,0.42,0.9802,0.8515,0.8792,0.8272,0.9798,0.9797,0.9802,0.9802,0.9828,0.8616,0.8915,0.8337
0.47,0.43,0.9802,0.8515,0.8792,0.8272,0.9798,0.9797,0.9802,0.9802,0.9828,0.8616,0.8915,0.8337
0.47,0.44,0.9805,0.852,0.8826,0.8255,0.98,0.9799,0.9805,0.9805,0.9831,0.8632,0.8972,0.8316
0.47,0.45,0.9802,0.8501,0.8821,0.8223,0.9798,0.9796,0.9802,0.9802,0.9828,0.8608,0.8967,0.8276
0.47,0.46,0.9799,0.8489,0.8817,0.8203,0.9795,0.9793,0.9799,0.9799,0.9826,0.8584,0.8962,0.8235
0.47,0.47,0.9798,0.8477,0.8851,0.8154,0.9793,0.9791,0.9798,0.9798,0.9824,0.8565,0.8996,0.8174
0.48,0.0,0.9796,0.8458,0.8858,0.8116,0.979,0.9788,0.9796,0.9796,0.9822,0.8538,0.9009,0.8114
0.48,0.01,0.9557,0.7862,0.714,0.9013,0.9612,0.9722,0.9557,0.9557,0.9595,0.7534,0.6185,0.9635
0.48,0.02,0.9673,0.8154,0.7558,0.8976,0.97,0.9754,0.9673,0.9673,0.971,0.8076,0.7027,0.9493
0.48,0.03,0.973,0.8398,0.7925,0.9015,0.9747,0.9781,0.973,0.973,0.9762,0.8356,0.75,0.9432
0.48,0.04,0.975,0.8447,0.8021,0.8979,0.9763,0.9789,0.975,0.975,0.9781,0.8462,0.7713,0.9371
0.48,0.05,0.9764,0.8494,0.811,0.8964,0.9775,0.9796,0.9764,0.9764,0.9796,0.8545,0.7867,0.9351
0.48,0.06,0.9775,0.8517,0.8194,0.8906,0.9784,0.98,0.9775,0.9775,0.9806,0.8601,0.8007,0.929
0.48,0.07,0.9788,0.8565,0.8274,0.8909,0.9795,0.9809,0.9788,0.9788,0.9819,0.8682,0.8149,0.929
0.48,0.08,0.9789,0.8553,0.8297,0.8855,0.9796,0.9807,0.9789,0.9789,0.982,0.8683,0.8198,0.9229
0.48,0.09,0.9793,0.855,0.8312,0.8821,0.9799,0.9808,0.9793,0.9793,0.9824,0.8701,0.8278,0.9168
0.48,0.1,0.9799,0.857,0.8355,0.8812,0.9804,0.9812,0.9799,0.9799,0.9831,0.874,0.8367,0.9148
0.48,0.11,0.9805,0.8591,0.8418,0.8785,0.9808,0.9814,0.9805,0.9805,0.9836,0.877,0.8456,0.9108
0.48,0.12,0.9807,0.8609,0.8447,0.8792,0.9811,0.9816,0.9807,0.9807,0.9837,0.8776,0.8485,0.9087
0.48,0.13,0.981,0.8615,0.8467,0.8782,0.9813,0.9817,0.981,0.981,0.984,0.8791,0.8531,0.9067
0.48,0.14,0.9812,0.8634,0.8503,0.8783,0.9815,0.9819,0.9812,0.9812,0.9841,0.8797,0.856,0.9047
0.48,0.15,0.9814,0.864,0.8526,0.8768,0.9816,0.9819,0.9814,0.9814,0.9842,0.8803,0.8591,0.9026
0.48,0.16,0.9812,0.8632,0.8524,0.8752,0.9815,0.9818,0.9812,0.9812,0.9841,0.8792,0.8588,0.9006
0.48,0.17,0.9812,0.8628,0.8535,0.8733,0.9814,0.9817,0.9812,0.9812,0.9841,0.8787,0.8616,0.8966
0.48,0.18,0.981,0.8611,0.853,0.8701,0.9812,0.9814,0.981,0.981,0.9839,0.8765,0.8611,0.8925
0.48,0.19,0.9814,0.8633,0.8571,0.8702,0.9815,0.9817,0.9814,0.9814,0.9842,0.8791,0.8661,0.8925
0.48,0.2,0.9812,0.8625,0.8575,0.8682,0.9813,0.9815,0.9812,0.9812,0.9841,0.8778,0.8673,0.8884
0.48,0.21,0.9816,0.8646,0.8615,0.8683,0.9817,0.9818,0.9816,0.9816,0.9845,0.8804,0.8725,0.8884
0.48,0.22,0.9815,0.8631,0.8617,0.865,0.9815,0.9816,0.9815,0.9815,0.9844,0.879,0.8737,0.8844
0.48,0.23,0.9814,0.862,0.8614,0.8631,0.9814,0.9815,0.9814,0.9814,0.9842,0.8779,0.8735,0.8824
0.48,0.24,0.9812,0.8602,0.8615,0.8595,0.9812,0.9813,0.9812,0.9812,0.9841,0.8765,0.8747,0.8783
0.48,0.25,0.9815,0.8617,0.8647,0.8595,0.9815,0.9815,0.9815,0.9815,0.9844,0.8783,0.8783,0.8783
0.48,0.26,0.9815,0.8615,0.8657,0.858,0.9815,0.9815,0.9815,0.9815,0.9844,0.878,0.8798,0.8763
0.48,0.27,0.9818,0.8628,0.8682,0.8581,0.9817,0.9817,0.9818,0.9818,0.9846,0.8798,0.8834,0.8763
0.48,0.28,0.9815,0.8609,0.8692,0.8537,0.9814,0.9814,0.9815,0.9815,0.9844,0.8773,0.8845,0.8702
0.48,0.29,0.9812,0.8589,0.8686,0.8503,0.9811,0.9811,0.9812,0.9812,0.9841,0.875,0.8841,0.8661
0.48,0.3,0.981,0.8574,0.8681,0.8477,0.9808,0.9808,0.981,0.981,0.9839,0.8727,0.8836,0.8621
0.48,0.31,0.9809,0.8562,0.8678,0.8459,0.9807,0.9806,0.9809,0.9809,0.9837,0.8715,0.8833,0.86
0.48,0.32,0.9809,0.8559,0.8704,0.8431,0.9806,0.9806,0.9809,0.9809,0.9837,0.871,0.8866,0.856
0.48,0.33,0.981,0.8563,0.8712,0.8431,0.9808,0.9807,0.981,0.981,0.9839,0.8719,0.8884,0.856
0.48,0.34,0.981,0.8561,0.8747,0.8398,0.9807,0.9806,0.981,0.981,0.9837,0.8702,0.8915,0.8499
0.48,0.35,0.9809,0.8564,0.8774,0.838,0.9806,0.9804,0.9809,0.9809,0.9835,0.8678,0.891,0.8458
0.48,0.36,0.9806,0.8548,0.8769,0.8354,0.9803,0.9801,0.9806,0.9806,0.9832,0.8655,0.8906,0.8418
0.48,0.37,0.9806,0.8548,0.8769,0.8354,0.9803,0.9801,0.9806,0.9806,0.9832,0.8655,0.8906,0.8418
0.48,0.38,0.9806,0.8548,0.8769,0.8354,0.9803,0.9801,0.9806,0.9806,0.9832,0.8655,0.8906,0.8418
0.48,0.39,0.9803,0.853,0.8764,0.8323,0.98,0.9798,0.9803,0.9803,0.9829,0.8631,0.8901,0.8377
0.48,0.4,0.9803,0.853,0.8764,0.8323,0.98,0.9798,0.9803,0.9803,0.9829,0.8631,0.8901,0.8377
0.48,0.41,0.9805,0.8544,0.8812,0.8308,0.9801,0.9799,0.9805,0.9805,0.9831,0.8637,0.8937,0.8357
0.48,0.42,0.9803,0.8522,0.8806,0.8272,0.9799,0.9798,0.9803,0.9803,0.9829,0.8625,0.8935,0.8337
0.48,0.43,0.9803,0.8522,0.8806,0.8272,0.9799,0.9798,0.9803,0.9803,0.9829,0.8625,0.8935,0.8337
0.48,0.44,0.9806,0.8527,0.884,0.8255,0.9802,0.98,0.9806,0.9806,0.9832,0.8641,0.8991,0.8316
0.48,0.45,0.9803,0.8508,0.8835,0.8224,0.9799,0.9797,0.9803,0.9803,0.9829,0.8617,0.8987,0.8276
0.48,0.46,0.9801,0.8495,0.8831,0.8204,0.9796,0.9794,0.9801,0.9801,0.9827,0.8593,0.8982,0.8235
0.48,0.47,0.9799,0.8483,0.8865,0.8155,0.9794,0.9792,0.9799,0.9799,0.9826,0.8574,0.9016,0.8174
0.48,0.48,0.9797,0.8465,0.886,0.8126,0.9791,0.9789,0.9797,0.9797,0.9823,0.855,0.9011,0.8134
0.49,0.0,0.9797,0.8478,0.8901,0.8116,0.9791,0.9789,0.9797,0.9797,0.9822,0.8535,0.9027,0.8093
0.49,0.01,0.9559,0.7892,0.7183,0.9031,0.9613,0.9724,0.9559,0.9559,0.9595,0.7534,0.6185,0.9635
0.49,0.02,0.9674,0.8186,0.7607,0.8995,0.9701,0.9755,0.9674,0.9674,0.971,0.8076,0.7027,0.9493
0.49,0.03,0.9732,0.8432,0.7978,0.9033,0.9749,0.9783,0.9732,0.9732,0.9762,0.8356,0.75,0.9432
0.49,0.04,0.9751,0.848,0.8074,0.8997,0.9765,0.979,0.9751,0.9751,0.9781,0.8462,0.7713,0.9371
0.49,0.05,0.9766,0.8528,0.8162,0.8982,0.9777,0.9798,0.9766,0.9766,0.9796,0.8545,0.7867,0.9351
0.49,0.06,0.9776,0.855,0.8246,0.8924,0.9785,0.9802,0.9776,0.9776,0.9806,0.8601,0.8007,0.929
0.49,0.07,0.9789,0.8598,0.8326,0.8927,0.9797,0.981,0.9789,0.9789,0.9819,0.8682,0.8149,0.929
0.49,0.08,0.979,0.8586,0.8349,0.8873,0.9797,0.9809,0.979,0.979,0.982,0.8683,0.8198,0.9229
0.49,0.09,0.9794,0.8582,0.8362,0.8839,0.98,0.9809,0.9794,0.9794,0.9824,0.8701,0.8278,0.9168
0.49,0.1,0.9801,0.8602,0.8405,0.8831,0.9805,0.9813,0.9801,0.9801,0.9831,0.874,0.8367,0.9148
0.49,0.11,0.9806,0.8616,0.8452,0.8804,0.981,0.9816,0.9806,0.9806,0.9836,0.877,0.8456,0.9108
0.49,0.12,0.9809,0.8634,0.8481,0.881,0.9812,0.9817,0.9809,0.9809,0.9837,0.8776,0.8485,0.9087
0.49,0.13,0.9811,0.8641,0.8501,0.8801,0.9814,0.9819,0.9811,0.9811,0.984,0.8791,0.8531,0.9067
0.49,0.14,0.9814,0.8659,0.8537,0.8801,0.9816,0.982,0.9814,0.9814,0.9841,0.8797,0.856,0.9047
0.49,0.15,0.9815,0.8665,0.856,0.8786,0.9817,0.9821,0.9815,0.9815,0.9842,0.8803,0.8591,0.9026
0.49,0.16,0.9814,0.8657,0.8557,0.8771,0.9816,0.9819,0.9814,0.9814,0.9841,0.8792,0.8588,0.9006
0.49,0.17,0.9814,0.8653,0.8569,0.8751,0.9815,0.9818,0.9814,0.9814,0.9841,0.8787,0.8616,0.8966
0.49,0.18,0.9811,0.8636,0.8563,0.872,0.9813,0.9815,0.9811,0.9811,0.9839,0.8765,0.8611,0.8925
0.49,0.19,0.9815,0.8658,0.8605,0.8721,0.9816,0.9818,0.9815,0.9815,0.9842,0.8791,0.8661,0.8925
0.49,0.2,0.9814,0.865,0.8609,0.8701,0.9815,0.9816,0.9814,0.9814,0.9841,0.8778,0.8673,0.8884
0.49,0.21,0.9818,0.8672,0.8648,0.8702,0.9818,0.9819,0.9818,0.9818,0.9845,0.8804,0.8725,0.8884
0.49,0.22,0.9816,0.8656,0.865,0.8668,0.9817,0.9818,0.9816,0.9816,0.9844,0.879,0.8737,0.8844
0.49,0.23,0.9815,0.8645,0.8647,0.865,0.9815,0.9816,0.9815,0.9815,0.9842,0.8779,0.8735,0.8824
0.49,0.24,0.9814,0.8627,0.8648,0.8613,0.9814,0.9814,0.9814,0.9814,0.9841,0.8765,0.8747,0.8783
0.49,0.25,0.9816,0.8643,0.868,0.8614,0.9816,0.9816,0.9816,0.9816,0.9844,0.8783,0.8783,0.8783
0.49,0.26,0.9816,0.8641,0.8691,0.8598,0.9816,0.9816,0.9816,0.9816,0.9844,0.878,0.8798,0.8763
0.49,0.27,0.9819,0.8653,0.8715,0.8599,0.9818,0.9818,0.9819,0.9819,0.9846,0.8798,0.8834,0.8763
0.49,0.28,0.9816,0.8635,0.8725,0.8555,0.9815,0.9815,0.9816,0.9816,0.9844,0.8773,0.8845,0.8702
0.49,0.29,0.9814,0.8615,0.8719,0.8521,0.9813,0.9812,0.9814,0.9814,0.9841,0.875,0.8841,0.8661
0.49,0.3,0.9811,0.86,0.8714,0.8496,0.981,0.9809,0.9811,0.9811,0.9839,0.8727,0.8836,0.8621
0.49,0.31,0.981,0.8588,0.8711,0.8477,0.9808,0.9808,0.981,0.981,0.9837,0.8715,0.8833,0.86
0.49,0.32,0.981,0.8585,0.8737,0.8449,0.9808,0.9807,0.981,0.981,0.9837,0.871,0.8866,0.856
0.49,0.33,0.9811,0.859,0.8745,0.845,0.9809,0.9808,0.9811,0.9811,0.9839,0.8719,0.8884,0.856
0.49,0.34,0.9811,0.8588,0.878,0.8416,0.9809,0.9807,0.9811,0.9811,0.9837,0.8702,0.8915,0.8499
0.49,0.35,0.9809,0.8578,0.8805,0.838,0.9805,0.9804,0.9809,0.9809,0.9833,0.8667,0.8908,0.8438
0.49,0.36,0.9806,0.8563,0.88,0.8354,0.9803,0.9801,0.9806,0.9806,0.9831,0.8643,0.8903,0.8398
0.49,0.37,0.9806,0.8563,0.88,0.8354,0.9803,0.9801,0.9806,0.9806,0.9831,0.8643,0.8903,0.8398
0.49,0.38,0.9806,0.8563,0.88,0.8354,0.9803,0.9801,0.9806,0.9806,0.9831,0.8643,0.8903,0.8398
0.49,0.39,0.9803,0.8545,0.8795,0.8323,0.98,0.9798,0.9803,0.9803,0.9828,0.8619,0.8898,0.8357
0.49,0.4,0.9803,0.8545,0.8795,0.8323,0.98,0.9798,0.9803,0.9803,0.9828,0.8619,0.8898,0.8357
0.49,0.41,0.9805,0.8559,0.8844,0.8308,0.9801,0.9799,0.9805,0.9805,0.9829,0.8625,0.8935,0.8337
0.49,0.42,0.9803,0.8537,0.8839,0.8272,0.9799,0.9798,0.9803,0.9803,0.9828,0.8613,0.8932,0.8316
0.49,0.43,0.9803,0.8537,0.8839,0.8272,0.9799,0.9798,0.9803,0.9803,0.9828,0.8613,0.8932,0.8316
0.49,0.44,0.9806,0.8541,0.8873,0.8255,0.9802,0.98,0.9806,0.9806,0.9831,0.8629,0.8989,0.8296
0.49,0.45,0.9803,0.8523,0.8868,0.8224,0.9799,0.9797,0.9803,0.9803,0.9828,0.8605,0.8985,0.8256
0.49,0.46,0.9801,0.851,0.8864,0.8204,0.9796,0.9794,0.9801,0.9801,0.9826,0.8581,0.898,0.8215
0.49,0.47,0.9799,0.8498,0.8899,0.8155,0.9794,0.9792,0.9799,0.9799,0.9824,0.8562,0.9013,0.8154
0.49,0.48,0.9797,0.848,0.8894,0.8126,0.9791,0.9789,0.9797,0.9797,0.9822,0.8538,0.9009,0.8114
0.49,0.49,0.9797,0.8478,0.8901,0.8116,0.9791,0.9789,0.9797,0.9797,0.9822,0.8535,0.9027,0.8093
0.5,0.0,0.9796,0.8465,0.8898,0.8098,0.9789,0.9788,0.9796,0.9796,0.982,0.8522,0.9025,0.8073
0.5,0.01,0.9559,0.7892,0.7183,0.9031,0.9613,0.9724,0.9559,0.9559,0.9595,0.7534,0.6185,0.9635
0.5,0.02,0.9674,0.8186,0.7607,0.8995,0.9701,0.9755,0.9674,0.9674,0.971,0.8076,0.7027,0.9493
0.5,0.03,0.9732,0.8432,0.7978,0.9033,0.9749,0.9783,0.9732,0.9732,0.9762,0.8356,0.75,0.9432
0.5,0.04,0.9751,0.848,0.8074,0.8997,0.9765,0.979,0.9751,0.9751,0.9781,0.8462,0.7713,0.9371
0.5,0.05,0.9766,0.8528,0.8162,0.8982,0.9777,0.9798,0.9766,0.9766,0.9796,0.8545,0.7867,0.9351
0.5,0.06,0.9776,0.855,0.8246,0.8924,0.9785,0.9802,0.9776,0.9776,0.9806,0.8601,0.8007,0.929
0.5,0.07,0.9789,0.8598,0.8326,0.8927,0.9797,0.981,0.9789,0.9789,0.9819,0.8682,0.8149,0.929
0.5,0.08,0.979,0.8586,0.8349,0.8873,0.9797,0.9809,0.979,0.979,0.982,0.8683,0.8198,0.9229
0.5,0.09,0.9794,0.8582,0.8362,0.8839,0.98,0.9809,0.9794,0.9794,0.9824,0.8701,0.8278,0.9168
0.5,0.1,0.9801,0.8602,0.8405,0.8831,0.9805,0.9813,0.9801,0.9801,0.9831,0.874,0.8367,0.9148
0.5,0.11,0.9806,0.8616,0.8452,0.8804,0.981,0.9816,0.9806,0.9806,0.9836,0.877,0.8456,0.9108
0.5,0.12,0.9809,0.8634,0.8481,0.881,0.9812,0.9817,0.9809,0.9809,0.9837,0.8776,0.8485,0.9087
0.5,0.13,0.9811,0.8641,0.8501,0.8801,0.9814,0.9819,0.9811,0.9811,0.984,0.8791,0.8531,0.9067
0.5,0.14,0.9814,0.8659,0.8537,0.8801,0.9816,0.982,0.9814,0.9814,0.9841,0.8797,0.856,0.9047
0.5,0.15,0.9815,0.8665,0.856,0.8786,0.9817,0.9821,0.9815,0.9815,0.9842,0.8803,0.8591,0.9026
0.5,0.16,0.9814,0.8657,0.8557,0.8771,0.9816,0.9819,0.9814,0.9814,0.9841,0.8792,0.8588,0.9006
0.5,0.17,0.9814,0.8653,0.8569,0.8751,0.9815,0.9818,0.9814,0.9814,0.9841,0.8787,0.8616,0.8966
0.5,0.18,0.9811,0.8636,0.8563,0.872,0.9813,0.9815,0.9811,0.9811,0.9839,0.8765,0.8611,0.8925
0.5,0.19,0.9815,0.8658,0.8605,0.8721,0.9816,0.9818,0.9815,0.9815,0.9842,0.8791,0.8661,0.8925
0.5,0.2,0.9814,0.865,0.8609,0.8701,0.9815,0.9816,0.9814,0.9814,0.9841,0.8778,0.8673,0.8884
0.5,0.21,0.9818,0.8672,0.8648,0.8702,0.9818,0.9819,0.9818,0.9818,0.9845,0.8804,0.8725,0.8884
0.5,0.22,0.9816,0.8656,0.865,0.8668,0.9817,0.9818,0.9816,0.9816,0.9844,0.879,0.8737,0.8844
0.5,0.23,0.9815,0.8645,0.8647,0.865,0.9815,0.9816,0.9815,0.9815,0.9842,0.8779,0.8735,0.8824
0.5,0.24,0.9814,0.8627,0.8648,0.8613,0.9814,0.9814,0.9814,0.9814,0.9841,0.8765,0.8747,0.8783
0.5,0.25,0.9816,0.8643,0.868,0.8614,0.9816,0.9816,0.9816,0.9816,0.9844,0.8783,0.8783,0.8783
0.5,0.26,0.9816,0.8641,0.8691,0.8598,0.9816,0.9816,0.9816,0.9816,0.9844,0.878,0.8798,0.8763
0.5,0.27,0.9819,0.8653,0.8715,0.8599,0.9818,0.9818,0.9819,0.9819,0.9846,0.8798,0.8834,0.8763
0.5,0.28,0.9816,0.8635,0.8725,0.8555,0.9815,0.9815,0.9816,0.9816,0.9844,0.8773,0.8845,0.8702
0.5,0.29,0.9814,0.8615,0.8719,0.8521,0.9813,0.9812,0.9814,0.9814,0.9841,0.875,0.8841,0.8661
0.5,0.3,0.9811,0.86,0.8714,0.8496,0.981,0.9809,0.9811,0.9811,0.9839,0.8727,0.8836,0.8621
0.5,0.31,0.981,0.8588,0.8711,0.8477,0.9808,0.9808,0.981,0.981,0.9837,0.8715,0.8833,0.86
0.5,0.32,0.981,0.8585,0.8737,0.8449,0.9808,0.9807,0.981,0.981,0.9837,0.871,0.8866,0.856
0.5,0.33,0.9811,0.859,0.8745,0.845,0.9809,0.9808,0.9811,0.9811,0.9839,0.8719,0.8884,0.856
0.5,0.34,0.9811,0.8588,0.878,0.8416,0.9809,0.9807,0.9811,0.9811,0.9837,0.8702,0.8915,0.8499
0.5,0.35,0.9809,0.8578,0.8805,0.838,0.9805,0.9804,0.9809,0.9809,0.9833,0.8667,0.8908,0.8438
0.5,0.36,0.9806,0.8563,0.88,0.8354,0.9803,0.9801,0.9806,0.9806,0.9831,0.8643,0.8903,0.8398
0.5,0.37,0.9806,0.8563,0.88,0.8354,0.9803,0.9801,0.9806,0.9806,0.9831,0.8643,0.8903,0.8398
0.5,0.38,0.9806,0.8563,0.88,0.8354,0.9803,0.9801,0.9806,0.9806,0.9831,0.8643,0.8903,0.8398
0.5,0.39,0.9803,0.8545,0.8795,0.8323,0.98,0.9798,0.9803,0.9803,0.9828,0.8619,0.8898,0.8357
0.5,0.4,0.9803,0.8545,0.8795,0.8323,0.98,0.9798,0.9803,0.9803,0.9828,0.8619,0.8898,0.8357
0.5,0.41,0.9805,0.8559,0.8844,0.8308,0.9801,0.9799,0.9805,0.9805,0.9829,0.8625,0.8935,0.8337
0.5,0.42,0.9803,0.8537,0.8839,0.8272,0.9799,0.9798,0.9803,0.9803,0.9828,0.8613,0.8932,0.8316
0.5,0.43,0.9803,0.8537,0.8839,0.8272,0.9799,0.9798,0.9803,0.9803,0.9828,0.8613,0.8932,0.8316
0.5,0.44,0.9806,0.8541,0.8873,0.8255,0.9802,0.98,0.9806,0.9806,0.9831,0.8629,0.8989,0.8296
0.5,0.45,0.9803,0.8523,0.8868,0.8224,0.9799,0.9797,0.9803,0.9803,0.9828,0.8605,0.8985,0.8256
0.5,0.46,0.9801,0.851,0.8864,0.8204,0.9796,0.9794,0.9801,0.9801,0.9826,0.8581,0.898,0.8215
0.5,0.47,0.9799,0.8498,0.8899,0.8155,0.9794,0.9792,0.9799,0.9799,0.9824,0.8562,0.9013,0.8154
0.5,0.48,0.9797,0.848,0.8894,0.8126,0.9791,0.9789,0.9797,0.9797,0.9822,0.8538,0.9009,0.8114
0.5,0.49,0.9797,0.8478,0.8901,0.8116,0.9791,0.9789,0.9797,0.9797,0.9822,0.8535,0.9027,0.8093
0.5,0.5,0.9796,0.8465,0.8898,0.8098,0.9789,0.9788,0.9796,0.9796,0.982,0.8522,0.9025,0.8073
0.51,0.0,0.9797,0.8474,0.8932,0.8089,0.979,0.9789,0.9797,0.9797,0.9822,0.8528,0.9064,0.8053
0.51,0.01,0.9561,0.7896,0.7186,0.9032,0.9615,0.9725,0.9561,0.9561,0.9598,0.7546,0.6201,0.9635
0.51,0.02,0.9677,0.8198,0.7626,0.8995,0.9703,0.9757,0.9677,0.9677,0.9712,0.809,0.7048,0.9493
0.51,0.03,0.9734,0.8444,0.7999,0.9034,0.9751,0.9784,0.9734,0.9734,0.9764,0.8371,0.7524,0.9432
0.51,0.04,0.9754,0.8493,0.8095,0.8998,0.9767,0.9792,0.9754,0.9754,0.9784,0.8477,0.7739,0.9371
0.51,0.05,0.9768,0.8541,0.8185,0.8983,0.9779,0.98,0.9768,0.9768,0.9798,0.8561,0.7894,0.9351
0.51,0.06,0.9779,0.8564,0.8269,0.8925,0.9788,0.9804,0.9779,0.9779,0.9809,0.8617,0.8035,0.929
0.51,0.07,0.9792,0.8612,0.835,0.8928,0.9799,0.9812,0.9792,0.9792,0.9822,0.8699,0.8179,0.929
0.51,0.08,0.9793,0.86,0.8374,0.8874,0.9799,0.9811,0.9793,0.9793,0.9823,0.87,0.8228,0.9229
0.51,0.09,0.9797,0.8596,0.8387,0.8839,0.9802,0.9811,0.9797,0.9797,0.9827,0.8717,0.8309,0.9168
0.51,0.1,0.9803,0.8616,0.843,0.8831,0.9808,0.9815,0.9803,0.9803,0.9833,0.8757,0.8399,0.9148
0.51,0.11,0.9809,0.863,0.8477,0.8804,0.9812,0.9818,0.9809,0.9809,0.9839,0.8787,0.8488,0.9108
0.51,0.12,0.9811,0.8648,0.8506,0.8811,0.9814,0.9819,0.9811,0.9811,0.984,0.8793,0.8517,0.9087
0.51,0.13,0.9814,0.8655,0.8526,0.8801,0.9816,0.982,0.9814,0.9814,0.9842,0.8808,0.8563,0.9067
0.51,0.14,0.9816,0.8674,0.8562,0.8802,0.9819,0.9822,0.9816,0.9816,0.9844,0.8814,0.8593,0.9047
0.51,0.15,0.9818,0.8679,0.8586,0.8787,0.982,0.9823,0.9818,0.9818,0.9845,0.8821,0.8624,0.9026
0.51,0.16,0.9816,0.8671,0.8584,0.8771,0.9818,0.9821,0.9816,0.9816,0.9844,0.881,0.8621,0.9006
0.51,0.17,0.9816,0.8668,0.8595,0.8752,0.9818,0.982,0.9816,0.9816,0.9844,0.8805,0.865,0.8966
0.51,0.18,0.9814,0.865,0.859,0.872,0.9815,0.9817,0.9814,0.9814,0.9841,0.8782,0.8644,0.8925
0.51,0.19,0.9818,0.8673,0.8632,0.8721,0.9819,0.982,0.9818,0.9818,0.9845,0.8809,0.8696,0.8925
0.51,0.2,0.9816,0.8665,0.8636,0.8701,0.9817,0.9818,0.9816,0.9816,0.9844,0.8795,0.8708,0.8884
0.51,0.21,0.982,0.8686,0.8676,0.8702,0.9821,0.9822,0.982,0.982,0.9848,0.8822,0.876,0.8884
0.51,0.22,0.9819,0.8671,0.8679,0.8669,0.9819,0.982,0.9819,0.9819,0.9846,0.8808,0.8773,0.8844
0.51,0.23,0.9818,0.866,0.8675,0.865,0.9818,0.9818,0.9818,0.9818,0.9845,0.8797,0.877,0.8824
0.51,0.24,0.9816,0.8642,0.8677,0.8614,0.9816,0.9816,0.9816,0.9816,0.9844,0.8783,0.8783,0.8783
0.51,0.25,0.9819,0.8658,0.871,0.8614,0.9819,0.9819,0.9819,0.9819,0.9846,0.8801,0.8819,0.8783
0.51,0.26,0.9819,0.8656,0.872,0.8599,0.9818,0.9818,0.9819,0.9819,0.9846,0.8798,0.8834,0.8763
0.51,0.27,0.9822,0.8668,0.8745,0.86,0.9821,0.9821,0.9822,0.9822,0.9849,0.8816,0.8871,0.8763
0.51,0.28,0.9819,0.865,0.8755,0.8556,0.9818,0.9817,0.9819,0.9819,0.9846,0.8791,0.8882,0.8702
0.51,0.29,0.9816,0.863,0.875,0.8522,0.9815,0.9814,0.9816,0.9816,0.9844,0.8768,0.8877,0.8661
0.51,0.3,0.9814,0.8615,0.8745,0.8496,0.9812,0.9811,0.9814,0.9814,0.9841,0.8745,0.8873,0.8621
0.51,0.31,0.9812,0.8603,0.8742,0.8478,0.9811,0.981,0.9812,0.9812,0.984,0.8733,0.887,0.86
0.51,0.32,0.9812,0.86,0.8768,0.845,0.981,0.9809,0.9812,0.9812,0.984,0.8728,0.8903,0.856
0.51,0.33,0.9814,0.8604,0.8777,0.845,0.9811,0.981,0.9814,0.9814,0.9841,0.8737,0.8922,0.856
0.51,0.34,0.9814,0.8603,0.8812,0.8417,0.9811,0.981,0.9814,0.9814,0.984,0.872,0.8953,0.8499
0.51,0.35,0.9811,0.8593,0.8837,0.838,0.9808,0.9807,0.9811,0.9811,0.9836,0.8685,0.8946,0.8438
0.51,0.36,0.9809,0.8578,0.8833,0.8354,0.9805,0.9804,0.9809,0.9809,0.9833,0.8661,0.8942,0.8398
0.51,0.37,0.9809,0.8578,0.8833,0.8354,0.9805,0.9804,0.9809,0.9809,0.9833,0.8661,0.8942,0.8398
0.51,0.38,0.9809,0.8578,0.8833,0.8354,0.9805,0.9804,0.9809,0.9809,0.9833,0.8661,0.8942,0.8398
0.51,0.39,0.9806,0.856,0.8828,0.8323,0.9802,0.9801,0.9806,0.9806,0.9831,0.8637,0.8937,0.8357
0.51,0.4,0.9806,0.856,0.8828,0.8323,0.9802,0.9801,0.9806,0.9806,0.9831,0.8637,0.8937,0.8357
0.51,0.41,0.9807,0.8574,0.8878,0.8308,0.9803,0.9802,0.9807,0.9807,0.9832,0.8644,0.8974,0.8337
0.51,0.42,0.9806,0.8552,0.8872,0.8273,0.9802,0.9801,0.9806,0.9806,0.9831,0.8632,0.8972,0.8316
0.51,0.43,0.9806,0.8552,0.8872,0.8273,0.9802,0.9801,0.9806,0.9806,0.9831,0.8632,0.8972,0.8316
0.51,0.44,0.9809,0.8556,0.8907,0.8255,0.9804,0.9803,0.9809,0.9809,0.9833,0.8647,0.9029,0.8296
0.51,0.45,0.9806,0.8538,0.8902,0.8224,0.9801,0.98,0.9806,0.9806,0.9831,0.8623,0.9024,0.8256
0.51,0.46,0.9803,0.8525,0.8898,0.8204,0.9798,0.9797,0.9803,0.9803,0.9828,0.8599,0.902,0.8215
0.51,0.47,0.9802,0.8513,0.8934,0.8155,0.9796,0.9795,0.9802,0.9802,0.9827,0.8581,0.9054,0.8154
0.51,0.48,0.9799,0.8495,0.8929,0.8127,0.9793,0.9792,0.9799,0.9799,0.9824,0.8556,0.905,0.8114
0.51,0.49,0.9799,0.8493,0.8936,0.8117,0.9793,0.9792,0.9799,0.9799,0.9824,0.8553,0.9068,0.8093
0.51,0.5,0.9797,0.8474,0.8932,0.8089,0.979,0.9789,0.9797,0.9797,0.9822,0.8528,0.9064,0.8053
0.51,0.51,0.9797,0.8474,0.8932,0.8089,0.979,0.9789,0.9797,0.9797,0.9822,0.8528,0.9064,0.8053
0.52,0.0,0.9798,0.8488,0.8983,0.8073,0.9791,0.979,0.9798,0.9798,0.9822,0.8522,0.9101,0.8012
0.52,0.01,0.9563,0.7899,0.7189,0.9032,0.9616,0.9725,0.9563,0.9563,0.9599,0.7552,0.6209,0.9635
0.52,0.02,0.9678,0.8201,0.763,0.8995,0.9705,0.9757,0.9678,0.9678,0.9714,0.8097,0.7059,0.9493
0.52,0.03,0.9736,0.8448,0.8003,0.9034,0.9752,0.9785,0.9736,0.9736,0.9766,0.8378,0.7536,0.9432
0.52,0.04,0.9755,0.8497,0.8101,0.8998,0.9768,0.9793,0.9755,0.9755,0.9785,0.8485,0.7752,0.9371
0.52,0.05,0.977,0.8544,0.819,0.8983,0.978,0.98,0.977,0.977,0.9799,0.8569,0.7907,0.9351
0.52,0.06,0.978,0.8567,0.8275,0.8925,0.9789,0.9805,0.978,0.978,0.981,0.8625,0.8049,0.929
0.52,0.07,0.9793,0.8615,0.8356,0.8928,0.98,0.9813,0.9793,0.9793,0.9823,0.8707,0.8193,0.929
0.52,0.08,0.9794,0.8603,0.838,0.8874,0.9801,0.9812,0.9794,0.9794,0.9824,0.8708,0.8243,0.9229
0.52,0.09,0.9798,0.86,0.8393,0.884,0.9803,0.9812,0.9798,0.9798,0.9828,0.8726,0.8324,0.9168
0.52,0.1,0.9805,0.862,0.8437,0.8831,0.9809,0.9816,0.9805,0.9805,0.9835,0.8766,0.8414,0.9148
0.52,0.11,0.981,0.8634,0.8485,0.8805,0.9813,0.9818,0.981,0.981,0.984,0.8795,0.8504,0.9108
0.52,0.12,0.9812,0.8652,0.8513,0.8811,0.9815,0.982,0.9812,0.9812,0.9841,0.8802,0.8533,0.9087
0.52,0.13,0.9815,0.8659,0.8534,0.8802,0.9818,0.9821,0.9815,0.9815,0.9844,0.8817,0.858,0.9067
0.52,0.14,0.9818,0.8678,0.857,0.8802,0.982,0.9823,0.9818,0.9818,0.9845,0.8823,0.861,0.9047
0.52,0.15,0.9819,0.8684,0.8594,0.8787,0.9821,0.9824,0.9819,0.9819,0.9846,0.8829,0.8641,0.9026
0.52,0.16,0.9818,0.8675,0.8591,0.8771,0.9819,0.9822,0.9818,0.9818,0.9845,0.8818,0.8638,0.9006
0.52,0.17,0.9818,0.8672,0.8603,0.8752,0.9819,0.9821,0.9818,0.9818,0.9845,0.8814,0.8667,0.8966
0.52,0.18,0.9815,0.8655,0.8598,0.8721,0.9816,0.9818,0.9815,0.9815,0.9842,0.8791,0.8661,0.8925
0.52,0.19,0.9819,0.8677,0.864,0.8721,0.982,0.9822,0.9819,0.9819,0.9846,0.8818,0.8713,0.8925
0.52,0.2,0.9818,0.8669,0.8644,0.8702,0.9818,0.982,0.9818,0.9818,0.9845,0.8804,0.8725,0.8884
0.52,0.21,0.9822,0.869,0.8684,0.8702,0.9822,0.9823,0.9822,0.9822,0.9849,0.8831,0.8778,0.8884
0.52,0.22,0.982,0.8675,0.8687,0.8669,0.982,0.9821,0.982,0.982,0.9848,0.8817,0.879,0.8844
0.52,0.23,0.9819,0.8664,0.8683,0.865,0.9819,0.9819,0.9819,0.9819,0.9846,0.8806,0.8788,0.8824
0.52,0.24,0.9818,0.8646,0.8685,0.8614,0.9817,0.9817,0.9818,0.9818,0.9845,0.8792,0.8801,0.8783
0.52,0.25,0.982,0.8662,0.8718,0.8615,0.982,0.982,0.982,0.982,0.9848,0.881,0.8837,0.8783
0.52,0.26,0.982,0.866,0.8728,0.8599,0.982,0.9819,0.982,0.982,0.9848,0.8807,0.8852,0.8763
0.52,0.27,0.9823,0.8672,0.8753,0.86,0.9822,0.9822,0.9823,0.9823,0.985,0.8825,0.8889,0.8763
0.52,0.28,0.982,0.8654,0.8763,0.8556,0.9819,0.9818,0.982,0.982,0.9848,0.88,0.89,0.8702
0.52,0.29,0.9818,0.8634,0.8758,0.8522,0.9816,0.9815,0.9818,0.9818,0.9845,0.8777,0.8896,0.8661
0.52,0.3,0.9815,0.8619,0.8753,0.8496,0.9813,0.9812,0.9815,0.9815,0.9842,0.8754,0.8891,0.8621
0.52,0.31,0.9814,0.8607,0.875,0.8478,0.9812,0.9811,0.9814,0.9814,0.9841,0.8742,0.8889,0.86
0.52,0.32,0.9814,0.8604,0.8777,0.845,0.9811,0.981,0.9814,0.9814,0.9841,0.8737,0.8922,0.856
0.52,0.33,0.9815,0.8609,0.8785,0.845,0.9813,0.9812,0.9815,0.9815,0.9842,0.8746,0.8941,0.856
0.52,0.34,0.9815,0.8607,0.8821,0.8417,0.9812,0.9811,0.9815,0.9815,0.9841,0.8729,0.8972,0.8499
0.52,0.35,0.9812,0.8598,0.8846,0.838,0.9809,0.9808,0.9812,0.9812,0.9837,0.8694,0.8966,0.8438
0.52,0.36,0.981,0.8582,0.8842,0.8355,0.9806,0.9805,0.981,0.981,0.9835,0.867,0.8961,0.8398
0.52,0.37,0.981,0.8582,0.8842,0.8355,0.9806,0.9805,0.981,0.981,0.9835,0.867,0.8961,0.8398
0.52,0.38,0.981,0.8582,0.8842,0.8355,0.9806,0.9805,0.981,0.981,0.9835,0.867,0.8961,0.8398
0.52,0.39,0.9807,0.8564,0.8837,0.8323,0.9803,0.9802,0.9807,0.9807,0.9832,0.8646,0.8957,0.8357
0.52,0.4,0.9807,0.8564,0.8837,0.8323,0.9803,0.9802,0.9807,0.9807,0.9832,0.8646,0.8957,0.8357
0.52,0.41,0.9809,0.8578,0.8887,0.8308,0.9805,0.9803,0.9809,0.9809,0.9833,0.8653,0.8993,0.8337
0.52,0.42,0.9807,0.8556,0.8881,0.8273,0.9803,0.9802,0.9807,0.9807,0.9832,0.8641,0.8991,0.8316
0.52,0.43,0.9807,0.8556,0.8881,0.8273,0.9803,0.9802,0.9807,0.9807,0.9832,0.8641,0.8991,0.8316
0.52,0.44,0.981,0.8561,0.8916,0.8256,0.9805,0.9804,0.981,0.981,0.9835,0.8656,0.9049,0.8296
0.52,0.45,0.9807,0.8542,0.8911,0.8225,0.9802,0.9801,0.9807,0.9807,0.9832,0.8632,0.9044,0.8256
0.52,0.46,0.9805,0.853,0.8907,0.8204,0.9799,0.9798,0.9805,0.9805,0.9829,0.8608,0.904,0.8215
0.52,0.47,0.9803,0.8518,0.8943,0.8155,0.9798,0.9796,0.9803,0.9803,0.9828,0.859,0.9074,0.8154
0.52,0.48,0.9801,0.8499,0.8938,0.8127,0.9795,0.9793,0.9801,0.9801,0.9826,0.8565,0.907,0.8114
0.52,0.49,0.9801,0.8497,0.8946,0.8117,0.9794,0.9793,0.9801,0.9801,0.9826,0.8562,0.9089,0.8093
0.52,0.5,0.9798,0.8478,0.8941,0.8089,0.9791,0.979,0.9798,0.9798,0.9823,0.8538,0.9085,0.8053
0.52,0.51,0.9798,0.8478,0.8941,0.8089,0.9791,0.979,0.9798,0.9798,0.9823,0.8538,0.9085,0.8053
0.52,0.52,0.9798,0.8488,0.8983,0.8073,0.9791,0.979,0.9798,0.9798,0.9822,0.8522,0.9101,0.8012
0.53,0.0,0.9802,0.8504,0.9017,0.8074,0.9795,0.9794,0.9802,0.9802,0.9826,0.855,0.9165,0.8012
0.53,0.01,0.9563,0.7902,0.7195,0.9032,0.9616,0.9725,0.9563,0.9563,0.9599,0.7552,0.6209,0.9635
0.53,0.02,0.9678,0.8204,0.7634,0.8995,0.9705,0.9758,0.9678,0.9678,0.9714,0.8097,0.7059,0.9493
0.53,0.03,0.9736,0.8451,0.8008,0.9034,0.9752,0.9785,0.9736,0.9736,0.9766,0.8378,0.7536,0.9432
0.53,0.04,0.9755,0.8499,0.8106,0.8998,0.9768,0.9793,0.9755,0.9755,0.9785,0.8485,0.7752,0.9371
0.53,0.05,0.977,0.8547,0.8195,0.8983,0.978,0.98,0.977,0.977,0.9799,0.8569,0.7907,0.9351
0.53,0.06,0.978,0.857,0.828,0.8925,0.9789,0.9805,0.978,0.978,0.981,0.8625,0.8049,0.929
0.53,0.07,0.9793,0.8618,0.8361,0.8928,0.98,0.9813,0.9793,0.9793,0.9823,0.8707,0.8193,0.929
0.53,0.08,0.9794,0.8606,0.8385,0.8874,0.9801,0.9812,0.9794,0.9794,0.9824,0.8708,0.8243,0.9229
0.53,0.09,0.9798,0.8602,0.8398,0.884,0.9803,0.9812,0.9798,0.9798,0.9828,0.8726,0.8324,0.9168
0.53,0.1,0.9806,0.8627,0.8448,0.8832,0.981,0.9817,0.9806,0.9806,0.9836,0.8774,0.843,0.9148
0.53,0.11,0.9811,0.8641,0.8496,0.8805,0.9814,0.9819,0.9811,0.9811,0.9841,0.8804,0.852,0.9108
0.53,0.12,0.9814,0.8659,0.8525,0.8811,0.9817,0.9821,0.9814,0.9814,0.9842,0.881,0.855,0.9087
0.53,0.13,0.9816,0.8665,0.8546,0.8802,0.9819,0.9822,0.9816,0.9816,0.9845,0.8825,0.8596,0.9067
0.53,0.14,0.9819,0.8684,0.8582,0.8802,0.9821,0.9824,0.9819,0.9819,0.9846,0.8832,0.8627,0.9047
0.53,0.15,0.982,0.869,0.8606,0.8787,0.9822,0.9825,0.982,0.982,0.9848,0.8838,0.8658,0.9026
0.53,0.16,0.9819,0.8682,0.8603,0.8772,0.9821,0.9823,0.9819,0.9819,0.9846,0.8827,0.8655,0.9006
0.53,0.17,0.982,0.8683,0.8623,0.8752,0.9821,0.9823,0.982,0.982,0.9848,0.8831,0.8701,0.8966
0.53,0.18,0.9818,0.8666,0.8618,0.8721,0.9819,0.982,0.9818,0.9818,0.9845,0.8809,0.8696,0.8925
0.53,0.19,0.9822,0.8688,0.866,0.8722,0.9822,0.9824,0.9822,0.9822,0.9849,0.8835,0.8748,0.8925
0.53,0.2,0.982,0.868,0.8665,0.8702,0.9821,0.9822,0.982,0.982,0.9848,0.8822,0.876,0.8884
0.53,0.21,0.9824,0.8702,0.8705,0.8703,0.9824,0.9825,0.9824,0.9824,0.9852,0.8848,0.8813,0.8884
0.53,0.22,0.9823,0.8686,0.8708,0.8669,0.9823,0.9823,0.9823,0.9823,0.985,0.8835,0.8826,0.8844
0.53,0.23,0.9822,0.8675,0.8704,0.8651,0.9821,0.9821,0.9822,0.9822,0.9849,0.8824,0.8824,0.8824
0.53,0.24,0.982,0.8657,0.8706,0.8615,0.982,0.982,0.982,0.982,0.9848,0.881,0.8837,0.8783
0.53,0.25,0.9823,0.8673,0.8739,0.8615,0.9822,0.9822,0.9823,0.9823,0.985,0.8828,0.8873,0.8783
0.53,0.26,0.9823,0.8671,0.875,0.86,0.9822,0.9821,0.9823,0.9823,0.985,0.8825,0.8889,0.8763
0.53,0.27,0.9826,0.8684,0.8775,0.86,0.9824,0.9824,0.9826,0.9826,0.9853,0.8843,0.8926,0.8763
0.53,0.28,0.9823,0.8665,0.8785,0.8557,0.9821,0.9821,0.9823,0.9823,0.985,0.8818,0.8938,0.8702
0.53,0.29,0.982,0.8645,0.878,0.8523,0.9819,0.9818,0.982,0.982,0.9848,0.8795,0.8933,0.8661
0.53,0.3,0.9818,0.863,0.8775,0.8497,0.9816,0.9815,0.9818,0.9818,0.9845,0.8772,0.8929,0.8621
0.53,0.31,0.9816,0.8618,0.8772,0.8479,0.9814,0.9813,0.9816,0.9816,0.9844,0.876,0.8926,0.86
0.53,0.32,0.9816,0.8616,0.8799,0.8451,0.9814,0.9813,0.9816,0.9816,0.9844,0.8755,0.896,0.856
0.53,0.33,0.9818,0.862,0.8807,0.8451,0.9815,0.9814,0.9818,0.9818,0.9845,0.8764,0.8979,0.856
0.53,0.34,0.9818,0.8618,0.8843,0.8418,0.9815,0.9813,0.9818,0.9818,0.9844,0.8747,0.9011,0.8499
0.53,0.35,0.9815,0.8609,0.8869,0.8381,0.9812,0.981,0.9815,0.9815,0.984,0.8712,0.9004,0.8438
0.53,0.36,0.9812,0.8594,0.8864,0.8355,0.9809,0.9807,0.9812,0.9812,0.9837,0.8688,0.9,0.8398
0.53,0.37,0.9812,0.8594,0.8864,0.8355,0.9809,0.9807,0.9812,0.9812,0.9837,0.8688,0.9,0.8398
0.53,0.38,0.9812,0.8594,0.8864,0.8355,0.9809,0.9807,0.9812,0.9812,0.9837,0.8688,0.9,0.8398
0.53,0.39,0.981,0.8575,0.886,0.8324,0.9806,0.9804,0.981,0.981,0.9835,0.8665,0.8996,0.8357
0.53,0.4,0.981,0.8575,0.886,0.8324,0.9806,0.9804,0.981,0.981,0.9835,0.8665,0.8996,0.8357
0.53,0.41,0.9811,0.8589,0.8909,0.8309,0.9807,0.9805,0.9811,0.9811,0.9836,0.8671,0.9033,0.8337
0.53,0.42,0.981,0.8567,0.8904,0.8274,0.9805,0.9804,0.981,0.981,0.9835,0.8659,0.9031,0.8316
0.53,0.43,0.981,0.8567,0.8904,0.8274,0.9805,0.9804,0.981,0.981,0.9835,0.8659,0.9031,0.8316
0.53,0.44,0.9812,0.8572,0.8939,0.8256,0.9808,0.9806,0.9812,0.9812,0.9837,0.8674,0.9089,0.8296
0.53,0.45,0.981,0.8553,0.8934,0.8225,0.9805,0.9803,0.981,0.981,0.9835,0.865,0.9085,0.8256
0.53,0.46,0.9807,0.8541,0.893,0.8205,0.9802,0.98,0.9807,0.9807,0.9832,0.8626,0.9081,0.8215
0.53,0.47,0.9806,0.8529,0.8966,0.8156,0.98,0.9799,0.9806,0.9806,0.9831,0.8608,0.9116,0.8154
0.53,0.48,0.9803,0.851,0.8962,0.8128,0.9797,0.9796,0.9803,0.9803,0.9828,0.8584,0.9112,0.8114
0.53,0.49,0.9803,0.8509,0.8969,0.8118,0.9797,0.9795,0.9803,0.9803,0.9828,0.8581,0.913,0.8093
0.53,0.5,0.9801,0.849,0.8965,0.8089,0.9794,0.9792,0.9801,0.9801,0.9826,0.8556,0.9126,0.8053
0.53,0.51,0.9801,0.849,0.8965,0.8089,0.9794,0.9792,0.9801,0.9801,0.9826,0.8556,0.9126,0.8053
0.53,0.52,0.9801,0.85,0.9007,0.8074,0.9794,0.9792,0.9801,0.9801,0.9824,0.8541,0.9144,0.8012
0.53,0.53,0.9802,0.8504,0.9017,0.8074,0.9795,0.9794,0.9802,0.9802,0.9826,0.855,0.9165,0.8012
0.54,0.0,0.9801,0.8489,0.9027,0.8041,0.9793,0.9792,0.9801,0.9801,0.9824,0.8534,0.9182,0.7972
0.54,0.01,0.9563,0.7902,0.7195,0.9032,0.9616,0.9725,0.9563,0.9563,0.9599,0.7552,0.6209,0.9635
0.54,0.02,0.9678,0.8204,0.7634,0.8995,0.9705,0.9758,0.9678,0.9678,0.9714,0.8097,0.7059,0.9493
0.54,0.03,0.9736,0.8451,0.8008,0.9034,0.9752,0.9785,0.9736,0.9736,0.9766,0.8378,0.7536,0.9432
0.54,0.04,0.9755,0.8499,0.8106,0.8998,0.9768,0.9793,0.9755,0.9755,0.9785,0.8485,0.7752,0.9371
0.54,0.05,0.977,0.8547,0.8195,0.8983,0.978,0.98,0.977,0.977,0.9799,0.8569,0.7907,0.9351
0.54,0.06,0.9783,0.8583,0.8303,0.8926,0.9791,0.9807,0.9783,0.9783,0.9812,0.8642,0.8078,0.929
0.54,0.07,0.9796,0.8631,0.8383,0.8928,0.9802,0.9815,0.9796,0.9796,0.9826,0.8724,0.8223,0.929
0.54,0.08,0.9797,0.8619,0.8408,0.8874,0.9803,0.9814,0.9797,0.9797,0.9827,0.8725,0.8273,0.9229
0.54,0.09,0.9801,0.8615,0.8421,0.884,0.9806,0.9814,0.9801,0.9801,0.9831,0.8743,0.8355,0.9168
0.54,0.1,0.9809,0.864,0.8472,0.8832,0.9813,0.9819,0.9809,0.9809,0.9839,0.8791,0.8462,0.9148
0.54,0.11,0.9814,0.8654,0.852,0.8805,0.9817,0.9821,0.9814,0.9814,0.9844,0.8821,0.8552,0.9108
0.54,0.12,0.9816,0.8672,0.8549,0.8812,0.9819,0.9823,0.9816,0.9816,0.9845,0.8828,0.8582,0.9087
0.54,0.13,0.9819,0.8679,0.857,0.8802,0.9821,0.9824,0.9819,0.9819,0.9848,0.8843,0.8629,0.9067
0.54,0.14,0.9822,0.8698,0.8606,0.8803,0.9823,0.9826,0.9822,0.9822,0.9849,0.8849,0.866,0.9047
0.54,0.15,0.9823,0.8704,0.863,0.8788,0.9824,0.9827,0.9823,0.9823,0.985,0.8856,0.8691,0.9026
0.54,0.16,0.9822,0.8695,0.8628,0.8772,0.9823,0.9825,0.9822,0.9822,0.9849,0.8845,0.8689,0.9006
0.54,0.17,0.9823,0.8696,0.8648,0.8753,0.9824,0.9825,0.9823,0.9823,0.985,0.8849,0.8735,0.8966
0.54,0.18,0.982,0.8679,0.8643,0.8722,0.9821,0.9822,0.982,0.982,0.9848,0.8826,0.873,0.8925
0.54,0.19,0.9824,0.8701,0.8685,0.8723,0.9825,0.9826,0.9824,0.9824,0.9852,0.8853,0.8782,0.8925
0.54,0.2,0.9823,0.8694,0.869,0.8703,0.9823,0.9824,0.9823,0.9823,0.985,0.884,0.8795,0.8884
0.54,0.21,0.9827,0.8715,0.8731,0.8704,0.9827,0.9827,0.9827,0.9827,0.9854,0.8866,0.8848,0.8884
0.54,0.22,0.9826,0.87,0.8734,0.867,0.9825,0.9825,0.9826,0.9826,0.9853,0.8853,0.8862,0.8844
0.54,0.23,0.9824,0.8689,0.873,0.8652,0.9824,0.9824,0.9824,0.9824,0.9852,0.8841,0.8859,0.8824
0.54,0.24,0.9823,0.8671,0.8732,0.8615,0.9822,0.9822,0.9823,0.9823,0.985,0.8828,0.8873,0.8783
0.54,0.25,0.9826,0.8687,0.8765,0.8616,0.9825,0.9824,0.9826,0.9826,0.9853,0.8846,0.8909,0.8783
0.54,0.26,0.9824,0.8678,0.8763,0.86,0.9823,0.9823,0.9824,0.9824,0.9852,0.8834,0.8907,0.8763
0.54,0.27,0.9827,0.869,0.8788,0.8601,0.9826,0.9825,0.9827,0.9827,0.9854,0.8852,0.8944,0.8763
0.54,0.28,0.9824,0.8672,0.8798,0.8557,0.9823,0.9822,0.9824,0.9824,0.9852,0.8827,0.8956,0.8702
0.54,0.29,0.982,0.864,0.879,0.8505,0.9818,0.9817,0.982,0.982,0.9848,0.8793,0.895,0.8641
0.54,0.3,0.9818,0.8625,0.8786,0.8479,0.9816,0.9814,0.9818,0.9818,0.9845,0.8769,0.8945,0.86
0.54,0.31,0.9816,0.8614,0.8783,0.8461,0.9814,0.9813,0.9816,0.9816,0.9844,0.8758,0.8943,0.858
0.54,0.32,0.9816,0.8611,0.881,0.8433,0.9814,0.9812,0.9816,0.9816,0.9844,0.8753,0.8977,0.854
0.54,0.33,0.9818,0.8615,0.8818,0.8433,0.9815,0.9813,0.9818,0.9818,0.9845,0.8762,0.8996,0.854
0.54,0.34,0.9818,0.8613,0.8854,0.84,0.9814,0.9813,0.9818,0.9818,0.9844,0.8745,0.9028,0.8479
0.54,0.35,0.9815,0.8604,0.888,0.8363,0.9811,0.981,0.9815,0.9815,0.984,0.8709,0.9022,0.8418
0.54,0.36,0.9812,0.8588,0.8875,0.8337,0.9808,0.9807,0.9812,0.9812,0.9837,0.8686,0.9017,0.8377
0.54,0.37,0.9812,0.8588,0.8875,0.8337,0.9808,0.9807,0.9812,0.9812,0.9837,0.8686,0.9017,0.8377
0.54,0.38,0.9812,0.8588,0.8875,0.8337,0.9808,0.9807,0.9812,0.9812,0.9837,0.8686,0.9017,0.8377
0.54,0.39,0.981,0.857,0.8871,0.8306,0.9806,0.9804,0.981,0.981,0.9835,0.8662,0.9013,0.8337
0.54,0.4,0.981,0.857,0.8871,0.8306,0.9806,0.9804,0.981,0.981,0.9835,0.8662,0.9013,0.8337
0.54,0.41,0.9811,0.8584,0.8921,0.8291,0.9807,0.9805,0.9811,0.9811,0.9836,0.8668,0.9051,0.8316
0.54,0.42,0.981,0.8562,0.8915,0.8256,0.9805,0.9804,0.981,0.981,0.9835,0.8656,0.9049,0.8296
0.54,0.43,0.981,0.8562,0.8915,0.8256,0.9805,0.9804,0.981,0.981,0.9835,0.8656,0.9049,0.8296
0.54,0.44,0.9812,0.8567,0.8951,0.8238,0.9807,0.9806,0.9812,0.9812,0.9837,0.8672,0.9107,0.8276
0.54,0.45,0.981,0.8548,0.8946,0.8207,0.9804,0.9803,0.981,0.981,0.9835,0.8647,0.9103,0.8235
0.54,0.46,0.9807,0.8535,0.8942,0.8187,0.9802,0.98,0.9807,0.9807,0.9832,0.8623,0.9099,0.8195
0.54,0.47,0.9806,0.8524,0.8979,0.8138,0.98,0.9798,0.9806,0.9806,0.9831,0.8605,0.9134,0.8134
0.54,0.48,0.9803,0.8505,0.8974,0.8109,0.9797,0.9795,0.9803,0.9803,0.9828,0.8581,0.913,0.8093
0.54,0.49,0.9803,0.8503,0.8981,0.81,0.9796,0.9795,0.9803,0.9803,0.9828,0.8578,0.9149,0.8073
0.54,0.5,0.9801,0.8484,0.8977,0.8071,0.9794,0.9792,0.9801,0.9801,0.9826,0.8553,0.9145,0.8032
0.54,0.51,0.9801,0.8484,0.8977,0.8071,0.9794,0.9792,0.9801,0.9801,0.9826,0.8553,0.9145,0.8032
0.54,0.52,0.9801,0.8494,0.9019,0.8056,0.9793,0.9792,0.9801,0.9801,0.9824,0.8537,0.9163,0.7992
0.54,0.53,0.9802,0.8498,0.9029,0.8056,0.9794,0.9793,0.9802,0.9802,0.9826,0.8547,0.9184,0.7992
0.54,0.54,0.9801,0.8489,0.9027,0.8041,0.9793,0.9792,0.9801,0.9801,0.9824,0.8534,0.9182,0.7972
0.55,0.0,0.9801,0.8474,0.9044,0.8006,0.9793,0.9792,0.9801,0.9801,0.9824,0.8531,0.9202,0.7951
0.55,0.01,0.9565,0.7914,0.7214,0.9033,0.9619,0.9727,0.9565,0.9565,0.9602,0.7564,0.6225,0.9635
0.55,0.02,0.9681,0.8217,0.7655,0.8996,0.9707,0.9759,0.9681,0.9681,0.9716,0.8111,0.708,0.9493
0.55,0.03,0.9738,0.8464,0.8031,0.9035,0.9754,0.9787,0.9738,0.9738,0.9768,0.8394,0.7561,0.9432
0.55,0.04,0.9758,0.8513,0.8129,0.8998,0.977,0.9794,0.9758,0.9758,0.9788,0.85,0.7778,0.9371
0.55,0.05,0.9772,0.8561,0.822,0.8983,0.9782,0.9802,0.9772,0.9772,0.9802,0.8585,0.7935,0.9351
0.55,0.06,0.9785,0.8598,0.8328,0.8926,0.9793,0.9809,0.9785,0.9785,0.9815,0.8658,0.8106,0.929
0.55,0.07,0.9798,0.8646,0.841,0.8929,0.9805,0.9817,0.9798,0.9798,0.9828,0.874,0.8252,0.929
0.55,0.08,0.9799,0.8634,0.8435,0.8875,0.9805,0.9816,0.9799,0.9799,0.9829,0.8742,0.8303,0.9229
0.55,0.09,0.9803,0.863,0.8449,0.8841,0.9808,0.9816,0.9803,0.9803,0.9833,0.876,0.8386,0.9168
0.55,0.1,0.9811,0.8655,0.8499,0.8833,0.9815,0.9821,0.9811,0.9811,0.9841,0.8809,0.8493,0.9148
0.55,0.11,0.9816,0.8669,0.8548,0.8806,0.9819,0.9823,0.9816,0.9816,0.9846,0.8839,0.8585,0.9108
0.55,0.12,0.9819,0.8687,0.8577,0.8812,0.9821,0.9825,0.9819,0.9819,0.9848,0.8845,0.8615,0.9087
0.55,0.13,0.9822,0.8694,0.8598,0.8803,0.9823,0.9827,0.9822,0.9822,0.985,0.886,0.8663,0.9067
0.55,0.14,0.9824,0.8713,0.8635,0.8804,0.9826,0.9828,0.9824,0.9824,0.9852,0.8867,0.8694,0.9047
0.55,0.15,0.9826,0.8719,0.866,0.8788,0.9827,0.9829,0.9826,0.9826,0.9853,0.8873,0.8725,0.9026
0.55,0.16,0.9824,0.8711,0.8658,0.8773,0.9825,0.9828,0.9824,0.9824,0.9852,0.8862,0.8723,0.9006
0.55,0.17,0.9826,0.8712,0.8678,0.8754,0.9826,0.9828,0.9826,0.9826,0.9853,0.8867,0.877,0.8966
0.55,0.18,0.9823,0.8695,0.8673,0.8722,0.9824,0.9825,0.9823,0.9823,0.985,0.8844,0.8765,0.8925
0.55,0.19,0.9827,0.8717,0.8717,0.8723,0.9827,0.9828,0.9827,0.9827,0.9854,0.8871,0.8818,0.8925
0.55,0.2,0.9826,0.8709,0.8721,0.8703,0.9826,0.9826,0.9826,0.9826,0.9853,0.8857,0.8831,0.8884
0.55,0.21,0.9828,0.8723,0.8747,0.8704,0.9828,0.9828,0.9828,0.9828,0.9855,0.8875,0.8866,0.8884
0.55,0.22,0.9827,0.8708,0.875,0.867,0.9826,0.9826,0.9827,0.9827,0.9854,0.8862,0.888,0.8844
0.55,0.23,0.9826,0.8697,0.8746,0.8652,0.9825,0.9825,0.9826,0.9826,0.9853,0.885,0.8878,0.8824
0.55,0.24,0.9824,0.8679,0.8748,0.8615,0.9823,0.9823,0.9824,0.9824,0.9852,0.8837,0.8891,0.8783
0.55,0.25,0.9827,0.8695,0.8782,0.8616,0.9826,0.9825,0.9827,0.9827,0.9854,0.8855,0.8928,0.8783
0.55,0.26,0.9826,0.8686,0.878,0.86,0.9824,0.9824,0.9826,0.9826,0.9853,0.8843,0.8926,0.8763
0.55,0.27,0.9828,0.8699,0.8805,0.8601,0.9827,0.9826,0.9828,0.9828,0.9855,0.8862,0.8963,0.8763
0.55,0.28,0.9826,0.868,0.8816,0.8557,0.9824,0.9823,0.9826,0.9826,0.9853,0.8836,0.8975,0.8702
0.55,0.29,0.9822,0.8648,0.8808,0.8505,0.982,0.9819,0.9822,0.9822,0.9849,0.8802,0.8968,0.8641
0.55,0.3,0.9819,0.8633,0.8804,0.8479,0.9817,0.9816,0.9819,0.9819,0.9846,0.8778,0.8964,0.86
0.55,0.31,0.9818,0.8622,0.8801,0.8461,0.9815,0.9814,0.9818,0.9818,0.9845,0.8767,0.8962,0.858
0.55,0.32,0.9818,0.8619,0.8828,0.8433,0.9815,0.9814,0.9818,0.9818,0.9845,0.8762,0.8996,0.854
0.55,0.33,0.9819,0.8623,0.8837,0.8433,0.9816,0.9815,0.9819,0.9819,0.9846,0.8771,0.9015,0.854
0.55,0.34,0.9819,0.8622,0.8874,0.84,0.9816,0.9814,0.9819,0.9819,0.9845,0.8754,0.9048,0.8479
0.55,0.35,0.9816,0.8612,0.8899,0.8363,0.9812,0.9811,0.9816,0.9816,0.9841,0.8718,0.9041,0.8418
0.55,0.36,0.9814,0.8597,0.8895,0.8337,0.981,0.9808,0.9814,0.9814,0.9839,0.8695,0.9037,0.8377
0.55,0.37,0.9814,0.8597,0.8895,0.8337,0.981,0.9808,0.9814,0.9814,0.9839,0.8695,0.9037,0.8377
0.55,0.38,0.9814,0.8597,0.8895,0.8337,0.981,0.9808,0.9814,0.9814,0.9839,0.8695,0.9037,0.8377
0.55,0.39,0.9811,0.8578,0.8891,0.8306,0.9807,0.9805,0.9811,0.9811,0.9836,0.8671,0.9033,0.8337
0.55,0.4,0.9811,0.8578,0.8891,0.8306,0.9807,0.9805,0.9811,0.9811,0.9836,0.8671,0.9033,0.8337
0.55,0.41,0.9812,0.8592,0.8941,0.8291,0.9808,0.9807,0.9812,0.9812,0.9837,0.8677,0.9071,0.8316
0.55,0.42,0.9811,0.857,0.8936,0.8256,0.9806,0.9805,0.9811,0.9811,0.9836,0.8665,0.9069,0.8296
0.55,0.43,0.9811,0.857,0.8936,0.8256,0.9806,0.9805,0.9811,0.9811,0.9836,0.8665,0.9069,0.8296
0.55,0.44,0.9814,0.8575,0.8972,0.8239,0.9809,0.9808,0.9814,0.9814,0.9839,0.8681,0.9128,0.8276
0.55,0.45,0.9811,0.8556,0.8967,0.8207,0.9806,0.9805,0.9811,0.9811,0.9836,0.8657,0.9124,0.8235
0.55,0.46,0.9809,0.8544,0.8963,0.8187,0.9803,0.9802,0.9809,0.9809,0.9833,0.8632,0.912,0.8195
0.55,0.47,0.9807,0.8532,0.9,0.8138,0.9801,0.98,0.9807,0.9807,0.9832,0.8614,0.9155,0.8134
0.55,0.48,0.9805,0.8513,0.8995,0.811,0.9798,0.9797,0.9805,0.9805,0.9829,0.859,0.9151,0.8093
0.55,0.49,0.9805,0.8511,0.9003,0.81,0.9798,0.9797,0.9805,0.9805,0.9829,0.8587,0.9171,0.8073
0.55,0.5,0.9802,0.8492,0.8998,0.8072,0.9795,0.9794,0.9802,0.9802,0.9827,0.8562,0.9167,0.8032
0.55,0.51,0.9802,0.8492,0.8998,0.8072,0.9795,0.9794,0.9802,0.9802,0.9827,0.8562,0.9167,0.8032
0.55,0.52,0.9802,0.8502,0.9041,0.8056,0.9794,0.9794,0.9802,0.9802,0.9826,0.8547,0.9184,0.7992
0.55,0.53,0.9803,0.8507,0.9051,0.8057,0.9796,0.9795,0.9803,0.9803,0.9827,0.8556,0.9206,0.7992
0.55,0.54,0.9802,0.8497,0.9048,0.8041,0.9794,0.9793,0.9802,0.9802,0.9826,0.8543,0.9204,0.7972
0.55,0.55,0.9801,0.8474,0.9044,0.8006,0.9793,0.9792,0.9801,0.9801,0.9824,0.8531,0.9202,0.7951
0.56,0.0,0.9799,0.8478,0.9087,0.798,0.9791,0.9791,0.9799,0.9799,0.9822,0.8503,0.9218,0.789
0.56,0.01,0.9569,0.7924,0.7239,0.9018,0.9622,0.9728,0.9569,0.9569,0.9607,0.7588,0.6258,0.9635
0.56,0.02,0.9684,0.8226,0.7684,0.8981,0.9709,0.976,0.9684,0.9684,0.972,0.8132,0.7112,0.9493
0.56,0.03,0.974,0.8472,0.806,0.902,0.9756,0.9788,0.974,0.974,0.9771,0.8409,0.7586,0.9432
0.56,0.04,0.9759,0.852,0.8158,0.8983,0.9772,0.9795,0.9759,0.9759,0.979,0.8516,0.7804,0.9371
0.56,0.05,0.9773,0.8576,0.8252,0.8984,0.9784,0.9803,0.9773,0.9773,0.9803,0.8593,0.7948,0.9351
0.56,0.06,0.9786,0.8616,0.8366,0.8927,0.9794,0.9809,0.9786,0.9786,0.9815,0.8655,0.8117,0.927
0.56,0.07,0.9799,0.8665,0.8448,0.8929,0.9806,0.9818,0.9799,0.9799,0.9828,0.8738,0.8264,0.927
0.56,0.08,0.9801,0.8653,0.8474,0.8875,0.9806,0.9817,0.9801,0.9801,0.9829,0.8739,0.8315,0.9209
0.56,0.09,0.9805,0.8649,0.8487,0.8841,0.9809,0.9817,0.9805,0.9805,0.9833,0.8757,0.8399,0.9148
0.56,0.1,0.9812,0.8674,0.8538,0.8833,0.9816,0.9822,0.9812,0.9812,0.9841,0.8806,0.8507,0.9128
0.56,0.11,0.9818,0.8688,0.8587,0.8806,0.982,0.9824,0.9818,0.9818,0.9846,0.8836,0.8599,0.9087
0.56,0.12,0.982,0.8706,0.8616,0.8812,0.9822,0.9826,0.982,0.982,0.9848,0.8843,0.8629,0.9067
0.56,0.13,0.9823,0.8713,0.8637,0.8803,0.9825,0.9827,0.9823,0.9823,0.985,0.8858,0.8677,0.9047
0.56,0.14,0.9826,0.8732,0.8674,0.8804,0.9827,0.9829,0.9826,0.9826,0.9852,0.8865,0.8708,0.9026
0.56,0.15,0.9827,0.8738,0.8699,0.8789,0.9828,0.983,0.9827,0.9827,0.9853,0.8871,0.874,0.9006
0.56,0.16,0.9826,0.873,0.8697,0.8773,0.9827,0.9828,0.9826,0.9826,0.9852,0.886,0.8738,0.8986
0.56,0.17,0.9827,0.8731,0.8717,0.8754,0.9827,0.9829,0.9827,0.9827,0.9853,0.8864,0.8785,0.8945
0.56,0.18,0.9824,0.8713,0.8712,0.8723,0.9825,0.9826,0.9824,0.9824,0.985,0.8842,0.878,0.8905
0.56,0.19,0.9828,0.8736,0.8756,0.8723,0.9828,0.9829,0.9828,0.9828,0.9854,0.8869,0.8833,0.8905
0.56,0.2,0.9827,0.8728,0.876,0.8704,0.9827,0.9827,0.9827,0.9827,0.9853,0.8855,0.8846,0.8864
0.56,0.21,0.9829,0.8742,0.8786,0.8704,0.9829,0.9829,0.9829,0.9829,0.9855,0.8873,0.8882,0.8864
0.56,0.22,0.9828,0.8727,0.8789,0.867,0.9828,0.9827,0.9828,0.9828,0.9854,0.8859,0.8896,0.8824
0.56,0.23,0.9827,0.8716,0.8786,0.8652,0.9826,0.9826,0.9827,0.9827,0.9853,0.8848,0.8893,0.8803
0.56,0.24,0.9826,0.8698,0.8788,0.8616,0.9824,0.9824,0.9826,0.9826,0.9852,0.8834,0.8907,0.8763
0.56,0.25,0.9828,0.8714,0.8821,0.8616,0.9827,0.9826,0.9828,0.9828,0.9854,0.8852,0.8944,0.8763
0.56,0.26,0.9827,0.8705,0.8819,0.8601,0.9826,0.9825,0.9827,0.9827,0.9853,0.8841,0.8942,0.8742
0.56,0.27,0.9829,0.8718,0.8845,0.8601,0.9828,0.9827,0.9829,0.9829,0.9855,0.8859,0.8979,0.8742
0.56,0.28,0.9827,0.8699,0.8856,0.8557,0.9825,0.9824,0.9827,0.9827,0.9853,0.8834,0.8992,0.8682
0.56,0.29,0.9823,0.8667,0.8848,0.8505,0.9821,0.982,0.9823,0.9823,0.9849,0.8799,0.8985,0.8621
0.56,0.3,0.982,0.8652,0.8843,0.8479,0.9818,0.9817,0.982,0.982,0.9846,0.8776,0.8981,0.858
0.56,0.31,0.9819,0.8641,0.8841,0.8461,0.9816,0.9815,0.9819,0.9819,0.9845,0.8764,0.8979,0.856
0.56,0.32,0.9819,0.8638,0.8868,0.8433,0.9816,0.9815,0.9819,0.9819,0.9845,0.8759,0.9013,0.8519
0.56,0.33,0.982,0.8642,0.8877,0.8434,0.9817,0.9816,0.982,0.982,0.9846,0.8768,0.9032,0.8519
0.56,0.34,0.982,0.8641,0.8914,0.84,0.9817,0.9815,0.982,0.982,0.9845,0.8751,0.9065,0.8458
0.56,0.35,0.9818,0.8631,0.8941,0.8363,0.9814,0.9812,0.9818,0.9818,0.9841,0.8716,0.9059,0.8398
0.56,0.36,0.9815,0.8616,0.8936,0.8338,0.9811,0.9809,0.9815,0.9815,0.9839,0.8692,0.9055,0.8357
0.56,0.37,0.9815,0.8616,0.8936,0.8338,0.9811,0.9809,0.9815,0.9815,0.9839,0.8692,0.9055,0.8357
0.56,0.38,0.9815,0.8616,0.8936,0.8338,0.9811,0.9809,0.9815,0.9815,0.9839,0.8692,0.9055,0.8357
0.56,0.39,0.9812,0.8597,0.8932,0.8306,0.9808,0.9807,0.9812,0.9812,0.9836,0.8668,0.9051,0.8316
0.56,0.4,0.9812,0.8597,0.8932,0.8306,0.9808,0.9807,0.9812,0.9812,0.9836,0.8668,0.9051,0.8316
0.56,0.41,0.9814,0.8612,0.8984,0.8291,0.9809,0.9808,0.9814,0.9814,0.9837,0.8674,0.9089,0.8296
0.56,0.42,0.9812,0.859,0.8979,0.8256,0.9808,0.9806,0.9812,0.9812,0.9836,0.8662,0.9087,0.8276
0.56,0.43,0.9812,0.859,0.8979,0.8256,0.9808,0.9806,0.9812,0.9812,0.9836,0.8662,0.9087,0.8276
0.56,0.44,0.9815,0.8595,0.9015,0.8239,0.981,0.9809,0.9815,0.9815,0.9839,0.8678,0.9146,0.8256
0.56,0.45,0.9812,0.8576,0.901,0.8208,0.9807,0.9806,0.9812,0.9812,0.9836,0.8654,0.9142,0.8215
0.56,0.46,0.981,0.8563,0.9007,0.8187,0.9804,0.9803,0.981,0.981,0.9833,0.863,0.9138,0.8174
0.56,0.47,0.9809,0.8552,0.9045,0.8138,0.9802,0.9801,0.9809,0.9809,0.9832,0.8611,0.9174,0.8114
0.56,0.48,0.9806,0.8533,0.904,0.811,0.9799,0.9798,0.9806,0.9806,0.9829,0.8587,0.9171,0.8073
0.56,0.49,0.9806,0.8531,0.9048,0.81,0.9799,0.9798,0.9806,0.9806,0.9829,0.8584,0.919,0.8053
0.56,0.5,0.9803,0.8512,0.9043,0.8072,0.9796,0.9795,0.9803,0.9803,0.9827,0.8559,0.9186,0.8012
0.56,0.51,0.9803,0.8512,0.9043,0.8072,0.9796,0.9795,0.9803,0.9803,0.9827,0.8559,0.9186,0.8012
0.56,0.52,0.9803,0.8522,0.9088,0.8057,0.9796,0.9795,0.9803,0.9803,0.9826,0.8543,0.9204,0.7972
0.56,0.53,0.9805,0.8527,0.9097,0.8057,0.9797,0.9796,0.9805,0.9805,0.9827,0.8553,0.9225,0.7972
0.56,0.54,0.9803,0.8517,0.9095,0.8041,0.9795,0.9795,0.9803,0.9803,0.9826,0.854,0.9224,0.7951
0.56,0.55,0.9802,0.8495,0.9091,0.8006,0.9794,0.9793,0.9802,0.9802,0.9824,0.8528,0.9222,0.7931
0.56,0.56,0.9799,0.8478,0.9087,0.798,0.9791,0.9791,0.9799,0.9799,0.9822,0.8503,0.9218,0.789
0.57,0.0,0.9798,0.8482,0.9123,0.7961,0.9789,0.9789,0.9798,0.9798,0.982,0.8487,0.9236,0.785
0.57,0.01,0.9569,0.7935,0.7262,0.9018,0.9622,0.9729,0.9569,0.9569,0.9607,0.7588,0.6258,0.9635
0.57,0.02,0.9684,0.8238,0.771,0.8981,0.9709,0.9761,0.9684,0.9684,0.972,0.8132,0.7112,0.9493
0.57,0.03,0.974,0.8484,0.8088,0.902,0.9756,0.9789,0.974,0.974,0.9771,0.8409,0.7586,0.9432
0.57,0.04,0.976,0.8536,0.8191,0.8984,0.9773,0.9797,0.976,0.976,0.9792,0.8524,0.7817,0.9371
0.57,0.05,0.9775,0.8592,0.8284,0.8984,0.9785,0.9805,0.9775,0.9775,0.9805,0.8601,0.7962,0.9351
0.57,0.06,0.9788,0.8632,0.84,0.8927,0.9796,0.981,0.9788,0.9788,0.9816,0.8664,0.8132,0.927
0.57,0.07,0.9801,0.868,0.8482,0.893,0.9807,0.9819,0.9801,0.9801,0.9829,0.8746,0.8279,0.927
0.57,0.08,0.9802,0.8668,0.8508,0.8875,0.9808,0.9818,0.9802,0.9802,0.9831,0.8748,0.833,0.9209
0.57,0.09,0.9806,0.8664,0.8519,0.8841,0.981,0.9818,0.9806,0.9806,0.9835,0.8766,0.8414,0.9148
0.57,0.1,0.9814,0.8689,0.857,0.8833,0.9817,0.9823,0.9814,0.9814,0.9842,0.8815,0.8523,0.9128
0.57,0.11,0.9819,0.8703,0.862,0.8807,0.9821,0.9826,0.9819,0.9819,0.9848,0.8845,0.8615,0.9087
0.57,0.12,0.9822,0.8721,0.8649,0.8813,0.9824,0.9827,0.9822,0.9822,0.9849,0.8851,0.8646,0.9067
0.57,0.13,0.9824,0.8728,0.867,0.8804,0.9826,0.9829,0.9824,0.9824,0.9852,0.8867,0.8694,0.9047
0.57,0.14,0.9827,0.8747,0.8707,0.8804,0.9828,0.983,0.9827,0.9827,0.9853,0.8873,0.8725,0.9026
0.57,0.15,0.9828,0.8753,0.8732,0.8789,0.9829,0.9831,0.9828,0.9828,0.9854,0.888,0.8757,0.9006
0.57,0.16,0.9827,0.8745,0.873,0.8773,0.9828,0.983,0.9827,0.9827,0.9853,0.8869,0.8755,0.8986
0.57,0.17,0.9828,0.8746,0.875,0.8754,0.9829,0.983,0.9828,0.9828,0.9854,0.8873,0.8802,0.8945
0.57,0.18,0.9826,0.8729,0.8745,0.8723,0.9826,0.9827,0.9826,0.9826,0.9852,0.8851,0.8798,0.8905
0.57,0.19,0.9829,0.8751,0.8789,0.8724,0.983,0.983,0.9829,0.9829,0.9855,0.8878,0.8851,0.8905
0.57,0.2,0.9828,0.8744,0.8793,0.8704,0.9828,0.9828,0.9828,0.9828,0.9854,0.8864,0.8864,0.8864
0.57,0.21,0.9831,0.8757,0.8819,0.8704,0.983,0.983,0.9831,0.9831,0.9857,0.8882,0.89,0.8864
0.57,0.22,0.9829,0.8742,0.8822,0.8671,0.9829,0.9828,0.9829,0.9829,0.9855,0.8869,0.8914,0.8824
0.57,0.23,0.9828,0.8731,0.8819,0.8652,0.9827,0.9827,0.9828,0.9828,0.9854,0.8857,0.8912,0.8803
0.57,0.24,0.9827,0.8713,0.8821,0.8616,0.9826,0.9825,0.9827,0.9827,0.9853,0.8843,0.8926,0.8763
0.57,0.25,0.9829,0.8729,0.8854,0.8617,0.9828,0.9827,0.9829,0.9829,0.9855,0.8862,0.8963,0.8763
0.57,0.26,0.9828,0.872,0.8852,0.8601,0.9827,0.9826,0.9828,0.9828,0.9854,0.885,0.896,0.8742
0.57,0.27,0.9831,0.8733,0.8878,0.8601,0.9829,0.9828,0.9831,0.9831,0.9857,0.8868,0.8998,0.8742
0.57,0.28,0.9828,0.8715,0.8888,0.8558,0.9826,0.9825,0.9828,0.9828,0.9854,0.8843,0.9011,0.8682
0.57,0.29,0.9824,0.8683,0.888,0.8505,0.9822,0.9821,0.9824,0.9824,0.985,0.8808,0.9004,0.8621
0.57,0.3,0.9822,0.8668,0.8876,0.848,0.9819,0.9818,0.9822,0.9822,0.9848,0.8785,0.9,0.858
0.57,0.31,0.982,0.8656,0.8873,0.8461,0.9818,0.9816,0.982,0.982,0.9846,0.8773,0.8998,0.856
0.57,0.32,0.982,0.8653,0.8901,0.8434,0.9817,0.9816,0.982,0.982,0.9846,0.8768,0.9032,0.8519
0.57,0.33,0.9822,0.8657,0.891,0.8434,0.9818,0.9817,0.9822,0.9822,0.9848,0.8777,0.9052,0.8519
0.57,0.34,0.9822,0.8656,0.8946,0.84,0.9818,0.9817,0.9822,0.9822,0.9846,0.8761,0.9085,0.8458
0.57,0.35,0.9819,0.8647,0.8974,0.8364,0.9815,0.9814,0.9819,0.9819,0.9842,0.8725,0.9079,0.8398
0.57,0.36,0.9816,0.8631,0.897,0.8338,0.9812,0.9811,0.9816,0.9816,0.984,0.8701,0.9075,0.8357
0.57,0.37,0.9816,0.8631,0.897,0.8338,0.9812,0.9811,0.9816,0.9816,0.984,0.8701,0.9075,0.8357
0.57,0.38,0.9816,0.8631,0.897,0.8338,0.9812,0.9811,0.9816,0.9816,0.984,0.8701,0.9075,0.8357
0.57,0.39,0.9814,0.8613,0.8966,0.8307,0.9809,0.9808,0.9814,0.9814,0.9837,0.8677,0.9071,0.8316
0.57,0.4,0.9814,0.8613,0.8966,0.8307,0.9809,0.9808,0.9814,0.9814,0.9837,0.8677,0.9071,0.8316
0.57,0.41,0.9815,0.8627,0.9019,0.8292,0.981,0.9809,0.9815,0.9815,0.9839,0.8684,0.9109,0.8296
0.57,0.42,0.9814,0.8605,0.9015,0.8257,0.9809,0.9808,0.9814,0.9814,0.9837,0.8672,0.9107,0.8276
0.57,0.43,0.9814,0.8605,0.9015,0.8257,0.9809,0.9808,0.9814,0.9814,0.9837,0.8672,0.9107,0.8276
0.57,0.44,0.9816,0.861,0.9051,0.8239,0.9811,0.981,0.9816,0.9816,0.984,0.8687,0.9167,0.8256
0.57,0.45,0.9814,0.8591,0.9046,0.8208,0.9808,0.9807,0.9814,0.9814,0.9837,0.8663,0.9163,0.8215
0.57,0.46,0.9811,0.8579,0.9043,0.8188,0.9805,0.9804,0.9811,0.9811,0.9835,0.8639,0.9159,0.8174
0.57,0.47,0.981,0.8568,0.9082,0.8139,0.9803,0.9803,0.981,0.981,0.9833,0.8621,0.9195,0.8114
0.57,0.48,0.9807,0.8549,0.9078,0.811,0.98,0.98,0.9807,0.9807,0.9831,0.8596,0.9192,0.8073
0.57,0.49,0.9807,0.8547,0.9085,0.8101,0.98,0.9799,0.9807,0.9807,0.9831,0.8593,0.9211,0.8053
0.57,0.5,0.9805,0.8528,0.9081,0.8072,0.9797,0.9797,0.9805,0.9805,0.9828,0.8568,0.9207,0.8012
0.57,0.51,0.9805,0.8528,0.9081,0.8072,0.9797,0.9797,0.9805,0.9805,0.9828,0.8568,0.9207,0.8012
0.57,0.52,0.9805,0.8539,0.9127,0.8057,0.9797,0.9796,0.9805,0.9805,0.9827,0.8553,0.9225,0.7972
0.57,0.53,0.9806,0.8543,0.9136,0.8057,0.9798,0.9798,0.9806,0.9806,0.9828,0.8562,0.9247,0.7972
0.57,0.54,0.9805,0.8533,0.9134,0.8041,0.9797,0.9796,0.9805,0.9805,0.9827,0.855,0.9245,0.7951
0.57,0.55,0.9803,0.8511,0.9131,0.8006,0.9795,0.9795,0.9803,0.9803,0.9826,0.8537,0.9243,0.7931
0.57,0.56,0.9801,0.8495,0.9127,0.7981,0.9792,0.9792,0.9801,0.9801,0.9823,0.8512,0.924,0.789
0.57,0.57,0.9798,0.8482,0.9123,0.7961,0.9789,0.9789,0.9798,0.9798,0.982,0.8487,0.9236,0.785
0.58,0.0,0.9801,0.8502,0.917,0.7961,0.9792,0.9792,0.9801,0.9801,0.9822,0.8493,0.9279,0.783
0.58,0.01,0.957,0.7946,0.7273,0.9028,0.9623,0.973,0.957,0.957,0.9607,0.7588,0.6258,0.9635
0.58,0.02,0.9685,0.8249,0.7721,0.8991,0.971,0.9762,0.9685,0.9685,0.972,0.8132,0.7112,0.9493
0.58,0.03,0.9741,0.8495,0.8101,0.903,0.9757,0.979,0.9741,0.9741,0.9771,0.8409,0.7586,0.9432
0.58,0.04,0.9762,0.8547,0.8203,0.8994,0.9774,0.9798,0.9762,0.9762,0.9792,0.8524,0.7817,0.9371
0.58,0.05,0.9776,0.8603,0.8297,0.8994,0.9786,0.9806,0.9776,0.9776,0.9805,0.8601,0.7962,0.9351
0.58,0.06,0.9789,0.8644,0.8413,0.8937,0.9797,0.9812,0.9789,0.9789,0.9816,0.8664,0.8132,0.927
0.58,0.07,0.9802,0.8692,0.8495,0.894,0.9808,0.982,0.9802,0.9802,0.9829,0.8746,0.8279,0.927
0.58,0.08,0.9803,0.868,0.8522,0.8886,0.9809,0.9819,0.9803,0.9803,0.9831,0.8748,0.833,0.9209
0.58,0.09,0.9807,0.8676,0.8533,0.8851,0.9812,0.9819,0.9807,0.9807,0.9835,0.8766,0.8414,0.9148
0.58,0.1,0.9815,0.8701,0.8584,0.8843,0.9818,0.9824,0.9815,0.9815,0.9842,0.8815,0.8523,0.9128
0.58,0.11,0.982,0.8715,0.8634,0.8817,0.9823,0.9827,0.982,0.982,0.9848,0.8845,0.8615,0.9087
0.58,0.12,0.9823,0.8734,0.8663,0.8823,0.9825,0.9828,0.9823,0.9823,0.9849,0.8851,0.8646,0.9067
0.58,0.13,0.9826,0.874,0.8684,0.8814,0.9827,0.983,0.9826,0.9826,0.9852,0.8867,0.8694,0.9047
0.58,0.14,0.9828,0.876,0.8721,0.8814,0.9829,0.9832,0.9828,0.9828,0.9853,0.8873,0.8725,0.9026
0.58,0.15,0.9829,0.8766,0.8746,0.8799,0.983,0.9832,0.9829,0.9829,0.9854,0.888,0.8757,0.9006
0.58,0.16,0.9828,0.8757,0.8744,0.8783,0.9829,0.9831,0.9828,0.9828,0.9853,0.8869,0.8755,0.8986
0.58,0.17,0.9829,0.8758,0.8764,0.8764,0.983,0.9831,0.9829,0.9829,0.9854,0.8873,0.8802,0.8945
0.58,0.18,0.9827,0.8741,0.8759,0.8733,0.9827,0.9828,0.9827,0.9827,0.9852,0.8851,0.8798,0.8905
0.58,0.19,0.9831,0.8764,0.8803,0.8734,0.9831,0.9831,0.9831,0.9831,0.9855,0.8878,0.8851,0.8905
0.58,0.2,0.9829,0.8756,0.8807,0.8714,0.9829,0.9829,0.9829,0.9829,0.9854,0.8864,0.8864,0.8864
0.58,0.21,0.9832,0.877,0.8834,0.8714,0.9832,0.9832,0.9832,0.9832,0.9857,0.8882,0.89,0.8864
0.58,0.22,0.9831,0.8755,0.8837,0.8681,0.983,0.983,0.9831,0.9831,0.9855,0.8869,0.8914,0.8824
0.58,0.23,0.9829,0.8744,0.8834,0.8662,0.9829,0.9828,0.9829,0.9829,0.9854,0.8857,0.8912,0.8803
0.58,0.24,0.9828,0.8726,0.8836,0.8626,0.9827,0.9826,0.9828,0.9828,0.9853,0.8843,0.8926,0.8763
0.58,0.25,0.9831,0.8742,0.8869,0.8627,0.9829,0.9829,0.9831,0.9831,0.9855,0.8862,0.8963,0.8763
0.58,0.26,0.9829,0.8733,0.8867,0.8611,0.9828,0.9827,0.9829,0.9829,0.9854,0.885,0.896,0.8742
0.58,0.27,0.9832,0.8745,0.8893,0.8612,0.983,0.983,0.9832,0.9832,0.9857,0.8868,0.8998,0.8742
0.58,0.28,0.9829,0.8727,0.8903,0.8568,0.9827,0.9827,0.9829,0.9829,0.9854,0.8843,0.9011,0.8682
0.58,0.29,0.9826,0.8695,0.8896,0.8515,0.9823,0.9822,0.9826,0.9826,0.985,0.8808,0.9004,0.8621
0.58,0.3,0.9823,0.868,0.8891,0.849,0.982,0.9819,0.9823,0.9823,0.9848,0.8785,0.9,0.858
0.58,0.31,0.9822,0.8669,0.8889,0.8471,0.9819,0.9818,0.9822,0.9822,0.9846,0.8773,0.8998,0.856
0.58,0.32,0.982,0.866,0.8914,0.8434,0.9817,0.9816,0.982,0.982,0.9845,0.8757,0.903,0.8499
0.58,0.33,0.9822,0.8664,0.8923,0.8434,0.9818,0.9817,0.9822,0.9822,0.9846,0.8766,0.905,0.8499
0.58,0.34,0.9822,0.8662,0.896,0.84,0.9818,0.9816,0.9822,0.9822,0.9845,0.8749,0.9083,0.8438
0.58,0.35,0.9819,0.8653,0.8988,0.8364,0.9815,0.9814,0.9819,0.9819,0.9841,0.8713,0.9077,0.8377
0.58,0.36,0.9816,0.8638,0.8984,0.8338,0.9812,0.9811,0.9816,0.9816,0.9839,0.8689,0.9073,0.8337
0.58,0.37,0.9816,0.8638,0.8984,0.8338,0.9812,0.9811,0.9816,0.9816,0.9839,0.8689,0.9073,0.8337
0.58,0.38,0.9816,0.8638,0.8984,0.8338,0.9812,0.9811,0.9816,0.9816,0.9839,0.8689,0.9073,0.8337
0.58,0.39,0.9814,0.862,0.898,0.8307,0.9809,0.9808,0.9814,0.9814,0.9836,0.8665,0.9069,0.8296
0.58,0.4,0.9814,0.862,0.898,0.8307,0.9809,0.9808,0.9814,0.9814,0.9836,0.8665,0.9069,0.8296
0.58,0.41,0.9815,0.8634,0.9033,0.8292,0.981,0.9809,0.9815,0.9815,0.9837,0.8672,0.9107,0.8276
0.58,0.42,0.9814,0.8612,0.9029,0.8257,0.9809,0.9808,0.9814,0.9814,0.9836,0.866,0.9105,0.8256
0.58,0.43,0.9814,0.8612,0.9029,0.8257,0.9809,0.9808,0.9814,0.9814,0.9836,0.866,0.9105,0.8256
0.58,0.44,0.9816,0.8617,0.9065,0.8239,0.9811,0.981,0.9816,0.9816,0.9839,0.8675,0.9165,0.8235
0.58,0.45,0.9814,0.8598,0.9061,0.8208,0.9808,0.9807,0.9814,0.9814,0.9836,0.8651,0.9161,0.8195
0.58,0.46,0.9811,0.8586,0.9057,0.8188,0.9805,0.9804,0.9811,0.9811,0.9833,0.8627,0.9157,0.8154
0.58,0.47,0.981,0.8574,0.9097,0.8139,0.9803,0.9803,0.981,0.981,0.9832,0.8608,0.9194,0.8093
0.58,0.48,0.9807,0.8555,0.9092,0.811,0.98,0.98,0.9807,0.9807,0.9829,0.8584,0.919,0.8053
0.58,0.49,0.9807,0.8554,0.91,0.8101,0.98,0.9799,0.9807,0.9807,0.9829,0.8581,0.9209,0.8032
0.58,0.5,0.9805,0.8535,0.9096,0.8072,0.9797,0.9796,0.9805,0.9805,0.9827,0.8556,0.9206,0.7992
0.58,0.51,0.9805,0.8535,0.9096,0.8072,0.9797,0.9796,0.9805,0.9805,0.9827,0.8556,0.9206,0.7992
0.58,0.52,0.9805,0.8545,0.9142,0.8057,0.9797,0.9796,0.9805,0.9805,0.9826,0.854,0.9224,0.7951
0.58,0.53,0.9806,0.855,0.9151,0.8057,0.9798,0.9798,0.9806,0.9806,0.9827,0.855,0.9245,0.7951
0.58,0.54,0.9805,0.854,0.9149,0.8041,0.9797,0.9796,0.9805,0.9805,0.9826,0.8537,0.9243,0.7931
0.58,0.55,0.9803,0.8517,0.9146,0.8006,0.9795,0.9795,0.9803,0.9803,0.9824,0.8525,0.9242,0.7911
0.58,0.56,0.9801,0.8501,0.9142,0.7981,0.9792,0.9792,0.9801,0.9801,0.9822,0.8499,0.9238,0.787
0.58,0.57,0.9798,0.8488,0.9138,0.7961,0.9789,0.9789,0.9798,0.9798,0.9819,0.8474,0.9234,0.783
0.58,0.58,0.9801,0.8502,0.917,0.7961,0.9792,0.9792,0.9801,0.9801,0.9822,0.8493,0.9279,0.783
0.59,0.0,0.9796,0.8463,0.9161,0.7901,0.9786,0.9786,0.9796,0.9796,0.9816,0.8442,0.9272,0.7748
0.59,0.01,0.957,0.7946,0.7273,0.9028,0.9623,0.973,0.957,0.957,0.9607,0.7588,0.6258,0.9635
0.59,0.02,0.9685,0.8249,0.7721,0.8991,0.971,0.9762,0.9685,0.9685,0.972,0.8132,0.7112,0.9493
0.59,0.03,0.9741,0.8495,0.8101,0.903,0.9757,0.979,0.9741,0.9741,0.9771,0.8409,0.7586,0.9432
0.59,0.04,0.9762,0.8547,0.8203,0.8994,0.9774,0.9798,0.9762,0.9762,0.9792,0.8524,0.7817,0.9371
0.59,0.05,0.9776,0.8603,0.8297,0.8994,0.9786,0.9806,0.9776,0.9776,0.9805,0.8601,0.7962,0.9351
0.59,0.06,0.9789,0.8644,0.8413,0.8937,0.9797,0.9812,0.9789,0.9789,0.9816,0.8664,0.8132,0.927
0.59,0.07,0.9802,0.8692,0.8495,0.894,0.9808,0.982,0.9802,0.9802,0.9829,0.8746,0.8279,0.927
0.59,0.08,0.9803,0.868,0.8522,0.8886,0.9809,0.9819,0.9803,0.9803,0.9831,0.8748,0.833,0.9209
0.59,0.09,0.9807,0.8676,0.8533,0.8851,0.9812,0.9819,0.9807,0.9807,0.9835,0.8766,0.8414,0.9148
0.59,0.1,0.9815,0.8701,0.8584,0.8843,0.9818,0.9824,0.9815,0.9815,0.9842,0.8815,0.8523,0.9128
0.59,0.11,0.982,0.8715,0.8634,0.8817,0.9823,0.9827,0.982,0.982,0.9848,0.8845,0.8615,0.9087
0.59,0.12,0.9823,0.8734,0.8663,0.8823,0.9825,0.9828,0.9823,0.9823,0.9849,0.8851,0.8646,0.9067
0.59,0.13,0.9826,0.874,0.8684,0.8814,0.9827,0.983,0.9826,0.9826,0.9852,0.8867,0.8694,0.9047
0.59,0.14,0.9828,0.876,0.8721,0.8814,0.9829,0.9832,0.9828,0.9828,0.9853,0.8873,0.8725,0.9026
0.59,0.15,0.9829,0.8766,0.8746,0.8799,0.983,0.9832,0.9829,0.9829,0.9854,0.888,0.8757,0.9006
0.59,0.16,0.9828,0.8757,0.8744,0.8783,0.9829,0.9831,0.9828,0.9828,0.9853,0.8869,0.8755,0.8986
0.59,0.17,0.9829,0.8758,0.8764,0.8764,0.983,0.9831,0.9829,0.9829,0.9854,0.8873,0.8802,0.8945
0.59,0.18,0.9827,0.8741,0.8759,0.8733,0.9827,0.9828,0.9827,0.9827,0.9852,0.8851,0.8798,0.8905
0.59,0.19,0.9831,0.8764,0.8803,0.8734,0.9831,0.9831,0.9831,0.9831,0.9855,0.8878,0.8851,0.8905
0.59,0.2,0.9829,0.8756,0.8807,0.8714,0.9829,0.9829,0.9829,0.9829,0.9854,0.8864,0.8864,0.8864
0.59,0.21,0.9832,0.877,0.8834,0.8714,0.9832,0.9832,0.9832,0.9832,0.9857,0.8882,0.89,0.8864
0.59,0.22,0.9831,0.8755,0.8837,0.8681,0.983,0.983,0.9831,0.9831,0.9855,0.8869,0.8914,0.8824
0.59,0.23,0.9829,0.8744,0.8834,0.8662,0.9829,0.9828,0.9829,0.9829,0.9854,0.8857,0.8912,0.8803
0.59,0.24,0.9828,0.8726,0.8836,0.8626,0.9827,0.9826,0.9828,0.9828,0.9853,0.8843,0.8926,0.8763
0.59,0.25,0.9831,0.8742,0.8869,0.8627,0.9829,0.9829,0.9831,0.9831,0.9855,0.8862,0.8963,0.8763
0.59,0.26,0.9829,0.8733,0.8867,0.8611,0.9828,0.9827,0.9829,0.9829,0.9854,0.885,0.896,0.8742
0.59,0.27,0.9832,0.8745,0.8893,0.8612,0.983,0.983,0.9832,0.9832,0.9857,0.8868,0.8998,0.8742
0.59,0.28,0.9829,0.8727,0.8903,0.8568,0.9827,0.9827,0.9829,0.9829,0.9854,0.8843,0.9011,0.8682
0.59,0.29,0.9826,0.8695,0.8896,0.8515,0.9823,0.9822,0.9826,0.9826,0.985,0.8808,0.9004,0.8621
0.59,0.3,0.9823,0.868,0.8891,0.849,0.982,0.9819,0.9823,0.9823,0.9848,0.8785,0.9,0.858
0.59,0.31,0.9822,0.8669,0.8889,0.8471,0.9819,0.9818,0.9822,0.9822,0.9846,0.8773,0.8998,0.856
0.59,0.32,0.982,0.866,0.8914,0.8434,0.9817,0.9816,0.982,0.982,0.9845,0.8757,0.903,0.8499
0.59,0.33,0.9822,0.8664,0.8923,0.8434,0.9818,0.9817,0.9822,0.9822,0.9846,0.8766,0.905,0.8499
0.59,0.34,0.9822,0.8662,0.896,0.84,0.9818,0.9816,0.9822,0.9822,0.9845,0.8749,0.9083,0.8438
0.59,0.35,0.9819,0.8653,0.8988,0.8364,0.9815,0.9814,0.9819,0.9819,0.9841,0.8713,0.9077,0.8377
0.59,0.36,0.9816,0.8638,0.8984,0.8338,0.9812,0.9811,0.9816,0.9816,0.9839,0.8689,0.9073,0.8337
0.59,0.37,0.9816,0.8638,0.8984,0.8338,0.9812,0.9811,0.9816,0.9816,0.9839,0.8689,0.9073,0.8337
0.59,0.38,0.9816,0.8638,0.8984,0.8338,0.9812,0.9811,0.9816,0.9816,0.9839,0.8689,0.9073,0.8337
0.59,0.39,0.9814,0.862,0.898,0.8307,0.9809,0.9808,0.9814,0.9814,0.9836,0.8665,0.9069,0.8296
0.59,0.4,0.9814,0.862,0.898,0.8307,0.9809,0.9808,0.9814,0.9814,0.9836,0.8665,0.9069,0.8296
0.59,0.41,0.9815,0.8634,0.9033,0.8292,0.981,0.9809,0.9815,0.9815,0.9837,0.8672,0.9107,0.8276
0.59,0.42,0.9814,0.8612,0.9029,0.8257,0.9809,0.9808,0.9814,0.9814,0.9836,0.866,0.9105,0.8256
0.59,0.43,0.9814,0.8612,0.9029,0.8257,0.9809,0.9808,0.9814,0.9814,0.9836,0.866,0.9105,0.8256
0.59,0.44,0.9816,0.8617,0.9065,0.8239,0.9811,0.981,0.9816,0.9816,0.9839,0.8675,0.9165,0.8235
0.59,0.45,0.9814,0.8598,0.9061,0.8208,0.9808,0.9807,0.9814,0.9814,0.9836,0.8651,0.9161,0.8195
0.59,0.46,0.9811,0.8586,0.9057,0.8188,0.9805,0.9804,0.9811,0.9811,0.9833,0.8627,0.9157,0.8154
0.59,0.47,0.981,0.8574,0.9097,0.8139,0.9803,0.9803,0.981,0.981,0.9832,0.8608,0.9194,0.8093
0.59,0.48,0.9807,0.8555,0.9092,0.811,0.98,0.98,0.9807,0.9807,0.9829,0.8584,0.919,0.8053
0.59,0.49,0.9807,0.8554,0.91,0.8101,0.98,0.9799,0.9807,0.9807,0.9829,0.8581,0.9209,0.8032
0.59,0.5,0.9805,0.8535,0.9096,0.8072,0.9797,0.9796,0.9805,0.9805,0.9827,0.8556,0.9206,0.7992
0.59,0.51,0.9805,0.8535,0.9096,0.8072,0.9797,0.9796,0.9805,0.9805,0.9827,0.8556,0.9206,0.7992
0.59,0.52,0.9805,0.8545,0.9142,0.8057,0.9797,0.9796,0.9805,0.9805,0.9826,0.854,0.9224,0.7951
0.59,0.53,0.9806,0.855,0.9151,0.8057,0.9798,0.9798,0.9806,0.9806,0.9827,0.855,0.9245,0.7951
0.59,0.54,0.9805,0.854,0.9149,0.8041,0.9797,0.9796,0.9805,0.9805,0.9826,0.8537,0.9243,0.7931
0.59,0.55,0.9803,0.8517,0.9146,0.8006,0.9795,0.9795,0.9803,0.9803,0.9824,0.8525,0.9242,0.7911
0.59,0.56,0.9801,0.8501,0.9142,0.7981,0.9792,0.9792,0.9801,0.9801,0.9822,0.8499,0.9238,0.787
0.59,0.57,0.9798,0.8488,0.9138,0.7961,0.9789,0.9789,0.9798,0.9798,0.9819,0.8474,0.9234,0.783
0.59,0.58,0.9801,0.8502,0.917,0.7961,0.9792,0.9792,0.9801,0.9801,0.9822,0.8493,0.9279,0.783
0.59,0.59,0.9796,0.8463,0.9161,0.7901,0.9786,0.9786,0.9796,0.9796,0.9816,0.8442,0.9272,0.7748
0.6,0.0,0.9797,0.8467,0.9171,0.7902,0.9787,0.9787,0.9797,0.9797,0.9818,0.8451,0.9294,0.7748
0.6,0.01,0.9574,0.7952,0.728,0.9029,0.9626,0.9731,0.9574,0.9574,0.9611,0.7606,0.6283,0.9635
0.6,0.02,0.9688,0.8255,0.7729,0.8992,0.9712,0.9763,0.9688,0.9688,0.9723,0.8146,0.7134,0.9493
0.6,0.03,0.9743,0.8502,0.811,0.903,0.9759,0.9791,0.9743,0.9743,0.9773,0.8424,0.761,0.9432
0.6,0.04,0.9764,0.8554,0.8214,0.8994,0.9776,0.9799,0.9764,0.9764,0.9794,0.854,0.7844,0.9371
0.6,0.05,0.9779,0.8611,0.8309,0.8995,0.9788,0.9807,0.9779,0.9779,0.9807,0.8617,0.799,0.9351
0.6,0.06,0.9792,0.8651,0.8425,0.8937,0.9799,0.9813,0.9792,0.9792,0.9819,0.868,0.8161,0.927
0.6,0.07,0.9805,0.87,0.8508,0.894,0.9811,0.9822,0.9805,0.9805,0.9832,0.8763,0.8309,0.927
0.6,0.08,0.9806,0.8688,0.8534,0.8886,0.9811,0.9821,0.9806,0.9806,0.9833,0.8764,0.8361,0.9209
0.6,0.09,0.9809,0.868,0.854,0.8852,0.9813,0.982,0.9809,0.9809,0.9836,0.8774,0.843,0.9148
0.6,0.1,0.9816,0.8705,0.8591,0.8844,0.982,0.9825,0.9816,0.9816,0.9844,0.8824,0.8539,0.9128
0.6,0.11,0.9822,0.8719,0.8641,0.8817,0.9824,0.9828,0.9822,0.9822,0.9849,0.8854,0.8632,0.9087
0.6,0.12,0.9824,0.8738,0.867,0.8823,0.9826,0.9829,0.9824,0.9824,0.985,0.886,0.8663,0.9067
0.6,0.13,0.9827,0.8744,0.8692,0.8814,0.9828,0.9831,0.9827,0.9827,0.9853,0.8876,0.8711,0.9047
0.6,0.14,0.9829,0.8764,0.8729,0.8814,0.9831,0.9833,0.9829,0.9829,0.9854,0.8882,0.8743,0.9026
0.6,0.15,0.9831,0.877,0.8754,0.8799,0.9832,0.9833,0.9831,0.9831,0.9855,0.8889,0.8775,0.9006
0.6,0.16,0.9829,0.8762,0.8752,0.8784,0.983,0.9832,0.9829,0.9829,0.9854,0.8878,0.8772,0.8986
0.6,0.17,0.9831,0.8763,0.8772,0.8764,0.9831,0.9832,0.9831,0.9831,0.9855,0.8882,0.882,0.8945
0.6,0.18,0.9828,0.8745,0.8767,0.8733,0.9828,0.9829,0.9828,0.9828,0.9853,0.886,0.8815,0.8905
0.6,0.19,0.9832,0.8768,0.8811,0.8734,0.9832,0.9832,0.9832,0.9832,0.9857,0.8887,0.8869,0.8905
0.6,0.2,0.9831,0.876,0.8816,0.8714,0.983,0.9831,0.9831,0.9831,0.9855,0.8873,0.8882,0.8864
0.6,0.21,0.9833,0.8774,0.8842,0.8715,0.9833,0.9833,0.9833,0.9833,0.9858,0.8891,0.8918,0.8864
0.6,0.22,0.9832,0.8759,0.8845,0.8681,0.9831,0.9831,0.9832,0.9832,0.9857,0.8878,0.8932,0.8824
0.6,0.23,0.9831,0.8748,0.8842,0.8663,0.983,0.9829,0.9831,0.9831,0.9855,0.8866,0.893,0.8803
0.6,0.24,0.9829,0.873,0.8844,0.8626,0.9828,0.9828,0.9829,0.9829,0.9854,0.8852,0.8944,0.8763
0.6,0.25,0.9832,0.8746,0.8878,0.8627,0.9831,0.983,0.9832,0.9832,0.9857,0.8871,0.8981,0.8763
0.6,0.26,0.9831,0.8737,0.8875,0.8611,0.9829,0.9828,0.9831,0.9831,0.9855,0.8859,0.8979,0.8742
0.6,0.27,0.9833,0.875,0.8901,0.8612,0.9832,0.9831,0.9833,0.9833,0.9858,0.8877,0.9017,0.8742
0.6,0.28,0.9831,0.8732,0.8912,0.8568,0.9829,0.9828,0.9831,0.9831,0.9855,0.8852,0.903,0.8682
0.6,0.29,0.9827,0.87,0.8904,0.8516,0.9824,0.9823,0.9827,0.9827,0.9852,0.8817,0.9023,0.8621
0.6,0.3,0.9824,0.8685,0.89,0.849,0.9822,0.982,0.9824,0.9824,0.9849,0.8794,0.9019,0.858
0.6,0.31,0.9823,0.8673,0.8897,0.8472,0.982,0.9819,0.9823,0.9823,0.9848,0.8783,0.9017,0.856
0.6,0.32,0.9822,0.8664,0.8923,0.8434,0.9818,0.9817,0.9822,0.9822,0.9846,0.8766,0.905,0.8499
0.6,0.33,0.9823,0.8668,0.8932,0.8434,0.982,0.9818,0.9823,0.9823,0.9848,0.8775,0.9069,0.8499
0.6,0.34,0.9823,0.8667,0.8969,0.8401,0.9819,0.9818,0.9823,0.9823,0.9846,0.8758,0.9103,0.8438
0.6,0.35,0.982,0.8658,0.8997,0.8364,0.9816,0.9815,0.982,0.982,0.9842,0.8722,0.9097,0.8377
0.6,0.36,0.9818,0.8642,0.8993,0.8338,0.9813,0.9812,0.9818,0.9818,0.984,0.8698,0.9093,0.8337
0.6,0.37,0.9818,0.8642,0.8993,0.8338,0.9813,0.9812,0.9818,0.9818,0.984,0.8698,0.9093,0.8337
0.6,0.38,0.9818,0.8642,0.8993,0.8338,0.9813,0.9812,0.9818,0.9818,0.984,0.8698,0.9093,0.8337
0.6,0.39,0.9815,0.8624,0.8989,0.8307,0.981,0.9809,0.9815,0.9815,0.9837,0.8674,0.9089,0.8296
0.6,0.4,0.9815,0.8624,0.8989,0.8307,0.981,0.9809,0.9815,0.9815,0.9837,0.8674,0.9089,0.8296
0.6,0.41,0.9816,0.8639,0.9042,0.8292,0.9811,0.981,0.9816,0.9816,0.9839,0.8681,0.9128,0.8276
0.6,0.42,0.9815,0.8617,0.9038,0.8257,0.981,0.9809,0.9815,0.9815,0.9837,0.8669,0.9126,0.8256
0.6,0.43,0.9815,0.8617,0.9038,0.8257,0.981,0.9809,0.9815,0.9815,0.9837,0.8669,0.9126,0.8256
0.6,0.44,0.9818,0.8621,0.9074,0.8239,0.9812,0.9811,0.9818,0.9818,0.984,0.8684,0.9186,0.8235
0.6,0.45,0.9815,0.8602,0.907,0.8208,0.9809,0.9808,0.9815,0.9815,0.9837,0.866,0.9182,0.8195
0.6,0.46,0.9812,0.859,0.9066,0.8188,0.9806,0.9805,0.9812,0.9812,0.9835,0.8636,0.9178,0.8154
0.6,0.47,0.9811,0.8579,0.9106,0.8139,0.9804,0.9804,0.9811,0.9811,0.9833,0.8618,0.9215,0.8093
0.6,0.48,0.9809,0.856,0.9102,0.8111,0.9801,0.9801,0.9809,0.9809,0.9831,0.8593,0.9211,0.8053
0.6,0.49,0.9809,0.8558,0.911,0.8101,0.9801,0.9801,0.9809,0.9809,0.9831,0.859,0.9231,0.8032
0.6,0.5,0.9806,0.8539,0.9105,0.8072,0.9798,0.9798,0.9806,0.9806,0.9828,0.8565,0.9227,0.7992
0.6,0.51,0.9806,0.8539,0.9105,0.8072,0.9798,0.9798,0.9806,0.9806,0.9828,0.8565,0.9227,0.7992
0.6,0.52,0.9806,0.855,0.9151,0.8057,0.9798,0.9798,0.9806,0.9806,0.9827,0.855,0.9245,0.7951
0.6,0.53,0.9807,0.8554,0.9161,0.8057,0.9799,0.9799,0.9807,0.9807,0.9828,0.8559,0.9267,0.7951
0.6,0.54,0.9806,0.8544,0.9159,0.8042,0.9798,0.9798,0.9806,0.9806,0.9827,0.8546,0.9265,0.7931
0.6,0.55,0.9805,0.8522,0.9156,0.8007,0.9796,0.9796,0.9805,0.9805,0.9826,0.8534,0.9264,0.7911
0.6,0.56,0.9802,0.8506,0.9151,0.7981,0.9793,0.9793,0.9802,0.9802,0.9823,0.8509,0.926,0.787
0.6,0.57,0.9799,0.8493,0.9148,0.7961,0.979,0.979,0.9799,0.9799,0.982,0.8484,0.9257,0.783
0.6,0.58,0.9802,0.8507,0.918,0.7961,0.9793,0.9793,0.9802,0.9802,0.9823,0.8502,0.9301,0.783
0.6,0.59,0.9797,0.8467,0.9171,0.7902,0.9787,0.9787,0.9797,0.9797,0.9818,0.8451,0.9294,0.7748
0.6,0.6,0.9797,0.8467,0.9171,0.7902,0.9787,0.9787,0.9797,0.9797,0.9818,0.8451,0.9294,0.7748
0.61,0.0,0.9794,0.8468,0.9248,0.7855,0.9784,0.9785,0.9794,0.9794,0.9814,0.8409,0.931,0.7667
0.61,0.01,0.9578,0.804,0.7413,0.9084,0.963,0.9735,0.9578,0.9578,0.9611,0.7606,0.6283,0.9635
0.61,0.02,0.9691,0.834,0.7861,0.9047,0.9716,0.9768,0.9691,0.9691,0.9723,0.8146,0.7134,0.9493
0.61,0.03,0.9747,0.859,0.8256,0.9085,0.9763,0.9796,0.9747,0.9747,0.9773,0.8424,0.761,0.9432
0.61,0.04,0.9768,0.8643,0.8359,0.9049,0.978,0.9805,0.9768,0.9768,0.9794,0.854,0.7844,0.9371
0.61,0.05,0.9783,0.8699,0.8453,0.905,0.9792,0.9813,0.9783,0.9783,0.9807,0.8617,0.799,0.9351
0.61,0.06,0.9796,0.8739,0.8571,0.8992,0.9803,0.9819,0.9796,0.9796,0.9819,0.868,0.8161,0.927
0.61,0.07,0.9809,0.8788,0.8652,0.8995,0.9815,0.9827,0.9809,0.9809,0.9832,0.8763,0.8309,0.927
0.61,0.08,0.981,0.8776,0.8682,0.8941,0.9815,0.9826,0.981,0.981,0.9833,0.8764,0.8361,0.9209
0.61,0.09,0.9812,0.8767,0.8681,0.8907,0.9817,0.9825,0.9812,0.9812,0.9836,0.8774,0.843,0.9148
0.61,0.1,0.982,0.8792,0.8732,0.8899,0.9824,0.983,0.982,0.982,0.9844,0.8824,0.8539,0.9128
0.61,0.11,0.9826,0.8806,0.8781,0.8872,0.9828,0.9833,0.9826,0.9826,0.9849,0.8854,0.8632,0.9087
0.61,0.12,0.9829,0.8832,0.8824,0.8878,0.9831,0.9835,0.9829,0.9829,0.9852,0.8869,0.868,0.9067
0.61,0.13,0.9832,0.8839,0.8846,0.8869,0.9834,0.9837,0.9832,0.9832,0.9854,0.8884,0.8728,0.9047
0.61,0.14,0.9835,0.8858,0.8882,0.887,0.9836,0.9839,0.9835,0.9835,0.9855,0.8891,0.876,0.9026
0.61,0.15,0.9836,0.8865,0.8907,0.8855,0.9837,0.9839,0.9836,0.9836,0.9857,0.8898,0.8792,0.9006
0.61,0.16,0.9833,0.8846,0.8902,0.8821,0.9834,0.9836,0.9833,0.9833,0.9854,0.8876,0.8787,0.8966
0.61,0.17,0.9835,0.8847,0.8922,0.8801,0.9835,0.9837,0.9835,0.9835,0.9855,0.888,0.8835,0.8925
0.61,0.18,0.9832,0.883,0.8917,0.877,0.9832,0.9834,0.9832,0.9832,0.9853,0.8857,0.8831,0.8884
0.61,0.19,0.9836,0.8852,0.8961,0.8771,0.9836,0.9837,0.9836,0.9836,0.9857,0.8884,0.8884,0.8884
0.61,0.2,0.9835,0.8845,0.8965,0.8751,0.9834,0.9835,0.9835,0.9835,0.9855,0.8871,0.8898,0.8844
0.61,0.21,0.9837,0.8859,0.8991,0.8752,0.9837,0.9837,0.9837,0.9837,0.9858,0.8889,0.8934,0.8844
0.61,0.22,0.9836,0.8843,0.8995,0.8718,0.9835,0.9835,0.9836,0.9836,0.9857,0.8875,0.8948,0.8803
0.61,0.23,0.9835,0.8833,0.8992,0.87,0.9834,0.9834,0.9835,0.9835,0.9855,0.8864,0.8946,0.8783
0.61,0.24,0.9833,0.8815,0.8994,0.8663,0.9832,0.9832,0.9833,0.9833,0.9854,0.885,0.896,0.8742
0.61,0.25,0.9836,0.8831,0.9027,0.8664,0.9835,0.9834,0.9836,0.9836,0.9857,0.8868,0.8998,0.8742
0.61,0.26,0.9835,0.8822,0.9025,0.8648,0.9833,0.9833,0.9835,0.9835,0.9855,0.8857,0.8996,0.8722
0.61,0.27,0.9837,0.8835,0.905,0.8649,0.9836,0.9835,0.9837,0.9837,0.9858,0.8875,0.9034,0.8722
0.61,0.28,0.9835,0.8817,0.9061,0.8605,0.9833,0.9832,0.9835,0.9835,0.9855,0.885,0.9047,0.8661
0.61,0.29,0.9831,0.8785,0.9053,0.8553,0.9828,0.9828,0.9831,0.9831,0.9852,0.8815,0.9041,0.86
0.61,0.3,0.9828,0.877,0.9049,0.8527,0.9826,0.9825,0.9828,0.9828,0.9849,0.8792,0.9036,0.856
0.61,0.31,0.9827,0.8759,0.9046,0.8509,0.9824,0.9823,0.9827,0.9827,0.9848,0.878,0.9034,0.854
0.61,0.32,0.9826,0.875,0.9072,0.8471,0.9822,0.9821,0.9826,0.9826,0.9846,0.8763,0.9067,0.8479
0.61,0.33,0.9827,0.8755,0.9081,0.8471,0.9824,0.9823,0.9827,0.9827,0.9848,0.8772,0.9087,0.8479
0.61,0.34,0.9827,0.8753,0.9118,0.8438,0.9823,0.9822,0.9827,0.9827,0.9846,0.8755,0.9121,0.8418
0.61,0.35,0.9824,0.8729,0.9113,0.8401,0.982,0.9819,0.9824,0.9824,0.9844,0.8732,0.9117,0.8377
0.61,0.36,0.9822,0.8714,0.9109,0.8375,0.9817,0.9816,0.9822,0.9822,0.9841,0.8708,0.9113,0.8337
0.61,0.37,0.982,0.8702,0.9106,0.8357,0.9816,0.9815,0.982,0.982,0.984,0.8696,0.9111,0.8316
0.61,0.38,0.982,0.8702,0.9106,0.8357,0.9816,0.9815,0.982,0.982,0.984,0.8696,0.9111,0.8316
0.61,0.39,0.9818,0.8684,0.9102,0.8326,0.9813,0.9812,0.9818,0.9818,0.9837,0.8672,0.9107,0.8276
0.61,0.4,0.9816,0.8671,0.9099,0.8307,0.9811,0.981,0.9816,0.9816,0.9836,0.866,0.9105,0.8256
0.61,0.41,0.9818,0.8687,0.9157,0.8292,0.9813,0.9812,0.9818,0.9818,0.9837,0.8666,0.9144,0.8235
0.61,0.42,0.9816,0.8665,0.9155,0.8257,0.9811,0.9811,0.9816,0.9816,0.9836,0.8654,0.9142,0.8215
0.61,0.43,0.9816,0.8665,0.9155,0.8257,0.9811,0.9811,0.9816,0.9816,0.9836,0.8654,0.9142,0.8215
0.61,0.44,0.9819,0.867,0.9191,0.824,0.9813,0.9813,0.9819,0.9819,0.9839,0.867,0.9203,0.8195
0.61,0.45,0.9816,0.8651,0.9187,0.8208,0.981,0.981,0.9816,0.9816,0.9836,0.8645,0.9199,0.8154
0.61,0.46,0.9814,0.8638,0.9183,0.8188,0.9808,0.9807,0.9814,0.9814,0.9833,0.8621,0.9195,0.8114
0.61,0.47,0.9812,0.8628,0.9228,0.8139,0.9806,0.9806,0.9812,0.9812,0.9832,0.8602,0.9233,0.8053
0.61,0.48,0.981,0.8609,0.9223,0.8111,0.9803,0.9803,0.981,0.981,0.9829,0.8578,0.9229,0.8012
0.61,0.49,0.981,0.8607,0.9231,0.8101,0.9802,0.9803,0.981,0.981,0.9829,0.8575,0.9249,0.7992
0.61,0.5,0.9807,0.8588,0.9227,0.8073,0.9799,0.98,0.9807,0.9807,0.9827,0.855,0.9245,0.7951
0.61,0.51,0.9807,0.8588,0.9227,0.8073,0.9799,0.98,0.9807,0.9807,0.9827,0.855,0.9245,0.7951
0.61,0.52,0.9807,0.8583,0.9234,0.8057,0.9799,0.98,0.9807,0.9807,0.9827,0.8546,0.9265,0.7931
0.61,0.53,0.9809,0.8587,0.9244,0.8058,0.98,0.9801,0.9809,0.9809,0.9828,0.8556,0.9287,0.7931
0.61,0.54,0.9807,0.8578,0.9242,0.8042,0.9799,0.9799,0.9807,0.9807,0.9827,0.8543,0.9286,0.7911
0.61,0.55,0.9806,0.8555,0.924,0.8007,0.9798,0.9798,0.9806,0.9806,0.9826,0.8531,0.9284,0.789
0.61,0.56,0.9803,0.8539,0.9236,0.7981,0.9795,0.9795,0.9803,0.9803,0.9823,0.8505,0.9281,0.785
0.61,0.57,0.9801,0.8526,0.9233,0.7961,0.9792,0.9792,0.9801,0.9801,0.982,0.848,0.9277,0.7809
0.61,0.58,0.9803,0.854,0.9264,0.7962,0.9794,0.9795,0.9803,0.9803,0.9823,0.8499,0.9322,0.7809
0.61,0.59,0.9798,0.85,0.9256,0.7902,0.9788,0.9789,0.9798,0.9798,0.9818,0.8448,0.9315,0.7728
0.61,0.6,0.9798,0.85,0.9256,0.7902,0.9788,0.9789,0.9798,0.9798,0.9818,0.8448,0.9315,0.7728
0.61,0.61,0.9794,0.8468,0.9248,0.7855,0.9784,0.9785,0.9794,0.9794,0.9814,0.8409,0.931,0.7667
0.62,0.0,0.9793,0.8457,0.9276,0.7822,0.9782,0.9784,0.9793,0.9793,0.9811,0.838,0.9328,0.7606
0.62,0.01,0.959,0.8112,0.7442,0.9209,0.9638,0.9741,0.959,0.959,0.9613,0.7622,0.6296,0.9655
0.62,0.02,0.9699,0.8405,0.7904,0.9141,0.9723,0.9773,0.9699,0.9699,0.9723,0.8146,0.7134,0.9493
0.62,0.03,0.9751,0.8623,0.8278,0.9132,0.9766,0.9799,0.9751,0.9751,0.9773,0.8424,0.761,0.9432
0.62,0.04,0.9772,0.8677,0.8384,0.9096,0.9784,0.9807,0.9772,0.9772,0.9794,0.854,0.7844,0.9371
0.62,0.05,0.9784,0.8714,0.8466,0.9065,0.9793,0.9813,0.9784,0.9784,0.9806,0.8606,0.7986,0.9331
0.62,0.06,0.9797,0.8754,0.8585,0.9008,0.9804,0.9819,0.9797,0.9797,0.9818,0.8669,0.8157,0.9249
0.62,0.07,0.981,0.8803,0.8667,0.9011,0.9816,0.9828,0.981,0.981,0.9831,0.8752,0.8306,0.9249
0.62,0.08,0.9811,0.8792,0.8697,0.8957,0.9816,0.9827,0.9811,0.9811,0.9832,0.8754,0.8358,0.9189
0.62,0.09,0.9814,0.8783,0.8696,0.8922,0.9818,0.9826,0.9814,0.9814,0.9835,0.8763,0.8427,0.9128
0.62,0.1,0.9822,0.8808,0.8749,0.8914,0.9825,0.9831,0.9822,0.9822,0.9842,0.8813,0.8536,0.9108
0.62,0.11,0.9827,0.8823,0.8798,0.8888,0.9829,0.9834,0.9827,0.9827,0.9848,0.8843,0.8629,0.9067
0.62,0.12,0.9829,0.8836,0.8832,0.8878,0.9831,0.9835,0.9829,0.9829,0.985,0.8858,0.8677,0.9047
0.62,0.13,0.9832,0.8843,0.8853,0.8869,0.9833,0.9837,0.9832,0.9832,0.9853,0.8873,0.8725,0.9026
0.62,0.14,0.9835,0.8862,0.889,0.887,0.9836,0.9838,0.9835,0.9835,0.9854,0.888,0.8757,0.9006
0.62,0.15,0.9836,0.8869,0.8915,0.8855,0.9837,0.9839,0.9836,0.9836,0.9855,0.8887,0.879,0.8986
0.62,0.16,0.9833,0.885,0.8909,0.8821,0.9834,0.9836,0.9833,0.9833,0.9853,0.8864,0.8785,0.8945
0.62,0.17,0.9835,0.8851,0.893,0.8801,0.9835,0.9836,0.9835,0.9835,0.9854,0.8869,0.8833,0.8905
0.62,0.18,0.9832,0.8834,0.8925,0.877,0.9832,0.9833,0.9832,0.9832,0.9852,0.8846,0.8828,0.8864
0.62,0.19,0.9836,0.8856,0.8969,0.8771,0.9836,0.9837,0.9836,0.9836,0.9855,0.8873,0.8882,0.8864
0.62,0.2,0.9835,0.8849,0.8973,0.8751,0.9834,0.9835,0.9835,0.9835,0.9854,0.8859,0.8896,0.8824
0.62,0.21,0.9837,0.8863,0.9,0.8752,0.9837,0.9837,0.9837,0.9837,0.9857,0.8878,0.8932,0.8824
0.62,0.22,0.9836,0.8848,0.9003,0.8718,0.9835,0.9835,0.9836,0.9836,0.9855,0.8864,0.8946,0.8783
0.62,0.23,0.9835,0.8837,0.9,0.87,0.9834,0.9834,0.9835,0.9835,0.9854,0.8852,0.8944,0.8763
0.62,0.24,0.9833,0.8819,0.9002,0.8663,0.9832,0.9832,0.9833,0.9833,0.9853,0.8839,0.8958,0.8722
0.62,0.25,0.9836,0.8835,0.9035,0.8664,0.9834,0.9834,0.9836,0.9836,0.9855,0.8857,0.8996,0.8722
0.62,0.26,0.9835,0.8826,0.9033,0.8648,0.9833,0.9833,0.9835,0.9835,0.9854,0.8845,0.8994,0.8702
0.62,0.27,0.9837,0.8839,0.9059,0.8649,0.9836,0.9835,0.9837,0.9837,0.9857,0.8864,0.9032,0.8702
0.62,0.28,0.9835,0.8821,0.9069,0.8605,0.9833,0.9832,0.9835,0.9835,0.9854,0.8838,0.9045,0.8641
0.62,0.29,0.9831,0.879,0.9062,0.8553,0.9828,0.9828,0.9831,0.9831,0.985,0.8803,0.9038,0.858
0.62,0.3,0.9828,0.8775,0.9058,0.8527,0.9825,0.9825,0.9828,0.9828,0.9848,0.878,0.9034,0.854
0.62,0.31,0.9827,0.8763,0.9055,0.8509,0.9824,0.9823,0.9827,0.9827,0.9846,0.8768,0.9032,0.8519
0.62,0.32,0.9826,0.8754,0.9081,0.8471,0.9822,0.9821,0.9826,0.9826,0.9845,0.8751,0.9065,0.8458
0.62,0.33,0.9827,0.8759,0.909,0.8471,0.9823,0.9822,0.9827,0.9827,0.9846,0.8761,0.9085,0.8458
0.62,0.34,0.9827,0.8757,0.9127,0.8438,0.9823,0.9822,0.9827,0.9827,0.9845,0.8743,0.9119,0.8398
0.62,0.35,0.9824,0.8734,0.9121,0.8401,0.982,0.9819,0.9824,0.9824,0.9842,0.872,0.9115,0.8357
0.62,0.36,0.9822,0.8718,0.9117,0.8375,0.9817,0.9816,0.9822,0.9822,0.984,0.8696,0.9111,0.8316
0.62,0.37,0.982,0.8706,0.9115,0.8357,0.9816,0.9815,0.982,0.982,0.9839,0.8684,0.9109,0.8296
0.62,0.38,0.982,0.8706,0.9115,0.8357,0.9816,0.9815,0.982,0.982,0.9839,0.8684,0.9109,0.8296
0.62,0.39,0.9818,0.8688,0.911,0.8326,0.9813,0.9812,0.9818,0.9818,0.9836,0.866,0.9105,0.8256
0.62,0.4,0.9816,0.8676,0.9108,0.8307,0.9811,0.981,0.9816,0.9816,0.9835,0.8647,0.9103,0.8235
0.62,0.41,0.9818,0.8691,0.9165,0.8292,0.9812,0.9812,0.9818,0.9818,0.9836,0.8654,0.9142,0.8215
0.62,0.42,0.9816,0.8669,0.9163,0.8257,0.9811,0.9811,0.9816,0.9816,0.9835,0.8642,0.914,0.8195
0.62,0.43,0.9816,0.8669,0.9163,0.8257,0.9811,0.9811,0.9816,0.9816,0.9835,0.8642,0.914,0.8195
0.62,0.44,0.9819,0.8674,0.92,0.824,0.9813,0.9813,0.9819,0.9819,0.9837,0.8657,0.9201,0.8174
0.62,0.45,0.9816,0.8655,0.9195,0.8208,0.981,0.981,0.9816,0.9816,0.9835,0.8633,0.9197,0.8134
0.62,0.46,0.9814,0.8642,0.9192,0.8188,0.9807,0.9807,0.9814,0.9814,0.9832,0.8608,0.9194,0.8093
0.62,0.47,0.9812,0.8632,0.9237,0.8139,0.9806,0.9806,0.9812,0.9812,0.9831,0.859,0.9231,0.8032
0.62,0.48,0.981,0.8613,0.9233,0.8111,0.9803,0.9803,0.981,0.981,0.9828,0.8565,0.9227,0.7992
0.62,0.49,0.981,0.8611,0.9241,0.8101,0.9802,0.9803,0.981,0.981,0.9828,0.8562,0.9247,0.7972
0.62,0.5,0.9807,0.8592,0.9236,0.8073,0.9799,0.98,0.9807,0.9807,0.9826,0.8537,0.9243,0.7931
0.62,0.51,0.9807,0.8592,0.9236,0.8073,0.9799,0.98,0.9807,0.9807,0.9826,0.8537,0.9243,0.7931
0.62,0.52,0.9807,0.8587,0.9244,0.8057,0.9799,0.98,0.9807,0.9807,0.9826,0.8534,0.9264,0.7911
0.62,0.53,0.9809,0.8592,0.9254,0.8058,0.98,0.9801,0.9809,0.9809,0.9827,0.8543,0.9286,0.7911
0.62,0.54,0.9807,0.8582,0.9251,0.8042,0.9799,0.9799,0.9807,0.9807,0.9826,0.8531,0.9284,0.789
0.62,0.55,0.9806,0.8559,0.925,0.8007,0.9797,0.9798,0.9806,0.9806,0.9824,0.8518,0.9282,0.787
0.62,0.56,0.9803,0.8543,0.9246,0.7981,0.9795,0.9795,0.9803,0.9803,0.9822,0.8493,0.9279,0.783
0.62,0.57,0.9801,0.853,0.9243,0.7961,0.9792,0.9792,0.9801,0.9801,0.9819,0.8467,0.9275,0.7789
0.62,0.58,0.9803,0.8544,0.9274,0.7962,0.9794,0.9795,0.9803,0.9803,0.9822,0.8486,0.932,0.7789
0.62,0.59,0.9798,0.8505,0.9265,0.7902,0.9788,0.9789,0.9798,0.9798,0.9816,0.8435,0.9314,0.7708
0.62,0.6,0.9798,0.8505,0.9265,0.7902,0.9788,0.9789,0.9798,0.9798,0.9816,0.8435,0.9314,0.7708
0.62,0.61,0.9794,0.8472,0.9258,0.7855,0.9784,0.9785,0.9794,0.9794,0.9812,0.8396,0.9309,0.7647
0.62,0.62,0.9793,0.8457,0.9276,0.7822,0.9782,0.9784,0.9793,0.9793,0.9811,0.838,0.9328,0.7606
0.63,0.0,0.979,0.8428,0.9296,0.7768,0.9779,0.9781,0.979,0.979,0.9807,0.8341,0.9323,0.7546
0.63,0.01,0.9591,0.8138,0.7457,0.9244,0.9639,0.9741,0.9591,0.9591,0.9613,0.7622,0.6296,0.9655
0.63,0.02,0.9701,0.8432,0.7918,0.9176,0.9724,0.9774,0.9701,0.9701,0.9723,0.8146,0.7134,0.9493
0.63,0.03,0.9753,0.8651,0.8291,0.9167,0.9768,0.98,0.9753,0.9753,0.9773,0.8424,0.761,0.9432
0.63,0.04,0.9773,0.8705,0.8397,0.9131,0.9785,0.9808,0.9773,0.9773,0.9794,0.854,0.7844,0.9371
0.63,0.05,0.9785,0.8742,0.848,0.91,0.9795,0.9814,0.9785,0.9785,0.9806,0.8606,0.7986,0.9331
0.63,0.06,0.9798,0.8783,0.8599,0.9043,0.9805,0.982,0.9798,0.9798,0.9818,0.8669,0.8157,0.9249
0.63,0.07,0.9811,0.8832,0.8682,0.9046,0.9817,0.9829,0.9811,0.9811,0.9831,0.8752,0.8306,0.9249
0.63,0.08,0.9812,0.882,0.8712,0.8992,0.9818,0.9828,0.9812,0.9812,0.9832,0.8754,0.8358,0.9189
0.63,0.09,0.9815,0.8811,0.8712,0.8958,0.9819,0.9827,0.9815,0.9815,0.9835,0.8763,0.8427,0.9128
0.63,0.1,0.9823,0.8837,0.8765,0.8949,0.9826,0.9832,0.9823,0.9823,0.9842,0.8813,0.8536,0.9108
0.63,0.11,0.9828,0.8852,0.8815,0.8923,0.983,0.9835,0.9828,0.9828,0.9848,0.8843,0.8629,0.9067
0.63,0.12,0.9831,0.8865,0.8849,0.8913,0.9833,0.9836,0.9831,0.9831,0.985,0.8858,0.8677,0.9047
0.63,0.13,0.9833,0.8872,0.887,0.8904,0.9835,0.9838,0.9833,0.9833,0.9853,0.8873,0.8725,0.9026
0.63,0.14,0.9836,0.8892,0.8907,0.8905,0.9837,0.984,0.9836,0.9836,0.9854,0.888,0.8757,0.9006
0.63,0.15,0.9837,0.8898,0.8932,0.889,0.9838,0.984,0.9837,0.9837,0.9855,0.8887,0.879,0.8986
0.63,0.16,0.9835,0.8879,0.8927,0.8856,0.9835,0.9837,0.9835,0.9835,0.9853,0.8864,0.8785,0.8945
0.63,0.17,0.9836,0.888,0.8948,0.8837,0.9836,0.9838,0.9836,0.9836,0.9854,0.8869,0.8833,0.8905
0.63,0.18,0.9833,0.8863,0.8943,0.8805,0.9833,0.9835,0.9833,0.9833,0.9852,0.8846,0.8828,0.8864
0.63,0.19,0.9837,0.8886,0.8987,0.8806,0.9837,0.9838,0.9837,0.9837,0.9855,0.8873,0.8882,0.8864
0.63,0.2,0.9836,0.8878,0.8992,0.8786,0.9836,0.9836,0.9836,0.9836,0.9854,0.8859,0.8896,0.8824
0.63,0.21,0.9839,0.8892,0.9018,0.8787,0.9838,0.9838,0.9839,0.9839,0.9857,0.8878,0.8932,0.8824
0.63,0.22,0.9837,0.8877,0.9022,0.8753,0.9836,0.9836,0.9837,0.9837,0.9855,0.8864,0.8946,0.8783
0.63,0.23,0.9836,0.8866,0.9019,0.8735,0.9835,0.9835,0.9836,0.9836,0.9854,0.8852,0.8944,0.8763
0.63,0.24,0.9835,0.8849,0.9021,0.8698,0.9833,0.9833,0.9835,0.9835,0.9853,0.8839,0.8958,0.8722
0.63,0.25,0.9837,0.8865,0.9055,0.8699,0.9836,0.9835,0.9837,0.9837,0.9855,0.8857,0.8996,0.8722
0.63,0.26,0.9836,0.8856,0.9053,0.8683,0.9834,0.9834,0.9836,0.9836,0.9854,0.8845,0.8994,0.8702
0.63,0.27,0.9839,0.8869,0.9079,0.8684,0.9837,0.9836,0.9839,0.9839,0.9857,0.8864,0.9032,0.8702
0.63,0.28,0.9836,0.8851,0.909,0.864,0.9834,0.9833,0.9836,0.9836,0.9854,0.8838,0.9045,0.8641
0.63,0.29,0.9832,0.8819,0.9082,0.8588,0.983,0.9829,0.9832,0.9832,0.985,0.8803,0.9038,0.858
0.63,0.3,0.9829,0.8804,0.9078,0.8562,0.9827,0.9826,0.9829,0.9829,0.9848,0.878,0.9034,0.854
0.63,0.31,0.9828,0.8793,0.9076,0.8544,0.9825,0.9825,0.9828,0.9828,0.9846,0.8768,0.9032,0.8519
0.63,0.32,0.9827,0.8784,0.9102,0.8506,0.9824,0.9823,0.9827,0.9827,0.9845,0.8751,0.9065,0.8458
0.63,0.33,0.9828,0.8788,0.9111,0.8506,0.9825,0.9824,0.9828,0.9828,0.9846,0.8761,0.9085,0.8458
0.63,0.34,0.9828,0.8787,0.9149,0.8473,0.9824,0.9823,0.9828,0.9828,0.9845,0.8743,0.9119,0.8398
0.63,0.35,0.9826,0.8763,0.9144,0.8436,0.9821,0.9821,0.9826,0.9826,0.9842,0.872,0.9115,0.8357
0.63,0.36,0.9823,0.8748,0.914,0.841,0.9819,0.9818,0.9823,0.9823,0.984,0.8696,0.9111,0.8316
0.63,0.37,0.982,0.8714,0.9134,0.8357,0.9816,0.9815,0.982,0.982,0.9837,0.8672,0.9107,0.8276
0.63,0.38,0.982,0.8714,0.9134,0.8357,0.9816,0.9815,0.982,0.982,0.9837,0.8672,0.9107,0.8276
0.63,0.39,0.9818,0.8696,0.913,0.8326,0.9813,0.9812,0.9818,0.9818,0.9835,0.8647,0.9103,0.8235
0.63,0.4,0.9816,0.8684,0.9127,0.8307,0.9811,0.9811,0.9816,0.9816,0.9833,0.8635,0.9101,0.8215
0.63,0.41,0.9818,0.8699,0.9186,0.8292,0.9812,0.9812,0.9818,0.9818,0.9835,0.8642,0.914,0.8195
0.63,0.42,0.9816,0.8677,0.9184,0.8257,0.9811,0.9811,0.9816,0.9816,0.9833,0.863,0.9138,0.8174
0.63,0.43,0.9816,0.8677,0.9184,0.8257,0.9811,0.9811,0.9816,0.9816,0.9833,0.863,0.9138,0.8174
0.63,0.44,0.9819,0.8682,0.9221,0.824,0.9813,0.9813,0.9819,0.9819,0.9836,0.8645,0.9199,0.8154
0.63,0.45,0.9816,0.8663,0.9217,0.8208,0.981,0.981,0.9816,0.9816,0.9833,0.8621,0.9195,0.8114
0.63,0.46,0.9814,0.8651,0.9213,0.8188,0.9807,0.9807,0.9814,0.9814,0.9831,0.8596,0.9192,0.8073
0.63,0.47,0.9812,0.864,0.9258,0.8139,0.9805,0.9806,0.9812,0.9812,0.9829,0.8578,0.9229,0.8012
0.63,0.48,0.981,0.8621,0.9254,0.8111,0.9803,0.9803,0.981,0.981,0.9827,0.8553,0.9225,0.7972
0.63,0.49,0.981,0.862,0.9262,0.8101,0.9802,0.9803,0.981,0.981,0.9827,0.855,0.9245,0.7951
0.63,0.5,0.9807,0.86,0.9258,0.8073,0.9799,0.98,0.9807,0.9807,0.9824,0.8525,0.9242,0.7911
0.63,0.51,0.9807,0.86,0.9258,0.8073,0.9799,0.98,0.9807,0.9807,0.9824,0.8525,0.9242,0.7911
0.63,0.52,0.9807,0.8595,0.9266,0.8057,0.9799,0.98,0.9807,0.9807,0.9824,0.8521,0.9262,0.789
0.63,0.53,0.9809,0.86,0.9275,0.8058,0.98,0.9801,0.9809,0.9809,0.9826,0.8531,0.9284,0.789
0.63,0.54,0.9807,0.859,0.9273,0.8042,0.9799,0.98,0.9807,0.9807,0.9824,0.8518,0.9282,0.787
0.63,0.55,0.9806,0.8567,0.9272,0.8007,0.9797,0.9798,0.9806,0.9806,0.9823,0.8505,0.9281,0.785
0.63,0.56,0.9803,0.8551,0.9268,0.7981,0.9795,0.9796,0.9803,0.9803,0.982,0.848,0.9277,0.7809
0.63,0.57,0.9801,0.8538,0.9264,0.7961,0.9792,0.9793,0.9801,0.9801,0.9818,0.8455,0.9274,0.7769
0.63,0.58,0.9803,0.8552,0.9296,0.7962,0.9794,0.9795,0.9803,0.9803,0.982,0.8473,0.9319,0.7769
0.63,0.59,0.9798,0.8513,0.9287,0.7902,0.9788,0.979,0.9798,0.9798,0.9815,0.8422,0.9312,0.7688
0.63,0.6,0.9798,0.8513,0.9287,0.7902,0.9788,0.979,0.9798,0.9798,0.9815,0.8422,0.9312,0.7688
0.63,0.61,0.9794,0.848,0.9281,0.7855,0.9784,0.9785,0.9794,0.9794,0.9811,0.8384,0.9307,0.7627
0.63,0.62,0.9793,0.8465,0.93,0.7822,0.9782,0.9784,0.9793,0.9793,0.981,0.8367,0.9327,0.7586
0.63,0.63,0.979,0.8428,0.9296,0.7768,0.9779,0.9781,0.979,0.979,0.9807,0.8341,0.9323,0.7546
0.64,0.0,0.9784,0.8355,0.9312,0.7651,0.9771,0.9775,0.9784,0.9784,0.9799,0.8262,0.9313,0.7424
0.64,0.01,0.9589,0.81,0.7458,0.9174,0.9637,0.9739,0.9589,0.9589,0.9612,0.7612,0.6291,0.9635
0.64,0.02,0.9698,0.8384,0.79,0.9105,0.9721,0.9771,0.9698,0.9698,0.9721,0.8136,0.713,0.9473
0.64,0.03,0.975,0.8602,0.8276,0.9097,0.9765,0.9797,0.975,0.975,0.9772,0.8413,0.7607,0.9412
0.64,0.04,0.9771,0.8656,0.8382,0.9061,0.9782,0.9806,0.9771,0.9771,0.9793,0.8529,0.784,0.9351
0.64,0.05,0.9783,0.8693,0.8464,0.903,0.9792,0.9812,0.9783,0.9783,0.9805,0.8596,0.7983,0.931
0.64,0.06,0.9796,0.8733,0.8583,0.8973,0.9803,0.9818,0.9796,0.9796,0.9816,0.8658,0.8154,0.9229
0.64,0.07,0.9809,0.8782,0.8665,0.8976,0.9814,0.9826,0.9809,0.9809,0.9829,0.8742,0.8303,0.9229
0.64,0.08,0.981,0.8769,0.8694,0.8922,0.9815,0.9825,0.981,0.981,0.9831,0.8743,0.8355,0.9168
0.64,0.09,0.9812,0.876,0.8693,0.8887,0.9816,0.9824,0.9812,0.9812,0.9833,0.8752,0.8424,0.9108
0.64,0.1,0.982,0.8786,0.8746,0.8879,0.9823,0.9829,0.982,0.982,0.9841,0.8802,0.8533,0.9087
0.64,0.11,0.9826,0.8801,0.8795,0.8853,0.9828,0.9832,0.9826,0.9826,0.9846,0.8832,0.8627,0.9047
0.64,0.12,0.9828,0.8814,0.8829,0.8843,0.983,0.9834,0.9828,0.9828,0.9849,0.8847,0.8674,0.9026
0.64,0.13,0.9831,0.8821,0.885,0.8834,0.9832,0.9835,0.9831,0.9831,0.9852,0.8862,0.8723,0.9006
0.64,0.14,0.9833,0.884,0.8887,0.8835,0.9834,0.9837,0.9833,0.9833,0.9853,0.8869,0.8755,0.8986
0.64,0.15,0.9835,0.8847,0.8912,0.882,0.9835,0.9838,0.9835,0.9835,0.9854,0.8876,0.8787,0.8966
0.64,0.16,0.9832,0.8827,0.8906,0.8786,0.9833,0.9835,0.9832,0.9832,0.9852,0.8853,0.8782,0.8925
0.64,0.17,0.9833,0.8829,0.8927,0.8766,0.9833,0.9835,0.9833,0.9833,0.9853,0.8857,0.8831,0.8884
0.64,0.18,0.9831,0.8811,0.8922,0.8735,0.9831,0.9832,0.9831,0.9831,0.985,0.8835,0.8826,0.8844
0.64,0.19,0.9835,0.8834,0.8966,0.8736,0.9834,0.9835,0.9835,0.9835,0.9854,0.8862,0.888,0.8844
0.64,0.2,0.9833,0.8827,0.897,0.8716,0.9833,0.9833,0.9833,0.9833,0.9853,0.8848,0.8893,0.8803
0.64,0.21,0.9836,0.884,0.8997,0.8717,0.9835,0.9836,0.9836,0.9836,0.9855,0.8866,0.893,0.8803
0.64,0.22,0.9835,0.8825,0.9,0.8683,0.9834,0.9834,0.9835,0.9835,0.9854,0.8852,0.8944,0.8763
0.64,0.23,0.9833,0.8815,0.8997,0.8665,0.9832,0.9832,0.9833,0.9833,0.9853,0.8841,0.8942,0.8742
0.64,0.24,0.9832,0.8797,0.8999,0.8628,0.9831,0.983,0.9832,0.9832,0.9852,0.8827,0.8956,0.8702
0.64,0.25,0.9835,0.8813,0.9032,0.8629,0.9833,0.9833,0.9835,0.9835,0.9854,0.8845,0.8994,0.8702
0.64,0.26,0.9833,0.8804,0.903,0.8613,0.9832,0.9831,0.9833,0.9833,0.9853,0.8834,0.8992,0.8682
0.64,0.27,0.9836,0.8817,0.9056,0.8614,0.9834,0.9834,0.9836,0.9836,0.9855,0.8852,0.903,0.8682
0.64,0.28,0.9833,0.8799,0.9066,0.857,0.9831,0.9831,0.9833,0.9833,0.9853,0.8827,0.9043,0.8621
0.64,0.29,0.9829,0.8767,0.9059,0.8518,0.9827,0.9826,0.9829,0.9829,0.9849,0.8792,0.9036,0.856
0.64,0.3,0.9828,0.8782,0.9075,0.8527,0.9825,0.9825,0.9828,0.9828,0.9846,0.8768,0.9032,0.8519
0.64,0.31,0.9827,0.8771,0.9073,0.8509,0.9824,0.9823,0.9827,0.9827,0.9845,0.8757,0.903,0.8499
0.64,0.32,0.9826,0.8762,0.9099,0.8471,0.9822,0.9821,0.9826,0.9826,0.9844,0.8739,0.9063,0.8438
0.64,0.33,0.9827,0.8767,0.9108,0.8471,0.9823,0.9822,0.9827,0.9827,0.9845,0.8749,0.9083,0.8438
0.64,0.34,0.9827,0.8766,0.9146,0.8438,0.9823,0.9822,0.9827,0.9827,0.9844,0.8732,0.9117,0.8377
0.64,0.35,0.9824,0.8742,0.9141,0.8401,0.982,0.9819,0.9824,0.9824,0.9841,0.8708,0.9113,0.8337
0.64,0.36,0.9822,0.8726,0.9137,0.8375,0.9817,0.9816,0.9822,0.9822,0.9839,0.8684,0.9109,0.8296
0.64,0.37,0.9819,0.8692,0.9131,0.8322,0.9814,0.9813,0.9819,0.9819,0.9836,0.866,0.9105,0.8256
0.64,0.38,0.9819,0.8692,0.9131,0.8322,0.9814,0.9813,0.9819,0.9819,0.9836,0.866,0.9105,0.8256
0.64,0.39,0.9816,0.8674,0.9127,0.8291,0.9811,0.9811,0.9816,0.9816,0.9833,0.8635,0.9101,0.8215
0.64,0.4,0.9815,0.8661,0.9125,0.8272,0.981,0.9809,0.9815,0.9815,0.9832,0.8623,0.9099,0.8195
0.64,0.41,0.9816,0.8677,0.9184,0.8257,0.9811,0.9811,0.9816,0.9816,0.9833,0.863,0.9138,0.8174
0.64,0.42,0.9815,0.8654,0.9181,0.8222,0.9809,0.9809,0.9815,0.9815,0.9832,0.8617,0.9136,0.8154
0.64,0.43,0.9815,0.8654,0.9181,0.8222,0.9809,0.9809,0.9815,0.9815,0.9832,0.8617,0.9136,0.8154
0.64,0.44,0.9818,0.8659,0.9219,0.8205,0.9812,0.9812,0.9818,0.9818,0.9835,0.8633,0.9197,0.8134
0.64,0.45,0.9815,0.864,0.9214,0.8173,0.9809,0.9809,0.9815,0.9815,0.9832,0.8608,0.9194,0.8093
0.64,0.46,0.9812,0.8628,0.9211,0.8153,0.9806,0.9806,0.9812,0.9812,0.9829,0.8584,0.919,0.8053
0.64,0.47,0.9811,0.8618,0.9257,0.8104,0.9804,0.9805,0.9811,0.9811,0.9828,0.8565,0.9227,0.7992
0.64,0.48,0.9809,0.8599,0.9253,0.8076,0.9801,0.9802,0.9809,0.9809,0.9826,0.854,0.9224,0.7951
0.64,0.49,0.9809,0.8597,0.9261,0.8066,0.9801,0.9802,0.9809,0.9809,0.9826,0.8537,0.9243,0.7931
0.64,0.5,0.9806,0.8578,0.9257,0.8038,0.9798,0.9799,0.9806,0.9806,0.9823,0.8512,0.924,0.789
0.64,0.51,0.9806,0.8578,0.9257,0.8038,0.9798,0.9799,0.9806,0.9806,0.9823,0.8512,0.924,0.789
0.64,0.52,0.9806,0.8573,0.9264,0.8022,0.9798,0.9799,0.9806,0.9806,0.9823,0.8509,0.926,0.787
0.64,0.53,0.9807,0.8577,0.9274,0.8023,0.9799,0.98,0.9807,0.9807,0.9824,0.8518,0.9282,0.787
0.64,0.54,0.9806,0.8567,0.9272,0.8007,0.9797,0.9798,0.9806,0.9806,0.9823,0.8505,0.9281,0.785
0.64,0.55,0.9805,0.8544,0.927,0.7972,0.9796,0.9797,0.9805,0.9805,0.9822,0.8493,0.9279,0.783
0.64,0.56,0.9802,0.8528,0.9266,0.7946,0.9793,0.9794,0.9802,0.9802,0.9819,0.8467,0.9275,0.7789
0.64,0.57,0.9799,0.8515,0.9263,0.7926,0.979,0.9791,0.9799,0.9799,0.9816,0.8442,0.9272,0.7748
0.64,0.58,0.9802,0.8529,0.9295,0.7927,0.9793,0.9794,0.9802,0.9802,0.9819,0.8461,0.9317,0.7748
0.64,0.59,0.9797,0.849,0.9286,0.7867,0.9787,0.9788,0.9797,0.9797,0.9814,0.8409,0.931,0.7667
0.64,0.6,0.9797,0.849,0.9286,0.7867,0.9787,0.9788,0.9797,0.9797,0.9814,0.8409,0.931,0.7667
0.64,0.61,0.9793,0.8457,0.9279,0.782,0.9782,0.9784,0.9793,0.9793,0.981,0.8371,0.9305,0.7606
0.64,0.62,0.9792,0.8442,0.9298,0.7787,0.978,0.9783,0.9792,0.9792,0.9809,0.8354,0.9325,0.7566
0.64,0.63,0.9789,0.8405,0.9295,0.7733,0.9777,0.978,0.9789,0.9789,0.9806,0.8328,0.9322,0.7525
0.64,0.64,0.9784,0.8355,0.9312,0.7651,0.9771,0.9775,0.9784,0.9784,0.9799,0.8262,0.9313,0.7424
0.65,0.0,0.978,0.8316,0.9305,0.7599,0.9766,0.9771,0.978,0.978,0.9796,0.8222,0.9308,0.7363
0.65,0.01,0.9589,0.81,0.7458,0.9174,0.9637,0.9739,0.9589,0.9589,0.9612,0.7612,0.6291,0.9635
0.65,0.02,0.9698,0.8384,0.79,0.9105,0.9721,0.9771,0.9698,0.9698,0.9721,0.8136,0.713,0.9473
0.65,0.03,0.975,0.8602,0.8276,0.9097,0.9765,0.9797,0.975,0.975,0.9772,0.8413,0.7607,0.9412
0.65,0.04,0.9771,0.8656,0.8382,0.9061,0.9782,0.9806,0.9771,0.9771,0.9793,0.8529,0.784,0.9351
0.65,0.05,0.9783,0.8693,0.8464,0.903,0.9792,0.9812,0.9783,0.9783,0.9805,0.8596,0.7983,0.931
0.65,0.06,0.9796,0.8733,0.8583,0.8973,0.9803,0.9818,0.9796,0.9796,0.9816,0.8658,0.8154,0.9229
0.65,0.07,0.9809,0.8782,0.8665,0.8976,0.9814,0.9826,0.9809,0.9809,0.9829,0.8742,0.8303,0.9229
0.65,0.08,0.981,0.8769,0.8694,0.8922,0.9815,0.9825,0.981,0.981,0.9831,0.8743,0.8355,0.9168
0.65,0.09,0.9812,0.876,0.8693,0.8887,0.9816,0.9824,0.9812,0.9812,0.9833,0.8752,0.8424,0.9108
0.65,0.1,0.982,0.8786,0.8746,0.8879,0.9823,0.9829,0.982,0.982,0.9841,0.8802,0.8533,0.9087
0.65,0.11,0.9826,0.8801,0.8795,0.8853,0.9828,0.9832,0.9826,0.9826,0.9846,0.8832,0.8627,0.9047
0.65,0.12,0.9828,0.8814,0.8829,0.8843,0.983,0.9834,0.9828,0.9828,0.9849,0.8847,0.8674,0.9026
0.65,0.13,0.9831,0.8821,0.885,0.8834,0.9832,0.9835,0.9831,0.9831,0.9852,0.8862,0.8723,0.9006
0.65,0.14,0.9833,0.884,0.8887,0.8835,0.9834,0.9837,0.9833,0.9833,0.9853,0.8869,0.8755,0.8986
0.65,0.15,0.9835,0.8847,0.8912,0.882,0.9835,0.9838,0.9835,0.9835,0.9854,0.8876,0.8787,0.8966
0.65,0.16,0.9832,0.8827,0.8906,0.8786,0.9833,0.9835,0.9832,0.9832,0.9852,0.8853,0.8782,0.8925
0.65,0.17,0.9833,0.8829,0.8927,0.8766,0.9833,0.9835,0.9833,0.9833,0.9853,0.8857,0.8831,0.8884
0.65,0.18,0.9831,0.8811,0.8922,0.8735,0.9831,0.9832,0.9831,0.9831,0.985,0.8835,0.8826,0.8844
0.65,0.19,0.9835,0.8834,0.8966,0.8736,0.9834,0.9835,0.9835,0.9835,0.9854,0.8862,0.888,0.8844
0.65,0.2,0.9833,0.8827,0.897,0.8716,0.9833,0.9833,0.9833,0.9833,0.9853,0.8848,0.8893,0.8803
0.65,0.21,0.9836,0.884,0.8997,0.8717,0.9835,0.9836,0.9836,0.9836,0.9855,0.8866,0.893,0.8803
0.65,0.22,0.9835,0.8825,0.9,0.8683,0.9834,0.9834,0.9835,0.9835,0.9854,0.8852,0.8944,0.8763
0.65,0.23,0.9833,0.8815,0.8997,0.8665,0.9832,0.9832,0.9833,0.9833,0.9853,0.8841,0.8942,0.8742
0.65,0.24,0.9832,0.8797,0.8999,0.8628,0.9831,0.983,0.9832,0.9832,0.9852,0.8827,0.8956,0.8702
0.65,0.25,0.9835,0.8813,0.9032,0.8629,0.9833,0.9833,0.9835,0.9835,0.9854,0.8845,0.8994,0.8702
0.65,0.26,0.9833,0.8804,0.903,0.8613,0.9832,0.9831,0.9833,0.9833,0.9853,0.8834,0.8992,0.8682
0.65,0.27,0.9836,0.8817,0.9056,0.8614,0.9834,0.9834,0.9836,0.9836,0.9855,0.8852,0.903,0.8682
0.65,0.28,0.9833,0.8799,0.9066,0.857,0.9831,0.9831,0.9833,0.9833,0.9853,0.8827,0.9043,0.8621
0.65,0.29,0.9829,0.8767,0.9059,0.8518,0.9827,0.9826,0.9829,0.9829,0.9849,0.8792,0.9036,0.856
0.65,0.3,0.9828,0.8782,0.9075,0.8527,0.9825,0.9825,0.9828,0.9828,0.9846,0.8768,0.9032,0.8519
0.65,0.31,0.9827,0.8771,0.9073,0.8509,0.9824,0.9823,0.9827,0.9827,0.9845,0.8757,0.903,0.8499
0.65,0.32,0.9826,0.8762,0.9099,0.8471,0.9822,0.9821,0.9826,0.9826,0.9844,0.8739,0.9063,0.8438
0.65,0.33,0.9827,0.8767,0.9108,0.8471,0.9823,0.9822,0.9827,0.9827,0.9845,0.8749,0.9083,0.8438
0.65,0.34,0.9827,0.8766,0.9146,0.8438,0.9823,0.9822,0.9827,0.9827,0.9844,0.8732,0.9117,0.8377
0.65,0.35,0.9824,0.8742,0.9141,0.8401,0.982,0.9819,0.9824,0.9824,0.9841,0.8708,0.9113,0.8337
0.65,0.36,0.9822,0.8726,0.9137,0.8375,0.9817,0.9816,0.9822,0.9822,0.9839,0.8684,0.9109,0.8296
0.65,0.37,0.9819,0.8692,0.9131,0.8322,0.9814,0.9813,0.9819,0.9819,0.9836,0.866,0.9105,0.8256
0.65,0.38,0.9819,0.8692,0.9131,0.8322,0.9814,0.9813,0.9819,0.9819,0.9836,0.866,0.9105,0.8256
0.65,0.39,0.9816,0.8674,0.9127,0.8291,0.9811,0.9811,0.9816,0.9816,0.9833,0.8635,0.9101,0.8215
0.65,0.4,0.9815,0.8661,0.9125,0.8272,0.981,0.9809,0.9815,0.9815,0.9832,0.8623,0.9099,0.8195
0.65,0.41,0.9816,0.8677,0.9184,0.8257,0.9811,0.9811,0.9816,0.9816,0.9833,0.863,0.9138,0.8174
0.65,0.42,0.9815,0.8654,0.9181,0.8222,0.9809,0.9809,0.9815,0.9815,0.9832,0.8617,0.9136,0.8154
0.65,0.43,0.9815,0.8654,0.9181,0.8222,0.9809,0.9809,0.9815,0.9815,0.9832,0.8617,0.9136,0.8154
0.65,0.44,0.9818,0.8659,0.9219,0.8205,0.9812,0.9812,0.9818,0.9818,0.9835,0.8633,0.9197,0.8134
0.65,0.45,0.9815,0.864,0.9214,0.8173,0.9809,0.9809,0.9815,0.9815,0.9832,0.8608,0.9194,0.8093
0.65,0.46,0.9812,0.8628,0.9211,0.8153,0.9806,0.9806,0.9812,0.9812,0.9829,0.8584,0.919,0.8053
0.65,0.47,0.9811,0.8618,0.9257,0.8104,0.9804,0.9805,0.9811,0.9811,0.9828,0.8565,0.9227,0.7992
0.65,0.48,0.9809,0.8599,0.9253,0.8076,0.9801,0.9802,0.9809,0.9809,0.9826,0.854,0.9224,0.7951
0.65,0.49,0.9809,0.8597,0.9261,0.8066,0.9801,0.9802,0.9809,0.9809,0.9826,0.8537,0.9243,0.7931
0.65,0.5,0.9806,0.8578,0.9257,0.8038,0.9798,0.9799,0.9806,0.9806,0.9823,0.8512,0.924,0.789
0.65,0.51,0.9806,0.8578,0.9257,0.8038,0.9798,0.9799,0.9806,0.9806,0.9823,0.8512,0.924,0.789
0.65,0.52,0.9806,0.8573,0.9264,0.8022,0.9798,0.9799,0.9806,0.9806,0.9823,0.8509,0.926,0.787
0.65,0.53,0.9807,0.8577,0.9274,0.8023,0.9799,0.98,0.9807,0.9807,0.9824,0.8518,0.9282,0.787
0.65,0.54,0.9806,0.8567,0.9272,0.8007,0.9797,0.9798,0.9806,0.9806,0.9823,0.8505,0.9281,0.785
0.65,0.55,0.9805,0.8544,0.927,0.7972,0.9796,0.9797,0.9805,0.9805,0.9822,0.8493,0.9279,0.783
0.65,0.56,0.9802,0.8528,0.9266,0.7946,0.9793,0.9794,0.9802,0.9802,0.9819,0.8467,0.9275,0.7789
0.65,0.57,0.9799,0.8515,0.9263,0.7926,0.979,0.9791,0.9799,0.9799,0.9816,0.8442,0.9272,0.7748
0.65,0.58,0.9802,0.8529,0.9295,0.7927,0.9793,0.9794,0.9802,0.9802,0.9819,0.8461,0.9317,0.7748
0.65,0.59,0.9797,0.849,0.9286,0.7867,0.9787,0.9788,0.9797,0.9797,0.9814,0.8409,0.931,0.7667
0.65,0.6,0.9797,0.849,0.9286,0.7867,0.9787,0.9788,0.9797,0.9797,0.9814,0.8409,0.931,0.7667
0.65,0.61,0.9793,0.8457,0.9279,0.782,0.9782,0.9784,0.9793,0.9793,0.981,0.8371,0.9305,0.7606
0.65,0.62,0.9792,0.8442,0.9298,0.7787,0.978,0.9783,0.9792,0.9792,0.9809,0.8354,0.9325,0.7566
0.65,0.63,0.9789,0.8405,0.9295,0.7733,0.9777,0.978,0.9789,0.9789,0.9806,0.8328,0.9322,0.7525
0.65,0.64,0.9784,0.8355,0.9312,0.7651,0.9771,0.9775,0.9784,0.9784,0.9799,0.8262,0.9313,0.7424
0.65,0.65,0.978,0.8316,0.9305,0.7599,0.9766,0.9771,0.978,0.978,0.9796,0.8222,0.9308,0.7363
0.66,0.0,0.978,0.8316,0.9305,0.7599,0.9766,0.9771,0.978,0.978,0.9796,0.8222,0.9308,0.7363
0.66,0.01,0.9589,0.81,0.7458,0.9174,0.9637,0.9739,0.9589,0.9589,0.9612,0.7612,0.6291,0.9635
0.66,0.02,0.9698,0.8384,0.79,0.9105,0.9721,0.9771,0.9698,0.9698,0.9721,0.8136,0.713,0.9473
0.66,0.03,0.975,0.8602,0.8276,0.9097,0.9765,0.9797,0.975,0.975,0.9772,0.8413,0.7607,0.9412
0.66,0.04,0.9771,0.8656,0.8382,0.9061,0.9782,0.9806,0.9771,0.9771,0.9793,0.8529,0.784,0.9351
0.66,0.05,0.9783,0.8693,0.8464,0.903,0.9792,0.9812,0.9783,0.9783,0.9805,0.8596,0.7983,0.931
0.66,0.06,0.9796,0.8733,0.8583,0.8973,0.9803,0.9818,0.9796,0.9796,0.9816,0.8658,0.8154,0.9229
0.66,0.07,0.9809,0.8782,0.8665,0.8976,0.9814,0.9826,0.9809,0.9809,0.9829,0.8742,0.8303,0.9229
0.66,0.08,0.981,0.8769,0.8694,0.8922,0.9815,0.9825,0.981,0.981,0.9831,0.8743,0.8355,0.9168
0.66,0.09,0.9812,0.876,0.8693,0.8887,0.9816,0.9824,0.9812,0.9812,0.9833,0.8752,0.8424,0.9108
0.66,0.1,0.982,0.8786,0.8746,0.8879,0.9823,0.9829,0.982,0.982,0.9841,0.8802,0.8533,0.9087
0.66,0.11,0.9826,0.8801,0.8795,0.8853,0.9828,0.9832,0.9826,0.9826,0.9846,0.8832,0.8627,0.9047
0.66,0.12,0.9828,0.8814,0.8829,0.8843,0.983,0.9834,0.9828,0.9828,0.9849,0.8847,0.8674,0.9026
0.66,0.13,0.9831,0.8821,0.885,0.8834,0.9832,0.9835,0.9831,0.9831,0.9852,0.8862,0.8723,0.9006
0.66,0.14,0.9833,0.884,0.8887,0.8835,0.9834,0.9837,0.9833,0.9833,0.9853,0.8869,0.8755,0.8986
0.66,0.15,0.9835,0.8847,0.8912,0.882,0.9835,0.9838,0.9835,0.9835,0.9854,0.8876,0.8787,0.8966
0.66,0.16,0.9832,0.8827,0.8906,0.8786,0.9833,0.9835,0.9832,0.9832,0.9852,0.8853,0.8782,0.8925
0.66,0.17,0.9833,0.8829,0.8927,0.8766,0.9833,0.9835,0.9833,0.9833,0.9853,0.8857,0.8831,0.8884
0.66,0.18,0.9831,0.8811,0.8922,0.8735,0.9831,0.9832,0.9831,0.9831,0.985,0.8835,0.8826,0.8844
0.66,0.19,0.9835,0.8834,0.8966,0.8736,0.9834,0.9835,0.9835,0.9835,0.9854,0.8862,0.888,0.8844
0.66,0.2,0.9833,0.8827,0.897,0.8716,0.9833,0.9833,0.9833,0.9833,0.9853,0.8848,0.8893,0.8803
0.66,0.21,0.9836,0.884,0.8997,0.8717,0.9835,0.9836,0.9836,0.9836,0.9855,0.8866,0.893,0.8803
0.66,0.22,0.9835,0.8825,0.9,0.8683,0.9834,0.9834,0.9835,0.9835,0.9854,0.8852,0.8944,0.8763
0.66,0.23,0.9833,0.8815,0.8997,0.8665,0.9832,0.9832,0.9833,0.9833,0.9853,0.8841,0.8942,0.8742
0.66,0.24,0.9832,0.8797,0.8999,0.8628,0.9831,0.983,0.9832,0.9832,0.9852,0.8827,0.8956,0.8702
0.66,0.25,0.9835,0.8813,0.9032,0.8629,0.9833,0.9833,0.9835,0.9835,0.9854,0.8845,0.8994,0.8702
0.66,0.26,0.9833,0.8804,0.903,0.8613,0.9832,0.9831,0.9833,0.9833,0.9853,0.8834,0.8992,0.8682
0.66,0.27,0.9836,0.8817,0.9056,0.8614,0.9834,0.9834,0.9836,0.9836,0.9855,0.8852,0.903,0.8682
0.66,0.28,0.9833,0.8799,0.9066,0.857,0.9831,0.9831,0.9833,0.9833,0.9853,0.8827,0.9043,0.8621
0.66,0.29,0.9829,0.8767,0.9059,0.8518,0.9827,0.9826,0.9829,0.9829,0.9849,0.8792,0.9036,0.856
0.66,0.3,0.9828,0.8782,0.9075,0.8527,0.9825,0.9825,0.9828,0.9828,0.9846,0.8768,0.9032,0.8519
0.66,0.31,0.9827,0.8771,0.9073,0.8509,0.9824,0.9823,0.9827,0.9827,0.9845,0.8757,0.903,0.8499
0.66,0.32,0.9826,0.8762,0.9099,0.8471,0.9822,0.9821,0.9826,0.9826,0.9844,0.8739,0.9063,0.8438
0.66,0.33,0.9827,0.8767,0.9108,0.8471,0.9823,0.9822,0.9827,0.9827,0.9845,0.8749,0.9083,0.8438
0.66,0.34,0.9827,0.8766,0.9146,0.8438,0.9823,0.9822,0.9827,0.9827,0.9844,0.8732,0.9117,0.8377
0.66,0.35,0.9824,0.8742,0.9141,0.8401,0.982,0.9819,0.9824,0.9824,0.9841,0.8708,0.9113,0.8337
0.66,0.36,0.9822,0.8726,0.9137,0.8375,0.9817,0.9816,0.9822,0.9822,0.9839,0.8684,0.9109,0.8296
0.66,0.37,0.9819,0.8692,0.9131,0.8322,0.9814,0.9813,0.9819,0.9819,0.9836,0.866,0.9105,0.8256
0.66,0.38,0.9819,0.8692,0.9131,0.8322,0.9814,0.9813,0.9819,0.9819,0.9836,0.866,0.9105,0.8256
0.66,0.39,0.9816,0.8674,0.9127,0.8291,0.9811,0.9811,0.9816,0.9816,0.9833,0.8635,0.9101,0.8215
0.66,0.4,0.9815,0.8661,0.9125,0.8272,0.981,0.9809,0.9815,0.9815,0.9832,0.8623,0.9099,0.8195
0.66,0.41,0.9816,0.8677,0.9184,0.8257,0.9811,0.9811,0.9816,0.9816,0.9833,0.863,0.9138,0.8174
0.66,0.42,0.9815,0.8654,0.9181,0.8222,0.9809,0.9809,0.9815,0.9815,0.9832,0.8617,0.9136,0.8154
0.66,0.43,0.9815,0.8654,0.9181,0.8222,0.9809,0.9809,0.9815,0.9815,0.9832,0.8617,0.9136,0.8154
0.66,0.44,0.9818,0.8659,0.9219,0.8205,0.9812,0.9812,0.9818,0.9818,0.9835,0.8633,0.9197,0.8134
0.66,0.45,0.9815,0.864,0.9214,0.8173,0.9809,0.9809,0.9815,0.9815,0.9832,0.8608,0.9194,0.8093
0.66,0.46,0.9812,0.8628,0.9211,0.8153,0.9806,0.9806,0.9812,0.9812,0.9829,0.8584,0.919,0.8053
0.66,0.47,0.9811,0.8618,0.9257,0.8104,0.9804,0.9805,0.9811,0.9811,0.9828,0.8565,0.9227,0.7992
0.66,0.48,0.9809,0.8599,0.9253,0.8076,0.9801,0.9802,0.9809,0.9809,0.9826,0.854,0.9224,0.7951
0.66,0.49,0.9809,0.8597,0.9261,0.8066,0.9801,0.9802,0.9809,0.9809,0.9826,0.8537,0.9243,0.7931
0.66,0.5,0.9806,0.8578,0.9257,0.8038,0.9798,0.9799,0.9806,0.9806,0.9823,0.8512,0.924,0.789
0.66,0.51,0.9806,0.8578,0.9257,0.8038,0.9798,0.9799,0.9806,0.9806,0.9823,0.8512,0.924,0.789
0.66,0.52,0.9806,0.8573,0.9264,0.8022,0.9798,0.9799,0.9806,0.9806,0.9823,0.8509,0.926,0.787
0.66,0.53,0.9807,0.8577,0.9274,0.8023,0.9799,0.98,0.9807,0.9807,0.9824,0.8518,0.9282,0.787
0.66,0.54,0.9806,0.8567,0.9272,0.8007,0.9797,0.9798,0.9806,0.9806,0.9823,0.8505,0.9281,0.785
0.66,0.55,0.9805,0.8544,0.927,0.7972,0.9796,0.9797,0.9805,0.9805,0.9822,0.8493,0.9279,0.783
0.66,0.56,0.9802,0.8528,0.9266,0.7946,0.9793,0.9794,0.9802,0.9802,0.9819,0.8467,0.9275,0.7789
0.66,0.57,0.9799,0.8515,0.9263,0.7926,0.979,0.9791,0.9799,0.9799,0.9816,0.8442,0.9272,0.7748
0.66,0.58,0.9802,0.8529,0.9295,0.7927,0.9793,0.9794,0.9802,0.9802,0.9819,0.8461,0.9317,0.7748
0.66,0.59,0.9797,0.849,0.9286,0.7867,0.9787,0.9788,0.9797,0.9797,0.9814,0.8409,0.931,0.7667
0.66,0.6,0.9797,0.849,0.9286,0.7867,0.9787,0.9788,0.9797,0.9797,0.9814,0.8409,0.931,0.7667
0.66,0.61,0.9793,0.8457,0.9279,0.782,0.9782,0.9784,0.9793,0.9793,0.981,0.8371,0.9305,0.7606
0.66,0.62,0.9792,0.8442,0.9298,0.7787,0.978,0.9783,0.9792,0.9792,0.9809,0.8354,0.9325,0.7566
0.66,0.63,0.9789,0.8405,0.9295,0.7733,0.9777,0.978,0.9789,0.9789,0.9806,0.8328,0.9322,0.7525
0.66,0.64,0.9784,0.8355,0.9312,0.7651,0.9771,0.9775,0.9784,0.9784,0.9799,0.8262,0.9313,0.7424
0.66,0.65,0.978,0.8316,0.9305,0.7599,0.9766,0.9771,0.978,0.978,0.9796,0.8222,0.9308,0.7363
0.66,0.66,0.978,0.8316,0.9305,0.7599,0.9766,0.9771,0.978,0.978,0.9796,0.8222,0.9308,0.7363
0.67,0.0,0.9777,0.8296,0.93,0.7568,0.9763,0.9768,0.9777,0.9777,0.9793,0.8195,0.9304,0.7323
0.67,0.01,0.9589,0.81,0.7458,0.9174,0.9637,0.9739,0.9589,0.9589,0.9612,0.7612,0.6291,0.9635
0.67,0.02,0.9698,0.8384,0.79,0.9105,0.9721,0.9771,0.9698,0.9698,0.9721,0.8136,0.713,0.9473
0.67,0.03,0.975,0.8602,0.8276,0.9097,0.9765,0.9797,0.975,0.975,0.9772,0.8413,0.7607,0.9412
0.67,0.04,0.9771,0.8656,0.8382,0.9061,0.9782,0.9806,0.9771,0.9771,0.9793,0.8529,0.784,0.9351
0.67,0.05,0.9783,0.8693,0.8464,0.903,0.9792,0.9812,0.9783,0.9783,0.9805,0.8596,0.7983,0.931
0.67,0.06,0.9796,0.8733,0.8583,0.8973,0.9803,0.9818,0.9796,0.9796,0.9816,0.8658,0.8154,0.9229
0.67,0.07,0.9809,0.8782,0.8665,0.8976,0.9814,0.9826,0.9809,0.9809,0.9829,0.8742,0.8303,0.9229
0.67,0.08,0.981,0.8769,0.8694,0.8922,0.9815,0.9825,0.981,0.981,0.9831,0.8743,0.8355,0.9168
0.67,0.09,0.9812,0.876,0.8693,0.8887,0.9816,0.9824,0.9812,0.9812,0.9833,0.8752,0.8424,0.9108
0.67,0.1,0.982,0.8786,0.8746,0.8879,0.9823,0.9829,0.982,0.982,0.9841,0.8802,0.8533,0.9087
0.67,0.11,0.9826,0.8801,0.8795,0.8853,0.9828,0.9832,0.9826,0.9826,0.9846,0.8832,0.8627,0.9047
0.67,0.12,0.9828,0.8814,0.8829,0.8843,0.983,0.9834,0.9828,0.9828,0.9849,0.8847,0.8674,0.9026
0.67,0.13,0.9831,0.8821,0.885,0.8834,0.9832,0.9835,0.9831,0.9831,0.9852,0.8862,0.8723,0.9006
0.67,0.14,0.9833,0.884,0.8887,0.8835,0.9834,0.9837,0.9833,0.9833,0.9853,0.8869,0.8755,0.8986
0.67,0.15,0.9835,0.8847,0.8912,0.882,0.9835,0.9838,0.9835,0.9835,0.9854,0.8876,0.8787,0.8966
0.67,0.16,0.9832,0.8827,0.8906,0.8786,0.9833,0.9835,0.9832,0.9832,0.9852,0.8853,0.8782,0.8925
0.67,0.17,0.9833,0.8829,0.8927,0.8766,0.9833,0.9835,0.9833,0.9833,0.9853,0.8857,0.8831,0.8884
0.67,0.18,0.9831,0.8811,0.8922,0.8735,0.9831,0.9832,0.9831,0.9831,0.985,0.8835,0.8826,0.8844
0.67,0.19,0.9835,0.8834,0.8966,0.8736,0.9834,0.9835,0.9835,0.9835,0.9854,0.8862,0.888,0.8844
0.67,0.2,0.9833,0.8827,0.897,0.8716,0.9833,0.9833,0.9833,0.9833,0.9853,0.8848,0.8893,0.8803
0.67,0.21,0.9836,0.884,0.8997,0.8717,0.9835,0.9836,0.9836,0.9836,0.9855,0.8866,0.893,0.8803
0.67,0.22,0.9835,0.8825,0.9,0.8683,0.9834,0.9834,0.9835,0.9835,0.9854,0.8852,0.8944,0.8763
0.67,0.23,0.9833,0.8815,0.8997,0.8665,0.9832,0.9832,0.9833,0.9833,0.9853,0.8841,0.8942,0.8742
0.67,0.24,0.9832,0.8797,0.8999,0.8628,0.9831,0.983,0.9832,0.9832,0.9852,0.8827,0.8956,0.8702
0.67,0.25,0.9835,0.8813,0.9032,0.8629,0.9833,0.9833,0.9835,0.9835,0.9854,0.8845,0.8994,0.8702
0.67,0.26,0.9833,0.8804,0.903,0.8613,0.9832,0.9831,0.9833,0.9833,0.9853,0.8834,0.8992,0.8682
0.67,0.27,0.9836,0.8817,0.9056,0.8614,0.9834,0.9834,0.9836,0.9836,0.9855,0.8852,0.903,0.8682
0.67,0.28,0.9833,0.8799,0.9066,0.857,0.9831,0.9831,0.9833,0.9833,0.9853,0.8827,0.9043,0.8621
0.67,0.29,0.9829,0.8767,0.9059,0.8518,0.9827,0.9826,0.9829,0.9829,0.9849,0.8792,0.9036,0.856
0.67,0.3,0.9828,0.8782,0.9075,0.8527,0.9825,0.9825,0.9828,0.9828,0.9846,0.8768,0.9032,0.8519
0.67,0.31,0.9827,0.8771,0.9073,0.8509,0.9824,0.9823,0.9827,0.9827,0.9845,0.8757,0.903,0.8499
0.67,0.32,0.9826,0.8762,0.9099,0.8471,0.9822,0.9821,0.9826,0.9826,0.9844,0.8739,0.9063,0.8438
0.67,0.33,0.9827,0.8767,0.9108,0.8471,0.9823,0.9822,0.9827,0.9827,0.9845,0.8749,0.9083,0.8438
0.67,0.34,0.9827,0.8766,0.9146,0.8438,0.9823,0.9822,0.9827,0.9827,0.9844,0.8732,0.9117,0.8377
0.67,0.35,0.9824,0.8742,0.9141,0.8401,0.982,0.9819,0.9824,0.9824,0.9841,0.8708,0.9113,0.8337
0.67,0.36,0.9822,0.8726,0.9137,0.8375,0.9817,0.9816,0.9822,0.9822,0.9839,0.8684,0.9109,0.8296
0.67,0.37,0.9819,0.8692,0.9131,0.8322,0.9814,0.9813,0.9819,0.9819,0.9836,0.866,0.9105,0.8256
0.67,0.38,0.9819,0.8692,0.9131,0.8322,0.9814,0.9813,0.9819,0.9819,0.9836,0.866,0.9105,0.8256
0.67,0.39,0.9816,0.8674,0.9127,0.8291,0.9811,0.9811,0.9816,0.9816,0.9833,0.8635,0.9101,0.8215
0.67,0.4,0.9815,0.8661,0.9125,0.8272,0.981,0.9809,0.9815,0.9815,0.9832,0.8623,0.9099,0.8195
0.67,0.41,0.9816,0.8677,0.9184,0.8257,0.9811,0.9811,0.9816,0.9816,0.9833,0.863,0.9138,0.8174
0.67,0.42,0.9815,0.8654,0.9181,0.8222,0.9809,0.9809,0.9815,0.9815,0.9832,0.8617,0.9136,0.8154
0.67,0.43,0.9815,0.8654,0.9181,0.8222,0.9809,0.9809,0.9815,0.9815,0.9832,0.8617,0.9136,0.8154
0.67,0.44,0.9818,0.8659,0.9219,0.8205,0.9812,0.9812,0.9818,0.9818,0.9835,0.8633,0.9197,0.8134
0.67,0.45,0.9815,0.864,0.9214,0.8173,0.9809,0.9809,0.9815,0.9815,0.9832,0.8608,0.9194,0.8093
0.67,0.46,0.9812,0.8628,0.9211,0.8153,0.9806,0.9806,0.9812,0.9812,0.9829,0.8584,0.919,0.8053
0.67,0.47,0.9811,0.8618,0.9257,0.8104,0.9804,0.9805,0.9811,0.9811,0.9828,0.8565,0.9227,0.7992
0.67,0.48,0.9809,0.8599,0.9253,0.8076,0.9801,0.9802,0.9809,0.9809,0.9826,0.854,0.9224,0.7951
0.67,0.49,0.9809,0.8597,0.9261,0.8066,0.9801,0.9802,0.9809,0.9809,0.9826,0.8537,0.9243,0.7931
0.67,0.5,0.9806,0.8578,0.9257,0.8038,0.9798,0.9799,0.9806,0.9806,0.9823,0.8512,0.924,0.789
0.67,0.51,0.9806,0.8578,0.9257,0.8038,0.9798,0.9799,0.9806,0.9806,0.9823,0.8512,0.924,0.789
0.67,0.52,0.9806,0.8573,0.9264,0.8022,0.9798,0.9799,0.9806,0.9806,0.9823,0.8509,0.926,0.787
0.67,0.53,0.9807,0.8577,0.9274,0.8023,0.9799,0.98,0.9807,0.9807,0.9824,0.8518,0.9282,0.787
0.67,0.54,0.9806,0.8567,0.9272,0.8007,0.9797,0.9798,0.9806,0.9806,0.9823,0.8505,0.9281,0.785
0.67,0.55,0.9805,0.8544,0.927,0.7972,0.9796,0.9797,0.9805,0.9805,0.9822,0.8493,0.9279,0.783
0.67,0.56,0.9802,0.8528,0.9266,0.7946,0.9793,0.9794,0.9802,0.9802,0.9819,0.8467,0.9275,0.7789
0.67,0.57,0.9799,0.8515,0.9263,0.7926,0.979,0.9791,0.9799,0.9799,0.9816,0.8442,0.9272,0.7748
0.67,0.58,0.9802,0.8529,0.9295,0.7927,0.9793,0.9794,0.9802,0.9802,0.9819,0.8461,0.9317,0.7748
0.67,0.59,0.9797,0.849,0.9286,0.7867,0.9787,0.9788,0.9797,0.9797,0.9814,0.8409,0.931,0.7667
0.67,0.6,0.9797,0.849,0.9286,0.7867,0.9787,0.9788,0.9797,0.9797,0.9814,0.8409,0.931,0.7667
0.67,0.61,0.9793,0.8457,0.9279,0.782,0.9782,0.9784,0.9793,0.9793,0.981,0.8371,0.9305,0.7606
0.67,0.62,0.9792,0.8442,0.9298,0.7787,0.978,0.9783,0.9792,0.9792,0.9809,0.8354,0.9325,0.7566
0.67,0.63,0.9789,0.8405,0.9295,0.7733,0.9777,0.978,0.9789,0.9789,0.9806,0.8328,0.9322,0.7525
0.67,0.64,0.9784,0.8355,0.9312,0.7651,0.9771,0.9775,0.9784,0.9784,0.9799,0.8262,0.9313,0.7424
0.67,0.65,0.978,0.8316,0.9305,0.7599,0.9766,0.9771,0.978,0.978,0.9796,0.8222,0.9308,0.7363
0.67,0.66,0.978,0.8316,0.9305,0.7599,0.9766,0.9771,0.978,0.978,0.9796,0.8222,0.9308,0.7363
0.67,0.67,0.9777,0.8296,0.93,0.7568,0.9763,0.9768,0.9777,0.9777,0.9793,0.8195,0.9304,0.7323
0.68,0.0,0.9776,0.8281,0.9298,0.7549,0.9761,0.9767,0.9776,0.9776,0.9792,0.8182,0.9302,0.7302
0.68,0.01,0.9589,0.81,0.7458,0.9174,0.9637,0.9739,0.9589,0.9589,0.9612,0.7612,0.6291,0.9635
0.68,0.02,0.9698,0.8384,0.79,0.9105,0.9721,0.9771,0.9698,0.9698,0.9721,0.8136,0.713,0.9473
0.68,0.03,0.975,0.8602,0.8276,0.9097,0.9765,0.9797,0.975,0.975,0.9772,0.8413,0.7607,0.9412
0.68,0.04,0.9771,0.8656,0.8382,0.9061,0.9782,0.9806,0.9771,0.9771,0.9793,0.8529,0.784,0.9351
0.68,0.05,0.9783,0.8693,0.8464,0.903,0.9792,0.9812,0.9783,0.9783,0.9805,0.8596,0.7983,0.931
0.68,0.06,0.9796,0.8733,0.8583,0.8973,0.9803,0.9818,0.9796,0.9796,0.9816,0.8658,0.8154,0.9229
0.68,0.07,0.9809,0.8782,0.8665,0.8976,0.9814,0.9826,0.9809,0.9809,0.9829,0.8742,0.8303,0.9229
0.68,0.08,0.981,0.8769,0.8694,0.8922,0.9815,0.9825,0.981,0.981,0.9831,0.8743,0.8355,0.9168
0.68,0.09,0.9812,0.876,0.8693,0.8887,0.9816,0.9824,0.9812,0.9812,0.9833,0.8752,0.8424,0.9108
0.68,0.1,0.982,0.8786,0.8746,0.8879,0.9823,0.9829,0.982,0.982,0.9841,0.8802,0.8533,0.9087
0.68,0.11,0.9826,0.8801,0.8795,0.8853,0.9828,0.9832,0.9826,0.9826,0.9846,0.8832,0.8627,0.9047
0.68,0.12,0.9828,0.8814,0.8829,0.8843,0.983,0.9834,0.9828,0.9828,0.9849,0.8847,0.8674,0.9026
0.68,0.13,0.9831,0.8821,0.885,0.8834,0.9832,0.9835,0.9831,0.9831,0.9852,0.8862,0.8723,0.9006
0.68,0.14,0.9833,0.884,0.8887,0.8835,0.9834,0.9837,0.9833,0.9833,0.9853,0.8869,0.8755,0.8986
0.68,0.15,0.9835,0.8847,0.8912,0.882,0.9835,0.9838,0.9835,0.9835,0.9854,0.8876,0.8787,0.8966
0.68,0.16,0.9832,0.8827,0.8906,0.8786,0.9833,0.9835,0.9832,0.9832,0.9852,0.8853,0.8782,0.8925
0.68,0.17,0.9833,0.8829,0.8927,0.8766,0.9833,0.9835,0.9833,0.9833,0.9853,0.8857,0.8831,0.8884
0.68,0.18,0.9831,0.8811,0.8922,0.8735,0.9831,0.9832,0.9831,0.9831,0.985,0.8835,0.8826,0.8844
0.68,0.19,0.9835,0.8834,0.8966,0.8736,0.9834,0.9835,0.9835,0.9835,0.9854,0.8862,0.888,0.8844
0.68,0.2,0.9833,0.8827,0.897,0.8716,0.9833,0.9833,0.9833,0.9833,0.9853,0.8848,0.8893,0.8803
0.68,0.21,0.9836,0.884,0.8997,0.8717,0.9835,0.9836,0.9836,0.9836,0.9855,0.8866,0.893,0.8803
0.68,0.22,0.9835,0.8825,0.9,0.8683,0.9834,0.9834,0.9835,0.9835,0.9854,0.8852,0.8944,0.8763
0.68,0.23,0.9833,0.8815,0.8997,0.8665,0.9832,0.9832,0.9833,0.9833,0.9853,0.8841,0.8942,0.8742
0.68,0.24,0.9832,0.8797,0.8999,0.8628,0.9831,0.983,0.9832,0.9832,0.9852,0.8827,0.8956,0.8702
0.68,0.25,0.9835,0.8813,0.9032,0.8629,0.9833,0.9833,0.9835,0.9835,0.9854,0.8845,0.8994,0.8702
0.68,0.26,0.9833,0.8804,0.903,0.8613,0.9832,0.9831,0.9833,0.9833,0.9853,0.8834,0.8992,0.8682
0.68,0.27,0.9836,0.8817,0.9056,0.8614,0.9834,0.9834,0.9836,0.9836,0.9855,0.8852,0.903,0.8682
0.68,0.28,0.9833,0.8799,0.9066,0.857,0.9831,0.9831,0.9833,0.9833,0.9853,0.8827,0.9043,0.8621
0.68,0.29,0.9829,0.8767,0.9059,0.8518,0.9827,0.9826,0.9829,0.9829,0.9849,0.8792,0.9036,0.856
0.68,0.3,0.9828,0.8782,0.9075,0.8527,0.9825,0.9825,0.9828,0.9828,0.9846,0.8768,0.9032,0.8519
0.68,0.31,0.9827,0.8771,0.9073,0.8509,0.9824,0.9823,0.9827,0.9827,0.9845,0.8757,0.903,0.8499
0.68,0.32,0.9826,0.8762,0.9099,0.8471,0.9822,0.9821,0.9826,0.9826,0.9844,0.8739,0.9063,0.8438
0.68,0.33,0.9827,0.8767,0.9108,0.8471,0.9823,0.9822,0.9827,0.9827,0.9845,0.8749,0.9083,0.8438
0.68,0.34,0.9827,0.8766,0.9146,0.8438,0.9823,0.9822,0.9827,0.9827,0.9844,0.8732,0.9117,0.8377
0.68,0.35,0.9824,0.8742,0.9141,0.8401,0.982,0.9819,0.9824,0.9824,0.9841,0.8708,0.9113,0.8337
0.68,0.36,0.9822,0.8726,0.9137,0.8375,0.9817,0.9816,0.9822,0.9822,0.9839,0.8684,0.9109,0.8296
0.68,0.37,0.9819,0.8692,0.9131,0.8322,0.9814,0.9813,0.9819,0.9819,0.9836,0.866,0.9105,0.8256
0.68,0.38,0.9819,0.8692,0.9131,0.8322,0.9814,0.9813,0.9819,0.9819,0.9836,0.866,0.9105,0.8256
0.68,0.39,0.9816,0.8674,0.9127,0.8291,0.9811,0.9811,0.9816,0.9816,0.9833,0.8635,0.9101,0.8215
0.68,0.4,0.9815,0.8661,0.9125,0.8272,0.981,0.9809,0.9815,0.9815,0.9832,0.8623,0.9099,0.8195
0.68,0.41,0.9816,0.8677,0.9184,0.8257,0.9811,0.9811,0.9816,0.9816,0.9833,0.863,0.9138,0.8174
0.68,0.42,0.9815,0.8654,0.9181,0.8222,0.9809,0.9809,0.9815,0.9815,0.9832,0.8617,0.9136,0.8154
0.68,0.43,0.9815,0.8654,0.9181,0.8222,0.9809,0.9809,0.9815,0.9815,0.9832,0.8617,0.9136,0.8154
0.68,0.44,0.9818,0.8659,0.9219,0.8205,0.9812,0.9812,0.9818,0.9818,0.9835,0.8633,0.9197,0.8134
0.68,0.45,0.9815,0.864,0.9214,0.8173,0.9809,0.9809,0.9815,0.9815,0.9832,0.8608,0.9194,0.8093
0.68,0.46,0.9812,0.8628,0.9211,0.8153,0.9806,0.9806,0.9812,0.9812,0.9829,0.8584,0.919,0.8053
0.68,0.47,0.9811,0.8618,0.9257,0.8104,0.9804,0.9805,0.9811,0.9811,0.9828,0.8565,0.9227,0.7992
0.68,0.48,0.9809,0.8599,0.9253,0.8076,0.9801,0.9802,0.9809,0.9809,0.9826,0.854,0.9224,0.7951
0.68,0.49,0.9809,0.8597,0.9261,0.8066,0.9801,0.9802,0.9809,0.9809,0.9826,0.8537,0.9243,0.7931
0.68,0.5,0.9806,0.8578,0.9257,0.8038,0.9798,0.9799,0.9806,0.9806,0.9823,0.8512,0.924,0.789
0.68,0.51,0.9806,0.8578,0.9257,0.8038,0.9798,0.9799,0.9806,0.9806,0.9823,0.8512,0.924,0.789
0.68,0.52,0.9806,0.8573,0.9264,0.8022,0.9798,0.9799,0.9806,0.9806,0.9823,0.8509,0.926,0.787
0.68,0.53,0.9807,0.8577,0.9274,0.8023,0.9799,0.98,0.9807,0.9807,0.9824,0.8518,0.9282,0.787
0.68,0.54,0.9806,0.8567,0.9272,0.8007,0.9797,0.9798,0.9806,0.9806,0.9823,0.8505,0.9281,0.785
0.68,0.55,0.9805,0.8544,0.927,0.7972,0.9796,0.9797,0.9805,0.9805,0.9822,0.8493,0.9279,0.783
0.68,0.56,0.9802,0.8528,0.9266,0.7946,0.9793,0.9794,0.9802,0.9802,0.9819,0.8467,0.9275,0.7789
0.68,0.57,0.9799,0.8515,0.9263,0.7926,0.979,0.9791,0.9799,0.9799,0.9816,0.8442,0.9272,0.7748
0.68,0.58,0.9802,0.8529,0.9295,0.7927,0.9793,0.9794,0.9802,0.9802,0.9819,0.8461,0.9317,0.7748
0.68,0.59,0.9797,0.849,0.9286,0.7867,0.9787,0.9788,0.9797,0.9797,0.9814,0.8409,0.931,0.7667
0.68,0.6,0.9797,0.849,0.9286,0.7867,0.9787,0.9788,0.9797,0.9797,0.9814,0.8409,0.931,0.7667
0.68,0.61,0.9793,0.8457,0.9279,0.782,0.9782,0.9784,0.9793,0.9793,0.981,0.8371,0.9305,0.7606
0.68,0.62,0.9792,0.8442,0.9298,0.7787,0.978,0.9783,0.9792,0.9792,0.9809,0.8354,0.9325,0.7566
0.68,0.63,0.9789,0.8405,0.9295,0.7733,0.9777,0.978,0.9789,0.9789,0.9806,0.8328,0.9322,0.7525
0.68,0.64,0.9784,0.8355,0.9312,0.7651,0.9771,0.9775,0.9784,0.9784,0.9799,0.8262,0.9313,0.7424
0.68,0.65,0.978,0.8316,0.9305,0.7599,0.9766,0.9771,0.978,0.978,0.9796,0.8222,0.9308,0.7363
0.68,0.66,0.978,0.8316,0.9305,0.7599,0.9766,0.9771,0.978,0.978,0.9796,0.8222,0.9308,0.7363
0.68,0.67,0.9777,0.8296,0.93,0.7568,0.9763,0.9768,0.9777,0.9777,0.9793,0.8195,0.9304,0.7323
0.68,0.68,0.9776,0.8281,0.9298,0.7549,0.9761,0.9767,0.9776,0.9776,0.9792,0.8182,0.9302,0.7302
0.69,0.0,0.9772,0.8246,0.9291,0.7503,0.9757,0.9762,0.9772,0.9772,0.9788,0.8141,0.9297,0.7241
0.69,0.01,0.9589,0.81,0.7458,0.9174,0.9637,0.9739,0.9589,0.9589,0.9612,0.7612,0.6291,0.9635
0.69,0.02,0.9698,0.8384,0.79,0.9105,0.9721,0.9771,0.9698,0.9698,0.9721,0.8136,0.713,0.9473
0.69,0.03,0.975,0.8602,0.8276,0.9097,0.9765,0.9797,0.975,0.975,0.9772,0.8413,0.7607,0.9412
0.69,0.04,0.9771,0.8656,0.8382,0.9061,0.9782,0.9806,0.9771,0.9771,0.9793,0.8529,0.784,0.9351
0.69,0.05,0.9783,0.8693,0.8464,0.903,0.9792,0.9812,0.9783,0.9783,0.9805,0.8596,0.7983,0.931
0.69,0.06,0.9796,0.8733,0.8583,0.8973,0.9803,0.9818,0.9796,0.9796,0.9816,0.8658,0.8154,0.9229
0.69,0.07,0.9809,0.8782,0.8665,0.8976,0.9814,0.9826,0.9809,0.9809,0.9829,0.8742,0.8303,0.9229
0.69,0.08,0.981,0.8769,0.8694,0.8922,0.9815,0.9825,0.981,0.981,0.9831,0.8743,0.8355,0.9168
0.69,0.09,0.9812,0.876,0.8693,0.8887,0.9816,0.9824,0.9812,0.9812,0.9833,0.8752,0.8424,0.9108
0.69,0.1,0.982,0.8786,0.8746,0.8879,0.9823,0.9829,0.982,0.982,0.9841,0.8802,0.8533,0.9087
0.69,0.11,0.9826,0.8801,0.8795,0.8853,0.9828,0.9832,0.9826,0.9826,0.9846,0.8832,0.8627,0.9047
0.69,0.12,0.9828,0.8814,0.8829,0.8843,0.983,0.9834,0.9828,0.9828,0.9849,0.8847,0.8674,0.9026
0.69,0.13,0.9831,0.8821,0.885,0.8834,0.9832,0.9835,0.9831,0.9831,0.9852,0.8862,0.8723,0.9006
0.69,0.14,0.9833,0.884,0.8887,0.8835,0.9834,0.9837,0.9833,0.9833,0.9853,0.8869,0.8755,0.8986
0.69,0.15,0.9835,0.8847,0.8912,0.882,0.9835,0.9838,0.9835,0.9835,0.9854,0.8876,0.8787,0.8966
0.69,0.16,0.9832,0.8827,0.8906,0.8786,0.9833,0.9835,0.9832,0.9832,0.9852,0.8853,0.8782,0.8925
0.69,0.17,0.9833,0.8829,0.8927,0.8766,0.9833,0.9835,0.9833,0.9833,0.9853,0.8857,0.8831,0.8884
0.69,0.18,0.9831,0.8811,0.8922,0.8735,0.9831,0.9832,0.9831,0.9831,0.985,0.8835,0.8826,0.8844
0.69,0.19,0.9835,0.8834,0.8966,0.8736,0.9834,0.9835,0.9835,0.9835,0.9854,0.8862,0.888,0.8844
0.69,0.2,0.9833,0.8827,0.897,0.8716,0.9833,0.9833,0.9833,0.9833,0.9853,0.8848,0.8893,0.8803
0.69,0.21,0.9836,0.884,0.8997,0.8717,0.9835,0.9836,0.9836,0.9836,0.9855,0.8866,0.893,0.8803
0.69,0.22,0.9835,0.8825,0.9,0.8683,0.9834,0.9834,0.9835,0.9835,0.9854,0.8852,0.8944,0.8763
0.69,0.23,0.9833,0.8815,0.8997,0.8665,0.9832,0.9832,0.9833,0.9833,0.9853,0.8841,0.8942,0.8742
0.69,0.24,0.9832,0.8797,0.8999,0.8628,0.9831,0.983,0.9832,0.9832,0.9852,0.8827,0.8956,0.8702
0.69,0.25,0.9835,0.8813,0.9032,0.8629,0.9833,0.9833,0.9835,0.9835,0.9854,0.8845,0.8994,0.8702
0.69,0.26,0.9833,0.8804,0.903,0.8613,0.9832,0.9831,0.9833,0.9833,0.9853,0.8834,0.8992,0.8682
0.69,0.27,0.9836,0.8817,0.9056,0.8614,0.9834,0.9834,0.9836,0.9836,0.9855,0.8852,0.903,0.8682
0.69,0.28,0.9833,0.8799,0.9066,0.857,0.9831,0.9831,0.9833,0.9833,0.9853,0.8827,0.9043,0.8621
0.69,0.29,0.9829,0.8767,0.9059,0.8518,0.9827,0.9826,0.9829,0.9829,0.9849,0.8792,0.9036,0.856
0.69,0.3,0.9828,0.8782,0.9075,0.8527,0.9825,0.9825,0.9828,0.9828,0.9846,0.8768,0.9032,0.8519
0.69,0.31,0.9827,0.8771,0.9073,0.8509,0.9824,0.9823,0.9827,0.9827,0.9845,0.8757,0.903,0.8499
0.69,0.32,0.9826,0.8762,0.9099,0.8471,0.9822,0.9821,0.9826,0.9826,0.9844,0.8739,0.9063,0.8438
0.69,0.33,0.9827,0.8767,0.9108,0.8471,0.9823,0.9822,0.9827,0.9827,0.9845,0.8749,0.9083,0.8438
0.69,0.34,0.9827,0.8766,0.9146,0.8438,0.9823,0.9822,0.9827,0.9827,0.9844,0.8732,0.9117,0.8377
0.69,0.35,0.9824,0.8742,0.9141,0.8401,0.982,0.9819,0.9824,0.9824,0.9841,0.8708,0.9113,0.8337
0.69,0.36,0.9822,0.8726,0.9137,0.8375,0.9817,0.9816,0.9822,0.9822,0.9839,0.8684,0.9109,0.8296
0.69,0.37,0.9819,0.8692,0.9131,0.8322,0.9814,0.9813,0.9819,0.9819,0.9836,0.866,0.9105,0.8256
0.69,0.38,0.9819,0.8692,0.9131,0.8322,0.9814,0.9813,0.9819,0.9819,0.9836,0.866,0.9105,0.8256
0.69,0.39,0.9816,0.8674,0.9127,0.8291,0.9811,0.9811,0.9816,0.9816,0.9833,0.8635,0.9101,0.8215
0.69,0.4,0.9815,0.8661,0.9125,0.8272,0.981,0.9809,0.9815,0.9815,0.9832,0.8623,0.9099,0.8195
0.69,0.41,0.9816,0.8677,0.9184,0.8257,0.9811,0.9811,0.9816,0.9816,0.9833,0.863,0.9138,0.8174
0.69,0.42,0.9815,0.8654,0.9181,0.8222,0.9809,0.9809,0.9815,0.9815,0.9832,0.8617,0.9136,0.8154
0.69,0.43,0.9815,0.8654,0.9181,0.8222,0.9809,0.9809,0.9815,0.9815,0.9832,0.8617,0.9136,0.8154
0.69,0.44,0.9818,0.8659,0.9219,0.8205,0.9812,0.9812,0.9818,0.9818,0.9835,0.8633,0.9197,0.8134
0.69,0.45,0.9815,0.864,0.9214,0.8173,0.9809,0.9809,0.9815,0.9815,0.9832,0.8608,0.9194,0.8093
0.69,0.46,0.9812,0.8628,0.9211,0.8153,0.9806,0.9806,0.9812,0.9812,0.9829,0.8584,0.919,0.8053
0.69,0.47,0.9811,0.8618,0.9257,0.8104,0.9804,0.9805,0.9811,0.9811,0.9828,0.8565,0.9227,0.7992
0.69,0.48,0.9809,0.8599,0.9253,0.8076,0.9801,0.9802,0.9809,0.9809,0.9826,0.854,0.9224,0.7951
0.69,0.49,0.9809,0.8597,0.9261,0.8066,0.9801,0.9802,0.9809,0.9809,0.9826,0.8537,0.9243,0.7931
0.69,0.5,0.9806,0.8578,0.9257,0.8038,0.9798,0.9799,0.9806,0.9806,0.9823,0.8512,0.924,0.789
0.69,0.51,0.9806,0.8578,0.9257,0.8038,0.9798,0.9799,0.9806,0.9806,0.9823,0.8512,0.924,0.789
0.69,0.52,0.9806,0.8573,0.9264,0.8022,0.9798,0.9799,0.9806,0.9806,0.9823,0.8509,0.926,0.787
0.69,0.53,0.9807,0.8577,0.9274,0.8023,0.9799,0.98,0.9807,0.9807,0.9824,0.8518,0.9282,0.787
0.69,0.54,0.9806,0.8567,0.9272,0.8007,0.9797,0.9798,0.9806,0.9806,0.9823,0.8505,0.9281,0.785
0.69,0.55,0.9805,0.8544,0.927,0.7972,0.9796,0.9797,0.9805,0.9805,0.9822,0.8493,0.9279,0.783
0.69,0.56,0.9802,0.8528,0.9266,0.7946,0.9793,0.9794,0.9802,0.9802,0.9819,0.8467,0.9275,0.7789
0.69,0.57,0.9799,0.8515,0.9263,0.7926,0.979,0.9791,0.9799,0.9799,0.9816,0.8442,0.9272,0.7748
0.69,0.58,0.9802,0.8529,0.9295,0.7927,0.9793,0.9794,0.9802,0.9802,0.9819,0.8461,0.9317,0.7748
0.69,0.59,0.9797,0.849,0.9286,0.7867,0.9787,0.9788,0.9797,0.9797,0.9814,0.8409,0.931,0.7667
0.69,0.6,0.9797,0.849,0.9286,0.7867,0.9787,0.9788,0.9797,0.9797,0.9814,0.8409,0.931,0.7667
0.69,0.61,0.9793,0.8457,0.9279,0.782,0.9782,0.9784,0.9793,0.9793,0.981,0.8371,0.9305,0.7606
0.69,0.62,0.9792,0.8442,0.9298,0.7787,0.978,0.9783,0.9792,0.9792,0.9809,0.8354,0.9325,0.7566
0.69,0.63,0.9789,0.8405,0.9295,0.7733,0.9777,0.978,0.9789,0.9789,0.9806,0.8328,0.9322,0.7525
0.69,0.64,0.9784,0.8355,0.9312,0.7651,0.9771,0.9775,0.9784,0.9784,0.9799,0.8262,0.9313,0.7424
0.69,0.65,0.978,0.8316,0.9305,0.7599,0.9766,0.9771,0.978,0.978,0.9796,0.8222,0.9308,0.7363
0.69,0.66,0.978,0.8316,0.9305,0.7599,0.9766,0.9771,0.978,0.978,0.9796,0.8222,0.9308,0.7363
0.69,0.67,0.9777,0.8296,0.93,0.7568,0.9763,0.9768,0.9777,0.9777,0.9793,0.8195,0.9304,0.7323
0.69,0.68,0.9776,0.8281,0.9298,0.7549,0.9761,0.9767,0.9776,0.9776,0.9792,0.8182,0.9302,0.7302
0.69,0.69,0.9772,0.8246,0.9291,0.7503,0.9757,0.9762,0.9772,0.9772,0.9788,0.8141,0.9297,0.7241
0.7,0.0,0.9772,0.8233,0.9308,0.7475,0.9756,0.9762,0.9772,0.9772,0.9788,0.8133,0.9342,0.7201
0.7,0.01,0.9589,0.81,0.7458,0.9174,0.9637,0.9739,0.9589,0.9589,0.9612,0.7612,0.6291,0.9635
0.7,0.02,0.9698,0.8384,0.79,0.9105,0.9721,0.9771,0.9698,0.9698,0.9721,0.8136,0.713,0.9473
0.7,0.03,0.975,0.8602,0.8276,0.9097,0.9765,0.9797,0.975,0.975,0.9772,0.8413,0.7607,0.9412
0.7,0.04,0.9771,0.8656,0.8382,0.9061,0.9782,0.9806,0.9771,0.9771,0.9793,0.8529,0.784,0.9351
0.7,0.05,0.9783,0.8693,0.8464,0.903,0.9792,0.9812,0.9783,0.9783,0.9805,0.8596,0.7983,0.931
0.7,0.06,0.9796,0.8733,0.8583,0.8973,0.9803,0.9818,0.9796,0.9796,0.9816,0.8658,0.8154,0.9229
0.7,0.07,0.9809,0.8782,0.8665,0.8976,0.9814,0.9826,0.9809,0.9809,0.9829,0.8742,0.8303,0.9229
0.7,0.08,0.981,0.8769,0.8694,0.8922,0.9815,0.9825,0.981,0.981,0.9831,0.8743,0.8355,0.9168
0.7,0.09,0.9812,0.876,0.8693,0.8887,0.9816,0.9824,0.9812,0.9812,0.9833,0.8752,0.8424,0.9108
0.7,0.1,0.982,0.8786,0.8746,0.8879,0.9823,0.9829,0.982,0.982,0.9841,0.8802,0.8533,0.9087
0.7,0.11,0.9826,0.8801,0.8795,0.8853,0.9828,0.9832,0.9826,0.9826,0.9846,0.8832,0.8627,0.9047
0.7,0.12,0.9828,0.8814,0.8829,0.8843,0.983,0.9834,0.9828,0.9828,0.9849,0.8847,0.8674,0.9026
0.7,0.13,0.9831,0.8821,0.885,0.8834,0.9832,0.9835,0.9831,0.9831,0.9852,0.8862,0.8723,0.9006
0.7,0.14,0.9833,0.884,0.8887,0.8835,0.9834,0.9837,0.9833,0.9833,0.9853,0.8869,0.8755,0.8986
0.7,0.15,0.9835,0.8847,0.8912,0.882,0.9835,0.9838,0.9835,0.9835,0.9854,0.8876,0.8787,0.8966
0.7,0.16,0.9832,0.8827,0.8906,0.8786,0.9833,0.9835,0.9832,0.9832,0.9852,0.8853,0.8782,0.8925
0.7,0.17,0.9833,0.8829,0.8927,0.8766,0.9833,0.9835,0.9833,0.9833,0.9853,0.8857,0.8831,0.8884
0.7,0.18,0.9831,0.8811,0.8922,0.8735,0.9831,0.9832,0.9831,0.9831,0.985,0.8835,0.8826,0.8844
0.7,0.19,0.9835,0.8834,0.8966,0.8736,0.9834,0.9835,0.9835,0.9835,0.9854,0.8862,0.888,0.8844
0.7,0.2,0.9833,0.8827,0.897,0.8716,0.9833,0.9833,0.9833,0.9833,0.9853,0.8848,0.8893,0.8803
0.7,0.21,0.9836,0.884,0.8997,0.8717,0.9835,0.9836,0.9836,0.9836,0.9855,0.8866,0.893,0.8803
0.7,0.22,0.9835,0.8825,0.9,0.8683,0.9834,0.9834,0.9835,0.9835,0.9854,0.8852,0.8944,0.8763
0.7,0.23,0.9833,0.8815,0.8997,0.8665,0.9832,0.9832,0.9833,0.9833,0.9853,0.8841,0.8942,0.8742
0.7,0.24,0.9832,0.8797,0.8999,0.8628,0.9831,0.983,0.9832,0.9832,0.9852,0.8827,0.8956,0.8702
0.7,0.25,0.9835,0.8813,0.9032,0.8629,0.9833,0.9833,0.9835,0.9835,0.9854,0.8845,0.8994,0.8702
0.7,0.26,0.9833,0.8804,0.903,0.8613,0.9832,0.9831,0.9833,0.9833,0.9853,0.8834,0.8992,0.8682
0.7,0.27,0.9836,0.8817,0.9056,0.8614,0.9834,0.9834,0.9836,0.9836,0.9855,0.8852,0.903,0.8682
0.7,0.28,0.9833,0.8799,0.9066,0.857,0.9831,0.9831,0.9833,0.9833,0.9853,0.8827,0.9043,0.8621
0.7,0.29,0.9829,0.8767,0.9059,0.8518,0.9827,0.9826,0.9829,0.9829,0.9849,0.8792,0.9036,0.856
0.7,0.3,0.9828,0.8782,0.9075,0.8527,0.9825,0.9825,0.9828,0.9828,0.9846,0.8768,0.9032,0.8519
0.7,0.31,0.9827,0.8771,0.9073,0.8509,0.9824,0.9823,0.9827,0.9827,0.9845,0.8757,0.903,0.8499
0.7,0.32,0.9826,0.8762,0.9099,0.8471,0.9822,0.9821,0.9826,0.9826,0.9844,0.8739,0.9063,0.8438
0.7,0.33,0.9827,0.8767,0.9108,0.8471,0.9823,0.9822,0.9827,0.9827,0.9845,0.8749,0.9083,0.8438
0.7,0.34,0.9827,0.8766,0.9146,0.8438,0.9823,0.9822,0.9827,0.9827,0.9844,0.8732,0.9117,0.8377
0.7,0.35,0.9824,0.8742,0.9141,0.8401,0.982,0.9819,0.9824,0.9824,0.9841,0.8708,0.9113,0.8337
0.7,0.36,0.9822,0.8726,0.9137,0.8375,0.9817,0.9816,0.9822,0.9822,0.9839,0.8684,0.9109,0.8296
0.7,0.37,0.9819,0.8692,0.9131,0.8322,0.9814,0.9813,0.9819,0.9819,0.9836,0.866,0.9105,0.8256
0.7,0.38,0.9819,0.8692,0.9131,0.8322,0.9814,0.9813,0.9819,0.9819,0.9836,0.866,0.9105,0.8256
0.7,0.39,0.9816,0.8674,0.9127,0.8291,0.9811,0.9811,0.9816,0.9816,0.9833,0.8635,0.9101,0.8215
0.7,0.4,0.9815,0.8661,0.9125,0.8272,0.981,0.9809,0.9815,0.9815,0.9832,0.8623,0.9099,0.8195
0.7,0.41,0.9816,0.8677,0.9184,0.8257,0.9811,0.9811,0.9816,0.9816,0.9833,0.863,0.9138,0.8174
0.7,0.42,0.9815,0.8654,0.9181,0.8222,0.9809,0.9809,0.9815,0.9815,0.9832,0.8617,0.9136,0.8154
0.7,0.43,0.9815,0.8654,0.9181,0.8222,0.9809,0.9809,0.9815,0.9815,0.9832,0.8617,0.9136,0.8154
0.7,0.44,0.9818,0.8659,0.9219,0.8205,0.9812,0.9812,0.9818,0.9818,0.9835,0.8633,0.9197,0.8134
0.7,0.45,0.9815,0.864,0.9214,0.8173,0.9809,0.9809,0.9815,0.9815,0.9832,0.8608,0.9194,0.8093
0.7,0.46,0.9811,0.8622,0.9209,0.8143,0.9804,0.9805,0.9811,0.9811,0.9828,0.8571,0.9188,0.8032
0.7,0.47,0.981,0.8611,0.9255,0.8094,0.9803,0.9803,0.981,0.981,0.9827,0.8553,0.9225,0.7972
0.7,0.48,0.9807,0.8592,0.9251,0.8066,0.98,0.98,0.9807,0.9807,0.9824,0.8528,0.9222,0.7931
0.7,0.49,0.9807,0.8591,0.9259,0.8056,0.9799,0.98,0.9807,0.9807,0.9824,0.8525,0.9242,0.7911
0.7,0.5,0.9805,0.8571,0.9255,0.8028,0.9796,0.9797,0.9805,0.9805,0.9822,0.8499,0.9238,0.787
0.7,0.51,0.9805,0.8571,0.9255,0.8028,0.9796,0.9797,0.9805,0.9805,0.9822,0.8499,0.9238,0.787
0.7,0.52,0.9805,0.8566,0.9263,0.8012,0.9796,0.9797,0.9805,0.9805,0.9822,0.8496,0.9258,0.785
0.7,0.53,0.9806,0.8571,0.9273,0.8012,0.9797,0.9798,0.9806,0.9806,0.9823,0.8505,0.9281,0.785
0.7,0.54,0.9805,0.8561,0.927,0.7997,0.9796,0.9797,0.9805,0.9805,0.9822,0.8493,0.9279,0.783
0.7,0.55,0.9803,0.8538,0.9269,0.7962,0.9794,0.9796,0.9803,0.9803,0.982,0.848,0.9277,0.7809
0.7,0.56,0.9801,0.8522,0.9265,0.7936,0.9792,0.9793,0.9801,0.9801,0.9818,0.8455,0.9274,0.7769
0.7,0.57,0.9798,0.8509,0.9261,0.7916,0.9789,0.979,0.9798,0.9798,0.9815,0.8429,0.927,0.7728
0.7,0.58,0.9801,0.8523,0.9293,0.7917,0.9791,0.9793,0.9801,0.9801,0.9818,0.8448,0.9315,0.7728
0.7,0.59,0.9796,0.8483,0.9284,0.7857,0.9785,0.9787,0.9796,0.9796,0.9812,0.8396,0.9309,0.7647
0.7,0.6,0.9796,0.8483,0.9284,0.7857,0.9785,0.9787,0.9796,0.9796,0.9812,0.8396,0.9309,0.7647
0.7,0.61,0.9792,0.845,0.9278,0.781,0.9781,0.9783,0.9792,0.9792,0.9809,0.8358,0.9303,0.7586
0.7,0.62,0.979,0.8435,0.9297,0.7776,0.9779,0.9781,0.979,0.979,0.9807,0.8341,0.9323,0.7546
0.7,0.63,0.9788,0.8398,0.9293,0.7723,0.9776,0.9779,0.9788,0.9788,0.9805,0.8315,0.932,0.7505
0.7,0.64,0.9783,0.8348,0.931,0.7641,0.9769,0.9774,0.9783,0.9783,0.9798,0.8249,0.9311,0.7404
0.7,0.65,0.9779,0.831,0.9303,0.7589,0.9765,0.9769,0.9779,0.9779,0.9794,0.8209,0.9306,0.7343
0.7,0.66,0.9779,0.831,0.9303,0.7589,0.9765,0.9769,0.9779,0.9779,0.9794,0.8209,0.9306,0.7343
0.7,0.67,0.9776,0.8289,0.9298,0.7558,0.9762,0.9766,0.9776,0.9776,0.9792,0.8182,0.9302,0.7302
0.7,0.68,0.9775,0.8275,0.9296,0.7539,0.976,0.9765,0.9775,0.9775,0.979,0.8168,0.9301,0.7282
0.7,0.69,0.9771,0.8239,0.929,0.7493,0.9755,0.9761,0.9771,0.9771,0.9786,0.8128,0.9295,0.7221
0.7,0.7,0.9772,0.8233,0.9308,0.7475,0.9756,0.9762,0.9772,0.9772,0.9788,0.8133,0.9342,0.7201
0.71,0.0,0.977,0.8216,0.9304,0.7449,0.9753,0.9759,0.977,0.977,0.9785,0.8106,0.9339,0.716
0.71,0.01,0.9589,0.81,0.7458,0.9174,0.9637,0.9739,0.9589,0.9589,0.9612,0.7612,0.6291,0.9635
0.71,0.02,0.9698,0.8384,0.79,0.9105,0.9721,0.9771,0.9698,0.9698,0.9721,0.8136,0.713,0.9473
0.71,0.03,0.975,0.8602,0.8276,0.9097,0.9765,0.9797,0.975,0.975,0.9772,0.8413,0.7607,0.9412
0.71,0.04,0.9771,0.8656,0.8382,0.9061,0.9782,0.9806,0.9771,0.9771,0.9793,0.8529,0.784,0.9351
0.71,0.05,0.9783,0.8693,0.8464,0.903,0.9792,0.9812,0.9783,0.9783,0.9805,0.8596,0.7983,0.931
0.71,0.06,0.9796,0.8733,0.8583,0.8973,0.9803,0.9818,0.9796,0.9796,0.9816,0.8658,0.8154,0.9229
0.71,0.07,0.9809,0.8782,0.8665,0.8976,0.9814,0.9826,0.9809,0.9809,0.9829,0.8742,0.8303,0.9229
0.71,0.08,0.981,0.8769,0.8694,0.8922,0.9815,0.9825,0.981,0.981,0.9831,0.8743,0.8355,0.9168
0.71,0.09,0.9812,0.876,0.8693,0.8887,0.9816,0.9824,0.9812,0.9812,0.9833,0.8752,0.8424,0.9108
0.71,0.1,0.982,0.8786,0.8746,0.8879,0.9823,0.9829,0.982,0.982,0.9841,0.8802,0.8533,0.9087
0.71,0.11,0.9826,0.8801,0.8795,0.8853,0.9828,0.9832,0.9826,0.9826,0.9846,0.8832,0.8627,0.9047
0.71,0.12,0.9828,0.8814,0.8829,0.8843,0.983,0.9834,0.9828,0.9828,0.9849,0.8847,0.8674,0.9026
0.71,0.13,0.9831,0.8821,0.885,0.8834,0.9832,0.9835,0.9831,0.9831,0.9852,0.8862,0.8723,0.9006
0.71,0.14,0.9833,0.884,0.8887,0.8835,0.9834,0.9837,0.9833,0.9833,0.9853,0.8869,0.8755,0.8986
0.71,0.15,0.9835,0.8847,0.8912,0.882,0.9835,0.9838,0.9835,0.9835,0.9854,0.8876,0.8787,0.8966
0.71,0.16,0.9832,0.8827,0.8906,0.8786,0.9833,0.9835,0.9832,0.9832,0.9852,0.8853,0.8782,0.8925
0.71,0.17,0.9833,0.8829,0.8927,0.8766,0.9833,0.9835,0.9833,0.9833,0.9853,0.8857,0.8831,0.8884
0.71,0.18,0.9831,0.8811,0.8922,0.8735,0.9831,0.9832,0.9831,0.9831,0.985,0.8835,0.8826,0.8844
0.71,0.19,0.9835,0.8834,0.8966,0.8736,0.9834,0.9835,0.9835,0.9835,0.9854,0.8862,0.888,0.8844
0.71,0.2,0.9833,0.8827,0.897,0.8716,0.9833,0.9833,0.9833,0.9833,0.9853,0.8848,0.8893,0.8803
0.71,0.21,0.9836,0.884,0.8997,0.8717,0.9835,0.9836,0.9836,0.9836,0.9855,0.8866,0.893,0.8803
0.71,0.22,0.9835,0.8825,0.9,0.8683,0.9834,0.9834,0.9835,0.9835,0.9854,0.8852,0.8944,0.8763
0.71,0.23,0.9833,0.8815,0.8997,0.8665,0.9832,0.9832,0.9833,0.9833,0.9853,0.8841,0.8942,0.8742
0.71,0.24,0.9832,0.8797,0.8999,0.8628,0.9831,0.983,0.9832,0.9832,0.9852,0.8827,0.8956,0.8702
0.71,0.25,0.9835,0.8813,0.9032,0.8629,0.9833,0.9833,0.9835,0.9835,0.9854,0.8845,0.8994,0.8702
0.71,0.26,0.9833,0.8804,0.903,0.8613,0.9832,0.9831,0.9833,0.9833,0.9853,0.8834,0.8992,0.8682
0.71,0.27,0.9836,0.8817,0.9056,0.8614,0.9834,0.9834,0.9836,0.9836,0.9855,0.8852,0.903,0.8682
0.71,0.28,0.9833,0.8799,0.9066,0.857,0.9831,0.9831,0.9833,0.9833,0.9853,0.8827,0.9043,0.8621
0.71,0.29,0.9829,0.8767,0.9059,0.8518,0.9827,0.9826,0.9829,0.9829,0.9849,0.8792,0.9036,0.856
0.71,0.3,0.9828,0.8782,0.9075,0.8527,0.9825,0.9825,0.9828,0.9828,0.9846,0.8768,0.9032,0.8519
0.71,0.31,0.9827,0.8771,0.9073,0.8509,0.9824,0.9823,0.9827,0.9827,0.9845,0.8757,0.903,0.8499
0.71,0.32,0.9826,0.8762,0.9099,0.8471,0.9822,0.9821,0.9826,0.9826,0.9844,0.8739,0.9063,0.8438
0.71,0.33,0.9827,0.8767,0.9108,0.8471,0.9823,0.9822,0.9827,0.9827,0.9845,0.8749,0.9083,0.8438
0.71,0.34,0.9827,0.8766,0.9146,0.8438,0.9823,0.9822,0.9827,0.9827,0.9844,0.8732,0.9117,0.8377
0.71,0.35,0.9824,0.8742,0.9141,0.8401,0.982,0.9819,0.9824,0.9824,0.9841,0.8708,0.9113,0.8337
0.71,0.36,0.9822,0.8726,0.9137,0.8375,0.9817,0.9816,0.9822,0.9822,0.9839,0.8684,0.9109,0.8296
0.71,0.37,0.9819,0.8692,0.9131,0.8322,0.9814,0.9813,0.9819,0.9819,0.9836,0.866,0.9105,0.8256
0.71,0.38,0.9819,0.8692,0.9131,0.8322,0.9814,0.9813,0.9819,0.9819,0.9836,0.866,0.9105,0.8256
0.71,0.39,0.9816,0.8674,0.9127,0.8291,0.9811,0.9811,0.9816,0.9816,0.9833,0.8635,0.9101,0.8215
0.71,0.4,0.9815,0.8661,0.9125,0.8272,0.981,0.9809,0.9815,0.9815,0.9832,0.8623,0.9099,0.8195
0.71,0.41,0.9816,0.8677,0.9184,0.8257,0.9811,0.9811,0.9816,0.9816,0.9833,0.863,0.9138,0.8174
0.71,0.42,0.9815,0.8654,0.9181,0.8222,0.9809,0.9809,0.9815,0.9815,0.9832,0.8617,0.9136,0.8154
0.71,0.43,0.9815,0.8654,0.9181,0.8222,0.9809,0.9809,0.9815,0.9815,0.9832,0.8617,0.9136,0.8154
0.71,0.44,0.9818,0.8659,0.9219,0.8205,0.9812,0.9812,0.9818,0.9818,0.9835,0.8633,0.9197,0.8134
0.71,0.45,0.9815,0.864,0.9214,0.8173,0.9809,0.9809,0.9815,0.9815,0.9832,0.8608,0.9194,0.8093
0.71,0.46,0.9811,0.8622,0.9209,0.8143,0.9804,0.9805,0.9811,0.9811,0.9828,0.8571,0.9188,0.8032
0.71,0.47,0.981,0.8611,0.9255,0.8094,0.9803,0.9803,0.981,0.981,0.9827,0.8553,0.9225,0.7972
0.71,0.48,0.9807,0.8592,0.9251,0.8066,0.98,0.98,0.9807,0.9807,0.9824,0.8528,0.9222,0.7931
0.71,0.49,0.9807,0.8591,0.9259,0.8056,0.9799,0.98,0.9807,0.9807,0.9824,0.8525,0.9242,0.7911
0.71,0.5,0.9805,0.8571,0.9255,0.8028,0.9796,0.9797,0.9805,0.9805,0.9822,0.8499,0.9238,0.787
0.71,0.51,0.9805,0.8571,0.9255,0.8028,0.9796,0.9797,0.9805,0.9805,0.9822,0.8499,0.9238,0.787
0.71,0.52,0.9805,0.8566,0.9263,0.8012,0.9796,0.9797,0.9805,0.9805,0.9822,0.8496,0.9258,0.785
0.71,0.53,0.9806,0.8571,0.9273,0.8012,0.9797,0.9798,0.9806,0.9806,0.9823,0.8505,0.9281,0.785
0.71,0.54,0.9805,0.8561,0.927,0.7997,0.9796,0.9797,0.9805,0.9805,0.9822,0.8493,0.9279,0.783
0.71,0.55,0.9803,0.8538,0.9269,0.7962,0.9794,0.9796,0.9803,0.9803,0.982,0.848,0.9277,0.7809
0.71,0.56,0.9801,0.8522,0.9265,0.7936,0.9792,0.9793,0.9801,0.9801,0.9818,0.8455,0.9274,0.7769
0.71,0.57,0.9798,0.8509,0.9261,0.7916,0.9789,0.979,0.9798,0.9798,0.9815,0.8429,0.927,0.7728
0.71,0.58,0.9801,0.8523,0.9293,0.7917,0.9791,0.9793,0.9801,0.9801,0.9818,0.8448,0.9315,0.7728
0.71,0.59,0.9796,0.8483,0.9284,0.7857,0.9785,0.9787,0.9796,0.9796,0.9812,0.8396,0.9309,0.7647
0.71,0.6,0.9796,0.8483,0.9284,0.7857,0.9785,0.9787,0.9796,0.9796,0.9812,0.8396,0.9309,0.7647
0.71,0.61,0.9792,0.845,0.9278,0.781,0.9781,0.9783,0.9792,0.9792,0.9809,0.8358,0.9303,0.7586
0.71,0.62,0.979,0.8435,0.9297,0.7776,0.9779,0.9781,0.979,0.979,0.9807,0.8341,0.9323,0.7546
0.71,0.63,0.9788,0.8398,0.9293,0.7723,0.9776,0.9779,0.9788,0.9788,0.9805,0.8315,0.932,0.7505
0.71,0.64,0.9783,0.8348,0.931,0.7641,0.9769,0.9774,0.9783,0.9783,0.9798,0.8249,0.9311,0.7404
0.71,0.65,0.9779,0.831,0.9303,0.7589,0.9765,0.9769,0.9779,0.9779,0.9794,0.8209,0.9306,0.7343
0.71,0.66,0.9779,0.831,0.9303,0.7589,0.9765,0.9769,0.9779,0.9779,0.9794,0.8209,0.9306,0.7343
0.71,0.67,0.9776,0.8289,0.9298,0.7558,0.9762,0.9766,0.9776,0.9776,0.9792,0.8182,0.9302,0.7302
0.71,0.68,0.9775,0.8275,0.9296,0.7539,0.976,0.9765,0.9775,0.9775,0.979,0.8168,0.9301,0.7282
0.71,0.69,0.9771,0.8239,0.929,0.7493,0.9755,0.9761,0.9771,0.9771,0.9786,0.8128,0.9295,0.7221
0.71,0.7,0.9772,0.8233,0.9308,0.7475,0.9756,0.9762,0.9772,0.9772,0.9788,0.8133,0.9342,0.7201
0.71,0.71,0.977,0.8216,0.9304,0.7449,0.9753,0.9759,0.977,0.977,0.9785,0.8106,0.9339,0.716
0.72,0.0,0.9768,0.8184,0.9317,0.7396,0.9751,0.9758,0.9768,0.9768,0.9784,0.8088,0.936,0.712
0.72,0.01,0.9591,0.8111,0.7474,0.9175,0.9639,0.9741,0.9591,0.9591,0.9615,0.7624,0.6308,0.9635
0.72,0.02,0.9701,0.8395,0.7918,0.9106,0.9723,0.9773,0.9701,0.9701,0.9724,0.815,0.7152,0.9473
0.72,0.03,0.9751,0.8608,0.8286,0.9097,0.9766,0.9798,0.9751,0.9751,0.9773,0.8421,0.7619,0.9412
0.72,0.04,0.9772,0.8662,0.8392,0.9061,0.9783,0.9807,0.9772,0.9772,0.9794,0.8537,0.7853,0.9351
0.72,0.05,0.9784,0.8699,0.8475,0.903,0.9793,0.9812,0.9784,0.9784,0.9806,0.8604,0.7997,0.931
0.72,0.06,0.9797,0.8739,0.8595,0.8973,0.9804,0.9819,0.9797,0.9797,0.9818,0.8667,0.8169,0.9229
0.72,0.07,0.981,0.8788,0.8677,0.8976,0.9815,0.9827,0.981,0.981,0.9831,0.875,0.8318,0.9229
0.72,0.08,0.9811,0.8776,0.8706,0.8922,0.9816,0.9826,0.9811,0.9811,0.9832,0.8751,0.837,0.9168
0.72,0.09,0.9814,0.8767,0.8705,0.8888,0.9818,0.9825,0.9814,0.9814,0.9835,0.8761,0.844,0.9108
0.72,0.1,0.9822,0.8793,0.8758,0.888,0.9824,0.983,0.9822,0.9822,0.9842,0.881,0.855,0.9087
0.72,0.11,0.9827,0.8807,0.8808,0.8853,0.9829,0.9833,0.9827,0.9827,0.9848,0.884,0.8643,0.9047
0.72,0.12,0.9829,0.8821,0.8841,0.8844,0.9831,0.9835,0.9829,0.9829,0.985,0.8856,0.8691,0.9026
0.72,0.13,0.9832,0.8828,0.8863,0.8834,0.9833,0.9836,0.9832,0.9832,0.9853,0.8871,0.874,0.9006
0.72,0.14,0.9835,0.8847,0.8899,0.8835,0.9835,0.9838,0.9835,0.9835,0.9854,0.8878,0.8772,0.8986
0.72,0.15,0.9836,0.8853,0.8924,0.882,0.9837,0.9839,0.9836,0.9836,0.9855,0.8884,0.8805,0.8966
0.72,0.16,0.9833,0.8834,0.8919,0.8786,0.9834,0.9836,0.9833,0.9833,0.9853,0.8862,0.88,0.8925
0.72,0.17,0.9835,0.8836,0.894,0.8767,0.9835,0.9836,0.9835,0.9835,0.9854,0.8866,0.8848,0.8884
0.72,0.18,0.9832,0.8818,0.8935,0.8735,0.9832,0.9833,0.9832,0.9832,0.9852,0.8844,0.8844,0.8844
0.72,0.19,0.9836,0.8841,0.8979,0.8736,0.9836,0.9836,0.9836,0.9836,0.9855,0.8871,0.8898,0.8844
0.72,0.2,0.9835,0.8833,0.8983,0.8716,0.9834,0.9834,0.9835,0.9835,0.9854,0.8857,0.8912,0.8803
0.72,0.21,0.9837,0.8847,0.901,0.8717,0.9836,0.9837,0.9837,0.9837,0.9857,0.8875,0.8948,0.8803
0.72,0.22,0.9836,0.8832,0.9014,0.8683,0.9835,0.9835,0.9836,0.9836,0.9855,0.8862,0.8963,0.8763
0.72,0.23,0.9835,0.8822,0.9011,0.8665,0.9833,0.9833,0.9835,0.9835,0.9854,0.885,0.896,0.8742
0.72,0.24,0.9833,0.8804,0.9013,0.8628,0.9832,0.9832,0.9833,0.9833,0.9853,0.8836,0.8975,0.8702
0.72,0.25,0.9836,0.882,0.9046,0.8629,0.9834,0.9834,0.9836,0.9836,0.9855,0.8854,0.9013,0.8702
0.72,0.26,0.9835,0.8811,0.9044,0.8613,0.9833,0.9833,0.9835,0.9835,0.9854,0.8843,0.9011,0.8682
0.72,0.27,0.9837,0.8824,0.9069,0.8614,0.9835,0.9835,0.9837,0.9837,0.9857,0.8861,0.9049,0.8682
0.72,0.28,0.9835,0.8806,0.908,0.857,0.9832,0.9832,0.9835,0.9835,0.9854,0.8836,0.9062,0.8621
0.72,0.29,0.9831,0.8774,0.9073,0.8518,0.9828,0.9827,0.9831,0.9831,0.985,0.8801,0.9056,0.856
0.72,0.3,0.9829,0.8789,0.9089,0.8527,0.9827,0.9826,0.9829,0.9829,0.9848,0.8777,0.9052,0.8519
0.72,0.31,0.9828,0.8778,0.9087,0.8509,0.9825,0.9824,0.9828,0.9828,0.9846,0.8766,0.905,0.8499
0.72,0.32,0.9827,0.8769,0.9113,0.8471,0.9823,0.9822,0.9827,0.9827,0.9845,0.8749,0.9083,0.8438
0.72,0.33,0.9828,0.8774,0.9122,0.8471,0.9825,0.9824,0.9828,0.9828,0.9846,0.8758,0.9103,0.8438
0.72,0.34,0.9828,0.8773,0.916,0.8438,0.9824,0.9823,0.9828,0.9828,0.9845,0.8741,0.9137,0.8377
0.72,0.35,0.9826,0.8749,0.9155,0.8401,0.9821,0.982,0.9826,0.9826,0.9842,0.8717,0.9133,0.8337
0.72,0.36,0.9823,0.8733,0.9151,0.8376,0.9818,0.9818,0.9823,0.9823,0.984,0.8693,0.9129,0.8296
0.72,0.37,0.982,0.8699,0.9146,0.8322,0.9815,0.9815,0.982,0.982,0.9837,0.8669,0.9126,0.8256
0.72,0.38,0.982,0.8699,0.9146,0.8322,0.9815,0.9815,0.982,0.982,0.9837,0.8669,0.9126,0.8256
0.72,0.39,0.9818,0.8681,0.9142,0.8291,0.9813,0.9812,0.9818,0.9818,0.9835,0.8645,0.9122,0.8215
0.72,0.4,0.9816,0.8669,0.9139,0.8273,0.9811,0.981,0.9816,0.9816,0.9833,0.8632,0.912,0.8195
0.72,0.41,0.9818,0.8684,0.9199,0.8257,0.9812,0.9812,0.9818,0.9818,0.9835,0.8639,0.9159,0.8174
0.72,0.42,0.9816,0.8661,0.9196,0.8222,0.9811,0.9811,0.9816,0.9816,0.9833,0.8627,0.9157,0.8154
0.72,0.43,0.9816,0.8661,0.9196,0.8222,0.9811,0.9811,0.9816,0.9816,0.9833,0.8627,0.9157,0.8154
0.72,0.44,0.9819,0.8666,0.9234,0.8205,0.9813,0.9813,0.9819,0.9819,0.9836,0.8642,0.9218,0.8134
0.72,0.45,0.9816,0.8647,0.9229,0.8174,0.981,0.981,0.9816,0.9816,0.9833,0.8618,0.9215,0.8093
0.72,0.46,0.9812,0.8629,0.9224,0.8143,0.9806,0.9806,0.9812,0.9812,0.9829,0.8581,0.9209,0.8032
0.72,0.47,0.9811,0.8618,0.927,0.8094,0.9804,0.9804,0.9811,0.9811,0.9828,0.8562,0.9247,0.7972
0.72,0.48,0.9809,0.8599,0.9266,0.8066,0.9801,0.9802,0.9809,0.9809,0.9826,0.8537,0.9243,0.7931
0.72,0.49,0.9809,0.8598,0.9274,0.8056,0.9801,0.9801,0.9809,0.9809,0.9826,0.8534,0.9264,0.7911
0.72,0.5,0.9806,0.8578,0.927,0.8028,0.9798,0.9799,0.9806,0.9806,0.9823,0.8509,0.926,0.787
0.72,0.51,0.9806,0.8578,0.927,0.8028,0.9798,0.9799,0.9806,0.9806,0.9823,0.8509,0.926,0.787
0.72,0.52,0.9806,0.8573,0.9278,0.8012,0.9797,0.9798,0.9806,0.9806,0.9823,0.8505,0.9281,0.785
0.72,0.53,0.9807,0.8578,0.9288,0.8013,0.9799,0.98,0.9807,0.9807,0.9824,0.8515,0.9303,0.785
0.72,0.54,0.9806,0.8568,0.9286,0.7997,0.9797,0.9798,0.9806,0.9806,0.9823,0.8502,0.9301,0.783
0.72,0.55,0.9805,0.8545,0.9284,0.7962,0.9796,0.9797,0.9805,0.9805,0.9822,0.849,0.93,0.7809
0.72,0.56,0.9802,0.8529,0.928,0.7936,0.9793,0.9794,0.9802,0.9802,0.9819,0.8464,0.9296,0.7769
0.72,0.57,0.9799,0.8516,0.9277,0.7916,0.979,0.9791,0.9799,0.9799,0.9816,0.8439,0.9293,0.7728
0.72,0.58,0.9802,0.853,0.9309,0.7917,0.9792,0.9794,0.9802,0.9802,0.9819,0.8457,0.9338,0.7728
0.72,0.59,0.9797,0.849,0.9301,0.7857,0.9786,0.9788,0.9797,0.9797,0.9814,0.8406,0.9332,0.7647
0.72,0.6,0.9797,0.849,0.9301,0.7857,0.9786,0.9788,0.9797,0.9797,0.9814,0.8406,0.9332,0.7647
0.72,0.61,0.9793,0.8457,0.9294,0.781,0.9782,0.9784,0.9793,0.9793,0.981,0.8367,0.9327,0.7586
0.72,0.62,0.9792,0.8442,0.9313,0.7777,0.978,0.9783,0.9792,0.9792,0.9809,0.835,0.9347,0.7546
0.72,0.63,0.9789,0.8405,0.9309,0.7723,0.9777,0.978,0.9789,0.9789,0.9806,0.8324,0.9343,0.7505
0.72,0.64,0.9784,0.8355,0.9326,0.7641,0.9771,0.9775,0.9784,0.9784,0.9799,0.8258,0.9335,0.7404
0.72,0.65,0.978,0.8317,0.932,0.7589,0.9766,0.9771,0.978,0.978,0.9796,0.8218,0.933,0.7343
0.72,0.66,0.978,0.8317,0.932,0.7589,0.9766,0.9771,0.978,0.978,0.9796,0.8218,0.933,0.7343
0.72,0.67,0.9777,0.8296,0.9315,0.7558,0.9763,0.9768,0.9777,0.9777,0.9793,0.8191,0.9326,0.7302
0.72,0.68,0.9776,0.8282,0.9313,0.754,0.9761,0.9767,0.9776,0.9776,0.9792,0.8178,0.9325,0.7282
0.72,0.69,0.9772,0.8246,0.9307,0.7493,0.9756,0.9762,0.9772,0.9772,0.9788,0.8137,0.9319,0.7221
0.72,0.7,0.9773,0.824,0.9325,0.7475,0.9757,0.9764,0.9773,0.9773,0.9789,0.8142,0.9367,0.7201
0.72,0.71,0.9771,0.8223,0.9321,0.7449,0.9754,0.9761,0.9771,0.9771,0.9786,0.8115,0.9363,0.716
0.72,0.72,0.9768,0.8184,0.9317,0.7396,0.9751,0.9758,0.9768,0.9768,0.9784,0.8088,0.936,0.712
0.73,0.0,0.9767,0.8192,0.9361,0.7386,0.9749,0.9758,0.9767,0.9767,0.978,0.8046,0.9355,0.7059
0.73,0.01,0.9596,0.8161,0.7519,0.922,0.9644,0.9744,0.9596,0.9596,0.9617,0.7637,0.6325,0.9635
0.73,0.02,0.9706,0.8447,0.7965,0.9152,0.9728,0.9776,0.9706,0.9706,0.9727,0.8164,0.7174,0.9473
0.73,0.03,0.9757,0.8662,0.8336,0.9143,0.9771,0.9802,0.9757,0.9757,0.9776,0.8436,0.7644,0.9412
0.73,0.04,0.9777,0.8716,0.8442,0.9107,0.9788,0.9811,0.9777,0.9777,0.9797,0.8553,0.788,0.9351
0.73,0.05,0.9789,0.8753,0.8527,0.9076,0.9798,0.9816,0.9789,0.9789,0.9809,0.862,0.8024,0.931
0.73,0.06,0.9802,0.8795,0.8649,0.9019,0.9809,0.9823,0.9802,0.9802,0.982,0.8683,0.8198,0.9229
0.73,0.07,0.9814,0.8837,0.8719,0.9021,0.9819,0.983,0.9814,0.9814,0.9832,0.8758,0.8333,0.9229
0.73,0.08,0.9815,0.8825,0.8749,0.8967,0.982,0.983,0.9815,0.9815,0.9833,0.876,0.8386,0.9168
0.73,0.09,0.9818,0.8816,0.875,0.8933,0.9821,0.9829,0.9818,0.9818,0.9836,0.877,0.8456,0.9108
0.73,0.1,0.9826,0.8842,0.8802,0.8925,0.9828,0.9834,0.9826,0.9826,0.9844,0.8819,0.8566,0.9087
0.73,0.11,0.9831,0.886,0.8858,0.8898,0.9833,0.9837,0.9831,0.9831,0.9849,0.8849,0.866,0.9047
0.73,0.12,0.9833,0.887,0.8885,0.8889,0.9835,0.9838,0.9833,0.9833,0.9852,0.8865,0.8708,0.9026
0.73,0.13,0.9836,0.8877,0.8907,0.888,0.9837,0.984,0.9836,0.9836,0.9854,0.888,0.8757,0.9006
0.73,0.14,0.9839,0.8896,0.8944,0.888,0.9839,0.9842,0.9839,0.9839,0.9855,0.8887,0.879,0.8986
0.73,0.15,0.984,0.8903,0.897,0.8865,0.984,0.9842,0.984,0.984,0.9857,0.8893,0.8822,0.8966
0.73,0.16,0.9837,0.8884,0.8965,0.8831,0.9838,0.9839,0.9837,0.9837,0.9854,0.8871,0.8818,0.8925
0.73,0.17,0.9839,0.8885,0.8985,0.8812,0.9838,0.984,0.9839,0.9839,0.9855,0.8875,0.8866,0.8884
0.73,0.18,0.9836,0.8868,0.8981,0.8781,0.9836,0.9837,0.9836,0.9836,0.9853,0.8853,0.8862,0.8844
0.73,0.19,0.984,0.8891,0.9026,0.8782,0.9839,0.984,0.984,0.984,0.9857,0.888,0.8916,0.8844
0.73,0.2,0.9839,0.8883,0.903,0.8762,0.9838,0.9838,0.9839,0.9839,0.9855,0.8866,0.893,0.8803
0.73,0.21,0.9841,0.8897,0.9058,0.8762,0.984,0.984,0.9841,0.9841,0.9858,0.8884,0.8967,0.8803
0.73,0.22,0.984,0.8882,0.9061,0.8729,0.9839,0.9839,0.984,0.984,0.9857,0.8871,0.8981,0.8763
0.73,0.23,0.9839,0.8871,0.9059,0.871,0.9837,0.9837,0.9839,0.9839,0.9855,0.8859,0.8979,0.8742
0.73,0.24,0.9837,0.8854,0.9061,0.8674,0.9836,0.9835,0.9837,0.9837,0.9854,0.8845,0.8994,0.8702
0.73,0.25,0.984,0.887,0.9095,0.8674,0.9838,0.9838,0.984,0.984,0.9857,0.8864,0.9032,0.8702
0.73,0.26,0.9839,0.8861,0.9093,0.8659,0.9837,0.9836,0.9839,0.9839,0.9855,0.8852,0.903,0.8682
0.73,0.27,0.984,0.8852,0.9116,0.8624,0.9838,0.9837,0.984,0.984,0.9857,0.8859,0.9066,0.8661
0.73,0.28,0.9836,0.8828,0.9125,0.857,0.9833,0.9833,0.9836,0.9836,0.9853,0.8822,0.9077,0.858
0.73,0.29,0.9832,0.8796,0.9118,0.8518,0.9829,0.9828,0.9832,0.9832,0.9849,0.8787,0.9071,0.8519
0.73,0.3,0.9831,0.8811,0.9136,0.8528,0.9828,0.9827,0.9831,0.9831,0.9846,0.8763,0.9067,0.8479
0.73,0.31,0.9829,0.88,0.9133,0.8509,0.9826,0.9826,0.9829,0.9829,0.9845,0.8751,0.9065,0.8458
0.73,0.32,0.9827,0.8784,0.9146,0.8471,0.9823,0.9822,0.9827,0.9827,0.9842,0.8725,0.9079,0.8398
0.73,0.33,0.9828,0.8789,0.9155,0.8471,0.9824,0.9824,0.9828,0.9828,0.9844,0.8734,0.9099,0.8398
0.73,0.34,0.9828,0.8788,0.9194,0.8438,0.9824,0.9823,0.9828,0.9828,0.9842,0.8717,0.9133,0.8337
0.73,0.35,0.9826,0.8764,0.919,0.8401,0.9821,0.982,0.9826,0.9826,0.984,0.8693,0.9129,0.8296
0.73,0.36,0.9823,0.8748,0.9186,0.8376,0.9818,0.9818,0.9823,0.9823,0.9837,0.8669,0.9126,0.8256
0.73,0.37,0.982,0.8714,0.9181,0.8322,0.9815,0.9815,0.982,0.982,0.9835,0.8645,0.9122,0.8215
0.73,0.38,0.982,0.8714,0.9181,0.8322,0.9815,0.9815,0.982,0.982,0.9835,0.8645,0.9122,0.8215
0.73,0.39,0.9818,0.8696,0.9177,0.8291,0.9812,0.9812,0.9818,0.9818,0.9832,0.862,0.9118,0.8174
0.73,0.4,0.9816,0.8683,0.9174,0.8273,0.9811,0.9811,0.9816,0.9816,0.9831,0.8608,0.9116,0.8154
0.73,0.41,0.9818,0.8699,0.9234,0.8257,0.9812,0.9812,0.9818,0.9818,0.9832,0.8614,0.9155,0.8134
0.73,0.42,0.9816,0.8676,0.9232,0.8222,0.9811,0.9811,0.9816,0.9816,0.9831,0.8602,0.9153,0.8114
0.73,0.43,0.9816,0.8676,0.9232,0.8222,0.9811,0.9811,0.9816,0.9816,0.9831,0.8602,0.9153,0.8114
0.73,0.44,0.9819,0.8681,0.927,0.8205,0.9813,0.9813,0.9819,0.9819,0.9833,0.8618,0.9215,0.8093
0.73,0.45,0.9816,0.8662,0.9266,0.8174,0.981,0.9811,0.9816,0.9816,0.9831,0.8593,0.9211,0.8053
0.73,0.46,0.9812,0.8644,0.9261,0.8143,0.9806,0.9806,0.9812,0.9812,0.9827,0.8556,0.9206,0.7992
0.73,0.47,0.9811,0.8633,0.9308,0.8094,0.9804,0.9805,0.9811,0.9811,0.9826,0.8537,0.9243,0.7931
0.73,0.48,0.9809,0.8614,0.9304,0.8066,0.9801,0.9802,0.9809,0.9809,0.9823,0.8512,0.924,0.789
0.73,0.49,0.9809,0.8613,0.9312,0.8056,0.98,0.9802,0.9809,0.9809,0.9823,0.8509,0.926,0.787
0.73,0.5,0.9806,0.8593,0.9308,0.8028,0.9798,0.9799,0.9806,0.9806,0.982,0.8484,0.9257,0.783
0.73,0.51,0.9806,0.8593,0.9308,0.8028,0.9798,0.9799,0.9806,0.9806,0.982,0.8484,0.9257,0.783
0.73,0.52,0.9806,0.8588,0.9316,0.8012,0.9797,0.9799,0.9806,0.9806,0.982,0.848,0.9277,0.7809
0.73,0.53,0.9807,0.8593,0.9326,0.8013,0.9799,0.98,0.9807,0.9807,0.9822,0.849,0.93,0.7809
0.73,0.54,0.9806,0.8583,0.9323,0.7997,0.9797,0.9799,0.9806,0.9806,0.982,0.8477,0.9298,0.7789
0.73,0.55,0.9805,0.856,0.9322,0.7962,0.9796,0.9797,0.9805,0.9805,0.9819,0.8464,0.9296,0.7769
0.73,0.56,0.9802,0.8543,0.9318,0.7936,0.9793,0.9794,0.9802,0.9802,0.9816,0.8439,0.9293,0.7728
0.73,0.57,0.9799,0.853,0.9315,0.7916,0.979,0.9792,0.9799,0.9799,0.9814,0.8413,0.9289,0.7688
0.73,0.58,0.9802,0.8545,0.9348,0.7917,0.9792,0.9794,0.9802,0.9802,0.9816,0.8432,0.9335,0.7688
0.73,0.59,0.9797,0.8505,0.934,0.7857,0.9786,0.9789,0.9797,0.9797,0.9811,0.838,0.9328,0.7606
0.73,0.6,0.9797,0.8505,0.934,0.7857,0.9786,0.9789,0.9797,0.9797,0.9811,0.838,0.9328,0.7606
0.73,0.61,0.9793,0.8472,0.9334,0.781,0.9782,0.9784,0.9793,0.9793,0.9807,0.8341,0.9323,0.7546
0.73,0.62,0.9792,0.8457,0.9354,0.7777,0.978,0.9783,0.9792,0.9792,0.9806,0.8324,0.9343,0.7505
0.73,0.63,0.9789,0.842,0.935,0.7723,0.9777,0.9781,0.9789,0.9789,0.9803,0.8298,0.934,0.7465
0.73,0.64,0.9784,0.837,0.9369,0.7641,0.977,0.9776,0.9784,0.9784,0.9797,0.8231,0.9332,0.7363
0.73,0.65,0.978,0.8332,0.9363,0.7589,0.9766,0.9772,0.978,0.978,0.9793,0.8191,0.9326,0.7302
0.73,0.66,0.978,0.8332,0.9363,0.7589,0.9766,0.9772,0.978,0.978,0.9793,0.8191,0.9326,0.7302
0.73,0.67,0.9777,0.8311,0.9359,0.7558,0.9763,0.9769,0.9777,0.9777,0.979,0.8164,0.9323,0.7262
0.73,0.68,0.9776,0.8297,0.9357,0.754,0.9761,0.9767,0.9776,0.9776,0.9789,0.8151,0.9321,0.7241
0.73,0.69,0.9772,0.8261,0.9351,0.7493,0.9756,0.9763,0.9772,0.9772,0.9785,0.811,0.9316,0.7181
0.73,0.7,0.9773,0.8255,0.937,0.7475,0.9757,0.9765,0.9773,0.9773,0.9786,0.8115,0.9363,0.716
0.73,0.71,0.9771,0.8238,0.9366,0.7449,0.9754,0.9762,0.9771,0.9771,0.9784,0.8088,0.936,0.712
0.73,0.72,0.9768,0.8198,0.9363,0.7396,0.9751,0.9759,0.9768,0.9768,0.9781,0.806,0.9357,0.7079
0.73,0.73,0.9767,0.8192,0.9361,0.7386,0.9749,0.9758,0.9767,0.9767,0.978,0.8046,0.9355,0.7059
0.74,0.0,0.9768,0.8191,0.9397,0.7361,0.975,0.9759,0.9768,0.9768,0.9781,0.8047,0.9428,0.7018
0.74,0.01,0.9592,0.8141,0.7509,0.9171,0.9639,0.9736,0.9592,0.9592,0.9613,0.7599,0.6317,0.9533
0.74,0.02,0.9701,0.8424,0.7955,0.9102,0.9723,0.9769,0.9701,0.9701,0.9721,0.812,0.7163,0.9371
0.74,0.03,0.9751,0.8638,0.8326,0.9093,0.9765,0.9794,0.9751,0.9751,0.9771,0.8391,0.7637,0.931
0.74,0.04,0.9772,0.8694,0.8431,0.9067,0.9783,0.9804,0.9772,0.9772,0.9792,0.851,0.7866,0.927
0.74,0.05,0.9784,0.8731,0.8517,0.9036,0.9793,0.981,0.9784,0.9784,0.9803,0.8577,0.8011,0.9229
0.74,0.06,0.9797,0.8772,0.8639,0.8979,0.9803,0.9816,0.9797,0.9797,0.9815,0.864,0.8185,0.9148
0.74,0.07,0.9809,0.8814,0.871,0.8981,0.9814,0.9824,0.9809,0.9809,0.9827,0.8715,0.8321,0.9148
0.74,0.08,0.981,0.8802,0.874,0.8927,0.9814,0.9823,0.981,0.981,0.9828,0.8716,0.8374,0.9087
0.74,0.09,0.9812,0.8793,0.874,0.8893,0.9816,0.9823,0.9812,0.9812,0.9831,0.8725,0.8444,0.9026
0.74,0.1,0.982,0.8819,0.8793,0.8885,0.9823,0.9828,0.982,0.982,0.9839,0.8775,0.8555,0.9006
0.74,0.11,0.9826,0.8836,0.8849,0.8858,0.9827,0.9831,0.9826,0.9826,0.9844,0.8805,0.865,0.8966
0.74,0.12,0.9828,0.8846,0.8877,0.8849,0.9829,0.9832,0.9828,0.9828,0.9846,0.882,0.8698,0.8945
0.74,0.13,0.9832,0.8859,0.89,0.885,0.9833,0.9835,0.9832,0.9832,0.985,0.8847,0.875,0.8945
0.74,0.14,0.9835,0.8879,0.8938,0.885,0.9835,0.9837,0.9835,0.9835,0.9852,0.8853,0.8782,0.8925
0.74,0.15,0.9836,0.8885,0.8964,0.8835,0.9836,0.9838,0.9836,0.9836,0.9853,0.886,0.8815,0.8905
0.74,0.16,0.9833,0.8866,0.8959,0.8801,0.9834,0.9835,0.9833,0.9833,0.985,0.8837,0.881,0.8864
0.74,0.17,0.9835,0.8867,0.8979,0.8782,0.9834,0.9835,0.9835,0.9835,0.9852,0.8841,0.8859,0.8824
0.74,0.18,0.9832,0.885,0.8975,0.8751,0.9832,0.9832,0.9832,0.9832,0.9849,0.8819,0.8855,0.8783
0.74,0.19,0.9836,0.8873,0.902,0.8751,0.9835,0.9836,0.9836,0.9836,0.9853,0.8846,0.8909,0.8783
0.74,0.2,0.9835,0.8865,0.9024,0.8732,0.9834,0.9834,0.9835,0.9835,0.9852,0.8832,0.8923,0.8742
0.74,0.21,0.9837,0.8879,0.9052,0.8732,0.9836,0.9836,0.9837,0.9837,0.9854,0.885,0.896,0.8742
0.74,0.22,0.9836,0.8864,0.9056,0.8699,0.9835,0.9834,0.9836,0.9836,0.9853,0.8836,0.8975,0.8702
0.74,0.23,0.9835,0.8853,0.9053,0.868,0.9833,0.9833,0.9835,0.9835,0.9852,0.8825,0.8973,0.8682
0.74,0.24,0.9833,0.8836,0.9056,0.8644,0.9832,0.9831,0.9833,0.9833,0.985,0.8811,0.8987,0.8641
0.74,0.25,0.9836,0.8852,0.9089,0.8644,0.9834,0.9833,0.9836,0.9836,0.9853,0.8829,0.9025,0.8641
0.74,0.26,0.9835,0.8843,0.9087,0.8629,0.9833,0.9832,0.9835,0.9835,0.9852,0.8817,0.9023,0.8621
0.74,0.27,0.9836,0.8834,0.911,0.8594,0.9834,0.9833,0.9836,0.9836,0.9853,0.8824,0.906,0.86
0.74,0.28,0.9832,0.881,0.912,0.854,0.9829,0.9828,0.9832,0.9832,0.9849,0.8787,0.9071,0.8519
0.74,0.29,0.9828,0.8778,0.9113,0.8488,0.9825,0.9824,0.9828,0.9828,0.9845,0.8751,0.9065,0.8458
0.74,0.3,0.9827,0.8793,0.913,0.8497,0.9823,0.9822,0.9827,0.9827,0.9842,0.8728,0.9061,0.8418
0.74,0.31,0.9826,0.8781,0.9128,0.8479,0.9822,0.9821,0.9826,0.9826,0.9841,0.8716,0.9059,0.8398
0.74,0.32,0.9823,0.8766,0.9141,0.8441,0.9819,0.9818,0.9823,0.9823,0.9839,0.8689,0.9073,0.8337
0.74,0.33,0.9824,0.877,0.915,0.8441,0.982,0.9819,0.9824,0.9824,0.984,0.8698,0.9093,0.8337
0.74,0.34,0.9824,0.8769,0.9189,0.8408,0.982,0.9819,0.9824,0.9824,0.9839,0.8681,0.9128,0.8276
0.74,0.35,0.9822,0.8745,0.9184,0.8371,0.9817,0.9816,0.9822,0.9822,0.9836,0.8657,0.9124,0.8235
0.74,0.36,0.9819,0.873,0.918,0.8345,0.9814,0.9813,0.9819,0.9819,0.9833,0.8632,0.912,0.8195
0.74,0.37,0.9816,0.8695,0.9175,0.8292,0.9811,0.981,0.9816,0.9816,0.9831,0.8608,0.9116,0.8154
0.74,0.38,0.9816,0.8695,0.9175,0.8292,0.9811,0.981,0.9816,0.9816,0.9831,0.8608,0.9116,0.8154
0.74,0.39,0.9814,0.8677,0.9171,0.8261,0.9808,0.9808,0.9814,0.9814,0.9828,0.8584,0.9112,0.8114
0.74,0.4,0.9812,0.8665,0.9169,0.8242,0.9807,0.9806,0.9812,0.9812,0.9827,0.8571,0.911,0.8093
0.74,0.41,0.9814,0.868,0.9229,0.8227,0.9808,0.9808,0.9814,0.9814,0.9828,0.8578,0.9149,0.8073
0.74,0.42,0.9812,0.8658,0.9227,0.8192,0.9806,0.9806,0.9812,0.9812,0.9827,0.8565,0.9147,0.8053
0.74,0.43,0.9812,0.8658,0.9227,0.8192,0.9806,0.9806,0.9812,0.9812,0.9827,0.8565,0.9147,0.8053
0.74,0.44,0.9815,0.8663,0.9265,0.8175,0.9808,0.9809,0.9815,0.9815,0.9829,0.8581,0.9209,0.8032
0.74,0.45,0.9812,0.8644,0.9261,0.8143,0.9806,0.9806,0.9812,0.9812,0.9827,0.8556,0.9206,0.7992
0.74,0.46,0.9811,0.8638,0.9259,0.8133,0.9804,0.9805,0.9811,0.9811,0.9826,0.8543,0.9204,0.7972
0.74,0.47,0.981,0.8627,0.9306,0.8084,0.9802,0.9803,0.981,0.981,0.9824,0.8525,0.9242,0.7911
0.74,0.48,0.9807,0.8608,0.9302,0.8056,0.9799,0.98,0.9807,0.9807,0.9822,0.8499,0.9238,0.787
0.74,0.49,0.9807,0.8606,0.931,0.8046,0.9799,0.98,0.9807,0.9807,0.9822,0.8496,0.9258,0.785
0.74,0.5,0.9805,0.8587,0.9306,0.8018,0.9796,0.9797,0.9805,0.9805,0.9819,0.8471,0.9255,0.7809
0.74,0.51,0.9805,0.8587,0.9306,0.8018,0.9796,0.9797,0.9805,0.9805,0.9819,0.8471,0.9255,0.7809
0.74,0.52,0.9805,0.8582,0.9314,0.8002,0.9796,0.9797,0.9805,0.9805,0.9819,0.8467,0.9275,0.7789
0.74,0.53,0.9806,0.8586,0.9324,0.8003,0.9797,0.9799,0.9806,0.9806,0.982,0.8477,0.9298,0.7789
0.74,0.54,0.9805,0.8576,0.9322,0.7987,0.9796,0.9797,0.9805,0.9805,0.9819,0.8464,0.9296,0.7769
0.74,0.55,0.9803,0.8553,0.9321,0.7952,0.9794,0.9796,0.9803,0.9803,0.9818,0.8451,0.9294,0.7748
0.74,0.56,0.9801,0.8537,0.9317,0.7926,0.9791,0.9793,0.9801,0.9801,0.9815,0.8426,0.9291,0.7708
0.74,0.57,0.9798,0.8524,0.9313,0.7906,0.9788,0.979,0.9798,0.9798,0.9812,0.84,0.9287,0.7667
0.74,0.58,0.9801,0.8538,0.9346,0.7907,0.9791,0.9793,0.9801,0.9801,0.9815,0.8419,0.9333,0.7667
0.74,0.59,0.9796,0.8499,0.9338,0.7847,0.9785,0.9787,0.9796,0.9796,0.981,0.8367,0.9327,0.7586
0.74,0.6,0.9796,0.8499,0.9338,0.7847,0.9785,0.9787,0.9796,0.9796,0.981,0.8367,0.9327,0.7586
0.74,0.61,0.9792,0.8466,0.9332,0.78,0.978,0.9783,0.9792,0.9792,0.9806,0.8328,0.9322,0.7525
0.74,0.62,0.979,0.8451,0.9352,0.7767,0.9778,0.9782,0.979,0.979,0.9805,0.8311,0.9342,0.7485
0.74,0.63,0.9788,0.8414,0.9349,0.7713,0.9775,0.9779,0.9788,0.9788,0.9802,0.8284,0.9338,0.7444
0.74,0.64,0.9783,0.8363,0.9367,0.7631,0.9769,0.9774,0.9783,0.9783,0.9796,0.8218,0.933,0.7343
0.74,0.65,0.9779,0.8325,0.9361,0.7579,0.9764,0.977,0.9779,0.9779,0.9792,0.8178,0.9325,0.7282
0.74,0.66,0.9779,0.8325,0.9361,0.7579,0.9764,0.977,0.9779,0.9779,0.9792,0.8178,0.9325,0.7282
0.74,0.67,0.9776,0.8304,0.9357,0.7548,0.9761,0.9767,0.9776,0.9776,0.9789,0.8151,0.9321,0.7241
0.74,0.68,0.9775,0.829,0.9355,0.7529,0.976,0.9766,0.9775,0.9775,0.9788,0.8137,0.9319,0.7221
0.74,0.69,0.9771,0.8254,0.9349,0.7483,0.9755,0.9762,0.9771,0.9771,0.9784,0.8096,0.9314,0.716
0.74,0.7,0.9772,0.8248,0.9368,0.7465,0.9756,0.9763,0.9772,0.9772,0.9785,0.8101,0.9362,0.714
0.74,0.71,0.977,0.8231,0.9364,0.7439,0.9753,0.976,0.977,0.977,0.9783,0.8074,0.9358,0.7099
0.74,0.72,0.9767,0.8192,0.9361,0.7386,0.9749,0.9758,0.9767,0.9767,0.978,0.8046,0.9355,0.7059
0.74,0.73,0.9766,0.8185,0.9359,0.7376,0.9748,0.9756,0.9766,0.9766,0.9779,0.8032,0.9353,0.7039
0.74,0.74,0.9768,0.8191,0.9397,0.7361,0.975,0.9759,0.9768,0.9768,0.9781,0.8047,0.9428,0.7018
0.75,0.0,0.977,0.8195,0.9425,0.7352,0.9751,0.9761,0.977,0.977,0.9783,0.8051,0.9478,0.6998
0.75,0.01,0.9592,0.8141,0.7509,0.9171,0.9639,0.9736,0.9592,0.9592,0.9613,0.7599,0.6317,0.9533
0.75,0.02,0.9701,0.8424,0.7955,0.9102,0.9723,0.9769,0.9701,0.9701,0.9721,0.812,0.7163,0.9371
0.75,0.03,0.9751,0.8638,0.8326,0.9093,0.9765,0.9794,0.9751,0.9751,0.9771,0.8391,0.7637,0.931
0.75,0.04,0.9772,0.8694,0.8431,0.9067,0.9783,0.9804,0.9772,0.9772,0.9792,0.851,0.7866,0.927
0.75,0.05,0.9784,0.8731,0.8517,0.9036,0.9793,0.981,0.9784,0.9784,0.9803,0.8577,0.8011,0.9229
0.75,0.06,0.9797,0.8772,0.8639,0.8979,0.9803,0.9816,0.9797,0.9797,0.9815,0.864,0.8185,0.9148
0.75,0.07,0.9809,0.8814,0.871,0.8981,0.9814,0.9824,0.9809,0.9809,0.9827,0.8715,0.8321,0.9148
0.75,0.08,0.981,0.8802,0.874,0.8927,0.9814,0.9823,0.981,0.981,0.9828,0.8716,0.8374,0.9087
0.75,0.09,0.9812,0.8793,0.874,0.8893,0.9816,0.9823,0.9812,0.9812,0.9831,0.8725,0.8444,0.9026
0.75,0.1,0.982,0.8819,0.8793,0.8885,0.9823,0.9828,0.982,0.982,0.9839,0.8775,0.8555,0.9006
0.75,0.11,0.9826,0.8836,0.8849,0.8858,0.9827,0.9831,0.9826,0.9826,0.9844,0.8805,0.865,0.8966
0.75,0.12,0.9828,0.8846,0.8877,0.8849,0.9829,0.9832,0.9828,0.9828,0.9846,0.882,0.8698,0.8945
0.75,0.13,0.9832,0.8859,0.89,0.885,0.9833,0.9835,0.9832,0.9832,0.985,0.8847,0.875,0.8945
0.75,0.14,0.9835,0.8879,0.8938,0.885,0.9835,0.9837,0.9835,0.9835,0.9852,0.8853,0.8782,0.8925
0.75,0.15,0.9836,0.8885,0.8964,0.8835,0.9836,0.9838,0.9836,0.9836,0.9853,0.886,0.8815,0.8905
0.75,0.16,0.9833,0.8866,0.8959,0.8801,0.9834,0.9835,0.9833,0.9833,0.985,0.8837,0.881,0.8864
0.75,0.17,0.9835,0.8867,0.8979,0.8782,0.9834,0.9835,0.9835,0.9835,0.9852,0.8841,0.8859,0.8824
0.75,0.18,0.9832,0.885,0.8975,0.8751,0.9832,0.9832,0.9832,0.9832,0.9849,0.8819,0.8855,0.8783
0.75,0.19,0.9836,0.8873,0.902,0.8751,0.9835,0.9836,0.9836,0.9836,0.9853,0.8846,0.8909,0.8783
0.75,0.2,0.9835,0.8865,0.9024,0.8732,0.9834,0.9834,0.9835,0.9835,0.9852,0.8832,0.8923,0.8742
0.75,0.21,0.9837,0.8879,0.9052,0.8732,0.9836,0.9836,0.9837,0.9837,0.9854,0.885,0.896,0.8742
0.75,0.22,0.9836,0.8864,0.9056,0.8699,0.9835,0.9834,0.9836,0.9836,0.9853,0.8836,0.8975,0.8702
0.75,0.23,0.9835,0.8853,0.9053,0.868,0.9833,0.9833,0.9835,0.9835,0.9852,0.8825,0.8973,0.8682
0.75,0.24,0.9833,0.8836,0.9056,0.8644,0.9832,0.9831,0.9833,0.9833,0.985,0.8811,0.8987,0.8641
0.75,0.25,0.9836,0.8852,0.9089,0.8644,0.9834,0.9833,0.9836,0.9836,0.9853,0.8829,0.9025,0.8641
0.75,0.26,0.9835,0.8843,0.9087,0.8629,0.9833,0.9832,0.9835,0.9835,0.9852,0.8817,0.9023,0.8621
0.75,0.27,0.9836,0.8834,0.911,0.8594,0.9834,0.9833,0.9836,0.9836,0.9853,0.8824,0.906,0.86
0.75,0.28,0.9832,0.881,0.912,0.854,0.9829,0.9828,0.9832,0.9832,0.9849,0.8787,0.9071,0.8519
0.75,0.29,0.9828,0.8778,0.9113,0.8488,0.9825,0.9824,0.9828,0.9828,0.9845,0.8751,0.9065,0.8458
0.75,0.3,0.9827,0.8793,0.913,0.8497,0.9823,0.9822,0.9827,0.9827,0.9842,0.8728,0.9061,0.8418
0.75,0.31,0.9826,0.8781,0.9128,0.8479,0.9822,0.9821,0.9826,0.9826,0.9841,0.8716,0.9059,0.8398
0.75,0.32,0.9823,0.8766,0.9141,0.8441,0.9819,0.9818,0.9823,0.9823,0.9839,0.8689,0.9073,0.8337
0.75,0.33,0.9824,0.877,0.915,0.8441,0.982,0.9819,0.9824,0.9824,0.984,0.8698,0.9093,0.8337
0.75,0.34,0.9824,0.8769,0.9189,0.8408,0.982,0.9819,0.9824,0.9824,0.9839,0.8681,0.9128,0.8276
0.75,0.35,0.9822,0.8745,0.9184,0.8371,0.9817,0.9816,0.9822,0.9822,0.9836,0.8657,0.9124,0.8235
0.75,0.36,0.9819,0.873,0.918,0.8345,0.9814,0.9813,0.9819,0.9819,0.9833,0.8632,0.912,0.8195
0.75,0.37,0.9816,0.8695,0.9175,0.8292,0.9811,0.981,0.9816,0.9816,0.9831,0.8608,0.9116,0.8154
0.75,0.38,0.9816,0.8695,0.9175,0.8292,0.9811,0.981,0.9816,0.9816,0.9831,0.8608,0.9116,0.8154
0.75,0.39,0.9814,0.8677,0.9171,0.8261,0.9808,0.9808,0.9814,0.9814,0.9828,0.8584,0.9112,0.8114
0.75,0.4,0.9812,0.8665,0.9169,0.8242,0.9807,0.9806,0.9812,0.9812,0.9827,0.8571,0.911,0.8093
0.75,0.41,0.9814,0.868,0.9229,0.8227,0.9808,0.9808,0.9814,0.9814,0.9828,0.8578,0.9149,0.8073
0.75,0.42,0.9812,0.8658,0.9227,0.8192,0.9806,0.9806,0.9812,0.9812,0.9827,0.8565,0.9147,0.8053
0.75,0.43,0.9812,0.8658,0.9227,0.8192,0.9806,0.9806,0.9812,0.9812,0.9827,0.8565,0.9147,0.8053
0.75,0.44,0.9815,0.8663,0.9265,0.8175,0.9808,0.9809,0.9815,0.9815,0.9829,0.8581,0.9209,0.8032
0.75,0.45,0.9812,0.8644,0.9261,0.8143,0.9806,0.9806,0.9812,0.9812,0.9827,0.8556,0.9206,0.7992
0.75,0.46,0.9811,0.8638,0.9259,0.8133,0.9804,0.9805,0.9811,0.9811,0.9826,0.8543,0.9204,0.7972
0.75,0.47,0.981,0.8627,0.9306,0.8084,0.9802,0.9803,0.981,0.981,0.9824,0.8525,0.9242,0.7911
0.75,0.48,0.9807,0.8608,0.9302,0.8056,0.9799,0.98,0.9807,0.9807,0.9822,0.8499,0.9238,0.787
0.75,0.49,0.9807,0.8606,0.931,0.8046,0.9799,0.98,0.9807,0.9807,0.9822,0.8496,0.9258,0.785
0.75,0.5,0.9805,0.8587,0.9306,0.8018,0.9796,0.9797,0.9805,0.9805,0.9819,0.8471,0.9255,0.7809
0.75,0.51,0.9805,0.8587,0.9306,0.8018,0.9796,0.9797,0.9805,0.9805,0.9819,0.8471,0.9255,0.7809
0.75,0.52,0.9805,0.8582,0.9314,0.8002,0.9796,0.9797,0.9805,0.9805,0.9819,0.8467,0.9275,0.7789
0.75,0.53,0.9806,0.8586,0.9324,0.8003,0.9797,0.9799,0.9806,0.9806,0.982,0.8477,0.9298,0.7789
0.75,0.54,0.9805,0.8576,0.9322,0.7987,0.9796,0.9797,0.9805,0.9805,0.9819,0.8464,0.9296,0.7769
0.75,0.55,0.9803,0.8553,0.9321,0.7952,0.9794,0.9796,0.9803,0.9803,0.9818,0.8451,0.9294,0.7748
0.75,0.56,0.9801,0.8537,0.9317,0.7926,0.9791,0.9793,0.9801,0.9801,0.9815,0.8426,0.9291,0.7708
0.75,0.57,0.9798,0.8524,0.9313,0.7906,0.9788,0.979,0.9798,0.9798,0.9812,0.84,0.9287,0.7667
0.75,0.58,0.9801,0.8538,0.9346,0.7907,0.9791,0.9793,0.9801,0.9801,0.9815,0.8419,0.9333,0.7667
0.75,0.59,0.9796,0.8499,0.9338,0.7847,0.9785,0.9787,0.9796,0.9796,0.981,0.8367,0.9327,0.7586
0.75,0.6,0.9796,0.8499,0.9338,0.7847,0.9785,0.9787,0.9796,0.9796,0.981,0.8367,0.9327,0.7586
0.75,0.61,0.9792,0.8466,0.9332,0.78,0.978,0.9783,0.9792,0.9792,0.9806,0.8328,0.9322,0.7525
0.75,0.62,0.979,0.8451,0.9352,0.7767,0.9778,0.9782,0.979,0.979,0.9805,0.8311,0.9342,0.7485
0.75,0.63,0.9788,0.8414,0.9349,0.7713,0.9775,0.9779,0.9788,0.9788,0.9802,0.8284,0.9338,0.7444
0.75,0.64,0.9783,0.8363,0.9367,0.7631,0.9769,0.9774,0.9783,0.9783,0.9796,0.8218,0.933,0.7343
0.75,0.65,0.9779,0.8325,0.9361,0.7579,0.9764,0.977,0.9779,0.9779,0.9792,0.8178,0.9325,0.7282
0.75,0.66,0.9779,0.8325,0.9361,0.7579,0.9764,0.977,0.9779,0.9779,0.9792,0.8178,0.9325,0.7282
0.75,0.67,0.9776,0.8304,0.9357,0.7548,0.9761,0.9767,0.9776,0.9776,0.9789,0.8151,0.9321,0.7241
0.75,0.68,0.9775,0.829,0.9355,0.7529,0.976,0.9766,0.9775,0.9775,0.9788,0.8137,0.9319,0.7221
0.75,0.69,0.9771,0.8254,0.9349,0.7483,0.9755,0.9762,0.9771,0.9771,0.9784,0.8096,0.9314,0.716
0.75,0.7,0.9772,0.8248,0.9368,0.7465,0.9756,0.9763,0.9772,0.9772,0.9785,0.8101,0.9362,0.714
0.75,0.71,0.977,0.8231,0.9364,0.7439,0.9753,0.976,0.977,0.977,0.9783,0.8074,0.9358,0.7099
0.75,0.72,0.9767,0.8192,0.9361,0.7386,0.9749,0.9758,0.9767,0.9767,0.978,0.8046,0.9355,0.7059
0.75,0.73,0.9766,0.8185,0.9359,0.7376,0.9748,0.9756,0.9766,0.9766,0.9779,0.8032,0.9353,0.7039
0.75,0.74,0.9768,0.8191,0.9397,0.7361,0.975,0.9759,0.9768,0.9768,0.9781,0.8047,0.9428,0.7018
0.75,0.75,0.977,0.8195,0.9425,0.7352,0.9751,0.9761,0.977,0.977,0.9783,0.8051,0.9478,0.6998
0.76,0.0,0.9763,0.8153,0.9416,0.729,0.9743,0.9754,0.9763,0.9763,0.9776,0.7981,0.9471,0.6897
0.76,0.01,0.9592,0.8141,0.7509,0.9171,0.9639,0.9736,0.9592,0.9592,0.9613,0.7599,0.6317,0.9533
0.76,0.02,0.9701,0.8424,0.7955,0.9102,0.9723,0.9769,0.9701,0.9701,0.9721,0.812,0.7163,0.9371
0.76,0.03,0.9751,0.8638,0.8326,0.9093,0.9765,0.9794,0.9751,0.9751,0.9771,0.8391,0.7637,0.931
0.76,0.04,0.9772,0.8694,0.8431,0.9067,0.9783,0.9804,0.9772,0.9772,0.9792,0.851,0.7866,0.927
0.76,0.05,0.9784,0.8731,0.8517,0.9036,0.9793,0.981,0.9784,0.9784,0.9803,0.8577,0.8011,0.9229
0.76,0.06,0.9797,0.8772,0.8639,0.8979,0.9803,0.9816,0.9797,0.9797,0.9815,0.864,0.8185,0.9148
0.76,0.07,0.9809,0.8814,0.871,0.8981,0.9814,0.9824,0.9809,0.9809,0.9827,0.8715,0.8321,0.9148
0.76,0.08,0.981,0.8802,0.874,0.8927,0.9814,0.9823,0.981,0.981,0.9828,0.8716,0.8374,0.9087
0.76,0.09,0.9812,0.8793,0.874,0.8893,0.9816,0.9823,0.9812,0.9812,0.9831,0.8725,0.8444,0.9026
0.76,0.1,0.982,0.8819,0.8793,0.8885,0.9823,0.9828,0.982,0.982,0.9839,0.8775,0.8555,0.9006
0.76,0.11,0.9826,0.8836,0.8849,0.8858,0.9827,0.9831,0.9826,0.9826,0.9844,0.8805,0.865,0.8966
0.76,0.12,0.9828,0.8846,0.8877,0.8849,0.9829,0.9832,0.9828,0.9828,0.9846,0.882,0.8698,0.8945
0.76,0.13,0.9832,0.8859,0.89,0.885,0.9833,0.9835,0.9832,0.9832,0.985,0.8847,0.875,0.8945
0.76,0.14,0.9835,0.8879,0.8938,0.885,0.9835,0.9837,0.9835,0.9835,0.9852,0.8853,0.8782,0.8925
0.76,0.15,0.9836,0.8885,0.8964,0.8835,0.9836,0.9838,0.9836,0.9836,0.9853,0.886,0.8815,0.8905
0.76,0.16,0.9833,0.8866,0.8959,0.8801,0.9834,0.9835,0.9833,0.9833,0.985,0.8837,0.881,0.8864
0.76,0.17,0.9835,0.8867,0.8979,0.8782,0.9834,0.9835,0.9835,0.9835,0.9852,0.8841,0.8859,0.8824
0.76,0.18,0.9832,0.885,0.8975,0.8751,0.9832,0.9832,0.9832,0.9832,0.9849,0.8819,0.8855,0.8783
0.76,0.19,0.9836,0.8873,0.902,0.8751,0.9835,0.9836,0.9836,0.9836,0.9853,0.8846,0.8909,0.8783
0.76,0.2,0.9835,0.8865,0.9024,0.8732,0.9834,0.9834,0.9835,0.9835,0.9852,0.8832,0.8923,0.8742
0.76,0.21,0.9837,0.8879,0.9052,0.8732,0.9836,0.9836,0.9837,0.9837,0.9854,0.885,0.896,0.8742
0.76,0.22,0.9836,0.8864,0.9056,0.8699,0.9835,0.9834,0.9836,0.9836,0.9853,0.8836,0.8975,0.8702
0.76,0.23,0.9835,0.8853,0.9053,0.868,0.9833,0.9833,0.9835,0.9835,0.9852,0.8825,0.8973,0.8682
0.76,0.24,0.9833,0.8836,0.9056,0.8644,0.9832,0.9831,0.9833,0.9833,0.985,0.8811,0.8987,0.8641
0.76,0.25,0.9836,0.8852,0.9089,0.8644,0.9834,0.9833,0.9836,0.9836,0.9853,0.8829,0.9025,0.8641
0.76,0.26,0.9835,0.8843,0.9087,0.8629,0.9833,0.9832,0.9835,0.9835,0.9852,0.8817,0.9023,0.8621
0.76,0.27,0.9836,0.8834,0.911,0.8594,0.9834,0.9833,0.9836,0.9836,0.9853,0.8824,0.906,0.86
0.76,0.28,0.9831,0.8803,0.9118,0.853,0.9828,0.9827,0.9831,0.9831,0.9848,0.8775,0.9069,0.8499
0.76,0.29,0.9827,0.8772,0.9111,0.8478,0.9823,0.9822,0.9827,0.9827,0.9844,0.8739,0.9063,0.8438
0.76,0.3,0.9826,0.8787,0.9128,0.8487,0.9822,0.9821,0.9826,0.9826,0.9841,0.8716,0.9059,0.8398
0.76,0.31,0.9824,0.8775,0.9126,0.8469,0.9821,0.982,0.9824,0.9824,0.984,0.8704,0.9057,0.8377
0.76,0.32,0.9822,0.876,0.9139,0.8431,0.9818,0.9817,0.9822,0.9822,0.9837,0.8677,0.9071,0.8316
0.76,0.33,0.9823,0.8764,0.9148,0.8431,0.9819,0.9818,0.9823,0.9823,0.9839,0.8686,0.9091,0.8316
0.76,0.34,0.9823,0.8763,0.9187,0.8398,0.9818,0.9817,0.9823,0.9823,0.9837,0.8669,0.9126,0.8256
0.76,0.35,0.982,0.8739,0.9182,0.8361,0.9815,0.9815,0.982,0.982,0.9835,0.8645,0.9122,0.8215
0.76,0.36,0.9818,0.8723,0.9179,0.8335,0.9812,0.9812,0.9818,0.9818,0.9832,0.862,0.9118,0.8174
0.76,0.37,0.9815,0.8689,0.9173,0.8282,0.981,0.9809,0.9815,0.9815,0.9829,0.8596,0.9114,0.8134
0.76,0.38,0.9815,0.8689,0.9173,0.8282,0.981,0.9809,0.9815,0.9815,0.9829,0.8596,0.9114,0.8134
0.76,0.39,0.9812,0.8671,0.9169,0.8251,0.9807,0.9806,0.9812,0.9812,0.9827,0.8571,0.911,0.8093
0.76,0.4,0.9811,0.8658,0.9167,0.8232,0.9805,0.9805,0.9811,0.9811,0.9826,0.8559,0.9108,0.8073
0.76,0.41,0.9812,0.8674,0.9227,0.8217,0.9806,0.9806,0.9812,0.9812,0.9827,0.8565,0.9147,0.8053
0.76,0.42,0.9811,0.8651,0.9225,0.8182,0.9805,0.9805,0.9811,0.9811,0.9826,0.8553,0.9145,0.8032
0.76,0.43,0.9811,0.8651,0.9225,0.8182,0.9805,0.9805,0.9811,0.9811,0.9826,0.8553,0.9145,0.8032
0.76,0.44,0.9814,0.8656,0.9263,0.8165,0.9807,0.9808,0.9814,0.9814,0.9828,0.8568,0.9207,0.8012
0.76,0.45,0.9811,0.8638,0.9259,0.8133,0.9804,0.9805,0.9811,0.9811,0.9826,0.8543,0.9204,0.7972
0.76,0.46,0.981,0.8631,0.9257,0.8123,0.9803,0.9803,0.981,0.981,0.9824,0.8531,0.9202,0.7951
0.76,0.47,0.9809,0.8621,0.9304,0.8074,0.9801,0.9802,0.9809,0.9809,0.9823,0.8512,0.924,0.789
0.76,0.48,0.9806,0.8602,0.93,0.8046,0.9798,0.9799,0.9806,0.9806,0.982,0.8487,0.9236,0.785
0.76,0.49,0.9806,0.86,0.9308,0.8036,0.9798,0.9799,0.9806,0.9806,0.982,0.8484,0.9257,0.783
0.76,0.5,0.9803,0.858,0.9305,0.8008,0.9795,0.9796,0.9803,0.9803,0.9818,0.8458,0.9253,0.7789
0.76,0.51,0.9803,0.858,0.9305,0.8008,0.9795,0.9796,0.9803,0.9803,0.9818,0.8458,0.9253,0.7789
0.76,0.52,0.9803,0.8575,0.9312,0.7992,0.9794,0.9796,0.9803,0.9803,0.9818,0.8455,0.9274,0.7769
0.76,0.53,0.9805,0.858,0.9322,0.7993,0.9796,0.9797,0.9805,0.9805,0.9819,0.8464,0.9296,0.7769
0.76,0.54,0.9803,0.857,0.932,0.7977,0.9794,0.9796,0.9803,0.9803,0.9818,0.8451,0.9294,0.7748
0.76,0.55,0.9802,0.8547,0.9319,0.7942,0.9793,0.9794,0.9802,0.9802,0.9816,0.8439,0.9293,0.7728
0.76,0.56,0.9799,0.853,0.9315,0.7916,0.979,0.9792,0.9799,0.9799,0.9814,0.8413,0.9289,0.7688
0.76,0.57,0.9797,0.8517,0.9312,0.7896,0.9787,0.9789,0.9797,0.9797,0.9811,0.8387,0.9286,0.7647
0.76,0.58,0.9799,0.8532,0.9344,0.7897,0.9789,0.9791,0.9799,0.9799,0.9814,0.8406,0.9332,0.7647
0.76,0.59,0.9794,0.8492,0.9337,0.7837,0.9783,0.9786,0.9794,0.9794,0.9809,0.8354,0.9325,0.7566
0.76,0.6,0.9794,0.8492,0.9337,0.7837,0.9783,0.9786,0.9794,0.9794,0.9809,0.8354,0.9325,0.7566
0.76,0.61,0.979,0.8459,0.933,0.779,0.9779,0.9782,0.979,0.979,0.9805,0.8315,0.932,0.7505
0.76,0.62,0.9789,0.8444,0.935,0.7757,0.9777,0.978,0.9789,0.9789,0.9803,0.8298,0.934,0.7465
0.76,0.63,0.9786,0.8407,0.9347,0.7703,0.9774,0.9778,0.9786,0.9786,0.9801,0.8271,0.9337,0.7424
0.76,0.64,0.9781,0.8357,0.9365,0.7621,0.9768,0.9773,0.9781,0.9781,0.9794,0.8205,0.9328,0.7323
0.76,0.65,0.9777,0.8318,0.9359,0.7569,0.9763,0.9769,0.9777,0.9777,0.979,0.8164,0.9323,0.7262
0.76,0.66,0.9777,0.8318,0.9359,0.7569,0.9763,0.9769,0.9777,0.9777,0.979,0.8164,0.9323,0.7262
0.76,0.67,0.9775,0.8298,0.9355,0.7538,0.976,0.9766,0.9775,0.9775,0.9788,0.8137,0.9319,0.7221
0.76,0.68,0.9773,0.8283,0.9353,0.7519,0.9758,0.9764,0.9773,0.9773,0.9786,0.8124,0.9318,0.7201
0.76,0.69,0.977,0.8247,0.9348,0.7473,0.9753,0.976,0.977,0.977,0.9783,0.8083,0.9312,0.714
0.76,0.7,0.9771,0.8242,0.9367,0.7455,0.9754,0.9762,0.9771,0.9771,0.9784,0.8088,0.936,0.712
0.76,0.71,0.9768,0.8224,0.9363,0.7429,0.9751,0.9759,0.9768,0.9768,0.9781,0.806,0.9357,0.7079
0.76,0.72,0.9766,0.8185,0.9359,0.7376,0.9748,0.9756,0.9766,0.9766,0.9779,0.8032,0.9353,0.7039
0.76,0.73,0.9764,0.8178,0.9357,0.7366,0.9746,0.9755,0.9764,0.9764,0.9777,0.8019,0.9351,0.7018
0.76,0.74,0.9767,0.8184,0.9395,0.7351,0.9749,0.9758,0.9767,0.9767,0.978,0.8033,0.9426,0.6998
0.76,0.75,0.9767,0.8182,0.9422,0.7331,0.9748,0.9758,0.9767,0.9767,0.978,0.8023,0.9475,0.6957
0.76,0.76,0.9763,0.8153,0.9416,0.729,0.9743,0.9754,0.9763,0.9763,0.9776,0.7981,0.9471,0.6897
0.77,0.0,0.9758,0.81,0.9408,0.7225,0.9737,0.9748,0.9758,0.9758,0.9771,0.7925,0.9465,0.6815
0.77,0.01,0.9592,0.8141,0.7509,0.9171,0.9639,0.9736,0.9592,0.9592,0.9613,0.7599,0.6317,0.9533
0.77,0.02,0.9701,0.8424,0.7955,0.9102,0.9723,0.9769,0.9701,0.9701,0.9721,0.812,0.7163,0.9371
0.77,0.03,0.9751,0.8638,0.8326,0.9093,0.9765,0.9794,0.9751,0.9751,0.9771,0.8391,0.7637,0.931
0.77,0.04,0.9772,0.8694,0.8431,0.9067,0.9783,0.9804,0.9772,0.9772,0.9792,0.851,0.7866,0.927
0.77,0.05,0.9784,0.8731,0.8517,0.9036,0.9793,0.981,0.9784,0.9784,0.9803,0.8577,0.8011,0.9229
0.77,0.06,0.9797,0.8772,0.8639,0.8979,0.9803,0.9816,0.9797,0.9797,0.9815,0.864,0.8185,0.9148
0.77,0.07,0.9809,0.8814,0.871,0.8981,0.9814,0.9824,0.9809,0.9809,0.9827,0.8715,0.8321,0.9148
0.77,0.08,0.981,0.8802,0.874,0.8927,0.9814,0.9823,0.981,0.981,0.9828,0.8716,0.8374,0.9087
0.77,0.09,0.9812,0.8793,0.874,0.8893,0.9816,0.9823,0.9812,0.9812,0.9831,0.8725,0.8444,0.9026
0.77,0.1,0.982,0.8819,0.8793,0.8885,0.9823,0.9828,0.982,0.982,0.9839,0.8775,0.8555,0.9006
0.77,0.11,0.9826,0.8836,0.8849,0.8858,0.9827,0.9831,0.9826,0.9826,0.9844,0.8805,0.865,0.8966
0.77,0.12,0.9828,0.8846,0.8877,0.8849,0.9829,0.9832,0.9828,0.9828,0.9846,0.882,0.8698,0.8945
0.77,0.13,0.9832,0.8859,0.89,0.885,0.9833,0.9835,0.9832,0.9832,0.985,0.8847,0.875,0.8945
0.77,0.14,0.9835,0.8879,0.8938,0.885,0.9835,0.9837,0.9835,0.9835,0.9852,0.8853,0.8782,0.8925
0.77,0.15,0.9836,0.8885,0.8964,0.8835,0.9836,0.9838,0.9836,0.9836,0.9853,0.886,0.8815,0.8905
0.77,0.16,0.9833,0.8866,0.8959,0.8801,0.9834,0.9835,0.9833,0.9833,0.985,0.8837,0.881,0.8864
0.77,0.17,0.9835,0.8867,0.8979,0.8782,0.9834,0.9835,0.9835,0.9835,0.9852,0.8841,0.8859,0.8824
0.77,0.18,0.9832,0.885,0.8975,0.8751,0.9832,0.9832,0.9832,0.9832,0.9849,0.8819,0.8855,0.8783
0.77,0.19,0.9836,0.8873,0.902,0.8751,0.9835,0.9836,0.9836,0.9836,0.9853,0.8846,0.8909,0.8783
0.77,0.2,0.9835,0.8865,0.9024,0.8732,0.9834,0.9834,0.9835,0.9835,0.9852,0.8832,0.8923,0.8742
0.77,0.21,0.9837,0.8879,0.9052,0.8732,0.9836,0.9836,0.9837,0.9837,0.9854,0.885,0.896,0.8742
0.77,0.22,0.9836,0.8864,0.9056,0.8699,0.9835,0.9834,0.9836,0.9836,0.9853,0.8836,0.8975,0.8702
0.77,0.23,0.9835,0.8853,0.9053,0.868,0.9833,0.9833,0.9835,0.9835,0.9852,0.8825,0.8973,0.8682
0.77,0.24,0.9833,0.8836,0.9056,0.8644,0.9832,0.9831,0.9833,0.9833,0.985,0.8811,0.8987,0.8641
0.77,0.25,0.9836,0.8852,0.9089,0.8644,0.9834,0.9833,0.9836,0.9836,0.9853,0.8829,0.9025,0.8641
0.77,0.26,0.9835,0.8843,0.9087,0.8629,0.9833,0.9832,0.9835,0.9835,0.9852,0.8817,0.9023,0.8621
0.77,0.27,0.9836,0.8834,0.911,0.8594,0.9834,0.9833,0.9836,0.9836,0.9853,0.8824,0.906,0.86
0.77,0.28,0.9831,0.8803,0.9118,0.853,0.9828,0.9827,0.9831,0.9831,0.9848,0.8775,0.9069,0.8499
0.77,0.29,0.9827,0.8772,0.9111,0.8478,0.9823,0.9822,0.9827,0.9827,0.9844,0.8739,0.9063,0.8438
0.77,0.3,0.9826,0.8787,0.9128,0.8487,0.9822,0.9821,0.9826,0.9826,0.9841,0.8716,0.9059,0.8398
0.77,0.31,0.9824,0.8775,0.9126,0.8469,0.9821,0.982,0.9824,0.9824,0.984,0.8704,0.9057,0.8377
0.77,0.32,0.9822,0.876,0.9139,0.8431,0.9818,0.9817,0.9822,0.9822,0.9837,0.8677,0.9071,0.8316
0.77,0.33,0.9823,0.8764,0.9148,0.8431,0.9819,0.9818,0.9823,0.9823,0.9839,0.8686,0.9091,0.8316
0.77,0.34,0.9823,0.8763,0.9187,0.8398,0.9818,0.9817,0.9823,0.9823,0.9837,0.8669,0.9126,0.8256
0.77,0.35,0.982,0.8739,0.9182,0.8361,0.9815,0.9815,0.982,0.982,0.9835,0.8645,0.9122,0.8215
0.77,0.36,0.9818,0.8723,0.9179,0.8335,0.9812,0.9812,0.9818,0.9818,0.9832,0.862,0.9118,0.8174
0.77,0.37,0.9815,0.8689,0.9173,0.8282,0.981,0.9809,0.9815,0.9815,0.9829,0.8596,0.9114,0.8134
0.77,0.38,0.9815,0.8689,0.9173,0.8282,0.981,0.9809,0.9815,0.9815,0.9829,0.8596,0.9114,0.8134
0.77,0.39,0.9812,0.8671,0.9169,0.8251,0.9807,0.9806,0.9812,0.9812,0.9827,0.8571,0.911,0.8093
0.77,0.4,0.9811,0.8658,0.9167,0.8232,0.9805,0.9805,0.9811,0.9811,0.9826,0.8559,0.9108,0.8073
0.77,0.41,0.9812,0.8674,0.9227,0.8217,0.9806,0.9806,0.9812,0.9812,0.9827,0.8565,0.9147,0.8053
0.77,0.42,0.9811,0.8651,0.9225,0.8182,0.9805,0.9805,0.9811,0.9811,0.9826,0.8553,0.9145,0.8032
0.77,0.43,0.9811,0.8651,0.9225,0.8182,0.9805,0.9805,0.9811,0.9811,0.9826,0.8553,0.9145,0.8032
0.77,0.44,0.9814,0.8656,0.9263,0.8165,0.9807,0.9808,0.9814,0.9814,0.9828,0.8568,0.9207,0.8012
0.77,0.45,0.9811,0.8638,0.9259,0.8133,0.9804,0.9805,0.9811,0.9811,0.9826,0.8543,0.9204,0.7972
0.77,0.46,0.981,0.8631,0.9257,0.8123,0.9803,0.9803,0.981,0.981,0.9824,0.8531,0.9202,0.7951
0.77,0.47,0.9809,0.8621,0.9304,0.8074,0.9801,0.9802,0.9809,0.9809,0.9823,0.8512,0.924,0.789
0.77,0.48,0.9806,0.8602,0.93,0.8046,0.9798,0.9799,0.9806,0.9806,0.982,0.8487,0.9236,0.785
0.77,0.49,0.9806,0.86,0.9308,0.8036,0.9798,0.9799,0.9806,0.9806,0.982,0.8484,0.9257,0.783
0.77,0.5,0.9803,0.858,0.9305,0.8008,0.9795,0.9796,0.9803,0.9803,0.9818,0.8458,0.9253,0.7789
0.77,0.51,0.9803,0.858,0.9305,0.8008,0.9795,0.9796,0.9803,0.9803,0.9818,0.8458,0.9253,0.7789
0.77,0.52,0.9803,0.8575,0.9312,0.7992,0.9794,0.9796,0.9803,0.9803,0.9818,0.8455,0.9274,0.7769
0.77,0.53,0.9805,0.858,0.9322,0.7993,0.9796,0.9797,0.9805,0.9805,0.9819,0.8464,0.9296,0.7769
0.77,0.54,0.9803,0.857,0.932,0.7977,0.9794,0.9796,0.9803,0.9803,0.9818,0.8451,0.9294,0.7748
0.77,0.55,0.9802,0.8547,0.9319,0.7942,0.9793,0.9794,0.9802,0.9802,0.9816,0.8439,0.9293,0.7728
0.77,0.56,0.9799,0.853,0.9315,0.7916,0.979,0.9792,0.9799,0.9799,0.9814,0.8413,0.9289,0.7688
0.77,0.57,0.9797,0.8517,0.9312,0.7896,0.9787,0.9789,0.9797,0.9797,0.9811,0.8387,0.9286,0.7647
0.77,0.58,0.9799,0.8532,0.9344,0.7897,0.9789,0.9791,0.9799,0.9799,0.9814,0.8406,0.9332,0.7647
0.77,0.59,0.9794,0.8492,0.9337,0.7837,0.9783,0.9786,0.9794,0.9794,0.9809,0.8354,0.9325,0.7566
0.77,0.6,0.9794,0.8492,0.9337,0.7837,0.9783,0.9786,0.9794,0.9794,0.9809,0.8354,0.9325,0.7566
0.77,0.61,0.979,0.8459,0.933,0.779,0.9779,0.9782,0.979,0.979,0.9805,0.8315,0.932,0.7505
0.77,0.62,0.9789,0.8444,0.935,0.7757,0.9777,0.978,0.9789,0.9789,0.9803,0.8298,0.934,0.7465
0.77,0.63,0.9786,0.8407,0.9347,0.7703,0.9774,0.9778,0.9786,0.9786,0.9801,0.8271,0.9337,0.7424
0.77,0.64,0.9781,0.8357,0.9365,0.7621,0.9768,0.9773,0.9781,0.9781,0.9794,0.8205,0.9328,0.7323
0.77,0.65,0.9777,0.8318,0.9359,0.7569,0.9763,0.9769,0.9777,0.9777,0.979,0.8164,0.9323,0.7262
0.77,0.66,0.9777,0.8318,0.9359,0.7569,0.9763,0.9769,0.9777,0.9777,0.979,0.8164,0.9323,0.7262
0.77,0.67,0.9775,0.8298,0.9355,0.7538,0.976,0.9766,0.9775,0.9775,0.9788,0.8137,0.9319,0.7221
0.77,0.68,0.9773,0.8283,0.9353,0.7519,0.9758,0.9764,0.9773,0.9773,0.9786,0.8124,0.9318,0.7201
0.77,0.69,0.977,0.8247,0.9348,0.7473,0.9753,0.976,0.977,0.977,0.9783,0.8083,0.9312,0.714
0.77,0.7,0.9771,0.8242,0.9367,0.7455,0.9754,0.9762,0.9771,0.9771,0.9784,0.8088,0.936,0.712
0.77,0.71,0.9768,0.8224,0.9363,0.7429,0.9751,0.9759,0.9768,0.9768,0.9781,0.806,0.9357,0.7079
0.77,0.72,0.9766,0.8185,0.9359,0.7376,0.9748,0.9756,0.9766,0.9766,0.9779,0.8032,0.9353,0.7039
0.77,0.73,0.9764,0.8178,0.9357,0.7366,0.9746,0.9755,0.9764,0.9764,0.9777,0.8019,0.9351,0.7018
0.77,0.74,0.9767,0.8184,0.9395,0.7351,0.9749,0.9758,0.9767,0.9767,0.978,0.8033,0.9426,0.6998
0.77,0.75,0.9767,0.8182,0.9422,0.7331,0.9748,0.9758,0.9767,0.9767,0.978,0.8023,0.9475,0.6957
0.77,0.76,0.9763,0.8153,0.9416,0.729,0.9743,0.9754,0.9763,0.9763,0.9776,0.7981,0.9471,0.6897
0.77,0.77,0.9758,0.81,0.9408,0.7225,0.9737,0.9748,0.9758,0.9758,0.9771,0.7925,0.9465,0.6815
0.78,0.0,0.9757,0.8044,0.9443,0.7127,0.9734,0.9747,0.9757,0.9757,0.977,0.7895,0.954,0.6734
0.78,0.01,0.9592,0.8141,0.7509,0.9171,0.9639,0.9736,0.9592,0.9592,0.9613,0.7599,0.6317,0.9533
0.78,0.02,0.9701,0.8424,0.7955,0.9102,0.9723,0.9769,0.9701,0.9701,0.9721,0.812,0.7163,0.9371
0.78,0.03,0.9751,0.8638,0.8326,0.9093,0.9765,0.9794,0.9751,0.9751,0.9771,0.8391,0.7637,0.931
0.78,0.04,0.9772,0.8694,0.8431,0.9067,0.9783,0.9804,0.9772,0.9772,0.9792,0.851,0.7866,0.927
0.78,0.05,0.9784,0.8731,0.8517,0.9036,0.9793,0.981,0.9784,0.9784,0.9803,0.8577,0.8011,0.9229
0.78,0.06,0.9797,0.8772,0.8639,0.8979,0.9803,0.9816,0.9797,0.9797,0.9815,0.864,0.8185,0.9148
0.78,0.07,0.9809,0.8814,0.871,0.8981,0.9814,0.9824,0.9809,0.9809,0.9827,0.8715,0.8321,0.9148
0.78,0.08,0.981,0.8802,0.874,0.8927,0.9814,0.9823,0.981,0.981,0.9828,0.8716,0.8374,0.9087
0.78,0.09,0.9812,0.8793,0.874,0.8893,0.9816,0.9823,0.9812,0.9812,0.9831,0.8725,0.8444,0.9026
0.78,0.1,0.982,0.8819,0.8793,0.8885,0.9823,0.9828,0.982,0.982,0.9839,0.8775,0.8555,0.9006
0.78,0.11,0.9826,0.8836,0.8849,0.8858,0.9827,0.9831,0.9826,0.9826,0.9844,0.8805,0.865,0.8966
0.78,0.12,0.9828,0.8846,0.8877,0.8849,0.9829,0.9832,0.9828,0.9828,0.9846,0.882,0.8698,0.8945
0.78,0.13,0.9832,0.8859,0.89,0.885,0.9833,0.9835,0.9832,0.9832,0.985,0.8847,0.875,0.8945
0.78,0.14,0.9835,0.8879,0.8938,0.885,0.9835,0.9837,0.9835,0.9835,0.9852,0.8853,0.8782,0.8925
0.78,0.15,0.9836,0.8885,0.8964,0.8835,0.9836,0.9838,0.9836,0.9836,0.9853,0.886,0.8815,0.8905
0.78,0.16,0.9833,0.8866,0.8959,0.8801,0.9834,0.9835,0.9833,0.9833,0.985,0.8837,0.881,0.8864
0.78,0.17,0.9835,0.8867,0.8979,0.8782,0.9834,0.9835,0.9835,0.9835,0.9852,0.8841,0.8859,0.8824
0.78,0.18,0.9832,0.885,0.8975,0.8751,0.9832,0.9832,0.9832,0.9832,0.9849,0.8819,0.8855,0.8783
0.78,0.19,0.9836,0.8873,0.902,0.8751,0.9835,0.9836,0.9836,0.9836,0.9853,0.8846,0.8909,0.8783
0.78,0.2,0.9835,0.8865,0.9024,0.8732,0.9834,0.9834,0.9835,0.9835,0.9852,0.8832,0.8923,0.8742
0.78,0.21,0.9837,0.8879,0.9052,0.8732,0.9836,0.9836,0.9837,0.9837,0.9854,0.885,0.896,0.8742
0.78,0.22,0.9836,0.8864,0.9056,0.8699,0.9835,0.9834,0.9836,0.9836,0.9853,0.8836,0.8975,0.8702
0.78,0.23,0.9835,0.8853,0.9053,0.868,0.9833,0.9833,0.9835,0.9835,0.9852,0.8825,0.8973,0.8682
0.78,0.24,0.9833,0.8836,0.9056,0.8644,0.9832,0.9831,0.9833,0.9833,0.985,0.8811,0.8987,0.8641
0.78,0.25,0.9836,0.8852,0.9089,0.8644,0.9834,0.9833,0.9836,0.9836,0.9853,0.8829,0.9025,0.8641
0.78,0.26,0.9835,0.8843,0.9087,0.8629,0.9833,0.9832,0.9835,0.9835,0.9852,0.8817,0.9023,0.8621
0.78,0.27,0.9836,0.8834,0.911,0.8594,0.9834,0.9833,0.9836,0.9836,0.9853,0.8824,0.906,0.86
0.78,0.28,0.9831,0.8803,0.9118,0.853,0.9828,0.9827,0.9831,0.9831,0.9848,0.8775,0.9069,0.8499
0.78,0.29,0.9827,0.8772,0.9111,0.8478,0.9823,0.9822,0.9827,0.9827,0.9844,0.8739,0.9063,0.8438
0.78,0.3,0.9826,0.8787,0.9128,0.8487,0.9822,0.9821,0.9826,0.9826,0.9841,0.8716,0.9059,0.8398
0.78,0.31,0.9824,0.8775,0.9126,0.8469,0.9821,0.982,0.9824,0.9824,0.984,0.8704,0.9057,0.8377
0.78,0.32,0.9822,0.876,0.9139,0.8431,0.9818,0.9817,0.9822,0.9822,0.9837,0.8677,0.9071,0.8316
0.78,0.33,0.9823,0.8764,0.9148,0.8431,0.9819,0.9818,0.9823,0.9823,0.9839,0.8686,0.9091,0.8316
0.78,0.34,0.9823,0.8763,0.9187,0.8398,0.9818,0.9817,0.9823,0.9823,0.9837,0.8669,0.9126,0.8256
0.78,0.35,0.982,0.8739,0.9182,0.8361,0.9815,0.9815,0.982,0.982,0.9835,0.8645,0.9122,0.8215
0.78,0.36,0.9818,0.8723,0.9179,0.8335,0.9812,0.9812,0.9818,0.9818,0.9832,0.862,0.9118,0.8174
0.78,0.37,0.9815,0.8689,0.9173,0.8282,0.981,0.9809,0.9815,0.9815,0.9829,0.8596,0.9114,0.8134
0.78,0.38,0.9815,0.8689,0.9173,0.8282,0.981,0.9809,0.9815,0.9815,0.9829,0.8596,0.9114,0.8134
0.78,0.39,0.9812,0.8671,0.9169,0.8251,0.9807,0.9806,0.9812,0.9812,0.9827,0.8571,0.911,0.8093
0.78,0.4,0.9811,0.8658,0.9167,0.8232,0.9805,0.9805,0.9811,0.9811,0.9826,0.8559,0.9108,0.8073
0.78,0.41,0.9812,0.8674,0.9227,0.8217,0.9806,0.9806,0.9812,0.9812,0.9827,0.8565,0.9147,0.8053
0.78,0.42,0.9811,0.8651,0.9225,0.8182,0.9805,0.9805,0.9811,0.9811,0.9826,0.8553,0.9145,0.8032
0.78,0.43,0.9811,0.8651,0.9225,0.8182,0.9805,0.9805,0.9811,0.9811,0.9826,0.8553,0.9145,0.8032
0.78,0.44,0.9814,0.8656,0.9263,0.8165,0.9807,0.9808,0.9814,0.9814,0.9828,0.8568,0.9207,0.8012
0.78,0.45,0.9811,0.8638,0.9259,0.8133,0.9804,0.9805,0.9811,0.9811,0.9826,0.8543,0.9204,0.7972
0.78,0.46,0.981,0.8631,0.9257,0.8123,0.9803,0.9803,0.981,0.981,0.9824,0.8531,0.9202,0.7951
0.78,0.47,0.9809,0.8621,0.9304,0.8074,0.9801,0.9802,0.9809,0.9809,0.9823,0.8512,0.924,0.789
0.78,0.48,0.9806,0.8602,0.93,0.8046,0.9798,0.9799,0.9806,0.9806,0.982,0.8487,0.9236,0.785
0.78,0.49,0.9806,0.86,0.9308,0.8036,0.9798,0.9799,0.9806,0.9806,0.982,0.8484,0.9257,0.783
0.78,0.5,0.9803,0.858,0.9305,0.8008,0.9795,0.9796,0.9803,0.9803,0.9818,0.8458,0.9253,0.7789
0.78,0.51,0.9803,0.858,0.9305,0.8008,0.9795,0.9796,0.9803,0.9803,0.9818,0.8458,0.9253,0.7789
0.78,0.52,0.9803,0.8575,0.9312,0.7992,0.9794,0.9796,0.9803,0.9803,0.9818,0.8455,0.9274,0.7769
0.78,0.53,0.9805,0.858,0.9322,0.7993,0.9796,0.9797,0.9805,0.9805,0.9819,0.8464,0.9296,0.7769
0.78,0.54,0.9803,0.857,0.932,0.7977,0.9794,0.9796,0.9803,0.9803,0.9818,0.8451,0.9294,0.7748
0.78,0.55,0.9802,0.8547,0.9319,0.7942,0.9793,0.9794,0.9802,0.9802,0.9816,0.8439,0.9293,0.7728
0.78,0.56,0.9799,0.853,0.9315,0.7916,0.979,0.9792,0.9799,0.9799,0.9814,0.8413,0.9289,0.7688
0.78,0.57,0.9797,0.8517,0.9312,0.7896,0.9787,0.9789,0.9797,0.9797,0.9811,0.8387,0.9286,0.7647
0.78,0.58,0.9799,0.8532,0.9344,0.7897,0.9789,0.9791,0.9799,0.9799,0.9814,0.8406,0.9332,0.7647
0.78,0.59,0.9794,0.8492,0.9337,0.7837,0.9783,0.9786,0.9794,0.9794,0.9809,0.8354,0.9325,0.7566
0.78,0.6,0.9794,0.8492,0.9337,0.7837,0.9783,0.9786,0.9794,0.9794,0.9809,0.8354,0.9325,0.7566
0.78,0.61,0.979,0.8459,0.933,0.779,0.9779,0.9782,0.979,0.979,0.9805,0.8315,0.932,0.7505
0.78,0.62,0.9789,0.8444,0.935,0.7757,0.9777,0.978,0.9789,0.9789,0.9803,0.8298,0.934,0.7465
0.78,0.63,0.9786,0.8407,0.9347,0.7703,0.9774,0.9778,0.9786,0.9786,0.9801,0.8271,0.9337,0.7424
0.78,0.64,0.9781,0.8357,0.9365,0.7621,0.9768,0.9773,0.9781,0.9781,0.9794,0.8205,0.9328,0.7323
0.78,0.65,0.9777,0.8318,0.9359,0.7569,0.9763,0.9769,0.9777,0.9777,0.979,0.8164,0.9323,0.7262
0.78,0.66,0.9777,0.8318,0.9359,0.7569,0.9763,0.9769,0.9777,0.9777,0.979,0.8164,0.9323,0.7262
0.78,0.67,0.9775,0.8298,0.9355,0.7538,0.976,0.9766,0.9775,0.9775,0.9788,0.8137,0.9319,0.7221
0.78,0.68,0.9773,0.8283,0.9353,0.7519,0.9758,0.9764,0.9773,0.9773,0.9786,0.8124,0.9318,0.7201
0.78,0.69,0.977,0.8247,0.9348,0.7473,0.9753,0.976,0.977,0.977,0.9783,0.8083,0.9312,0.714
0.78,0.7,0.9771,0.8242,0.9367,0.7455,0.9754,0.9762,0.9771,0.9771,0.9784,0.8088,0.936,0.712
0.78,0.71,0.9768,0.8224,0.9363,0.7429,0.9751,0.9759,0.9768,0.9768,0.9781,0.806,0.9357,0.7079
0.78,0.72,0.9766,0.8185,0.9359,0.7376,0.9748,0.9756,0.9766,0.9766,0.9779,0.8032,0.9353,0.7039
0.78,0.73,0.9764,0.8178,0.9357,0.7366,0.9746,0.9755,0.9764,0.9764,0.9777,0.8019,0.9351,0.7018
0.78,0.74,0.9767,0.8184,0.9395,0.7351,0.9749,0.9758,0.9767,0.9767,0.978,0.8033,0.9426,0.6998
0.78,0.75,0.9767,0.8182,0.9422,0.7331,0.9748,0.9758,0.9767,0.9767,0.978,0.8023,0.9475,0.6957
0.78,0.76,0.9763,0.8153,0.9416,0.729,0.9743,0.9754,0.9763,0.9763,0.9776,0.7981,0.9471,0.6897
0.78,0.77,0.9758,0.81,0.9408,0.7225,0.9737,0.9748,0.9758,0.9758,0.9771,0.7925,0.9465,0.6815
0.78,0.78,0.9757,0.8044,0.9443,0.7127,0.9734,0.9747,0.9757,0.9757,0.977,0.7895,0.954,0.6734
0.79,0.0,0.9753,0.8004,0.9475,0.706,0.9729,0.9744,0.9753,0.9753,0.9764,0.7832,0.9561,0.6633
0.79,0.01,0.9603,0.8198,0.7592,0.9183,0.9648,0.9742,0.9603,0.9603,0.9621,0.7632,0.6372,0.9513
0.79,0.02,0.971,0.8477,0.8032,0.9113,0.9731,0.9774,0.971,0.971,0.9728,0.8152,0.7226,0.9351
0.79,0.03,0.976,0.8688,0.8403,0.9105,0.9774,0.9801,0.976,0.976,0.9779,0.8438,0.7714,0.931
0.79,0.04,0.9779,0.8731,0.8488,0.9078,0.9789,0.9809,0.9779,0.9779,0.9797,0.8542,0.792,0.927
0.79,0.05,0.979,0.8769,0.8575,0.9047,0.9799,0.9815,0.979,0.979,0.9809,0.8609,0.8067,0.9229
0.79,0.06,0.9799,0.8791,0.8665,0.8989,0.9806,0.9819,0.9799,0.9799,0.9816,0.8648,0.82,0.9148
0.79,0.07,0.9811,0.8833,0.8736,0.8992,0.9816,0.9826,0.9811,0.9811,0.9828,0.8723,0.8336,0.9148
0.79,0.08,0.9812,0.8822,0.8767,0.8938,0.9817,0.9826,0.9812,0.9812,0.9829,0.8724,0.839,0.9087
0.79,0.09,0.9815,0.8813,0.8767,0.8903,0.9818,0.9825,0.9815,0.9815,0.9832,0.8734,0.846,0.9026
0.79,0.1,0.9823,0.8838,0.882,0.8895,0.9825,0.983,0.9823,0.9823,0.984,0.8783,0.8571,0.9006
0.79,0.11,0.9828,0.8856,0.8877,0.8868,0.983,0.9833,0.9828,0.9828,0.9845,0.8814,0.8667,0.8966
0.79,0.12,0.9831,0.8866,0.8905,0.8859,0.9832,0.9835,0.9831,0.9831,0.9848,0.8829,0.8715,0.8945
0.79,0.13,0.9835,0.8879,0.8928,0.886,0.9835,0.9838,0.9835,0.9835,0.9852,0.8855,0.8767,0.8945
0.79,0.14,0.9837,0.8898,0.8965,0.8861,0.9838,0.9839,0.9837,0.9837,0.9853,0.8862,0.88,0.8925
0.79,0.15,0.9839,0.8905,0.8992,0.8845,0.9839,0.984,0.9839,0.9839,0.9854,0.8869,0.8833,0.8905
0.79,0.16,0.9835,0.888,0.8985,0.8801,0.9835,0.9836,0.9835,0.9835,0.985,0.8835,0.8826,0.8844
0.79,0.17,0.9836,0.8881,0.9006,0.8782,0.9835,0.9836,0.9836,0.9836,0.9852,0.8839,0.8875,0.8803
0.79,0.18,0.9833,0.8864,0.9002,0.8751,0.9833,0.9833,0.9833,0.9833,0.9849,0.8816,0.8871,0.8763
0.79,0.19,0.9837,0.8887,0.9047,0.8752,0.9836,0.9837,0.9837,0.9837,0.9853,0.8843,0.8926,0.8763
0.79,0.2,0.9836,0.8879,0.9052,0.8732,0.9835,0.9835,0.9836,0.9836,0.9852,0.883,0.894,0.8722
0.79,0.21,0.9839,0.8893,0.908,0.8732,0.9837,0.9837,0.9839,0.9839,0.9854,0.8848,0.8977,0.8722
0.79,0.22,0.9837,0.8878,0.9084,0.8699,0.9836,0.9835,0.9837,0.9837,0.9853,0.8834,0.8992,0.8682
0.79,0.23,0.9836,0.8867,0.9081,0.868,0.9834,0.9834,0.9836,0.9836,0.9852,0.8822,0.8989,0.8661
0.79,0.24,0.9835,0.885,0.9084,0.8644,0.9833,0.9832,0.9835,0.9835,0.985,0.8808,0.9004,0.8621
0.79,0.25,0.9837,0.8866,0.9117,0.8645,0.9835,0.9834,0.9837,0.9837,0.9853,0.8827,0.9043,0.8621
0.79,0.26,0.9836,0.8857,0.9116,0.8629,0.9834,0.9833,0.9836,0.9836,0.9852,0.8815,0.9041,0.86
0.79,0.27,0.9837,0.8848,0.9139,0.8594,0.9835,0.9834,0.9837,0.9837,0.9853,0.8822,0.9077,0.858
0.79,0.28,0.9832,0.8818,0.9147,0.8531,0.9829,0.9828,0.9832,0.9832,0.9848,0.8772,0.9087,0.8479
0.79,0.29,0.9828,0.8786,0.914,0.8478,0.9825,0.9824,0.9828,0.9828,0.9844,0.8737,0.9081,0.8418
0.79,0.3,0.9827,0.8801,0.9157,0.8488,0.9823,0.9822,0.9827,0.9827,0.9841,0.8713,0.9077,0.8377
0.79,0.31,0.9826,0.8789,0.9155,0.8469,0.9822,0.9821,0.9826,0.9826,0.984,0.8701,0.9075,0.8357
0.79,0.32,0.9823,0.8774,0.9168,0.8431,0.9819,0.9818,0.9823,0.9823,0.9837,0.8674,0.9089,0.8296
0.79,0.33,0.9824,0.8778,0.9177,0.8431,0.982,0.9819,0.9824,0.9824,0.9839,0.8684,0.9109,0.8296
0.79,0.34,0.9824,0.8777,0.9217,0.8398,0.9819,0.9819,0.9824,0.9824,0.9837,0.8666,0.9144,0.8235
0.79,0.35,0.9822,0.8753,0.9212,0.8361,0.9817,0.9816,0.9822,0.9822,0.9835,0.8642,0.914,0.8195
0.79,0.36,0.9819,0.8738,0.9209,0.8336,0.9814,0.9813,0.9819,0.9819,0.9832,0.8617,0.9136,0.8154
0.79,0.37,0.9816,0.8703,0.9203,0.8282,0.9811,0.981,0.9816,0.9816,0.9829,0.8593,0.9132,0.8114
0.79,0.38,0.9816,0.8703,0.9203,0.8282,0.9811,0.981,0.9816,0.9816,0.9829,0.8593,0.9132,0.8114
0.79,0.39,0.9814,0.8685,0.92,0.8251,0.9808,0.9807,0.9814,0.9814,0.9827,0.8568,0.9128,0.8073
0.79,0.4,0.9812,0.8673,0.9198,0.8233,0.9806,0.9806,0.9812,0.9812,0.9826,0.8556,0.9126,0.8053
0.79,0.41,0.9814,0.8688,0.9258,0.8218,0.9807,0.9808,0.9814,0.9814,0.9827,0.8562,0.9167,0.8032
0.79,0.42,0.9812,0.8666,0.9255,0.8182,0.9806,0.9806,0.9812,0.9812,0.9826,0.855,0.9165,0.8012
0.79,0.43,0.9812,0.8666,0.9255,0.8182,0.9806,0.9806,0.9812,0.9812,0.9826,0.855,0.9165,0.8012
0.79,0.44,0.9815,0.8671,0.9294,0.8165,0.9808,0.9809,0.9815,0.9815,0.9828,0.8565,0.9227,0.7992
0.79,0.45,0.9812,0.8652,0.929,0.8134,0.9805,0.9806,0.9812,0.9812,0.9826,0.854,0.9224,0.7951
0.79,0.46,0.9811,0.8645,0.9288,0.8124,0.9804,0.9805,0.9811,0.9811,0.9824,0.8528,0.9222,0.7931
0.79,0.47,0.981,0.8635,0.9336,0.8075,0.9802,0.9803,0.981,0.981,0.9823,0.8509,0.926,0.787
0.79,0.48,0.9807,0.8616,0.9332,0.8046,0.9799,0.98,0.9807,0.9807,0.982,0.8484,0.9257,0.783
0.79,0.49,0.9807,0.8614,0.934,0.8036,0.9799,0.98,0.9807,0.9807,0.982,0.848,0.9277,0.7809
0.79,0.5,0.9805,0.8595,0.9336,0.8008,0.9796,0.9797,0.9805,0.9805,0.9818,0.8455,0.9274,0.7769
0.79,0.51,0.9805,0.8595,0.9336,0.8008,0.9796,0.9797,0.9805,0.9805,0.9818,0.8455,0.9274,0.7769
0.79,0.52,0.9805,0.8589,0.9344,0.7993,0.9796,0.9797,0.9805,0.9805,0.9818,0.8451,0.9294,0.7748
0.79,0.53,0.9806,0.8594,0.9354,0.7993,0.9797,0.9799,0.9806,0.9806,0.9819,0.8461,0.9317,0.7748
0.79,0.54,0.9805,0.8584,0.9352,0.7977,0.9795,0.9797,0.9805,0.9805,0.9818,0.8448,0.9315,0.7728
0.79,0.55,0.9803,0.8561,0.9351,0.7942,0.9794,0.9796,0.9803,0.9803,0.9816,0.8435,0.9314,0.7708
0.79,0.56,0.9801,0.8544,0.9347,0.7917,0.9791,0.9793,0.9801,0.9801,0.9814,0.8409,0.931,0.7667
0.79,0.57,0.9798,0.8531,0.9344,0.7896,0.9788,0.979,0.9798,0.9798,0.9811,0.8384,0.9307,0.7627
0.79,0.58,0.9801,0.8546,0.9378,0.7897,0.979,0.9793,0.9801,0.9801,0.9814,0.8402,0.9353,0.7627
0.79,0.59,0.9796,0.8506,0.9371,0.7837,0.9785,0.9787,0.9796,0.9796,0.9809,0.835,0.9347,0.7546
0.79,0.6,0.9796,0.8506,0.9371,0.7837,0.9785,0.9787,0.9796,0.9796,0.9809,0.835,0.9347,0.7546
0.79,0.61,0.9792,0.8473,0.9365,0.7791,0.978,0.9783,0.9792,0.9792,0.9805,0.8311,0.9342,0.7485
0.79,0.62,0.979,0.8458,0.9385,0.7757,0.9778,0.9782,0.979,0.979,0.9803,0.8294,0.9362,0.7444
0.79,0.63,0.9788,0.8421,0.9382,0.7703,0.9775,0.9779,0.9788,0.9788,0.9801,0.8267,0.9359,0.7404
0.79,0.64,0.9783,0.8371,0.94,0.7622,0.9769,0.9774,0.9783,0.9783,0.9794,0.82,0.9351,0.7302
0.79,0.65,0.9779,0.8332,0.9394,0.7569,0.9764,0.977,0.9779,0.9779,0.979,0.816,0.9346,0.7241
0.79,0.66,0.9779,0.8332,0.9394,0.7569,0.9764,0.977,0.9779,0.9779,0.979,0.816,0.9346,0.7241
0.79,0.67,0.9776,0.8312,0.9391,0.7538,0.9761,0.9768,0.9776,0.9776,0.9788,0.8133,0.9342,0.7201
0.79,0.68,0.9775,0.8297,0.9389,0.752,0.9759,0.9766,0.9775,0.9775,0.9786,0.8119,0.934,0.7181
0.79,0.69,0.9771,0.8262,0.9383,0.7473,0.9755,0.9762,0.9771,0.9771,0.9783,0.8078,0.9335,0.712
0.79,0.7,0.9772,0.8256,0.9402,0.7455,0.9755,0.9763,0.9772,0.9772,0.9784,0.8083,0.9383,0.7099
0.79,0.71,0.977,0.8238,0.9399,0.743,0.9752,0.9761,0.977,0.977,0.9781,0.8056,0.938,0.7059
0.79,0.72,0.9767,0.8199,0.9395,0.7376,0.9749,0.9758,0.9767,0.9767,0.9779,0.8028,0.9377,0.7018
0.79,0.73,0.9766,0.8192,0.9393,0.7366,0.9748,0.9756,0.9766,0.9766,0.9777,0.8014,0.9375,0.6998
0.79,0.74,0.9768,0.8198,0.9432,0.7351,0.975,0.976,0.9768,0.9768,0.978,0.8028,0.9451,0.6978
0.79,0.75,0.9768,0.8196,0.9459,0.7332,0.9749,0.976,0.9768,0.9768,0.978,0.8019,0.95,0.6937
0.79,0.76,0.9764,0.8168,0.9455,0.729,0.9745,0.9756,0.9764,0.9764,0.9776,0.7976,0.9496,0.6876
0.79,0.77,0.9759,0.8115,0.9446,0.7225,0.9738,0.975,0.9759,0.9759,0.9771,0.792,0.949,0.6795
0.79,0.78,0.9758,0.8058,0.9483,0.7128,0.9735,0.9749,0.9758,0.9758,0.977,0.789,0.9566,0.6714
0.79,0.79,0.9753,0.8004,0.9475,0.706,0.9729,0.9744,0.9753,0.9753,0.9764,0.7832,0.9561,0.6633
0.8,0.0,0.9753,0.8009,0.9506,0.705,0.9728,0.9745,0.9753,0.9753,0.9763,0.7812,0.9587,0.6592
0.8,0.01,0.9605,0.822,0.7616,0.9203,0.965,0.9744,0.9605,0.9605,0.9621,0.7632,0.6372,0.9513
0.8,0.02,0.9712,0.8499,0.8058,0.9134,0.9733,0.9776,0.9712,0.9712,0.9728,0.8152,0.7226,0.9351
0.8,0.03,0.9763,0.8712,0.8431,0.9125,0.9776,0.9804,0.9763,0.9763,0.9779,0.8438,0.7714,0.931
0.8,0.04,0.9781,0.8755,0.8515,0.9098,0.9791,0.9812,0.9781,0.9781,0.9797,0.8542,0.792,0.927
0.8,0.05,0.9793,0.8793,0.8603,0.9067,0.9801,0.9818,0.9793,0.9793,0.9809,0.8609,0.8067,0.9229
0.8,0.06,0.9802,0.8816,0.8694,0.9009,0.9808,0.9821,0.9802,0.9802,0.9816,0.8648,0.82,0.9148
0.8,0.07,0.9814,0.8857,0.8765,0.9012,0.9819,0.9829,0.9814,0.9814,0.9828,0.8723,0.8336,0.9148
0.8,0.08,0.9815,0.8846,0.8796,0.8958,0.9819,0.9828,0.9815,0.9815,0.9829,0.8724,0.839,0.9087
0.8,0.09,0.9818,0.8837,0.8797,0.8923,0.9821,0.9828,0.9818,0.9818,0.9832,0.8734,0.846,0.9026
0.8,0.1,0.9826,0.8863,0.885,0.8915,0.9828,0.9833,0.9826,0.9826,0.984,0.8783,0.8571,0.9006
0.8,0.11,0.9831,0.8881,0.8908,0.8888,0.9832,0.9836,0.9831,0.9831,0.9845,0.8814,0.8667,0.8966
0.8,0.12,0.9833,0.8891,0.8935,0.8879,0.9834,0.9837,0.9833,0.9833,0.9848,0.8829,0.8715,0.8945
0.8,0.13,0.9836,0.8898,0.8956,0.887,0.9837,0.9839,0.9836,0.9836,0.985,0.8844,0.8765,0.8925
0.8,0.14,0.9839,0.8918,0.8994,0.8871,0.9839,0.9841,0.9839,0.9839,0.9852,0.8851,0.8798,0.8905
0.8,0.15,0.984,0.8925,0.9021,0.8855,0.984,0.9841,0.984,0.984,0.9853,0.8857,0.8831,0.8884
0.8,0.16,0.9835,0.8894,0.9012,0.8801,0.9835,0.9836,0.9835,0.9835,0.9848,0.8812,0.8821,0.8803
0.8,0.17,0.9836,0.8895,0.9033,0.8782,0.9835,0.9836,0.9836,0.9836,0.9849,0.8816,0.8871,0.8763
0.8,0.18,0.9833,0.8877,0.9029,0.8751,0.9833,0.9833,0.9833,0.9833,0.9846,0.8793,0.8866,0.8722
0.8,0.19,0.9837,0.8901,0.9075,0.8752,0.9836,0.9836,0.9837,0.9837,0.985,0.8821,0.8921,0.8722
0.8,0.2,0.9836,0.8893,0.9079,0.8732,0.9835,0.9834,0.9836,0.9836,0.9849,0.8807,0.8935,0.8682
0.8,0.21,0.9839,0.8907,0.9109,0.8732,0.9837,0.9837,0.9839,0.9839,0.9852,0.8825,0.8973,0.8682
0.8,0.22,0.9837,0.8892,0.9113,0.8699,0.9836,0.9835,0.9837,0.9837,0.985,0.8811,0.8987,0.8641
0.8,0.23,0.9836,0.8882,0.911,0.868,0.9834,0.9834,0.9836,0.9836,0.9849,0.8799,0.8985,0.8621
0.8,0.24,0.9835,0.8864,0.9113,0.8644,0.9833,0.9832,0.9835,0.9835,0.9848,0.8785,0.9,0.858
0.8,0.25,0.9837,0.888,0.9146,0.8645,0.9835,0.9834,0.9837,0.9837,0.985,0.8803,0.9038,0.858
0.8,0.26,0.9836,0.8871,0.9145,0.8629,0.9834,0.9833,0.9836,0.9836,0.9849,0.8792,0.9036,0.856
0.8,0.27,0.9837,0.8862,0.9168,0.8594,0.9835,0.9834,0.9837,0.9837,0.985,0.8798,0.9073,0.854
0.8,0.28,0.9832,0.8832,0.9176,0.8531,0.9829,0.9828,0.9832,0.9832,0.9845,0.8749,0.9083,0.8438
0.8,0.29,0.9828,0.88,0.9169,0.8478,0.9825,0.9824,0.9828,0.9828,0.9841,0.8713,0.9077,0.8377
0.8,0.3,0.9827,0.8815,0.9187,0.8488,0.9823,0.9822,0.9827,0.9827,0.9839,0.8689,0.9073,0.8337
0.8,0.31,0.9826,0.8803,0.9185,0.8469,0.9822,0.9821,0.9826,0.9826,0.9837,0.8677,0.9071,0.8316
0.8,0.32,0.9823,0.8788,0.9198,0.8431,0.9819,0.9818,0.9823,0.9823,0.9835,0.865,0.9085,0.8256
0.8,0.33,0.9824,0.8792,0.9207,0.8431,0.982,0.9819,0.9824,0.9824,0.9836,0.866,0.9105,0.8256
0.8,0.34,0.9824,0.8784,0.9232,0.8398,0.9819,0.9819,0.9824,0.9824,0.9836,0.8654,0.9142,0.8215
0.8,0.35,0.9822,0.876,0.9227,0.8361,0.9816,0.9816,0.9822,0.9822,0.9833,0.863,0.9138,0.8174
0.8,0.36,0.9819,0.8745,0.9224,0.8336,0.9814,0.9813,0.9819,0.9819,0.9831,0.8605,0.9134,0.8134
0.8,0.37,0.9816,0.871,0.9219,0.8282,0.9811,0.981,0.9816,0.9816,0.9828,0.8581,0.913,0.8093
0.8,0.38,0.9816,0.871,0.9219,0.8282,0.9811,0.981,0.9816,0.9816,0.9828,0.8581,0.913,0.8093
0.8,0.39,0.9814,0.8692,0.9215,0.8251,0.9808,0.9807,0.9814,0.9814,0.9826,0.8556,0.9126,0.8053
0.8,0.4,0.9812,0.868,0.9213,0.8233,0.9806,0.9806,0.9812,0.9812,0.9824,0.8544,0.9124,0.8032
0.8,0.41,0.9814,0.8695,0.9273,0.8218,0.9807,0.9808,0.9814,0.9814,0.9826,0.855,0.9165,0.8012
0.8,0.42,0.9812,0.8673,0.9271,0.8182,0.9806,0.9806,0.9812,0.9812,0.9824,0.8537,0.9163,0.7992
0.8,0.43,0.9812,0.8673,0.9271,0.8182,0.9806,0.9806,0.9812,0.9812,0.9824,0.8537,0.9163,0.7992
0.8,0.44,0.9815,0.8678,0.9309,0.8165,0.9808,0.9809,0.9815,0.9815,0.9827,0.8553,0.9225,0.7972
0.8,0.45,0.9812,0.8659,0.9306,0.8134,0.9805,0.9806,0.9812,0.9812,0.9824,0.8528,0.9222,0.7931
0.8,0.46,0.9811,0.8652,0.9304,0.8124,0.9804,0.9805,0.9811,0.9811,0.9823,0.8515,0.922,0.7911
0.8,0.47,0.981,0.8642,0.9352,0.8075,0.9802,0.9803,0.981,0.981,0.9822,0.8496,0.9258,0.785
0.8,0.48,0.9807,0.8623,0.9348,0.8046,0.9799,0.9801,0.9807,0.9807,0.9819,0.8471,0.9255,0.7809
0.8,0.49,0.9807,0.8621,0.9356,0.8036,0.9799,0.98,0.9807,0.9807,0.9819,0.8467,0.9275,0.7789
0.8,0.5,0.9805,0.8602,0.9352,0.8008,0.9796,0.9798,0.9805,0.9805,0.9816,0.8442,0.9272,0.7748
0.8,0.51,0.9805,0.8602,0.9352,0.8008,0.9796,0.9798,0.9805,0.9805,0.9816,0.8442,0.9272,0.7748
0.8,0.52,0.9805,0.8596,0.9361,0.7993,0.9796,0.9797,0.9805,0.9805,0.9816,0.8439,0.9293,0.7728
0.8,0.53,0.9806,0.8601,0.9371,0.7993,0.9797,0.9799,0.9806,0.9806,0.9818,0.8448,0.9315,0.7728
0.8,0.54,0.9805,0.8591,0.9369,0.7977,0.9795,0.9797,0.9805,0.9805,0.9816,0.8435,0.9314,0.7708
0.8,0.55,0.9803,0.8568,0.9367,0.7942,0.9794,0.9796,0.9803,0.9803,0.9815,0.8422,0.9312,0.7688
0.8,0.56,0.9801,0.8551,0.9364,0.7917,0.9791,0.9793,0.9801,0.9801,0.9812,0.8396,0.9309,0.7647
0.8,0.57,0.9798,0.8538,0.9361,0.7896,0.9788,0.979,0.9798,0.9798,0.981,0.8371,0.9305,0.7606
0.8,0.58,0.9801,0.8553,0.9395,0.7897,0.979,0.9793,0.9801,0.9801,0.9812,0.8389,0.9352,0.7606
0.8,0.59,0.9796,0.8513,0.9388,0.7837,0.9784,0.9788,0.9796,0.9796,0.9807,0.8337,0.9345,0.7525
0.8,0.6,0.9796,0.8513,0.9388,0.7837,0.9784,0.9788,0.9796,0.9796,0.9807,0.8337,0.9345,0.7525
0.8,0.61,0.9792,0.848,0.9382,0.7791,0.978,0.9783,0.9792,0.9792,0.9803,0.8298,0.934,0.7465
0.8,0.62,0.979,0.8465,0.9403,0.7757,0.9778,0.9782,0.979,0.979,0.9802,0.8281,0.9361,0.7424
0.8,0.63,0.9788,0.8428,0.9399,0.7703,0.9775,0.978,0.9788,0.9788,0.9799,0.8254,0.9357,0.7383
0.8,0.64,0.9783,0.8378,0.9417,0.7622,0.9769,0.9775,0.9783,0.9783,0.9793,0.8187,0.9349,0.7282
0.8,0.65,0.9779,0.834,0.9412,0.7569,0.9764,0.9771,0.9779,0.9779,0.9789,0.8146,0.9344,0.7221
0.8,0.66,0.9779,0.834,0.9412,0.7569,0.9764,0.9771,0.9779,0.9779,0.9789,0.8146,0.9344,0.7221
0.8,0.67,0.9776,0.8319,0.9409,0.7538,0.9761,0.9768,0.9776,0.9776,0.9786,0.8119,0.934,0.7181
0.8,0.68,0.9775,0.8304,0.9407,0.752,0.9759,0.9766,0.9775,0.9775,0.9785,0.8106,0.9339,0.716
0.8,0.69,0.9771,0.8268,0.9401,0.7473,0.9754,0.9762,0.9771,0.9771,0.9781,0.8065,0.9333,0.7099
0.8,0.7,0.9772,0.8263,0.942,0.7455,0.9755,0.9764,0.9772,0.9772,0.9783,0.8069,0.9382,0.7079
0.8,0.71,0.977,0.8245,0.9417,0.743,0.9752,0.9761,0.977,0.977,0.978,0.8042,0.9378,0.7039
0.8,0.72,0.9767,0.8206,0.9413,0.7376,0.9749,0.9758,0.9767,0.9767,0.9777,0.8014,0.9375,0.6998
0.8,0.73,0.9766,0.8199,0.9412,0.7366,0.9748,0.9757,0.9766,0.9766,0.9776,0.8,0.9373,0.6978
0.8,0.74,0.9768,0.8205,0.9451,0.7351,0.975,0.976,0.9768,0.9768,0.9779,0.8014,0.9449,0.6957
0.8,0.75,0.9768,0.8203,0.9479,0.7332,0.9749,0.976,0.9768,0.9768,0.9779,0.8005,0.9499,0.6917
0.8,0.76,0.9764,0.8175,0.9474,0.729,0.9745,0.9756,0.9764,0.9764,0.9775,0.7962,0.9494,0.6856
0.8,0.77,0.9759,0.8122,0.9466,0.7225,0.9738,0.975,0.9759,0.9759,0.977,0.7905,0.9489,0.6775
0.8,0.78,0.9758,0.8065,0.9503,0.7128,0.9735,0.975,0.9758,0.9758,0.9768,0.7876,0.9565,0.6694
0.8,0.79,0.9753,0.8011,0.9495,0.706,0.9729,0.9744,0.9753,0.9753,0.9763,0.7818,0.956,0.6613
0.8,0.8,0.9753,0.8009,0.9506,0.705,0.9728,0.9745,0.9753,0.9753,0.9763,0.7812,0.9587,0.6592
0.81,0.0,0.9749,0.797,0.9501,0.7,0.9723,0.9741,0.9749,0.9749,0.9759,0.7768,0.9583,0.6531
0.81,0.01,0.9607,0.822,0.7647,0.9157,0.9651,0.9743,0.9607,0.9607,0.9622,0.7627,0.6392,0.9452
0.81,0.02,0.9712,0.8494,0.808,0.9088,0.9733,0.9774,0.9712,0.9712,0.9728,0.8142,0.7247,0.929
0.81,0.03,0.976,0.8694,0.8435,0.9078,0.9773,0.98,0.976,0.976,0.9776,0.8413,0.7716,0.9249
0.81,0.04,0.9779,0.8737,0.852,0.9051,0.9788,0.9808,0.9779,0.9779,0.9794,0.8518,0.7923,0.9209
0.81,0.05,0.979,0.8775,0.8608,0.9021,0.9798,0.9814,0.979,0.979,0.9806,0.8585,0.8071,0.9168
0.81,0.06,0.9799,0.8797,0.8701,0.8963,0.9806,0.9818,0.9799,0.9799,0.9814,0.8624,0.8205,0.9087
0.81,0.07,0.9811,0.8839,0.8771,0.8965,0.9816,0.9826,0.9811,0.9811,0.9826,0.8699,0.8343,0.9087
0.81,0.08,0.9812,0.8828,0.8803,0.8911,0.9817,0.9825,0.9812,0.9812,0.9827,0.87,0.8396,0.9026
0.81,0.09,0.9815,0.8819,0.8804,0.8877,0.9818,0.9824,0.9815,0.9815,0.9829,0.8709,0.8467,0.8966
0.81,0.1,0.9823,0.8845,0.8858,0.8869,0.9825,0.9829,0.9823,0.9823,0.9837,0.8759,0.858,0.8945
0.81,0.11,0.9827,0.8856,0.8902,0.8842,0.9828,0.9831,0.9827,0.9827,0.9841,0.878,0.8659,0.8905
0.81,0.12,0.9829,0.8866,0.893,0.8832,0.983,0.9833,0.9829,0.9829,0.9844,0.8795,0.8708,0.8884
0.81,0.13,0.9832,0.8873,0.8951,0.8823,0.9833,0.9835,0.9832,0.9832,0.9846,0.881,0.8758,0.8864
0.81,0.14,0.9835,0.8892,0.8988,0.8824,0.9835,0.9836,0.9835,0.9835,0.9848,0.8817,0.879,0.8844
0.81,0.15,0.9836,0.8899,0.9016,0.8809,0.9836,0.9837,0.9836,0.9836,0.9849,0.8824,0.8824,0.8824
0.81,0.16,0.9831,0.8868,0.9007,0.8755,0.983,0.9831,0.9831,0.9831,0.9844,0.8778,0.8814,0.8742
0.81,0.17,0.9832,0.8869,0.9027,0.8735,0.9831,0.9831,0.9832,0.9832,0.9845,0.8782,0.8864,0.8702
0.81,0.18,0.9829,0.8851,0.9024,0.8704,0.9829,0.9829,0.9829,0.9829,0.9842,0.8759,0.8859,0.8661
0.81,0.19,0.9833,0.8874,0.907,0.8705,0.9832,0.9832,0.9833,0.9833,0.9846,0.8786,0.8914,0.8661
0.81,0.2,0.9832,0.8866,0.9074,0.8685,0.9831,0.983,0.9832,0.9832,0.9845,0.8772,0.8929,0.8621
0.81,0.21,0.9835,0.8881,0.9104,0.8686,0.9833,0.9833,0.9835,0.9835,0.9848,0.879,0.8966,0.8621
0.81,0.22,0.9833,0.8866,0.9108,0.8652,0.9832,0.9831,0.9833,0.9833,0.9846,0.8776,0.8981,0.858
0.81,0.23,0.9832,0.8855,0.9106,0.8634,0.983,0.983,0.9832,0.9832,0.9845,0.8764,0.8979,0.856
0.81,0.24,0.9831,0.8837,0.9108,0.8597,0.9829,0.9828,0.9831,0.9831,0.9844,0.875,0.8994,0.8519
0.81,0.25,0.9833,0.8854,0.9142,0.8598,0.9831,0.983,0.9833,0.9833,0.9846,0.8768,0.9032,0.8519
0.81,0.26,0.9833,0.8854,0.9142,0.8598,0.9831,0.983,0.9833,0.9833,0.9846,0.8768,0.9032,0.8519
0.81,0.27,0.9835,0.8844,0.9165,0.8563,0.9832,0.9831,0.9835,0.9835,0.9848,0.8775,0.9069,0.8499
0.81,0.28,0.9829,0.8814,0.9173,0.8499,0.9826,0.9825,0.9829,0.9829,0.9842,0.8725,0.9079,0.8398
0.81,0.29,0.9826,0.8782,0.9166,0.8447,0.9822,0.9821,0.9826,0.9826,0.9839,0.8689,0.9073,0.8337
0.81,0.3,0.9824,0.8797,0.9184,0.8456,0.982,0.9819,0.9824,0.9824,0.9836,0.8665,0.9069,0.8296
0.81,0.31,0.9823,0.8785,0.9182,0.8438,0.9819,0.9818,0.9823,0.9823,0.9835,0.8653,0.9067,0.8276
0.81,0.32,0.982,0.8769,0.9194,0.84,0.9816,0.9815,0.982,0.982,0.9832,0.8626,0.9081,0.8215
0.81,0.33,0.9822,0.8774,0.9204,0.84,0.9817,0.9816,0.9822,0.9822,0.9833,0.8635,0.9101,0.8215
0.81,0.34,0.9822,0.8766,0.9229,0.8367,0.9817,0.9816,0.9822,0.9822,0.9833,0.863,0.9138,0.8174
0.81,0.35,0.9819,0.8742,0.9224,0.833,0.9814,0.9813,0.9819,0.9819,0.9831,0.8605,0.9134,0.8134
0.81,0.36,0.9816,0.8726,0.9221,0.8304,0.9811,0.981,0.9816,0.9816,0.9828,0.8581,0.913,0.8093
0.81,0.37,0.9814,0.8692,0.9215,0.8251,0.9808,0.9807,0.9814,0.9814,0.9826,0.8556,0.9126,0.8053
0.81,0.38,0.9814,0.8692,0.9215,0.8251,0.9808,0.9807,0.9814,0.9814,0.9826,0.8556,0.9126,0.8053
0.81,0.39,0.9811,0.8673,0.9212,0.822,0.9805,0.9805,0.9811,0.9811,0.9823,0.8531,0.9122,0.8012
0.81,0.4,0.981,0.8661,0.921,0.8201,0.9804,0.9803,0.981,0.981,0.9822,0.8519,0.912,0.7992
0.81,0.41,0.9811,0.8676,0.927,0.8186,0.9805,0.9805,0.9811,0.9811,0.9823,0.8525,0.9161,0.7972
0.81,0.42,0.981,0.8654,0.9268,0.8151,0.9803,0.9804,0.981,0.981,0.9822,0.8512,0.9159,0.7951
0.81,0.43,0.981,0.8654,0.9268,0.8151,0.9803,0.9804,0.981,0.981,0.9822,0.8512,0.9159,0.7951
0.81,0.44,0.9812,0.8659,0.9306,0.8134,0.9805,0.9806,0.9812,0.9812,0.9824,0.8528,0.9222,0.7931
0.81,0.45,0.981,0.8639,0.9303,0.8102,0.9802,0.9803,0.981,0.981,0.9822,0.8503,0.9218,0.789
0.81,0.46,0.9809,0.8633,0.9301,0.8092,0.9801,0.9802,0.9809,0.9809,0.982,0.849,0.9216,0.787
0.81,0.47,0.9807,0.8622,0.9348,0.8043,0.9799,0.9801,0.9807,0.9807,0.9819,0.8471,0.9255,0.7809
0.81,0.48,0.9805,0.8603,0.9345,0.8015,0.9796,0.9798,0.9805,0.9805,0.9816,0.8445,0.9251,0.7769
0.81,0.49,0.9805,0.8601,0.9353,0.8005,0.9796,0.9798,0.9805,0.9805,0.9816,0.8442,0.9272,0.7748
0.81,0.5,0.9802,0.8582,0.9349,0.7977,0.9793,0.9795,0.9802,0.9802,0.9814,0.8416,0.9268,0.7708
0.81,0.51,0.9802,0.8582,0.9349,0.7977,0.9793,0.9795,0.9802,0.9802,0.9814,0.8416,0.9268,0.7708
0.81,0.52,0.9802,0.8576,0.9357,0.7961,0.9793,0.9795,0.9802,0.9802,0.9814,0.8413,0.9289,0.7688
0.81,0.53,0.9803,0.8581,0.9367,0.7962,0.9794,0.9796,0.9803,0.9803,0.9815,0.8422,0.9312,0.7688
0.81,0.54,0.9802,0.8571,0.9365,0.7946,0.9792,0.9795,0.9802,0.9802,0.9814,0.8409,0.931,0.7667
0.81,0.55,0.9801,0.8548,0.9364,0.7911,0.9791,0.9793,0.9801,0.9801,0.9812,0.8396,0.9309,0.7647
0.81,0.56,0.9798,0.8531,0.936,0.7885,0.9788,0.979,0.9798,0.9798,0.981,0.8371,0.9305,0.7606
0.81,0.57,0.9796,0.8518,0.9357,0.7865,0.9785,0.9788,0.9796,0.9796,0.9807,0.8345,0.9302,0.7566
0.81,0.58,0.9798,0.8533,0.9392,0.7866,0.9787,0.979,0.9798,0.9798,0.981,0.8363,0.9348,0.7566
0.81,0.59,0.9793,0.8493,0.9385,0.7806,0.9781,0.9785,0.9793,0.9793,0.9805,0.8311,0.9342,0.7485
0.81,0.6,0.9793,0.8493,0.9385,0.7806,0.9781,0.9785,0.9793,0.9793,0.9805,0.8311,0.9342,0.7485
0.81,0.61,0.9789,0.846,0.9379,0.7759,0.9777,0.9781,0.9789,0.9789,0.9801,0.8271,0.9337,0.7424
0.81,0.62,0.9788,0.8444,0.9399,0.7726,0.9775,0.978,0.9788,0.9788,0.9799,0.8254,0.9357,0.7383
0.81,0.63,0.9785,0.8407,0.9396,0.7672,0.9772,0.9777,0.9785,0.9785,0.9797,0.8227,0.9354,0.7343
0.81,0.64,0.978,0.8357,0.9414,0.759,0.9766,0.9772,0.978,0.978,0.979,0.816,0.9346,0.7241
0.81,0.65,0.9777,0.8329,0.9411,0.7554,0.9762,0.9769,0.9777,0.9777,0.9788,0.8133,0.9342,0.7201
0.81,0.66,0.9777,0.8329,0.9411,0.7554,0.9762,0.9769,0.9777,0.9777,0.9788,0.8133,0.9342,0.7201
0.81,0.67,0.9775,0.8308,0.9407,0.7522,0.9759,0.9766,0.9775,0.9775,0.9785,0.8106,0.9339,0.716
0.81,0.68,0.9773,0.8294,0.9405,0.7504,0.9758,0.9765,0.9773,0.9773,0.9784,0.8092,0.9337,0.714
0.81,0.69,0.977,0.8258,0.9399,0.7457,0.9753,0.9761,0.977,0.977,0.978,0.8051,0.9332,0.7079
0.81,0.7,0.9771,0.8252,0.9419,0.744,0.9754,0.9762,0.9771,0.9771,0.9781,0.8056,0.938,0.7059
0.81,0.71,0.9768,0.8235,0.9415,0.7414,0.9751,0.976,0.9768,0.9768,0.9779,0.8028,0.9377,0.7018
0.81,0.72,0.9766,0.8195,0.9412,0.736,0.9747,0.9757,0.9766,0.9766,0.9776,0.8,0.9373,0.6978
0.81,0.73,0.9764,0.8188,0.941,0.735,0.9746,0.9755,0.9764,0.9764,0.9775,0.7986,0.9372,0.6957
0.81,0.74,0.9767,0.8194,0.9449,0.7336,0.9748,0.9759,0.9767,0.9767,0.9777,0.8,0.9448,0.6937
0.81,0.75,0.9767,0.8192,0.9477,0.7316,0.9748,0.9759,0.9767,0.9767,0.9777,0.7991,0.9497,0.6897
0.81,0.76,0.9763,0.8164,0.9473,0.7275,0.9743,0.9755,0.9763,0.9763,0.9773,0.7948,0.9493,0.6836
0.81,0.77,0.9758,0.8111,0.9465,0.721,0.9736,0.9749,0.9758,0.9758,0.9768,0.7891,0.9487,0.6755
0.81,0.78,0.9757,0.8054,0.9502,0.7112,0.9734,0.9749,0.9757,0.9757,0.9767,0.7861,0.9564,0.6673
0.81,0.79,0.9751,0.8,0.9494,0.7044,0.9727,0.9743,0.9751,0.9751,0.9762,0.7803,0.9559,0.6592
0.81,0.8,0.9751,0.7997,0.9505,0.7034,0.9727,0.9743,0.9751,0.9751,0.9762,0.7798,0.9586,0.6572
0.81,0.81,0.9749,0.797,0.9501,0.7,0.9723,0.9741,0.9749,0.9749,0.9759,0.7768,0.9583,0.6531
0.82,0.0,0.9742,0.7911,0.9491,0.6928,0.9715,0.9734,0.9742,0.9742,0.9753,0.7694,0.9577,0.643
0.82,0.01,0.9607,0.822,0.7647,0.9157,0.9651,0.9743,0.9607,0.9607,0.9622,0.7627,0.6392,0.9452
0.82,0.02,0.9712,0.8494,0.808,0.9088,0.9733,0.9774,0.9712,0.9712,0.9728,0.8142,0.7247,0.929
0.82,0.03,0.976,0.8694,0.8435,0.9078,0.9773,0.98,0.976,0.976,0.9776,0.8413,0.7716,0.9249
0.82,0.04,0.9779,0.8737,0.852,0.9051,0.9788,0.9808,0.9779,0.9779,0.9794,0.8518,0.7923,0.9209
0.82,0.05,0.979,0.8775,0.8608,0.9021,0.9798,0.9814,0.979,0.979,0.9806,0.8585,0.8071,0.9168
0.82,0.06,0.9799,0.8797,0.8701,0.8963,0.9806,0.9818,0.9799,0.9799,0.9814,0.8624,0.8205,0.9087
0.82,0.07,0.9811,0.8839,0.8771,0.8965,0.9816,0.9826,0.9811,0.9811,0.9826,0.8699,0.8343,0.9087
0.82,0.08,0.9812,0.8828,0.8803,0.8911,0.9817,0.9825,0.9812,0.9812,0.9827,0.87,0.8396,0.9026
0.82,0.09,0.9815,0.8819,0.8804,0.8877,0.9818,0.9824,0.9815,0.9815,0.9829,0.8709,0.8467,0.8966
0.82,0.1,0.9823,0.8845,0.8858,0.8869,0.9825,0.9829,0.9823,0.9823,0.9837,0.8759,0.858,0.8945
0.82,0.11,0.9827,0.8856,0.8902,0.8842,0.9828,0.9831,0.9827,0.9827,0.9841,0.878,0.8659,0.8905
0.82,0.12,0.9829,0.8866,0.893,0.8832,0.983,0.9833,0.9829,0.9829,0.9844,0.8795,0.8708,0.8884
0.82,0.13,0.9832,0.8873,0.8951,0.8823,0.9833,0.9835,0.9832,0.9832,0.9846,0.881,0.8758,0.8864
0.82,0.14,0.9835,0.8892,0.8988,0.8824,0.9835,0.9836,0.9835,0.9835,0.9848,0.8817,0.879,0.8844
0.82,0.15,0.9836,0.8899,0.9016,0.8809,0.9836,0.9837,0.9836,0.9836,0.9849,0.8824,0.8824,0.8824
0.82,0.16,0.9831,0.8868,0.9007,0.8755,0.983,0.9831,0.9831,0.9831,0.9844,0.8778,0.8814,0.8742
0.82,0.17,0.9832,0.8869,0.9027,0.8735,0.9831,0.9831,0.9832,0.9832,0.9845,0.8782,0.8864,0.8702
0.82,0.18,0.9829,0.8851,0.9024,0.8704,0.9829,0.9829,0.9829,0.9829,0.9842,0.8759,0.8859,0.8661
0.82,0.19,0.9833,0.8874,0.907,0.8705,0.9832,0.9832,0.9833,0.9833,0.9846,0.8786,0.8914,0.8661
0.82,0.2,0.9832,0.8866,0.9074,0.8685,0.9831,0.983,0.9832,0.9832,0.9845,0.8772,0.8929,0.8621
0.82,0.21,0.9835,0.8881,0.9104,0.8686,0.9833,0.9833,0.9835,0.9835,0.9848,0.879,0.8966,0.8621
0.82,0.22,0.9833,0.8866,0.9108,0.8652,0.9832,0.9831,0.9833,0.9833,0.9846,0.8776,0.8981,0.858
0.82,0.23,0.9832,0.8855,0.9106,0.8634,0.983,0.983,0.9832,0.9832,0.9845,0.8764,0.8979,0.856
0.82,0.24,0.9831,0.8837,0.9108,0.8597,0.9829,0.9828,0.9831,0.9831,0.9844,0.875,0.8994,0.8519
0.82,0.25,0.9833,0.8854,0.9142,0.8598,0.9831,0.983,0.9833,0.9833,0.9846,0.8768,0.9032,0.8519
0.82,0.26,0.9833,0.8854,0.9142,0.8598,0.9831,0.983,0.9833,0.9833,0.9846,0.8768,0.9032,0.8519
0.82,0.27,0.9835,0.8844,0.9165,0.8563,0.9832,0.9831,0.9835,0.9835,0.9848,0.8775,0.9069,0.8499
0.82,0.28,0.9829,0.8814,0.9173,0.8499,0.9826,0.9825,0.9829,0.9829,0.9842,0.8725,0.9079,0.8398
0.82,0.29,0.9826,0.8782,0.9166,0.8447,0.9822,0.9821,0.9826,0.9826,0.9839,0.8689,0.9073,0.8337
0.82,0.3,0.9824,0.8797,0.9184,0.8456,0.982,0.9819,0.9824,0.9824,0.9836,0.8665,0.9069,0.8296
0.82,0.31,0.9823,0.8785,0.9182,0.8438,0.9819,0.9818,0.9823,0.9823,0.9835,0.8653,0.9067,0.8276
0.82,0.32,0.982,0.8769,0.9194,0.84,0.9816,0.9815,0.982,0.982,0.9832,0.8626,0.9081,0.8215
0.82,0.33,0.9822,0.8774,0.9204,0.84,0.9817,0.9816,0.9822,0.9822,0.9833,0.8635,0.9101,0.8215
0.82,0.34,0.9822,0.8766,0.9229,0.8367,0.9817,0.9816,0.9822,0.9822,0.9833,0.863,0.9138,0.8174
0.82,0.35,0.9819,0.8742,0.9224,0.833,0.9814,0.9813,0.9819,0.9819,0.9831,0.8605,0.9134,0.8134
0.82,0.36,0.9816,0.8726,0.9221,0.8304,0.9811,0.981,0.9816,0.9816,0.9828,0.8581,0.913,0.8093
0.82,0.37,0.9814,0.8692,0.9215,0.8251,0.9808,0.9807,0.9814,0.9814,0.9826,0.8556,0.9126,0.8053
0.82,0.38,0.9814,0.8692,0.9215,0.8251,0.9808,0.9807,0.9814,0.9814,0.9826,0.8556,0.9126,0.8053
0.82,0.39,0.9811,0.8673,0.9212,0.822,0.9805,0.9805,0.9811,0.9811,0.9823,0.8531,0.9122,0.8012
0.82,0.4,0.981,0.8661,0.921,0.8201,0.9804,0.9803,0.981,0.981,0.9822,0.8519,0.912,0.7992
0.82,0.41,0.9811,0.8676,0.927,0.8186,0.9805,0.9805,0.9811,0.9811,0.9823,0.8525,0.9161,0.7972
0.82,0.42,0.981,0.8654,0.9268,0.8151,0.9803,0.9804,0.981,0.981,0.9822,0.8512,0.9159,0.7951
0.82,0.43,0.981,0.8654,0.9268,0.8151,0.9803,0.9804,0.981,0.981,0.9822,0.8512,0.9159,0.7951
0.82,0.44,0.9812,0.8659,0.9306,0.8134,0.9805,0.9806,0.9812,0.9812,0.9824,0.8528,0.9222,0.7931
0.82,0.45,0.981,0.8639,0.9303,0.8102,0.9802,0.9803,0.981,0.981,0.9822,0.8503,0.9218,0.789
0.82,0.46,0.9809,0.8633,0.9301,0.8092,0.9801,0.9802,0.9809,0.9809,0.982,0.849,0.9216,0.787
0.82,0.47,0.9806,0.8609,0.9346,0.8025,0.9798,0.9799,0.9806,0.9806,0.9818,0.8458,0.9253,0.7789
0.82,0.48,0.9803,0.859,0.9343,0.7997,0.9795,0.9796,0.9803,0.9803,0.9815,0.8433,0.9249,0.7748
0.82,0.49,0.9803,0.8588,0.9351,0.7987,0.9794,0.9796,0.9803,0.9803,0.9815,0.8429,0.927,0.7728
0.82,0.5,0.9801,0.8569,0.9347,0.7958,0.9791,0.9793,0.9801,0.9801,0.9812,0.8404,0.9267,0.7688
0.82,0.51,0.9801,0.8569,0.9347,0.7958,0.9791,0.9793,0.9801,0.9801,0.9812,0.8404,0.9267,0.7688
0.82,0.52,0.9801,0.8564,0.9355,0.7943,0.9791,0.9793,0.9801,0.9801,0.9812,0.84,0.9287,0.7667
0.82,0.53,0.9802,0.8568,0.9365,0.7943,0.9792,0.9795,0.9802,0.9802,0.9814,0.8409,0.931,0.7667
0.82,0.54,0.9801,0.8558,0.9363,0.7928,0.9791,0.9793,0.9801,0.9801,0.9812,0.8396,0.9309,0.7647
0.82,0.55,0.9799,0.8535,0.9362,0.7893,0.9789,0.9792,0.9799,0.9799,0.9811,0.8384,0.9307,0.7627
0.82,0.56,0.9797,0.8518,0.9358,0.7867,0.9786,0.9789,0.9797,0.9797,0.9809,0.8358,0.9303,0.7586
0.82,0.57,0.9794,0.8505,0.9355,0.7847,0.9783,0.9786,0.9794,0.9794,0.9806,0.8331,0.93,0.7546
0.82,0.58,0.9797,0.852,0.939,0.7847,0.9786,0.9789,0.9797,0.9797,0.9809,0.835,0.9347,0.7546
0.82,0.59,0.9792,0.848,0.9383,0.7788,0.978,0.9783,0.9792,0.9792,0.9803,0.8298,0.934,0.7465
0.82,0.6,0.9792,0.848,0.9383,0.7788,0.978,0.9783,0.9792,0.9792,0.9803,0.8298,0.934,0.7465
0.82,0.61,0.9788,0.8446,0.9377,0.7741,0.9775,0.9779,0.9788,0.9788,0.9799,0.8258,0.9335,0.7404
0.82,0.62,0.9786,0.8431,0.9397,0.7707,0.9773,0.9778,0.9786,0.9786,0.9798,0.8241,0.9356,0.7363
0.82,0.63,0.9784,0.8394,0.9394,0.7654,0.977,0.9776,0.9784,0.9784,0.9796,0.8214,0.9352,0.7323
0.82,0.64,0.9779,0.8343,0.9412,0.7572,0.9764,0.9771,0.9779,0.9779,0.9789,0.8146,0.9344,0.7221
0.82,0.65,0.9776,0.8315,0.9409,0.7535,0.9761,0.9768,0.9776,0.9776,0.9786,0.8119,0.934,0.7181
0.82,0.66,0.9776,0.8315,0.9409,0.7535,0.9761,0.9768,0.9776,0.9776,0.9786,0.8119,0.934,0.7181
0.82,0.67,0.9773,0.8294,0.9405,0.7504,0.9758,0.9765,0.9773,0.9773,0.9784,0.8092,0.9337,0.714
0.82,0.68,0.9772,0.8279,0.9403,0.7486,0.9756,0.9764,0.9772,0.9772,0.9783,0.8078,0.9335,0.712
0.82,0.69,0.9768,0.8243,0.9397,0.7439,0.9751,0.976,0.9768,0.9768,0.9779,0.8037,0.933,0.7059
0.82,0.7,0.977,0.8237,0.9416,0.7421,0.9752,0.9761,0.977,0.977,0.978,0.8042,0.9378,0.7039
0.82,0.71,0.9767,0.822,0.9413,0.7396,0.9749,0.9758,0.9767,0.9767,0.9777,0.8014,0.9375,0.6998
0.82,0.72,0.9763,0.8165,0.9407,0.7324,0.9744,0.9754,0.9763,0.9763,0.9773,0.7972,0.937,0.6937
0.82,0.73,0.9762,0.8158,0.9405,0.7314,0.9743,0.9753,0.9762,0.9762,0.9772,0.7958,0.9368,0.6917
0.82,0.74,0.9764,0.8164,0.9445,0.7299,0.9745,0.9756,0.9764,0.9764,0.9775,0.7972,0.9444,0.6897
0.82,0.75,0.9764,0.8162,0.9473,0.7279,0.9744,0.9756,0.9764,0.9764,0.9775,0.7962,0.9494,0.6856
0.82,0.76,0.976,0.8133,0.9469,0.7238,0.974,0.9752,0.976,0.976,0.9771,0.792,0.949,0.6795
0.82,0.77,0.9755,0.8079,0.946,0.7173,0.9733,0.9746,0.9755,0.9755,0.9766,0.7862,0.9484,0.6714
0.82,0.78,0.9754,0.8022,0.9497,0.7075,0.973,0.9746,0.9754,0.9754,0.9764,0.7832,0.9561,0.6633
0.82,0.79,0.9749,0.7967,0.9489,0.7007,0.9723,0.974,0.9749,0.9749,0.9759,0.7774,0.9556,0.6552
0.82,0.8,0.9749,0.7965,0.9499,0.6998,0.9723,0.974,0.9749,0.9749,0.9759,0.7768,0.9583,0.6531
0.82,0.81,0.9746,0.7937,0.9495,0.6964,0.972,0.9738,0.9746,0.9746,0.9757,0.7739,0.9581,0.6491
0.82,0.82,0.9742,0.7911,0.9491,0.6928,0.9715,0.9734,0.9742,0.9742,0.9753,0.7694,0.9577,0.643
0.83,0.0,0.9741,0.7894,0.9571,0.6876,0.9712,0.9734,0.9741,0.9741,0.975,0.7653,0.9631,0.6349
0.83,0.01,0.9608,0.8245,0.7683,0.9175,0.9652,0.9744,0.9608,0.9608,0.9622,0.7627,0.6392,0.9452
0.83,0.02,0.9714,0.852,0.812,0.9106,0.9734,0.9776,0.9714,0.9714,0.9728,0.8142,0.7247,0.929
0.83,0.03,0.9762,0.8721,0.8479,0.9097,0.9775,0.9802,0.9762,0.9762,0.9776,0.8413,0.7716,0.9249
0.83,0.04,0.978,0.8764,0.8563,0.907,0.979,0.981,0.978,0.978,0.9794,0.8518,0.7923,0.9209
0.83,0.05,0.9792,0.8802,0.8652,0.9039,0.98,0.9816,0.9792,0.9792,0.9806,0.8585,0.8071,0.9168
0.83,0.06,0.9801,0.8824,0.8745,0.8981,0.9807,0.982,0.9801,0.9801,0.9814,0.8624,0.8205,0.9087
0.83,0.07,0.9812,0.8866,0.8815,0.8983,0.9817,0.9827,0.9812,0.9812,0.9826,0.8699,0.8343,0.9087
0.83,0.08,0.9814,0.8855,0.8848,0.8929,0.9818,0.9827,0.9814,0.9814,0.9827,0.87,0.8396,0.9026
0.83,0.09,0.9816,0.8846,0.8847,0.8895,0.982,0.9826,0.9816,0.9816,0.9829,0.8709,0.8467,0.8966
0.83,0.1,0.9824,0.8871,0.8901,0.8887,0.9826,0.9831,0.9824,0.9824,0.9837,0.8759,0.858,0.8945
0.83,0.11,0.9827,0.8872,0.8942,0.8842,0.9828,0.9832,0.9827,0.9827,0.984,0.8769,0.8656,0.8884
0.83,0.12,0.9829,0.8882,0.8969,0.8832,0.983,0.9833,0.9829,0.9829,0.9842,0.8784,0.8705,0.8864
0.83,0.13,0.9832,0.8889,0.8991,0.8823,0.9833,0.9835,0.9832,0.9832,0.9845,0.8799,0.8755,0.8844
0.83,0.14,0.9835,0.8909,0.9028,0.8824,0.9835,0.9837,0.9835,0.9835,0.9846,0.8806,0.8788,0.8824
0.83,0.15,0.9836,0.8915,0.9055,0.8809,0.9836,0.9837,0.9836,0.9836,0.9848,0.8812,0.8821,0.8803
0.83,0.16,0.9831,0.8884,0.9046,0.8755,0.983,0.9831,0.9831,0.9831,0.9842,0.8767,0.8811,0.8722
0.83,0.17,0.9832,0.8885,0.9067,0.8735,0.9831,0.9832,0.9832,0.9832,0.9844,0.877,0.8861,0.8682
0.83,0.18,0.9829,0.8867,0.9064,0.8704,0.9829,0.9829,0.9829,0.9829,0.9841,0.8747,0.8857,0.8641
0.83,0.19,0.9833,0.8891,0.9109,0.8705,0.9832,0.9832,0.9833,0.9833,0.9845,0.8774,0.8912,0.8641
0.83,0.2,0.9832,0.8883,0.9114,0.8685,0.9831,0.983,0.9832,0.9832,0.9844,0.876,0.8926,0.86
0.83,0.21,0.9835,0.8897,0.9144,0.8686,0.9833,0.9833,0.9835,0.9835,0.9846,0.8778,0.8964,0.86
0.83,0.22,0.9833,0.8882,0.9148,0.8652,0.9831,0.9831,0.9833,0.9833,0.9845,0.8764,0.8979,0.856
0.83,0.23,0.9832,0.8871,0.9145,0.8634,0.983,0.983,0.9832,0.9832,0.9844,0.8753,0.8977,0.854
0.83,0.24,0.9831,0.8854,0.9148,0.8597,0.9828,0.9828,0.9831,0.9831,0.9842,0.8738,0.8991,0.8499
0.83,0.25,0.9833,0.887,0.9181,0.8598,0.9831,0.983,0.9833,0.9833,0.9845,0.8757,0.903,0.8499
0.83,0.26,0.9833,0.887,0.9181,0.8598,0.9831,0.983,0.9833,0.9833,0.9845,0.8757,0.903,0.8499
0.83,0.27,0.9835,0.886,0.9205,0.8563,0.9832,0.9831,0.9835,0.9835,0.9846,0.8763,0.9067,0.8479
0.83,0.28,0.9829,0.883,0.9213,0.8499,0.9826,0.9825,0.9829,0.9829,0.9841,0.8713,0.9077,0.8377
0.83,0.29,0.9826,0.8798,0.9207,0.8447,0.9822,0.9821,0.9826,0.9826,0.9837,0.8677,0.9071,0.8316
0.83,0.3,0.9824,0.8813,0.9224,0.8456,0.982,0.982,0.9824,0.9824,0.9835,0.8653,0.9067,0.8276
0.83,0.31,0.9823,0.8802,0.9221,0.8438,0.9819,0.9818,0.9823,0.9823,0.9833,0.8641,0.9065,0.8256
0.83,0.32,0.982,0.8786,0.9234,0.84,0.9816,0.9815,0.982,0.982,0.9831,0.8614,0.9079,0.8195
0.83,0.33,0.9822,0.879,0.9243,0.84,0.9817,0.9816,0.9822,0.9822,0.9832,0.8623,0.9099,0.8195
0.83,0.34,0.9822,0.8782,0.9268,0.8367,0.9817,0.9816,0.9822,0.9822,0.9832,0.8617,0.9136,0.8154
0.83,0.35,0.9819,0.8758,0.9264,0.833,0.9814,0.9813,0.9819,0.9819,0.9829,0.8593,0.9132,0.8114
0.83,0.36,0.9816,0.8742,0.926,0.8304,0.9811,0.981,0.9816,0.9816,0.9827,0.8568,0.9128,0.8073
0.83,0.37,0.9814,0.8708,0.9256,0.8251,0.9808,0.9808,0.9814,0.9814,0.9824,0.8544,0.9124,0.8032
0.83,0.38,0.9814,0.8708,0.9256,0.8251,0.9808,0.9808,0.9814,0.9814,0.9824,0.8544,0.9124,0.8032
0.83,0.39,0.9811,0.8689,0.9253,0.822,0.9805,0.9805,0.9811,0.9811,0.9822,0.8519,0.912,0.7992
0.83,0.4,0.981,0.8677,0.925,0.8201,0.9803,0.9803,0.981,0.981,0.982,0.8506,0.9118,0.7972
0.83,0.41,0.9811,0.8693,0.9312,0.8186,0.9805,0.9805,0.9811,0.9811,0.9822,0.8512,0.9159,0.7951
0.83,0.42,0.981,0.867,0.9311,0.8151,0.9803,0.9804,0.981,0.981,0.982,0.85,0.9157,0.7931
0.83,0.43,0.981,0.867,0.9311,0.8151,0.9803,0.9804,0.981,0.981,0.982,0.85,0.9157,0.7931
0.83,0.44,0.9812,0.8675,0.9349,0.8134,0.9805,0.9806,0.9812,0.9812,0.9823,0.8515,0.922,0.7911
0.83,0.45,0.981,0.8656,0.9346,0.8102,0.9802,0.9804,0.981,0.981,0.982,0.849,0.9216,0.787
0.83,0.46,0.9809,0.865,0.9344,0.8092,0.9801,0.9802,0.9809,0.9809,0.9819,0.8478,0.9214,0.785
0.83,0.47,0.9806,0.8626,0.9392,0.8025,0.9798,0.98,0.9806,0.9806,0.9816,0.8445,0.9251,0.7769
0.83,0.48,0.9803,0.8607,0.9388,0.7997,0.9795,0.9797,0.9803,0.9803,0.9814,0.842,0.9248,0.7728
0.83,0.49,0.9803,0.8605,0.9396,0.7987,0.9794,0.9797,0.9803,0.9803,0.9814,0.8416,0.9268,0.7708
0.83,0.5,0.9801,0.8586,0.9392,0.7958,0.9791,0.9794,0.9801,0.9801,0.9811,0.8391,0.9265,0.7667
0.83,0.51,0.9801,0.8586,0.9392,0.7958,0.9791,0.9794,0.9801,0.9801,0.9811,0.8391,0.9265,0.7667
0.83,0.52,0.9801,0.858,0.94,0.7943,0.9791,0.9794,0.9801,0.9801,0.9811,0.8387,0.9286,0.7647
0.83,0.53,0.9802,0.8585,0.941,0.7943,0.9792,0.9795,0.9802,0.9802,0.9812,0.8396,0.9309,0.7647
0.83,0.54,0.9801,0.8575,0.9408,0.7928,0.9791,0.9794,0.9801,0.9801,0.9811,0.8384,0.9307,0.7627
0.83,0.55,0.9799,0.8552,0.9408,0.7893,0.9789,0.9792,0.9799,0.9799,0.981,0.8371,0.9305,0.7606
0.83,0.56,0.9797,0.8535,0.9404,0.7867,0.9786,0.9789,0.9797,0.9797,0.9807,0.8345,0.9302,0.7566
0.83,0.57,0.9794,0.8522,0.9401,0.7847,0.9783,0.9787,0.9794,0.9794,0.9805,0.8318,0.9298,0.7525
0.83,0.58,0.9797,0.8537,0.9436,0.7847,0.9786,0.979,0.9797,0.9797,0.9807,0.8337,0.9345,0.7525
0.83,0.59,0.9793,0.8504,0.9448,0.7788,0.9781,0.9786,0.9793,0.9793,0.9803,0.8294,0.9362,0.7444
0.83,0.6,0.9793,0.8504,0.9448,0.7788,0.9781,0.9786,0.9793,0.9793,0.9803,0.8294,0.9362,0.7444
0.83,0.61,0.9789,0.8471,0.9441,0.7741,0.9777,0.9781,0.9789,0.9789,0.9799,0.8254,0.9357,0.7383
0.83,0.62,0.9788,0.8455,0.9462,0.7708,0.9775,0.978,0.9788,0.9788,0.9798,0.8237,0.9378,0.7343
0.83,0.63,0.9785,0.8418,0.946,0.7654,0.9772,0.9778,0.9785,0.9785,0.9796,0.821,0.9375,0.7302
0.83,0.64,0.978,0.8367,0.948,0.7572,0.9765,0.9773,0.978,0.978,0.9789,0.8142,0.9367,0.7201
0.83,0.65,0.9777,0.8339,0.9476,0.7536,0.9762,0.977,0.9777,0.9777,0.9786,0.8115,0.9363,0.716
0.83,0.66,0.9777,0.8339,0.9476,0.7536,0.9762,0.977,0.9777,0.9777,0.9786,0.8115,0.9363,0.716
0.83,0.67,0.9775,0.8318,0.9473,0.7504,0.9759,0.9767,0.9775,0.9775,0.9784,0.8088,0.936,0.712
0.83,0.68,0.9773,0.8303,0.9471,0.7486,0.9757,0.9766,0.9773,0.9773,0.9783,0.8074,0.9358,0.7099
0.83,0.69,0.977,0.8267,0.9465,0.7439,0.9753,0.9762,0.977,0.977,0.9779,0.8032,0.9353,0.7039
0.83,0.7,0.9771,0.8261,0.9484,0.7421,0.9753,0.9763,0.9771,0.9771,0.978,0.8037,0.9402,0.7018
0.83,0.71,0.9768,0.8244,0.9481,0.7396,0.975,0.976,0.9768,0.9768,0.9777,0.8009,0.9399,0.6978
0.83,0.72,0.9764,0.8189,0.9476,0.7324,0.9745,0.9756,0.9764,0.9764,0.9773,0.7967,0.9394,0.6917
0.83,0.73,0.9763,0.8182,0.9474,0.7314,0.9744,0.9755,0.9763,0.9763,0.9772,0.7953,0.9392,0.6897
0.83,0.74,0.9766,0.8188,0.9515,0.7299,0.9746,0.9758,0.9766,0.9766,0.9775,0.7967,0.9469,0.6876
0.83,0.75,0.9766,0.8186,0.9543,0.728,0.9745,0.9758,0.9766,0.9766,0.9775,0.7957,0.952,0.6836
0.83,0.76,0.9762,0.8157,0.9539,0.7238,0.9741,0.9754,0.9762,0.9762,0.9771,0.7915,0.9516,0.6775
0.83,0.77,0.9755,0.8087,0.9528,0.7155,0.9732,0.9747,0.9755,0.9755,0.9764,0.7843,0.9509,0.6673
0.83,0.78,0.9754,0.803,0.9567,0.7057,0.973,0.9747,0.9754,0.9754,0.9763,0.7812,0.9587,0.6592
0.83,0.79,0.9749,0.7974,0.956,0.6989,0.9723,0.9741,0.9749,0.9749,0.9758,0.7754,0.9582,0.6511
0.83,0.8,0.9749,0.7972,0.957,0.6979,0.9723,0.9742,0.9749,0.9749,0.9758,0.7748,0.961,0.6491
0.83,0.81,0.9746,0.7944,0.9567,0.6945,0.9719,0.9739,0.9746,0.9746,0.9755,0.7718,0.9607,0.645
0.83,0.82,0.9742,0.7918,0.9563,0.691,0.9715,0.9735,0.9742,0.9742,0.9751,0.7674,0.9604,0.6389
0.83,0.83,0.9741,0.7894,0.9571,0.6876,0.9712,0.9734,0.9741,0.9741,0.975,0.7653,0.9631,0.6349
0.84,0.0,0.9737,0.7846,0.9597,0.6804,0.9707,0.973,0.9737,0.9737,0.9746,0.7596,0.9686,0.6247
0.84,0.01,0.9608,0.8245,0.7683,0.9175,0.9652,0.9744,0.9608,0.9608,0.9622,0.7627,0.6392,0.9452
0.84,0.02,0.9714,0.852,0.812,0.9106,0.9734,0.9776,0.9714,0.9714,0.9728,0.8142,0.7247,0.929
0.84,0.03,0.9762,0.8721,0.8479,0.9097,0.9775,0.9802,0.9762,0.9762,0.9776,0.8413,0.7716,0.9249
0.84,0.04,0.978,0.8764,0.8563,0.907,0.979,0.981,0.978,0.978,0.9794,0.8518,0.7923,0.9209
0.84,0.05,0.9792,0.8802,0.8652,0.9039,0.98,0.9816,0.9792,0.9792,0.9806,0.8585,0.8071,0.9168
0.84,0.06,0.9801,0.8824,0.8745,0.8981,0.9807,0.982,0.9801,0.9801,0.9814,0.8624,0.8205,0.9087
0.84,0.07,0.9812,0.8866,0.8815,0.8983,0.9817,0.9827,0.9812,0.9812,0.9826,0.8699,0.8343,0.9087
0.84,0.08,0.9814,0.8855,0.8848,0.8929,0.9818,0.9827,0.9814,0.9814,0.9827,0.87,0.8396,0.9026
0.84,0.09,0.9816,0.8846,0.8847,0.8895,0.982,0.9826,0.9816,0.9816,0.9829,0.8709,0.8467,0.8966
0.84,0.1,0.9824,0.8871,0.8901,0.8887,0.9826,0.9831,0.9824,0.9824,0.9837,0.8759,0.858,0.8945
0.84,0.11,0.9827,0.8872,0.8942,0.8842,0.9828,0.9832,0.9827,0.9827,0.984,0.8769,0.8656,0.8884
0.84,0.12,0.9829,0.8882,0.8969,0.8832,0.983,0.9833,0.9829,0.9829,0.9842,0.8784,0.8705,0.8864
0.84,0.13,0.9832,0.8889,0.8991,0.8823,0.9833,0.9835,0.9832,0.9832,0.9845,0.8799,0.8755,0.8844
0.84,0.14,0.9835,0.8909,0.9028,0.8824,0.9835,0.9837,0.9835,0.9835,0.9846,0.8806,0.8788,0.8824
0.84,0.15,0.9836,0.8915,0.9055,0.8809,0.9836,0.9837,0.9836,0.9836,0.9848,0.8812,0.8821,0.8803
0.84,0.16,0.9831,0.8884,0.9046,0.8755,0.983,0.9831,0.9831,0.9831,0.9842,0.8767,0.8811,0.8722
0.84,0.17,0.9832,0.8885,0.9067,0.8735,0.9831,0.9832,0.9832,0.9832,0.9844,0.877,0.8861,0.8682
0.84,0.18,0.9829,0.8867,0.9064,0.8704,0.9829,0.9829,0.9829,0.9829,0.9841,0.8747,0.8857,0.8641
0.84,0.19,0.9833,0.8891,0.9109,0.8705,0.9832,0.9832,0.9833,0.9833,0.9845,0.8774,0.8912,0.8641
0.84,0.2,0.9832,0.8883,0.9114,0.8685,0.9831,0.983,0.9832,0.9832,0.9844,0.876,0.8926,0.86
0.84,0.21,0.9835,0.8897,0.9144,0.8686,0.9833,0.9833,0.9835,0.9835,0.9846,0.8778,0.8964,0.86
0.84,0.22,0.9833,0.8882,0.9148,0.8652,0.9831,0.9831,0.9833,0.9833,0.9845,0.8764,0.8979,0.856
0.84,0.23,0.9832,0.8871,0.9145,0.8634,0.983,0.983,0.9832,0.9832,0.9844,0.8753,0.8977,0.854
0.84,0.24,0.9831,0.8854,0.9148,0.8597,0.9828,0.9828,0.9831,0.9831,0.9842,0.8738,0.8991,0.8499
0.84,0.25,0.9833,0.887,0.9181,0.8598,0.9831,0.983,0.9833,0.9833,0.9845,0.8757,0.903,0.8499
0.84,0.26,0.9833,0.887,0.9181,0.8598,0.9831,0.983,0.9833,0.9833,0.9845,0.8757,0.903,0.8499
0.84,0.27,0.9835,0.886,0.9205,0.8563,0.9832,0.9831,0.9835,0.9835,0.9846,0.8763,0.9067,0.8479
0.84,0.28,0.9829,0.883,0.9213,0.8499,0.9826,0.9825,0.9829,0.9829,0.9841,0.8713,0.9077,0.8377
0.84,0.29,0.9826,0.8798,0.9207,0.8447,0.9822,0.9821,0.9826,0.9826,0.9837,0.8677,0.9071,0.8316
0.84,0.3,0.9824,0.8813,0.9224,0.8456,0.982,0.982,0.9824,0.9824,0.9835,0.8653,0.9067,0.8276
0.84,0.31,0.9823,0.8802,0.9221,0.8438,0.9819,0.9818,0.9823,0.9823,0.9833,0.8641,0.9065,0.8256
0.84,0.32,0.982,0.8786,0.9234,0.84,0.9816,0.9815,0.982,0.982,0.9831,0.8614,0.9079,0.8195
0.84,0.33,0.9822,0.879,0.9243,0.84,0.9817,0.9816,0.9822,0.9822,0.9832,0.8623,0.9099,0.8195
0.84,0.34,0.9822,0.8782,0.9268,0.8367,0.9817,0.9816,0.9822,0.9822,0.9832,0.8617,0.9136,0.8154
0.84,0.35,0.9819,0.8758,0.9264,0.833,0.9814,0.9813,0.9819,0.9819,0.9829,0.8593,0.9132,0.8114
0.84,0.36,0.9816,0.8742,0.926,0.8304,0.9811,0.981,0.9816,0.9816,0.9827,0.8568,0.9128,0.8073
0.84,0.37,0.9814,0.8708,0.9256,0.8251,0.9808,0.9808,0.9814,0.9814,0.9824,0.8544,0.9124,0.8032
0.84,0.38,0.9814,0.8708,0.9256,0.8251,0.9808,0.9808,0.9814,0.9814,0.9824,0.8544,0.9124,0.8032
0.84,0.39,0.9811,0.8689,0.9253,0.822,0.9805,0.9805,0.9811,0.9811,0.9822,0.8519,0.912,0.7992
0.84,0.4,0.981,0.8677,0.925,0.8201,0.9803,0.9803,0.981,0.981,0.982,0.8506,0.9118,0.7972
0.84,0.41,0.9811,0.8693,0.9312,0.8186,0.9805,0.9805,0.9811,0.9811,0.9822,0.8512,0.9159,0.7951
0.84,0.42,0.981,0.867,0.9311,0.8151,0.9803,0.9804,0.981,0.981,0.982,0.85,0.9157,0.7931
0.84,0.43,0.981,0.867,0.9311,0.8151,0.9803,0.9804,0.981,0.981,0.982,0.85,0.9157,0.7931
0.84,0.44,0.9812,0.8675,0.9349,0.8134,0.9805,0.9806,0.9812,0.9812,0.9823,0.8515,0.922,0.7911
0.84,0.45,0.981,0.8656,0.9346,0.8102,0.9802,0.9804,0.981,0.981,0.982,0.849,0.9216,0.787
0.84,0.46,0.9809,0.865,0.9344,0.8092,0.9801,0.9802,0.9809,0.9809,0.9819,0.8478,0.9214,0.785
0.84,0.47,0.9806,0.8626,0.9392,0.8025,0.9798,0.98,0.9806,0.9806,0.9816,0.8445,0.9251,0.7769
0.84,0.48,0.9803,0.8607,0.9388,0.7997,0.9795,0.9797,0.9803,0.9803,0.9814,0.842,0.9248,0.7728
0.84,0.49,0.9803,0.8605,0.9396,0.7987,0.9794,0.9797,0.9803,0.9803,0.9814,0.8416,0.9268,0.7708
0.84,0.5,0.9801,0.8586,0.9392,0.7958,0.9791,0.9794,0.9801,0.9801,0.9811,0.8391,0.9265,0.7667
0.84,0.51,0.9801,0.8586,0.9392,0.7958,0.9791,0.9794,0.9801,0.9801,0.9811,0.8391,0.9265,0.7667
0.84,0.52,0.9801,0.858,0.94,0.7943,0.9791,0.9794,0.9801,0.9801,0.9811,0.8387,0.9286,0.7647
0.84,0.53,0.9802,0.8585,0.941,0.7943,0.9792,0.9795,0.9802,0.9802,0.9812,0.8396,0.9309,0.7647
0.84,0.54,0.9801,0.8575,0.9408,0.7928,0.9791,0.9794,0.9801,0.9801,0.9811,0.8384,0.9307,0.7627
0.84,0.55,0.9799,0.8552,0.9408,0.7893,0.9789,0.9792,0.9799,0.9799,0.981,0.8371,0.9305,0.7606
0.84,0.56,0.9797,0.8535,0.9404,0.7867,0.9786,0.9789,0.9797,0.9797,0.9807,0.8345,0.9302,0.7566
0.84,0.57,0.9794,0.8522,0.9401,0.7847,0.9783,0.9787,0.9794,0.9794,0.9805,0.8318,0.9298,0.7525
0.84,0.58,0.9797,0.8537,0.9436,0.7847,0.9786,0.979,0.9797,0.9797,0.9807,0.8337,0.9345,0.7525
0.84,0.59,0.9793,0.8504,0.9448,0.7788,0.9781,0.9786,0.9793,0.9793,0.9803,0.8294,0.9362,0.7444
0.84,0.6,0.9793,0.8504,0.9448,0.7788,0.9781,0.9786,0.9793,0.9793,0.9803,0.8294,0.9362,0.7444
0.84,0.61,0.9789,0.8471,0.9441,0.7741,0.9777,0.9781,0.9789,0.9789,0.9799,0.8254,0.9357,0.7383
0.84,0.62,0.9788,0.8455,0.9462,0.7708,0.9775,0.978,0.9788,0.9788,0.9798,0.8237,0.9378,0.7343
0.84,0.63,0.9785,0.8418,0.946,0.7654,0.9772,0.9778,0.9785,0.9785,0.9796,0.821,0.9375,0.7302
0.84,0.64,0.978,0.8367,0.948,0.7572,0.9765,0.9773,0.978,0.978,0.9789,0.8142,0.9367,0.7201
0.84,0.65,0.9777,0.8339,0.9476,0.7536,0.9762,0.977,0.9777,0.9777,0.9786,0.8115,0.9363,0.716
0.84,0.66,0.9777,0.8339,0.9476,0.7536,0.9762,0.977,0.9777,0.9777,0.9786,0.8115,0.9363,0.716
0.84,0.67,0.9775,0.8318,0.9473,0.7504,0.9759,0.9767,0.9775,0.9775,0.9784,0.8088,0.936,0.712
0.84,0.68,0.9773,0.8303,0.9471,0.7486,0.9757,0.9766,0.9773,0.9773,0.9783,0.8074,0.9358,0.7099
0.84,0.69,0.977,0.8267,0.9465,0.7439,0.9753,0.9762,0.977,0.977,0.9779,0.8032,0.9353,0.7039
0.84,0.7,0.9771,0.8261,0.9484,0.7421,0.9753,0.9763,0.9771,0.9771,0.978,0.8037,0.9402,0.7018
0.84,0.71,0.9768,0.8244,0.9481,0.7396,0.975,0.976,0.9768,0.9768,0.9777,0.8009,0.9399,0.6978
0.84,0.72,0.9764,0.8189,0.9476,0.7324,0.9745,0.9756,0.9764,0.9764,0.9773,0.7967,0.9394,0.6917
0.84,0.73,0.9763,0.8182,0.9474,0.7314,0.9744,0.9755,0.9763,0.9763,0.9772,0.7953,0.9392,0.6897
0.84,0.74,0.9766,0.8188,0.9515,0.7299,0.9746,0.9758,0.9766,0.9766,0.9775,0.7967,0.9469,0.6876
0.84,0.75,0.9766,0.8186,0.9543,0.728,0.9745,0.9758,0.9766,0.9766,0.9775,0.7957,0.952,0.6836
0.84,0.76,0.9762,0.8157,0.9539,0.7238,0.9741,0.9754,0.9762,0.9762,0.9771,0.7915,0.9516,0.6775
0.84,0.77,0.9755,0.8087,0.9528,0.7155,0.9732,0.9747,0.9755,0.9755,0.9764,0.7843,0.9509,0.6673
0.84,0.78,0.9754,0.803,0.9567,0.7057,0.973,0.9747,0.9754,0.9754,0.9763,0.7812,0.9587,0.6592
0.84,0.79,0.9749,0.7974,0.956,0.6989,0.9723,0.9741,0.9749,0.9749,0.9758,0.7754,0.9582,0.6511
0.84,0.8,0.9749,0.7972,0.957,0.6979,0.9723,0.9742,0.9749,0.9749,0.9758,0.7748,0.961,0.6491
0.84,0.81,0.9746,0.7944,0.9567,0.6945,0.9719,0.9739,0.9746,0.9746,0.9755,0.7718,0.9607,0.645
0.84,0.82,0.9742,0.7918,0.9563,0.691,0.9715,0.9735,0.9742,0.9742,0.9751,0.7674,0.9604,0.6389
0.84,0.83,0.9741,0.7894,0.9571,0.6876,0.9712,0.9734,0.9741,0.9741,0.975,0.7653,0.9631,0.6349
0.84,0.84,0.9737,0.7846,0.9597,0.6804,0.9707,0.973,0.9737,0.9737,0.9746,0.7596,0.9686,0.6247
0.85,0.0,0.973,0.7756,0.9591,0.669,0.9698,0.9724,0.973,0.973,0.974,0.7519,0.9681,0.6146
0.85,0.01,0.9603,0.8191,0.7756,0.8971,0.9646,0.9733,0.9603,0.9603,0.9617,0.7554,0.6403,0.9209
0.85,0.02,0.9706,0.8443,0.8154,0.8901,0.9725,0.9763,0.9706,0.9706,0.972,0.8058,0.7264,0.9047
0.85,0.03,0.9749,0.8619,0.8475,0.889,0.9761,0.9786,0.9749,0.9749,0.9763,0.8299,0.7695,0.9006
0.85,0.04,0.9768,0.8669,0.8562,0.8879,0.9777,0.9796,0.9768,0.9768,0.9783,0.8414,0.7911,0.8986
0.85,0.05,0.9781,0.8716,0.8655,0.8864,0.9788,0.9803,0.9781,0.9781,0.9796,0.8492,0.8066,0.8966
0.85,0.06,0.9789,0.873,0.8737,0.8805,0.9794,0.9806,0.9789,0.9789,0.9802,0.8521,0.8187,0.8884
0.85,0.07,0.9801,0.8772,0.8807,0.8808,0.9805,0.9814,0.9801,0.9801,0.9814,0.8597,0.8327,0.8884
0.85,0.08,0.9801,0.8753,0.8828,0.8754,0.9804,0.9812,0.9801,0.9801,0.9814,0.8588,0.8365,0.8824
0.85,0.09,0.9803,0.8743,0.8826,0.8719,0.9806,0.9812,0.9803,0.9803,0.9816,0.8597,0.8438,0.8763
0.85,0.1,0.9811,0.8769,0.8881,0.8711,0.9813,0.9817,0.9811,0.9811,0.9824,0.8646,0.8552,0.8742
0.85,0.11,0.9814,0.877,0.8922,0.8666,0.9814,0.9817,0.9814,0.9814,0.9827,0.8655,0.8629,0.8682
0.85,0.12,0.9816,0.878,0.895,0.8657,0.9817,0.9819,0.9816,0.9816,0.9829,0.867,0.8679,0.8661
0.85,0.13,0.9819,0.8787,0.8971,0.8647,0.9819,0.982,0.9819,0.9819,0.9832,0.8685,0.873,0.8641
0.85,0.14,0.9822,0.8806,0.9008,0.8648,0.9821,0.9822,0.9822,0.9822,0.9833,0.8691,0.8763,0.8621
0.85,0.15,0.9824,0.8821,0.9038,0.8649,0.9823,0.9825,0.9824,0.9824,0.9836,0.8709,0.8799,0.8621
0.85,0.16,0.982,0.8799,0.9031,0.861,0.9819,0.982,0.982,0.982,0.9832,0.8674,0.8792,0.856
0.85,0.17,0.9822,0.88,0.9052,0.8591,0.982,0.982,0.9822,0.9822,0.9833,0.8678,0.8842,0.8519
0.85,0.18,0.982,0.8791,0.905,0.8575,0.9819,0.9819,0.982,0.982,0.9832,0.8666,0.884,0.8499
0.85,0.19,0.9824,0.8814,0.9097,0.8576,0.9822,0.9822,0.9824,0.9824,0.9836,0.8693,0.8896,0.8499
0.85,0.2,0.9823,0.8806,0.9101,0.8556,0.9821,0.9821,0.9823,0.9823,0.9835,0.8678,0.891,0.8458
0.85,0.21,0.9826,0.8821,0.9132,0.8557,0.9823,0.9823,0.9826,0.9826,0.9837,0.8697,0.8948,0.8458
0.85,0.22,0.9824,0.8805,0.9137,0.8523,0.9822,0.9822,0.9824,0.9824,0.9836,0.8682,0.8963,0.8418
0.85,0.23,0.9823,0.8794,0.9134,0.8505,0.982,0.982,0.9823,0.9823,0.9835,0.867,0.8961,0.8398
0.85,0.24,0.9822,0.8776,0.9136,0.8468,0.9819,0.9818,0.9822,0.9822,0.9833,0.8655,0.8976,0.8357
0.85,0.25,0.9824,0.8793,0.917,0.8469,0.9821,0.9821,0.9824,0.9824,0.9836,0.8674,0.9015,0.8357
0.85,0.26,0.9824,0.8793,0.917,0.8469,0.9821,0.9821,0.9824,0.9824,0.9836,0.8674,0.9015,0.8357
0.85,0.27,0.9826,0.8782,0.9194,0.8434,0.9822,0.9822,0.9826,0.9826,0.9837,0.868,0.9053,0.8337
0.85,0.28,0.982,0.8752,0.9202,0.837,0.9816,0.9816,0.982,0.982,0.9832,0.8629,0.9062,0.8235
0.85,0.29,0.9816,0.872,0.9195,0.8318,0.9812,0.9811,0.9816,0.9816,0.9828,0.8593,0.9056,0.8174
0.85,0.3,0.9815,0.8734,0.9212,0.8328,0.981,0.981,0.9815,0.9815,0.9826,0.8568,0.9052,0.8134
0.85,0.31,0.9814,0.8723,0.9209,0.8309,0.9809,0.9808,0.9814,0.9814,0.9824,0.8556,0.905,0.8114
0.85,0.32,0.9811,0.8707,0.9222,0.8271,0.9806,0.9805,0.9811,0.9811,0.9822,0.8528,0.9064,0.8053
0.85,0.33,0.9812,0.8711,0.9231,0.8271,0.9807,0.9807,0.9812,0.9812,0.9823,0.8538,0.9085,0.8053
0.85,0.34,0.9812,0.8703,0.9256,0.8238,0.9807,0.9806,0.9812,0.9812,0.9823,0.8531,0.9122,0.8012
0.85,0.35,0.981,0.8679,0.9252,0.8201,0.9804,0.9804,0.981,0.981,0.982,0.8506,0.9118,0.7972
0.85,0.36,0.9807,0.8663,0.9248,0.8176,0.9801,0.9801,0.9807,0.9807,0.9818,0.8482,0.9114,0.7931
0.85,0.37,0.9805,0.8628,0.9244,0.8122,0.9798,0.9798,0.9805,0.9805,0.9815,0.8457,0.911,0.789
0.85,0.38,0.9805,0.8628,0.9244,0.8122,0.9798,0.9798,0.9805,0.9805,0.9815,0.8457,0.911,0.789
0.85,0.39,0.9805,0.8628,0.9244,0.8122,0.9798,0.9798,0.9805,0.9805,0.9815,0.8457,0.911,0.789
0.85,0.4,0.9803,0.8616,0.9241,0.8104,0.9796,0.9797,0.9803,0.9803,0.9814,0.8444,0.9108,0.787
0.85,0.41,0.9805,0.8631,0.9304,0.8089,0.9797,0.9798,0.9805,0.9805,0.9815,0.845,0.9149,0.785
0.85,0.42,0.9803,0.8608,0.9303,0.8054,0.9796,0.9797,0.9803,0.9803,0.9814,0.8437,0.9147,0.783
0.85,0.43,0.9803,0.8608,0.9303,0.8054,0.9796,0.9797,0.9803,0.9803,0.9814,0.8437,0.9147,0.783
0.85,0.44,0.9806,0.8613,0.9341,0.8036,0.9798,0.98,0.9806,0.9806,0.9816,0.8452,0.9211,0.7809
0.85,0.45,0.9803,0.8593,0.9337,0.8005,0.9795,0.9797,0.9803,0.9803,0.9814,0.8427,0.9207,0.7769
0.85,0.46,0.9802,0.8587,0.9336,0.7995,0.9794,0.9795,0.9802,0.9802,0.9812,0.8414,0.9205,0.7748
0.85,0.47,0.9801,0.8573,0.9386,0.7943,0.9792,0.9794,0.9801,0.9801,0.9811,0.8394,0.9244,0.7688
0.85,0.48,0.9798,0.8554,0.9382,0.7915,0.9789,0.9791,0.9798,0.9798,0.9809,0.8368,0.924,0.7647
0.85,0.49,0.9798,0.8552,0.939,0.7905,0.9788,0.9791,0.9798,0.9798,0.9809,0.8365,0.9261,0.7627
0.85,0.5,0.9796,0.8533,0.9386,0.7876,0.9785,0.9788,0.9796,0.9796,0.9806,0.8339,0.9257,0.7586
0.85,0.51,0.9796,0.8533,0.9386,0.7876,0.9785,0.9788,0.9796,0.9796,0.9806,0.8339,0.9257,0.7586
0.85,0.52,0.9796,0.8527,0.9394,0.7861,0.9785,0.9788,0.9796,0.9796,0.9806,0.8335,0.9279,0.7566
0.85,0.53,0.9797,0.8531,0.9404,0.7861,0.9786,0.979,0.9797,0.9797,0.9807,0.8345,0.9302,0.7566
0.85,0.54,0.9796,0.8521,0.9402,0.7846,0.9785,0.9788,0.9796,0.9796,0.9806,0.8331,0.93,0.7546
0.85,0.55,0.9794,0.8498,0.9402,0.7811,0.9783,0.9787,0.9794,0.9794,0.9805,0.8318,0.9298,0.7525
0.85,0.56,0.9793,0.8491,0.94,0.7801,0.9782,0.9785,0.9793,0.9793,0.9803,0.8305,0.9296,0.7505
0.85,0.57,0.979,0.8478,0.9397,0.7781,0.9779,0.9783,0.979,0.979,0.9801,0.8279,0.9293,0.7465
0.85,0.58,0.9793,0.8493,0.9433,0.7781,0.9781,0.9786,0.9793,0.9793,0.9803,0.8298,0.934,0.7465
0.85,0.59,0.9786,0.8446,0.9441,0.7702,0.9774,0.9779,0.9786,0.9786,0.9797,0.8227,0.9354,0.7343
0.85,0.6,0.9786,0.8446,0.9441,0.7702,0.9774,0.9779,0.9786,0.9786,0.9797,0.8227,0.9354,0.7343
0.85,0.61,0.9783,0.8413,0.9435,0.7655,0.9769,0.9774,0.9783,0.9783,0.9793,0.8187,0.9349,0.7282
0.85,0.62,0.9781,0.8397,0.9455,0.7621,0.9767,0.9773,0.9781,0.9781,0.9792,0.8169,0.937,0.7241
0.85,0.63,0.9779,0.8359,0.9453,0.7568,0.9764,0.9771,0.9779,0.9779,0.9789,0.8142,0.9367,0.7201
0.85,0.64,0.9773,0.8308,0.9473,0.7486,0.9758,0.9766,0.9773,0.9773,0.9783,0.8074,0.9358,0.7099
0.85,0.65,0.9771,0.828,0.9469,0.7449,0.9754,0.9763,0.9771,0.9771,0.978,0.8046,0.9355,0.7059
0.85,0.66,0.9771,0.828,0.9469,0.7449,0.9754,0.9763,0.9771,0.9771,0.978,0.8046,0.9355,0.7059
0.85,0.67,0.9768,0.8258,0.9466,0.7418,0.9751,0.976,0.9768,0.9768,0.9777,0.8019,0.9351,0.7018
0.85,0.68,0.9767,0.8244,0.9464,0.74,0.975,0.9759,0.9767,0.9767,0.9776,0.8005,0.935,0.6998
0.85,0.69,0.9763,0.8208,0.9458,0.7353,0.9745,0.9755,0.9763,0.9763,0.9772,0.7963,0.9344,0.6937
0.85,0.7,0.9764,0.8202,0.9477,0.7335,0.9746,0.9756,0.9764,0.9764,0.9773,0.7967,0.9394,0.6917
0.85,0.71,0.9762,0.8184,0.9474,0.7309,0.9743,0.9753,0.9762,0.9762,0.9771,0.7939,0.9391,0.6876
0.85,0.72,0.9758,0.8128,0.9469,0.7238,0.9738,0.9749,0.9758,0.9758,0.9767,0.7897,0.9385,0.6815
0.85,0.73,0.9757,0.8121,0.9468,0.7228,0.9736,0.9748,0.9757,0.9757,0.9766,0.7882,0.9384,0.6795
0.85,0.74,0.9759,0.8127,0.9508,0.7213,0.9738,0.9751,0.9759,0.9759,0.9768,0.7896,0.9462,0.6775
0.85,0.75,0.9759,0.8125,0.9537,0.7193,0.9738,0.9752,0.9759,0.9759,0.9768,0.7886,0.9513,0.6734
0.85,0.76,0.9755,0.8096,0.9533,0.7152,0.9733,0.9748,0.9755,0.9755,0.9764,0.7843,0.9509,0.6673
0.85,0.77,0.9749,0.8026,0.9522,0.7068,0.9725,0.9741,0.9749,0.9749,0.9758,0.777,0.9501,0.6572
0.85,0.78,0.9749,0.7974,0.9564,0.6981,0.9723,0.9742,0.9749,0.9749,0.9758,0.7754,0.9582,0.6511
0.85,0.79,0.9743,0.7918,0.9556,0.6913,0.9717,0.9736,0.9743,0.9743,0.9753,0.7694,0.9577,0.643
0.85,0.8,0.9743,0.7916,0.9567,0.6903,0.9716,0.9736,0.9743,0.9743,0.9753,0.7689,0.9605,0.641
0.85,0.81,0.9741,0.7887,0.9563,0.6869,0.9713,0.9734,0.9741,0.9741,0.975,0.7659,0.9602,0.6369
0.85,0.82,0.9737,0.7862,0.9559,0.6833,0.9708,0.973,0.9737,0.9737,0.9746,0.7613,0.9599,0.6308
0.85,0.83,0.9736,0.7837,0.9567,0.68,0.9706,0.9728,0.9736,0.9736,0.9745,0.7592,0.9626,0.6268
0.85,0.84,0.9733,0.78,0.9594,0.6743,0.9702,0.9726,0.9733,0.9733,0.9742,0.755,0.9683,0.6187
0.85,0.85,0.973,0.7756,0.9591,0.669,0.9698,0.9724,0.973,0.973,0.974,0.7519,0.9681,0.6146
0.86,0.0,0.9724,0.7691,0.9592,0.6608,0.9689,0.9717,0.9724,0.9724,0.9733,0.7434,0.9706,0.6024
0.86,0.01,0.9596,0.8129,0.7745,0.8833,0.9638,0.9722,0.9596,0.9596,0.9611,0.749,0.639,0.9047
0.86,0.02,0.9698,0.8375,0.8138,0.8763,0.9716,0.9752,0.9698,0.9698,0.9712,0.7985,0.7252,0.8884
0.86,0.03,0.974,0.8543,0.8451,0.8752,0.9751,0.9774,0.974,0.974,0.9754,0.8219,0.7676,0.8844
0.86,0.04,0.9759,0.8594,0.8538,0.8741,0.9767,0.9784,0.9759,0.9759,0.9773,0.8333,0.7895,0.8824
0.86,0.05,0.9772,0.864,0.8633,0.8725,0.9778,0.9792,0.9772,0.9772,0.9786,0.8411,0.8052,0.8803
0.86,0.06,0.978,0.8654,0.8717,0.8667,0.9784,0.9795,0.978,0.978,0.9793,0.844,0.8175,0.8722
0.86,0.07,0.9792,0.8696,0.8788,0.867,0.9795,0.9803,0.9792,0.9792,0.9805,0.8515,0.8317,0.8722
0.86,0.08,0.9792,0.8677,0.881,0.8615,0.9794,0.9801,0.9792,0.9792,0.9805,0.8506,0.8356,0.8661
0.86,0.09,0.9794,0.8667,0.8808,0.8581,0.9796,0.9801,0.9794,0.9794,0.9807,0.8514,0.8429,0.86
0.86,0.1,0.9802,0.8692,0.8863,0.8573,0.9803,0.9806,0.9802,0.9802,0.9815,0.8563,0.8545,0.858
0.86,0.11,0.9805,0.8692,0.8906,0.8528,0.9804,0.9806,0.9805,0.9805,0.9818,0.8571,0.8624,0.8519
0.86,0.12,0.9807,0.8702,0.8934,0.8518,0.9807,0.9808,0.9807,0.9807,0.982,0.8586,0.8675,0.8499
0.86,0.13,0.981,0.8709,0.8955,0.8509,0.9809,0.981,0.981,0.981,0.9823,0.8601,0.8727,0.8479
0.86,0.14,0.9812,0.8729,0.8994,0.851,0.9811,0.9812,0.9812,0.9812,0.9824,0.8607,0.8761,0.8458
0.86,0.15,0.9815,0.8744,0.9025,0.851,0.9813,0.9814,0.9815,0.9815,0.9827,0.8625,0.8797,0.8458
0.86,0.16,0.9812,0.8732,0.9021,0.849,0.9811,0.9811,0.9812,0.9812,0.9824,0.8601,0.8792,0.8418
0.86,0.17,0.9814,0.8733,0.9042,0.8471,0.9811,0.9811,0.9814,0.9814,0.9826,0.8604,0.8844,0.8377
0.86,0.18,0.9812,0.8723,0.904,0.8455,0.981,0.981,0.9812,0.9812,0.9824,0.8592,0.8841,0.8357
0.86,0.19,0.9816,0.8746,0.9088,0.8456,0.9814,0.9813,0.9816,0.9816,0.9828,0.8619,0.8898,0.8357
0.86,0.2,0.9815,0.8739,0.9092,0.8436,0.9812,0.9812,0.9815,0.9815,0.9827,0.8604,0.8913,0.8316
0.86,0.21,0.9818,0.8753,0.9124,0.8437,0.9815,0.9814,0.9818,0.9818,0.9829,0.8623,0.8952,0.8316
0.86,0.22,0.9816,0.8737,0.9128,0.8403,0.9813,0.9813,0.9816,0.9816,0.9828,0.8608,0.8967,0.8276
0.86,0.23,0.9815,0.8725,0.9125,0.8385,0.9811,0.9811,0.9815,0.9815,0.9827,0.8596,0.8965,0.8256
0.86,0.24,0.981,0.8672,0.9117,0.8293,0.9805,0.9805,0.981,0.981,0.9822,0.8544,0.8973,0.8154
0.86,0.25,0.9812,0.8688,0.9153,0.8294,0.9808,0.9807,0.9812,0.9812,0.9824,0.8562,0.9013,0.8154
0.86,0.26,0.9812,0.8688,0.9153,0.8294,0.9808,0.9807,0.9812,0.9812,0.9824,0.8562,0.9013,0.8154
0.86,0.27,0.9814,0.8678,0.9178,0.8259,0.9809,0.9808,0.9814,0.9814,0.9826,0.8568,0.9052,0.8134
0.86,0.28,0.9809,0.8646,0.9187,0.8195,0.9803,0.9803,0.9809,0.9809,0.982,0.8516,0.9062,0.8032
0.86,0.29,0.9805,0.8612,0.9179,0.8143,0.9798,0.9798,0.9805,0.9805,0.9816,0.8479,0.9055,0.7972
0.86,0.3,0.9803,0.8626,0.9197,0.8153,0.9797,0.9797,0.9803,0.9803,0.9814,0.8454,0.9051,0.7931
0.86,0.31,0.9802,0.8614,0.9194,0.8134,0.9795,0.9795,0.9802,0.9802,0.9812,0.8442,0.9049,0.7911
0.86,0.32,0.9801,0.861,0.9211,0.8114,0.9794,0.9794,0.9801,0.9801,0.9811,0.8426,0.9065,0.787
0.86,0.33,0.9802,0.8614,0.922,0.8115,0.9795,0.9795,0.9802,0.9802,0.9812,0.8435,0.9087,0.787
0.86,0.34,0.9803,0.8617,0.9249,0.81,0.9796,0.9796,0.9803,0.9803,0.9814,0.8441,0.9127,0.785
0.86,0.35,0.9801,0.8592,0.9244,0.8063,0.9793,0.9794,0.9801,0.9801,0.9811,0.8415,0.9123,0.7809
0.86,0.36,0.9798,0.8576,0.924,0.8037,0.979,0.9791,0.9798,0.9798,0.9809,0.839,0.9119,0.7769
0.86,0.37,0.9797,0.8553,0.9238,0.8002,0.9789,0.9789,0.9797,0.9797,0.9807,0.8377,0.9117,0.7748
0.86,0.38,0.9797,0.8553,0.9238,0.8002,0.9789,0.9789,0.9797,0.9797,0.9807,0.8377,0.9117,0.7748
0.86,0.39,0.9797,0.8553,0.9238,0.8002,0.9789,0.9789,0.9797,0.9797,0.9807,0.8377,0.9117,0.7748
0.86,0.4,0.9797,0.8553,0.9238,0.8002,0.9789,0.9789,0.9797,0.9797,0.9807,0.8377,0.9117,0.7748
0.86,0.41,0.9798,0.8568,0.9301,0.7987,0.979,0.9791,0.9798,0.9798,0.9809,0.8383,0.9159,0.7728
0.86,0.42,0.9797,0.8545,0.93,0.7952,0.9788,0.979,0.9797,0.9797,0.9807,0.837,0.9157,0.7708
0.86,0.43,0.9797,0.8545,0.93,0.7952,0.9788,0.979,0.9797,0.9797,0.9807,0.837,0.9157,0.7708
0.86,0.44,0.9799,0.8549,0.9339,0.7934,0.979,0.9792,0.9799,0.9799,0.981,0.8385,0.9221,0.7688
0.86,0.45,0.9797,0.8529,0.9335,0.7903,0.9787,0.979,0.9797,0.9797,0.9807,0.8359,0.9218,0.7647
0.86,0.46,0.9796,0.8523,0.9333,0.7893,0.9786,0.9788,0.9796,0.9796,0.9806,0.8346,0.9216,0.7627
0.86,0.47,0.9794,0.8508,0.9383,0.7841,0.9784,0.9787,0.9794,0.9794,0.9805,0.8326,0.9256,0.7566
0.86,0.48,0.9792,0.8488,0.9379,0.7813,0.9781,0.9784,0.9792,0.9792,0.9802,0.83,0.9252,0.7525
0.86,0.49,0.9792,0.8486,0.9388,0.7803,0.978,0.9784,0.9792,0.9792,0.9802,0.8296,0.9273,0.7505
0.86,0.5,0.9789,0.8467,0.9384,0.7775,0.9777,0.9781,0.9789,0.9789,0.9799,0.827,0.927,0.7465
0.86,0.51,0.9789,0.8467,0.9384,0.7775,0.9777,0.9781,0.9789,0.9789,0.9799,0.827,0.927,0.7465
0.86,0.52,0.979,0.8471,0.9394,0.7775,0.9779,0.9783,0.979,0.979,0.9801,0.8279,0.9293,0.7465
0.86,0.53,0.9792,0.8476,0.9404,0.7775,0.978,0.9784,0.9792,0.9792,0.9802,0.8288,0.9316,0.7465
0.86,0.54,0.979,0.8465,0.9402,0.776,0.9778,0.9782,0.979,0.979,0.9801,0.8275,0.9315,0.7444
0.86,0.55,0.9789,0.8442,0.9402,0.7725,0.9777,0.9781,0.9789,0.9789,0.9799,0.8262,0.9313,0.7424
0.86,0.56,0.9788,0.8435,0.94,0.7715,0.9775,0.978,0.9788,0.9788,0.9798,0.8249,0.9311,0.7404
0.86,0.57,0.9785,0.8422,0.9397,0.7694,0.9772,0.9777,0.9785,0.9785,0.9796,0.8222,0.9308,0.7363
0.86,0.58,0.9788,0.8437,0.9433,0.7695,0.9775,0.978,0.9788,0.9788,0.9798,0.8241,0.9356,0.7363
0.86,0.59,0.9781,0.8389,0.9442,0.7616,0.9767,0.9773,0.9781,0.9781,0.9792,0.8169,0.937,0.7241
0.86,0.6,0.9781,0.8389,0.9442,0.7616,0.9767,0.9773,0.9781,0.9781,0.9792,0.8169,0.937,0.7241
0.86,0.61,0.9777,0.8355,0.9435,0.7569,0.9762,0.9769,0.9777,0.9777,0.9788,0.8129,0.9365,0.7181
0.86,0.62,0.9776,0.8339,0.9457,0.7535,0.9761,0.9768,0.9776,0.9776,0.9786,0.8111,0.9387,0.714
0.86,0.63,0.9773,0.83,0.9454,0.7482,0.9757,0.9765,0.9773,0.9773,0.9784,0.8083,0.9383,0.7099
0.86,0.64,0.9768,0.8248,0.9474,0.74,0.9751,0.976,0.9768,0.9768,0.9777,0.8014,0.9375,0.6998
0.86,0.65,0.9766,0.8219,0.947,0.7363,0.9748,0.9758,0.9766,0.9766,0.9775,0.7986,0.9372,0.6957
0.86,0.66,0.9766,0.8219,0.947,0.7363,0.9748,0.9758,0.9766,0.9766,0.9775,0.7986,0.9372,0.6957
0.86,0.67,0.9763,0.8197,0.9467,0.7332,0.9745,0.9755,0.9763,0.9763,0.9772,0.7958,0.9368,0.6917
0.86,0.68,0.9762,0.8182,0.9465,0.7314,0.9743,0.9754,0.9762,0.9762,0.9771,0.7944,0.9366,0.6897
0.86,0.69,0.9758,0.8145,0.9459,0.7267,0.9738,0.9749,0.9758,0.9758,0.9767,0.7902,0.9361,0.6836
0.86,0.7,0.9759,0.8138,0.9478,0.7249,0.9739,0.9751,0.9759,0.9759,0.9768,0.7906,0.9412,0.6815
0.86,0.71,0.9757,0.812,0.9475,0.7223,0.9736,0.9748,0.9757,0.9757,0.9766,0.7877,0.9408,0.6775
0.86,0.72,0.9753,0.8064,0.947,0.7152,0.9731,0.9744,0.9753,0.9753,0.9762,0.7834,0.9403,0.6714
0.86,0.73,0.9751,0.8057,0.9468,0.7142,0.9729,0.9743,0.9751,0.9751,0.976,0.782,0.9402,0.6694
0.86,0.74,0.9754,0.8062,0.951,0.7127,0.9731,0.9746,0.9754,0.9754,0.9763,0.7833,0.9481,0.6673
0.86,0.75,0.9754,0.806,0.9539,0.7107,0.9731,0.9746,0.9754,0.9754,0.9763,0.7823,0.9534,0.6633
0.86,0.76,0.975,0.8031,0.9535,0.7066,0.9726,0.9742,0.975,0.975,0.9759,0.7779,0.9529,0.6572
0.86,0.77,0.9745,0.7975,0.9526,0.7001,0.9719,0.9737,0.9745,0.9745,0.9754,0.772,0.9524,0.6491
0.86,0.78,0.9745,0.7923,0.9568,0.6913,0.9718,0.9738,0.9745,0.9745,0.9754,0.7704,0.9606,0.643
0.86,0.79,0.974,0.7866,0.956,0.6845,0.9711,0.9732,0.974,0.974,0.9749,0.7643,0.9601,0.6349
0.86,0.8,0.974,0.7863,0.9571,0.6835,0.9711,0.9732,0.974,0.974,0.9749,0.7638,0.963,0.6329
0.86,0.81,0.9737,0.7834,0.9567,0.6801,0.9707,0.973,0.9737,0.9737,0.9746,0.7607,0.9627,0.6288
0.86,0.82,0.9734,0.782,0.9564,0.6781,0.9704,0.9727,0.9734,0.9734,0.9743,0.7577,0.9625,0.6247
0.86,0.83,0.9733,0.7796,0.9572,0.6748,0.9702,0.9726,0.9733,0.9733,0.9742,0.7556,0.9653,0.6207
0.86,0.84,0.973,0.7758,0.96,0.6691,0.9698,0.9724,0.973,0.973,0.974,0.7512,0.9711,0.6126
0.86,0.85,0.9728,0.7713,0.9596,0.6638,0.9694,0.9721,0.9728,0.9728,0.9737,0.7481,0.9709,0.6085
0.86,0.86,0.9724,0.7691,0.9592,0.6608,0.9689,0.9717,0.9724,0.9724,0.9733,0.7434,0.9706,0.6024
0.87,0.0,0.972,0.7625,0.9616,0.6512,0.9684,0.9714,0.972,0.972,0.9728,0.7364,0.9733,0.5923
0.87,0.01,0.9596,0.812,0.7747,0.8816,0.9638,0.9721,0.9596,0.9596,0.9609,0.7479,0.6385,0.9026
0.87,0.02,0.9698,0.8367,0.8143,0.8746,0.9716,0.9751,0.9698,0.9698,0.9711,0.7974,0.7247,0.8864
0.87,0.03,0.974,0.8535,0.8459,0.8735,0.9751,0.9774,0.974,0.974,0.9753,0.8208,0.7672,0.8824
0.87,0.04,0.9759,0.8586,0.8547,0.8724,0.9767,0.9784,0.9759,0.9759,0.9772,0.8322,0.7891,0.8803
0.87,0.05,0.9772,0.8632,0.8641,0.8709,0.9778,0.9791,0.9772,0.9772,0.9785,0.84,0.8048,0.8783
0.87,0.06,0.978,0.8646,0.8725,0.865,0.9784,0.9795,0.978,0.978,0.9792,0.8428,0.8171,0.8702
0.87,0.07,0.9792,0.8688,0.8797,0.8653,0.9795,0.9802,0.9792,0.9792,0.9803,0.8503,0.8314,0.8702
0.87,0.08,0.9792,0.8669,0.8818,0.8599,0.9794,0.9801,0.9792,0.9792,0.9803,0.8495,0.8353,0.8641
0.87,0.09,0.9794,0.8659,0.8816,0.8564,0.9795,0.98,0.9794,0.9794,0.9806,0.8503,0.8426,0.858
0.87,0.1,0.9802,0.8684,0.8872,0.8556,0.9802,0.9806,0.9802,0.9802,0.9814,0.8551,0.8543,0.856
0.87,0.11,0.9805,0.8684,0.8914,0.8511,0.9804,0.9806,0.9805,0.9805,0.9816,0.856,0.8621,0.8499
0.87,0.12,0.9806,0.8684,0.8939,0.8483,0.9805,0.9806,0.9806,0.9806,0.9818,0.8563,0.8669,0.8458
0.87,0.13,0.9809,0.8691,0.8961,0.8474,0.9807,0.9808,0.9809,0.9809,0.982,0.8577,0.8721,0.8438
0.87,0.14,0.9811,0.871,0.8999,0.8475,0.9809,0.981,0.9811,0.9811,0.9822,0.8583,0.8755,0.8418
0.87,0.15,0.9814,0.8725,0.903,0.8475,0.9812,0.9812,0.9814,0.9814,0.9824,0.8601,0.8792,0.8418
0.87,0.16,0.9811,0.8713,0.9026,0.8455,0.9809,0.9809,0.9811,0.9811,0.9822,0.8577,0.8787,0.8377
0.87,0.17,0.9812,0.8714,0.9048,0.8436,0.981,0.981,0.9812,0.9812,0.9823,0.858,0.8839,0.8337
0.87,0.18,0.9811,0.8705,0.9046,0.842,0.9808,0.9808,0.9811,0.9811,0.9822,0.8568,0.8836,0.8316
0.87,0.19,0.9815,0.8728,0.9094,0.8421,0.9812,0.9812,0.9815,0.9815,0.9826,0.8595,0.8894,0.8316
0.87,0.2,0.9814,0.872,0.9099,0.8401,0.981,0.981,0.9814,0.9814,0.9824,0.858,0.8908,0.8276
0.87,0.21,0.9816,0.8735,0.9131,0.8402,0.9813,0.9813,0.9816,0.9816,0.9827,0.8599,0.8947,0.8276
0.87,0.22,0.9815,0.8718,0.9135,0.8368,0.9811,0.9811,0.9815,0.9815,0.9826,0.8584,0.8962,0.8235
0.87,0.23,0.9814,0.8707,0.9131,0.835,0.981,0.981,0.9814,0.9814,0.9824,0.8571,0.896,0.8215
0.87,0.24,0.9809,0.8654,0.9124,0.8258,0.9804,0.9803,0.9809,0.9809,0.9819,0.852,0.8969,0.8114
0.87,0.25,0.9811,0.867,0.9159,0.8259,0.9806,0.9806,0.9811,0.9811,0.9822,0.8538,0.9009,0.8114
0.87,0.26,0.9811,0.867,0.9159,0.8259,0.9806,0.9806,0.9811,0.9811,0.9822,0.8538,0.9009,0.8114
0.87,0.27,0.9812,0.8659,0.9184,0.8224,0.9807,0.9807,0.9812,0.9812,0.9823,0.8544,0.9048,0.8093
0.87,0.28,0.9807,0.8627,0.9193,0.816,0.9801,0.9801,0.9807,0.9807,0.9818,0.8491,0.9057,0.7992
0.87,0.29,0.9803,0.8593,0.9186,0.8108,0.9797,0.9797,0.9803,0.9803,0.9814,0.8454,0.9051,0.7931
0.87,0.3,0.9802,0.8608,0.9204,0.8117,0.9795,0.9795,0.9802,0.9802,0.9811,0.8429,0.9047,0.789
0.87,0.31,0.9801,0.8596,0.9201,0.8099,0.9794,0.9794,0.9801,0.9801,0.981,0.8416,0.9044,0.787
0.87,0.32,0.9799,0.8591,0.9218,0.8079,0.9792,0.9792,0.9799,0.9799,0.9809,0.84,0.9061,0.783
0.87,0.33,0.9801,0.8596,0.9227,0.808,0.9793,0.9794,0.9801,0.9801,0.981,0.841,0.9082,0.783
0.87,0.34,0.9802,0.8599,0.9255,0.8064,0.9794,0.9795,0.9802,0.9802,0.9811,0.8415,0.9123,0.7809
0.87,0.35,0.9799,0.8573,0.925,0.8028,0.9791,0.9792,0.9799,0.9799,0.9809,0.839,0.9119,0.7769
0.87,0.36,0.9797,0.8557,0.9247,0.8002,0.9788,0.9789,0.9797,0.9797,0.9806,0.8364,0.9115,0.7728
0.87,0.37,0.9796,0.8534,0.9245,0.7967,0.9787,0.9788,0.9796,0.9796,0.9805,0.8352,0.9113,0.7708
0.87,0.38,0.9796,0.8534,0.9245,0.7967,0.9787,0.9788,0.9796,0.9796,0.9805,0.8352,0.9113,0.7708
0.87,0.39,0.9796,0.8534,0.9245,0.7967,0.9787,0.9788,0.9796,0.9796,0.9805,0.8352,0.9113,0.7708
0.87,0.4,0.9796,0.8534,0.9245,0.7967,0.9787,0.9788,0.9796,0.9796,0.9805,0.8352,0.9113,0.7708
0.87,0.41,0.9797,0.8549,0.9309,0.7952,0.9788,0.979,0.9797,0.9797,0.9806,0.8357,0.9155,0.7688
0.87,0.42,0.9796,0.8526,0.9308,0.7917,0.9787,0.9788,0.9796,0.9796,0.9805,0.8344,0.9153,0.7667
0.87,0.43,0.9796,0.8526,0.9308,0.7917,0.9787,0.9788,0.9796,0.9796,0.9805,0.8344,0.9153,0.7667
0.87,0.44,0.9798,0.853,0.9347,0.7899,0.9789,0.9791,0.9798,0.9798,0.9807,0.8359,0.9218,0.7647
0.87,0.45,0.9796,0.851,0.9343,0.7868,0.9786,0.9788,0.9796,0.9796,0.9805,0.8333,0.9214,0.7606
0.87,0.46,0.9794,0.8503,0.9341,0.7858,0.9784,0.9787,0.9794,0.9794,0.9803,0.832,0.9212,0.7586
0.87,0.47,0.9793,0.8489,0.9393,0.7806,0.9782,0.9786,0.9793,0.9793,0.9802,0.83,0.9252,0.7525
0.87,0.48,0.979,0.8469,0.9389,0.7778,0.9779,0.9783,0.979,0.979,0.9799,0.8274,0.9248,0.7485
0.87,0.49,0.979,0.8467,0.9397,0.7768,0.9779,0.9783,0.979,0.979,0.9799,0.827,0.927,0.7465
0.87,0.5,0.9788,0.8447,0.9393,0.774,0.9776,0.978,0.9788,0.9788,0.9797,0.8243,0.9266,0.7424
0.87,0.51,0.9788,0.8447,0.9393,0.774,0.9776,0.978,0.9788,0.9788,0.9797,0.8243,0.9266,0.7424
0.87,0.52,0.9789,0.8452,0.9403,0.774,0.9777,0.9781,0.9789,0.9789,0.9798,0.8253,0.9289,0.7424
0.87,0.53,0.979,0.8456,0.9414,0.774,0.9778,0.9783,0.979,0.979,0.9799,0.8262,0.9313,0.7424
0.87,0.54,0.9789,0.8446,0.9412,0.7725,0.9777,0.9781,0.9789,0.9789,0.9798,0.8249,0.9311,0.7404
0.87,0.55,0.9788,0.8422,0.9411,0.769,0.9775,0.978,0.9788,0.9788,0.9797,0.8235,0.9309,0.7383
0.87,0.56,0.9786,0.8415,0.941,0.768,0.9774,0.9779,0.9786,0.9786,0.9796,0.8222,0.9308,0.7363
0.87,0.57,0.9784,0.8402,0.9407,0.7659,0.9771,0.9776,0.9784,0.9784,0.9793,0.8195,0.9304,0.7323
0.87,0.58,0.9786,0.8417,0.9443,0.766,0.9773,0.9779,0.9786,0.9786,0.9796,0.8214,0.9352,0.7323
0.87,0.59,0.978,0.8369,0.9452,0.758,0.9766,0.9772,0.978,0.978,0.9789,0.8142,0.9367,0.7201
0.87,0.6,0.978,0.8369,0.9452,0.758,0.9766,0.9772,0.978,0.978,0.9789,0.8142,0.9367,0.7201
0.87,0.61,0.9776,0.8335,0.9445,0.7534,0.9761,0.9768,0.9776,0.9776,0.9785,0.8101,0.9362,0.714
0.87,0.62,0.9775,0.8319,0.9467,0.75,0.9759,0.9767,0.9775,0.9775,0.9784,0.8083,0.9383,0.7099
0.87,0.63,0.9772,0.828,0.9464,0.7447,0.9756,0.9764,0.9772,0.9772,0.9781,0.8056,0.938,0.7059
0.87,0.64,0.9767,0.8227,0.9485,0.7365,0.9749,0.9759,0.9767,0.9767,0.9775,0.7986,0.9372,0.6957
0.87,0.65,0.9764,0.8198,0.9481,0.7328,0.9746,0.9757,0.9764,0.9764,0.9772,0.7958,0.9368,0.6917
0.87,0.66,0.9764,0.8198,0.9481,0.7328,0.9746,0.9757,0.9764,0.9764,0.9772,0.7958,0.9368,0.6917
0.87,0.67,0.9762,0.8176,0.9477,0.7297,0.9743,0.9754,0.9762,0.9762,0.977,0.793,0.9365,0.6876
0.87,0.68,0.976,0.8161,0.9475,0.7278,0.9741,0.9752,0.976,0.976,0.9768,0.7916,0.9363,0.6856
0.87,0.69,0.9757,0.8124,0.9469,0.7232,0.9736,0.9748,0.9757,0.9757,0.9764,0.7873,0.9358,0.6795
0.87,0.7,0.9758,0.8118,0.9489,0.7214,0.9737,0.975,0.9758,0.9758,0.9766,0.7877,0.9408,0.6775
0.87,0.71,0.9755,0.81,0.9485,0.7188,0.9734,0.9747,0.9755,0.9755,0.9763,0.7849,0.9405,0.6734
0.87,0.72,0.9751,0.8042,0.948,0.7116,0.9729,0.9743,0.9751,0.9751,0.9759,0.7805,0.94,0.6673
0.87,0.73,0.975,0.8036,0.9479,0.7106,0.9727,0.9741,0.975,0.975,0.9758,0.7791,0.9398,0.6653
0.87,0.74,0.9753,0.8041,0.952,0.7092,0.973,0.9745,0.9753,0.9753,0.976,0.7804,0.9478,0.6633
0.87,0.75,0.9753,0.8039,0.955,0.7072,0.9729,0.9745,0.9753,0.9753,0.976,0.7794,0.9531,0.6592
0.87,0.76,0.9749,0.8009,0.9546,0.7031,0.9724,0.9741,0.9749,0.9749,0.9757,0.775,0.9527,0.6531
0.87,0.77,0.9743,0.7953,0.9537,0.6966,0.9718,0.9736,0.9743,0.9743,0.9751,0.769,0.9521,0.645
0.87,0.78,0.9743,0.7901,0.958,0.6878,0.9716,0.9737,0.9743,0.9743,0.9751,0.7674,0.9604,0.6389
0.87,0.79,0.9738,0.7843,0.9572,0.681,0.9709,0.9731,0.9738,0.9738,0.9746,0.7613,0.9599,0.6308
0.87,0.8,0.9738,0.7841,0.9583,0.68,0.9709,0.9732,0.9738,0.9738,0.9746,0.7607,0.9627,0.6288
0.87,0.81,0.9736,0.7812,0.9579,0.6766,0.9706,0.9729,0.9736,0.9736,0.9743,0.7577,0.9625,0.6247
0.87,0.82,0.9733,0.7798,0.9576,0.6746,0.9703,0.9726,0.9733,0.9733,0.9741,0.7546,0.9623,0.6207
0.87,0.83,0.9732,0.7773,0.9585,0.6713,0.97,0.9725,0.9732,0.9732,0.974,0.7525,0.9651,0.6166
0.87,0.84,0.9729,0.7735,0.9612,0.6656,0.9696,0.9723,0.9729,0.9729,0.9737,0.7481,0.9709,0.6085
0.87,0.85,0.9727,0.769,0.9608,0.6603,0.9692,0.972,0.9727,0.9727,0.9734,0.745,0.9707,0.6045
0.87,0.86,0.9723,0.7668,0.9605,0.6573,0.9688,0.9716,0.9723,0.9723,0.973,0.7403,0.9704,0.5984
0.87,0.87,0.972,0.7625,0.9616,0.6512,0.9684,0.9714,0.972,0.972,0.9728,0.7364,0.9733,0.5923
0.88,0.0,0.9708,0.7453,0.9607,0.6308,0.9669,0.9703,0.9708,0.9708,0.9716,0.7219,0.9725,0.574
0.88,0.01,0.9582,0.7912,0.7693,0.8479,0.9621,0.9703,0.9582,0.9582,0.9595,0.7358,0.633,0.8783
0.88,0.02,0.9684,0.8156,0.8101,0.8409,0.9699,0.9734,0.9684,0.9684,0.9697,0.7849,0.7203,0.8621
0.88,0.03,0.9724,0.8316,0.8426,0.8398,0.9733,0.9756,0.9724,0.9724,0.9737,0.8073,0.7622,0.858
0.88,0.04,0.9743,0.8367,0.8515,0.8387,0.9749,0.9766,0.9743,0.9743,0.9757,0.8186,0.7844,0.856
0.88,0.05,0.9757,0.8413,0.861,0.8371,0.9761,0.9774,0.9757,0.9757,0.977,0.8263,0.8004,0.854
0.88,0.06,0.9764,0.8423,0.8695,0.8313,0.9766,0.9778,0.9764,0.9764,0.9776,0.829,0.8129,0.8458
0.88,0.07,0.9776,0.8465,0.8767,0.8316,0.9777,0.9785,0.9776,0.9776,0.9788,0.8365,0.8274,0.8458
0.88,0.08,0.9776,0.8442,0.8788,0.8261,0.9776,0.9784,0.9776,0.9776,0.9788,0.8355,0.8313,0.8398
0.88,0.09,0.9779,0.8433,0.8779,0.8227,0.9778,0.9783,0.9779,0.9779,0.979,0.8362,0.8388,0.8337
0.88,0.1,0.9786,0.8458,0.8835,0.8219,0.9785,0.9788,0.9786,0.9786,0.9798,0.841,0.8506,0.8316
0.88,0.11,0.9789,0.8457,0.8877,0.8173,0.9786,0.9789,0.9789,0.9789,0.9801,0.8418,0.8586,0.8256
0.88,0.12,0.979,0.8456,0.8902,0.8146,0.9787,0.9789,0.979,0.979,0.9802,0.842,0.8635,0.8215
0.88,0.13,0.9793,0.8463,0.8924,0.8137,0.9789,0.9791,0.9793,0.9793,0.9805,0.8434,0.8688,0.8195
0.88,0.14,0.9796,0.8482,0.8963,0.8137,0.9791,0.9793,0.9796,0.9796,0.9806,0.844,0.8723,0.8174
0.88,0.15,0.9798,0.8497,0.8995,0.8138,0.9794,0.9795,0.9798,0.9798,0.9809,0.8458,0.8761,0.8174
0.88,0.16,0.9796,0.8485,0.8991,0.8118,0.9791,0.9792,0.9796,0.9796,0.9806,0.8433,0.8755,0.8134
0.88,0.17,0.9797,0.8486,0.9012,0.8098,0.9792,0.9793,0.9797,0.9797,0.9807,0.8436,0.8808,0.8093
0.88,0.18,0.9796,0.8477,0.901,0.8083,0.979,0.9791,0.9796,0.9796,0.9806,0.8423,0.8805,0.8073
0.88,0.19,0.9799,0.85,0.9059,0.8084,0.9794,0.9795,0.9799,0.9799,0.981,0.845,0.8864,0.8073
0.88,0.2,0.9798,0.8492,0.9064,0.8064,0.9792,0.9793,0.9798,0.9798,0.9809,0.8435,0.8879,0.8032
0.88,0.21,0.9801,0.8506,0.9096,0.8064,0.9795,0.9796,0.9801,0.9801,0.9811,0.8453,0.8919,0.8032
0.88,0.22,0.9801,0.8501,0.9103,0.8049,0.9795,0.9796,0.9801,0.9801,0.9811,0.8449,0.8937,0.8012
0.88,0.23,0.9799,0.849,0.91,0.8031,0.9793,0.9794,0.9799,0.9799,0.981,0.8437,0.8934,0.7992
0.88,0.24,0.9794,0.8434,0.9091,0.7939,0.9787,0.9788,0.9794,0.9794,0.9805,0.8384,0.8943,0.789
0.88,0.25,0.9797,0.845,0.9128,0.794,0.9789,0.979,0.9797,0.9797,0.9807,0.8402,0.8984,0.789
0.88,0.26,0.9797,0.845,0.9128,0.794,0.9789,0.979,0.9797,0.9797,0.9807,0.8402,0.8984,0.789
0.88,0.27,0.9798,0.8436,0.9153,0.7905,0.979,0.9792,0.9798,0.9798,0.9809,0.8407,0.9023,0.787
0.88,0.28,0.9793,0.8403,0.9162,0.7841,0.9784,0.9786,0.9793,0.9793,0.9803,0.8353,0.9033,0.7769
0.88,0.29,0.9792,0.8393,0.916,0.7826,0.9783,0.9784,0.9792,0.9792,0.9802,0.8341,0.9031,0.7748
0.88,0.3,0.979,0.8412,0.918,0.7835,0.9782,0.9783,0.979,0.979,0.9799,0.8315,0.9026,0.7708
0.88,0.31,0.9789,0.8399,0.9177,0.7817,0.978,0.9781,0.9789,0.9789,0.9798,0.8302,0.9024,0.7688
0.88,0.32,0.9788,0.8395,0.9194,0.7797,0.9778,0.978,0.9788,0.9788,0.9797,0.8286,0.9041,0.7647
0.88,0.33,0.9789,0.8399,0.9203,0.7797,0.978,0.9781,0.9789,0.9789,0.9798,0.8295,0.9062,0.7647
0.88,0.34,0.979,0.8402,0.9232,0.7782,0.9781,0.9783,0.979,0.979,0.9799,0.83,0.9104,0.7627
0.88,0.35,0.9788,0.8376,0.9227,0.7745,0.9777,0.978,0.9788,0.9788,0.9797,0.8274,0.91,0.7586
0.88,0.36,0.9785,0.836,0.9223,0.772,0.9775,0.9777,0.9785,0.9785,0.9794,0.8248,0.9095,0.7546
0.88,0.37,0.9785,0.836,0.9223,0.772,0.9775,0.9777,0.9785,0.9785,0.9794,0.8248,0.9095,0.7546
0.88,0.38,0.9785,0.836,0.9223,0.772,0.9775,0.9777,0.9785,0.9785,0.9794,0.8248,0.9095,0.7546
0.88,0.39,0.9785,0.836,0.9223,0.772,0.9775,0.9777,0.9785,0.9785,0.9794,0.8248,0.9095,0.7546
0.88,0.4,0.9785,0.836,0.9223,0.772,0.9775,0.9777,0.9785,0.9785,0.9794,0.8248,0.9095,0.7546
0.88,0.41,0.9786,0.8375,0.9295,0.7705,0.9776,0.9779,0.9786,0.9786,0.9796,0.8254,0.9138,0.7525
0.88,0.42,0.9786,0.8375,0.9295,0.7705,0.9776,0.9779,0.9786,0.9786,0.9796,0.8254,0.9138,0.7525
0.88,0.43,0.9786,0.8375,0.9295,0.7705,0.9776,0.9779,0.9786,0.9786,0.9796,0.8254,0.9138,0.7525
0.88,0.44,0.9789,0.8379,0.9335,0.7687,0.9778,0.9782,0.9789,0.9789,0.9798,0.8268,0.9204,0.7505
0.88,0.45,0.9786,0.8358,0.9331,0.7656,0.9775,0.9779,0.9786,0.9786,0.9796,0.8242,0.92,0.7465
0.88,0.46,0.9785,0.8352,0.9329,0.7646,0.9773,0.9778,0.9785,0.9785,0.9794,0.8229,0.9198,0.7444
0.88,0.47,0.9784,0.8336,0.9387,0.7594,0.9771,0.9777,0.9784,0.9784,0.9793,0.8207,0.9239,0.7383
0.88,0.48,0.9781,0.8316,0.9383,0.7566,0.9768,0.9774,0.9781,0.9781,0.979,0.8181,0.9235,0.7343
0.88,0.49,0.9781,0.8314,0.9391,0.7556,0.9768,0.9774,0.9781,0.9781,0.979,0.8177,0.9256,0.7323
0.88,0.5,0.9779,0.8294,0.9387,0.7528,0.9765,0.9771,0.9779,0.9779,0.9788,0.815,0.9253,0.7282
0.88,0.51,0.9779,0.8294,0.9387,0.7528,0.9765,0.9771,0.9779,0.9779,0.9788,0.815,0.9253,0.7282
0.88,0.52,0.978,0.8299,0.9397,0.7528,0.9766,0.9772,0.978,0.978,0.9789,0.8159,0.9276,0.7282
0.88,0.53,0.9781,0.8303,0.9408,0.7528,0.9767,0.9774,0.9781,0.9781,0.979,0.8168,0.9301,0.7282
0.88,0.54,0.978,0.8293,0.9406,0.7513,0.9766,0.9772,0.978,0.978,0.9789,0.8155,0.9299,0.7262
0.88,0.55,0.9779,0.8266,0.9405,0.7477,0.9764,0.9771,0.9779,0.9779,0.9788,0.8141,0.9297,0.7241
0.88,0.56,0.9777,0.826,0.9404,0.7467,0.9763,0.9769,0.9777,0.9777,0.9786,0.8128,0.9295,0.7221
0.88,0.57,0.9775,0.8247,0.9401,0.7447,0.976,0.9767,0.9775,0.9775,0.9784,0.8101,0.9291,0.7181
0.88,0.58,0.9777,0.8261,0.9437,0.7448,0.9762,0.977,0.9777,0.9777,0.9786,0.8119,0.934,0.7181
0.88,0.59,0.9771,0.8213,0.9446,0.7368,0.9754,0.9763,0.9771,0.9771,0.978,0.8046,0.9355,0.7059
0.88,0.6,0.9771,0.8213,0.9446,0.7368,0.9754,0.9763,0.9771,0.9771,0.978,0.8046,0.9355,0.7059
0.88,0.61,0.9767,0.8179,0.9439,0.7322,0.975,0.9759,0.9767,0.9767,0.9776,0.8005,0.935,0.6998
0.88,0.62,0.9766,0.8162,0.9461,0.7288,0.9748,0.9758,0.9766,0.9766,0.9775,0.7986,0.9372,0.6957
0.88,0.63,0.9764,0.8147,0.9458,0.727,0.9746,0.9756,0.9764,0.9764,0.9773,0.7972,0.937,0.6937
0.88,0.64,0.9759,0.8092,0.9479,0.7188,0.974,0.9752,0.9759,0.9759,0.9767,0.7902,0.9361,0.6836
0.88,0.65,0.9757,0.8062,0.9475,0.7151,0.9736,0.9749,0.9757,0.9757,0.9764,0.7873,0.9358,0.6795
0.88,0.66,0.9757,0.8062,0.9475,0.7151,0.9736,0.9749,0.9757,0.9757,0.9764,0.7873,0.9358,0.6795
0.88,0.67,0.9754,0.804,0.9472,0.712,0.9733,0.9746,0.9754,0.9754,0.9762,0.7845,0.9354,0.6755
0.88,0.68,0.9753,0.8025,0.947,0.7101,0.9731,0.9745,0.9753,0.9753,0.976,0.783,0.9352,0.6734
0.88,0.69,0.9749,0.7987,0.9463,0.7055,0.9726,0.974,0.9749,0.9749,0.9757,0.7787,0.9347,0.6673
0.88,0.7,0.975,0.798,0.9483,0.7037,0.9727,0.9742,0.975,0.975,0.9758,0.7791,0.9398,0.6653
0.88,0.71,0.9747,0.7962,0.948,0.7011,0.9724,0.9739,0.9747,0.9747,0.9755,0.7762,0.9395,0.6613
0.88,0.72,0.9745,0.793,0.9474,0.6975,0.9721,0.9736,0.9745,0.9745,0.9753,0.7733,0.9391,0.6572
0.88,0.73,0.9743,0.7923,0.9473,0.6964,0.9719,0.9735,0.9743,0.9743,0.9751,0.7718,0.939,0.6552
0.88,0.74,0.9746,0.7928,0.9515,0.695,0.9721,0.9738,0.9746,0.9746,0.9754,0.7731,0.9471,0.6531
0.88,0.75,0.9746,0.7926,0.9544,0.693,0.9721,0.9739,0.9746,0.9746,0.9754,0.772,0.9524,0.6491
0.88,0.76,0.9742,0.7897,0.954,0.6889,0.9716,0.9735,0.9742,0.9742,0.975,0.7676,0.952,0.643
0.88,0.77,0.9737,0.784,0.953,0.6824,0.9709,0.9729,0.9737,0.9737,0.9745,0.7616,0.9514,0.6349
0.88,0.78,0.9737,0.7783,0.9573,0.6736,0.9708,0.973,0.9737,0.9737,0.9745,0.7598,0.9598,0.6288
0.88,0.79,0.9732,0.7725,0.9565,0.6668,0.9701,0.9725,0.9732,0.9732,0.974,0.7537,0.9592,0.6207
0.88,0.8,0.9732,0.7722,0.9576,0.6658,0.97,0.9725,0.9732,0.9732,0.974,0.7531,0.9621,0.6187
0.88,0.81,0.9729,0.7693,0.9571,0.6624,0.9697,0.9722,0.9729,0.9729,0.9737,0.75,0.9619,0.6146
0.88,0.82,0.9727,0.7679,0.9569,0.6604,0.9694,0.972,0.9727,0.9727,0.9734,0.7469,0.9617,0.6105
0.88,0.83,0.9725,0.7654,0.9577,0.6571,0.9692,0.9718,0.9725,0.9725,0.9733,0.7447,0.9645,0.6065
0.88,0.84,0.9723,0.7615,0.9604,0.6514,0.9687,0.9716,0.9723,0.9723,0.973,0.7403,0.9704,0.5984
0.88,0.85,0.9721,0.7585,0.9604,0.6479,0.9685,0.9715,0.9721,0.9721,0.9729,0.7387,0.9703,0.5963
0.88,0.86,0.9717,0.7563,0.96,0.6449,0.9681,0.9711,0.9717,0.9717,0.9725,0.7339,0.97,0.5903
0.88,0.87,0.9715,0.7519,0.9612,0.6389,0.9677,0.9709,0.9715,0.9715,0.9723,0.73,0.973,0.5842
0.88,0.88,0.9708,0.7453,0.9607,0.6308,0.9669,0.9703,0.9708,0.9708,0.9716,0.7219,0.9725,0.574
0.89,0.0,0.9702,0.7368,0.9623,0.6199,0.9659,0.9697,0.9702,0.9702,0.971,0.7123,0.9787,0.5598
0.89,0.01,0.9574,0.7839,0.7631,0.8387,0.9614,0.9694,0.9574,0.9574,0.959,0.7319,0.6305,0.8722
0.89,0.02,0.9674,0.8077,0.8037,0.8307,0.969,0.9724,0.9674,0.9674,0.969,0.7796,0.7172,0.854
0.89,0.03,0.9715,0.8236,0.8361,0.8296,0.9724,0.9746,0.9715,0.9715,0.973,0.8019,0.7591,0.8499
0.89,0.04,0.9734,0.8286,0.845,0.8285,0.974,0.9756,0.9734,0.9734,0.975,0.8132,0.7813,0.8479
0.89,0.05,0.9747,0.8331,0.8545,0.8269,0.9751,0.9764,0.9747,0.9747,0.9763,0.8209,0.7973,0.8458
0.89,0.06,0.9755,0.834,0.8629,0.8211,0.9757,0.9767,0.9755,0.9755,0.977,0.8235,0.8098,0.8377
0.89,0.07,0.9768,0.8402,0.8743,0.8214,0.9768,0.9776,0.9768,0.9768,0.978,0.8295,0.8253,0.8337
0.89,0.08,0.9768,0.8379,0.8765,0.8159,0.9767,0.9774,0.9768,0.9768,0.978,0.8284,0.8293,0.8276
0.89,0.09,0.9771,0.837,0.8756,0.8125,0.9769,0.9774,0.9771,0.9771,0.9783,0.8291,0.8368,0.8215
0.89,0.1,0.9779,0.8396,0.8812,0.8117,0.9776,0.9779,0.9779,0.9779,0.979,0.8338,0.8487,0.8195
0.89,0.11,0.9781,0.8393,0.8854,0.8072,0.9778,0.978,0.9781,0.9781,0.9793,0.8345,0.8568,0.8134
0.89,0.12,0.9783,0.8391,0.8879,0.8044,0.9778,0.978,0.9783,0.9783,0.9794,0.8347,0.8618,0.8093
0.89,0.13,0.9785,0.8398,0.8901,0.8035,0.978,0.9781,0.9785,0.9785,0.9797,0.8361,0.8671,0.8073
0.89,0.14,0.9788,0.8417,0.8942,0.8035,0.9783,0.9784,0.9788,0.9788,0.9798,0.8367,0.8706,0.8053
0.89,0.15,0.979,0.8432,0.8974,0.8036,0.9785,0.9786,0.979,0.979,0.9801,0.8384,0.8744,0.8053
0.89,0.16,0.9788,0.842,0.897,0.8016,0.9782,0.9783,0.9788,0.9788,0.9798,0.836,0.8739,0.8012
0.89,0.17,0.9789,0.8421,0.8991,0.7997,0.9783,0.9784,0.9789,0.9789,0.9799,0.8362,0.8792,0.7972
0.89,0.18,0.9788,0.8412,0.8989,0.7981,0.9782,0.9782,0.9788,0.9788,0.9798,0.8349,0.8789,0.7951
0.89,0.19,0.9792,0.8434,0.904,0.7982,0.9785,0.9786,0.9792,0.9792,0.9802,0.8376,0.8849,0.7951
0.89,0.2,0.979,0.8426,0.9045,0.7962,0.9784,0.9784,0.979,0.979,0.9801,0.836,0.8864,0.7911
0.89,0.21,0.9793,0.8441,0.9077,0.7963,0.9786,0.9787,0.9793,0.9793,0.9803,0.8378,0.8904,0.7911
0.89,0.22,0.9793,0.8436,0.9084,0.7947,0.9786,0.9787,0.9793,0.9793,0.9803,0.8375,0.8922,0.789
0.89,0.23,0.9793,0.8436,0.9084,0.7947,0.9786,0.9787,0.9793,0.9793,0.9803,0.8375,0.8922,0.789
0.89,0.24,0.9788,0.8378,0.9074,0.7856,0.978,0.978,0.9788,0.9788,0.9798,0.8321,0.893,0.7789
0.89,0.25,0.979,0.8393,0.9112,0.7856,0.9782,0.9783,0.979,0.979,0.9801,0.8339,0.8972,0.7789
0.89,0.26,0.979,0.8393,0.9112,0.7856,0.9782,0.9783,0.979,0.979,0.9801,0.8339,0.8972,0.7789
0.89,0.27,0.9792,0.8379,0.9138,0.7822,0.9783,0.9784,0.9792,0.9792,0.9802,0.8344,0.9012,0.7769
0.89,0.28,0.9786,0.8346,0.9147,0.7758,0.9777,0.9778,0.9786,0.9786,0.9797,0.8289,0.9021,0.7667
0.89,0.29,0.9785,0.8336,0.9146,0.7742,0.9775,0.9777,0.9785,0.9785,0.9796,0.8277,0.9019,0.7647
0.89,0.3,0.9784,0.8354,0.9166,0.7752,0.9774,0.9776,0.9784,0.9784,0.9793,0.8251,0.9014,0.7606
0.89,0.31,0.9783,0.8341,0.9163,0.7733,0.9772,0.9774,0.9783,0.9783,0.9792,0.8238,0.9012,0.7586
0.89,0.32,0.9781,0.8337,0.9181,0.7714,0.9771,0.9773,0.9781,0.9781,0.979,0.8221,0.9029,0.7546
0.89,0.33,0.9783,0.8341,0.919,0.7714,0.9772,0.9774,0.9783,0.9783,0.9792,0.823,0.9051,0.7546
0.89,0.34,0.9784,0.8344,0.922,0.7699,0.9773,0.9775,0.9784,0.9784,0.9793,0.8235,0.9093,0.7525
0.89,0.35,0.9781,0.8317,0.9214,0.7662,0.977,0.9773,0.9781,0.9781,0.979,0.8209,0.9089,0.7485
0.89,0.36,0.9779,0.8301,0.9211,0.7636,0.9767,0.977,0.9779,0.9779,0.9788,0.8183,0.9084,0.7444
0.89,0.37,0.9779,0.8301,0.9211,0.7636,0.9767,0.977,0.9779,0.9779,0.9788,0.8183,0.9084,0.7444
0.89,0.38,0.9779,0.8301,0.9211,0.7636,0.9767,0.977,0.9779,0.9779,0.9788,0.8183,0.9084,0.7444
0.89,0.39,0.9779,0.8301,0.9211,0.7636,0.9767,0.977,0.9779,0.9779,0.9788,0.8183,0.9084,0.7444
0.89,0.4,0.9779,0.8301,0.9211,0.7636,0.9767,0.977,0.9779,0.9779,0.9788,0.8183,0.9084,0.7444
0.89,0.41,0.978,0.8315,0.9283,0.7621,0.9768,0.9772,0.978,0.978,0.9789,0.8188,0.9127,0.7424
0.89,0.42,0.978,0.8315,0.9283,0.7621,0.9768,0.9772,0.978,0.978,0.9789,0.8188,0.9127,0.7424
0.89,0.43,0.978,0.8315,0.9283,0.7621,0.9768,0.9772,0.978,0.978,0.9789,0.8188,0.9127,0.7424
0.89,0.44,0.9783,0.8319,0.9324,0.7604,0.977,0.9775,0.9783,0.9783,0.9792,0.8202,0.9194,0.7404
0.89,0.45,0.978,0.8298,0.932,0.7573,0.9767,0.9772,0.978,0.978,0.9789,0.8176,0.919,0.7363
0.89,0.46,0.9779,0.8292,0.9318,0.7562,0.9766,0.977,0.9779,0.9779,0.9788,0.8162,0.9188,0.7343
0.89,0.47,0.978,0.8303,0.938,0.7547,0.9767,0.9772,0.978,0.978,0.9789,0.8167,0.9233,0.7323
0.89,0.48,0.9779,0.8296,0.9379,0.7537,0.9765,0.9771,0.9779,0.9779,0.9788,0.8154,0.9231,0.7302
0.89,0.49,0.9779,0.8294,0.9387,0.7528,0.9765,0.9771,0.9779,0.9779,0.9788,0.815,0.9253,0.7282
0.89,0.5,0.9776,0.8274,0.9383,0.7499,0.9762,0.9768,0.9776,0.9776,0.9785,0.8123,0.9249,0.7241
0.89,0.51,0.9776,0.8274,0.9383,0.7499,0.9762,0.9768,0.9776,0.9776,0.9785,0.8123,0.9249,0.7241
0.89,0.52,0.9777,0.8279,0.9393,0.7499,0.9763,0.9769,0.9777,0.9777,0.9786,0.8132,0.9273,0.7241
0.89,0.53,0.9779,0.8283,0.9404,0.75,0.9764,0.9771,0.9779,0.9779,0.9788,0.8141,0.9297,0.7241
0.89,0.54,0.9777,0.8273,0.9402,0.7484,0.9763,0.9769,0.9777,0.9777,0.9786,0.8128,0.9295,0.7221
0.89,0.55,0.9776,0.8246,0.9401,0.7449,0.9761,0.9768,0.9776,0.9776,0.9785,0.8114,0.9293,0.7201
0.89,0.56,0.9775,0.8239,0.94,0.7439,0.976,0.9767,0.9775,0.9775,0.9784,0.8101,0.9291,0.7181
0.89,0.57,0.9772,0.8226,0.9397,0.7419,0.9757,0.9764,0.9772,0.9772,0.9781,0.8073,0.9288,0.714
0.89,0.58,0.9775,0.8241,0.9433,0.7419,0.9759,0.9767,0.9775,0.9775,0.9784,0.8092,0.9337,0.714
0.89,0.59,0.9768,0.8193,0.9441,0.734,0.9751,0.976,0.9768,0.9768,0.9777,0.8019,0.9351,0.7018
0.89,0.6,0.9768,0.8193,0.9441,0.734,0.9751,0.976,0.9768,0.9768,0.9777,0.8019,0.9351,0.7018
0.89,0.61,0.9764,0.8158,0.9435,0.7293,0.9747,0.9756,0.9764,0.9764,0.9773,0.7977,0.9346,0.6957
0.89,0.62,0.9763,0.8141,0.9457,0.726,0.9745,0.9755,0.9763,0.9763,0.9772,0.7958,0.9368,0.6917
0.89,0.63,0.9762,0.8126,0.9454,0.7241,0.9743,0.9753,0.9762,0.9762,0.9771,0.7944,0.9366,0.6897
0.89,0.64,0.9757,0.807,0.9476,0.7159,0.9736,0.9749,0.9757,0.9757,0.9764,0.7873,0.9358,0.6795
0.89,0.65,0.9754,0.804,0.9471,0.7123,0.9733,0.9746,0.9754,0.9754,0.9762,0.7845,0.9354,0.6755
0.89,0.66,0.9754,0.804,0.9471,0.7123,0.9733,0.9746,0.9754,0.9754,0.9762,0.7845,0.9354,0.6755
0.89,0.67,0.9751,0.8018,0.9468,0.7091,0.973,0.9743,0.9751,0.9751,0.9759,0.7816,0.935,0.6714
0.89,0.68,0.975,0.8002,0.9466,0.7073,0.9728,0.9742,0.975,0.975,0.9758,0.7801,0.9348,0.6694
0.89,0.69,0.9746,0.7964,0.9459,0.7026,0.9723,0.9738,0.9746,0.9746,0.9754,0.7758,0.9343,0.6633
0.89,0.7,0.9747,0.7957,0.9479,0.7008,0.9724,0.9739,0.9747,0.9747,0.9755,0.7762,0.9395,0.6613
0.89,0.71,0.9745,0.7939,0.9475,0.6983,0.9721,0.9736,0.9745,0.9745,0.9753,0.7733,0.9391,0.6572
0.89,0.72,0.9742,0.7906,0.947,0.6946,0.9717,0.9733,0.9742,0.9742,0.975,0.7703,0.9388,0.6531
0.89,0.73,0.9741,0.79,0.9469,0.6936,0.9716,0.9732,0.9741,0.9741,0.9749,0.7689,0.9386,0.6511
0.89,0.74,0.9743,0.7905,0.951,0.6921,0.9718,0.9735,0.9743,0.9743,0.9751,0.7702,0.9467,0.6491
0.89,0.75,0.9743,0.7903,0.954,0.6902,0.9717,0.9736,0.9743,0.9743,0.9751,0.769,0.9521,0.645
0.89,0.76,0.974,0.7873,0.9536,0.686,0.9713,0.9732,0.974,0.974,0.9747,0.7646,0.9517,0.6389
0.89,0.77,0.9734,0.7816,0.9526,0.6795,0.9706,0.9726,0.9734,0.9734,0.9742,0.7585,0.9511,0.6308
0.89,0.78,0.9734,0.7758,0.9569,0.6708,0.9704,0.9727,0.9734,0.9734,0.9742,0.7568,0.9595,0.6247
0.89,0.79,0.9729,0.77,0.956,0.664,0.9697,0.9722,0.9729,0.9729,0.9737,0.7506,0.959,0.6166
0.89,0.8,0.9729,0.7698,0.9571,0.663,0.9697,0.9722,0.9729,0.9729,0.9737,0.75,0.9619,0.6146
0.89,0.81,0.9727,0.7668,0.9567,0.6596,0.9693,0.9719,0.9727,0.9727,0.9734,0.7469,0.9617,0.6105
0.89,0.82,0.9724,0.7654,0.9564,0.6576,0.969,0.9717,0.9724,0.9724,0.9732,0.7438,0.9614,0.6065
0.89,0.83,0.9723,0.7628,0.9572,0.6542,0.9688,0.9716,0.9723,0.9723,0.973,0.7416,0.9643,0.6024
0.89,0.84,0.972,0.7589,0.9599,0.6486,0.9684,0.9714,0.972,0.972,0.9728,0.7371,0.9702,0.5943
0.89,0.85,0.9719,0.756,0.9599,0.6451,0.9682,0.9712,0.9719,0.9719,0.9727,0.7355,0.9701,0.5923
0.89,0.86,0.9715,0.7537,0.9595,0.6421,0.9677,0.9708,0.9715,0.9715,0.9723,0.7307,0.9698,0.5862
0.89,0.87,0.9712,0.7493,0.9607,0.636,0.9673,0.9706,0.9712,0.9712,0.972,0.7268,0.9728,0.5801
0.89,0.88,0.9706,0.7427,0.9602,0.6279,0.9665,0.97,0.9706,0.9706,0.9714,0.7187,0.9723,0.57
0.89,0.89,0.9702,0.7368,0.9623,0.6199,0.9659,0.9697,0.9702,0.9702,0.971,0.7123,0.9787,0.5598
0.9,0.0,0.9693,0.7264,0.9678,0.6066,0.9646,0.969,0.9693,0.9693,0.9699,0.698,0.9816,0.5416
0.9,0.01,0.9577,0.7882,0.7614,0.8457,0.9616,0.9695,0.9577,0.9577,0.959,0.7319,0.6305,0.8722
0.9,0.02,0.9677,0.813,0.8042,0.8377,0.9692,0.9725,0.9677,0.9677,0.969,0.7796,0.7172,0.854
0.9,0.03,0.9717,0.8289,0.8357,0.8366,0.9726,0.9747,0.9717,0.9717,0.973,0.8019,0.7591,0.8499
0.9,0.04,0.9738,0.8347,0.846,0.8355,0.9744,0.9758,0.9738,0.9738,0.9751,0.814,0.7828,0.8479
0.9,0.05,0.9751,0.8392,0.8559,0.834,0.9755,0.9766,0.9751,0.9751,0.9764,0.8217,0.7989,0.8458
0.9,0.06,0.9759,0.8403,0.8643,0.8281,0.9761,0.977,0.9759,0.9759,0.9771,0.8244,0.8114,0.8377
0.9,0.07,0.9772,0.8465,0.876,0.8284,0.9772,0.9779,0.9772,0.9772,0.9781,0.8303,0.827,0.8337
0.9,0.08,0.9772,0.8444,0.8781,0.823,0.9771,0.9777,0.9772,0.9772,0.9781,0.8293,0.831,0.8276
0.9,0.09,0.9775,0.8443,0.8808,0.8196,0.9773,0.9777,0.9775,0.9775,0.9784,0.8299,0.8385,0.8215
0.9,0.1,0.9783,0.8469,0.8864,0.8187,0.978,0.9783,0.9783,0.9783,0.9792,0.8347,0.8505,0.8195
0.9,0.11,0.9783,0.8426,0.8872,0.8107,0.9779,0.9781,0.9783,0.9783,0.9793,0.8345,0.8568,0.8134
0.9,0.12,0.9784,0.8424,0.8898,0.8079,0.978,0.9781,0.9784,0.9784,0.9794,0.8347,0.8618,0.8093
0.9,0.13,0.9786,0.8431,0.892,0.807,0.9782,0.9783,0.9786,0.9786,0.9797,0.8361,0.8671,0.8073
0.9,0.14,0.9789,0.8451,0.8961,0.807,0.9784,0.9785,0.9789,0.9789,0.9798,0.8367,0.8706,0.8053
0.9,0.15,0.9792,0.8465,0.8994,0.8071,0.9787,0.9787,0.9792,0.9792,0.9801,0.8384,0.8744,0.8053
0.9,0.16,0.9789,0.8453,0.899,0.8051,0.9784,0.9784,0.9789,0.9789,0.9798,0.836,0.8739,0.8012
0.9,0.17,0.979,0.8454,0.9011,0.8032,0.9785,0.9785,0.979,0.979,0.9799,0.8362,0.8792,0.7972
0.9,0.18,0.9789,0.8445,0.9009,0.8016,0.9783,0.9783,0.9789,0.9789,0.9798,0.8349,0.8789,0.7951
0.9,0.19,0.9793,0.8468,0.9061,0.8017,0.9787,0.9787,0.9793,0.9793,0.9802,0.8376,0.8849,0.7951
0.9,0.2,0.9792,0.846,0.9066,0.7997,0.9785,0.9785,0.9792,0.9792,0.9801,0.836,0.8864,0.7911
0.9,0.21,0.9794,0.8474,0.9098,0.7998,0.9788,0.9788,0.9794,0.9794,0.9803,0.8378,0.8904,0.7911
0.9,0.22,0.9794,0.8469,0.9105,0.7982,0.9787,0.9788,0.9794,0.9794,0.9803,0.8375,0.8922,0.789
0.9,0.23,0.9794,0.8469,0.9105,0.7982,0.9787,0.9788,0.9794,0.9794,0.9803,0.8375,0.8922,0.789
0.9,0.24,0.9789,0.8411,0.9095,0.7891,0.9781,0.9782,0.9789,0.9789,0.9798,0.8321,0.893,0.7789
0.9,0.25,0.9792,0.8427,0.9134,0.7891,0.9783,0.9784,0.9792,0.9792,0.9801,0.8339,0.8972,0.7789
0.9,0.26,0.9792,0.8427,0.9134,0.7891,0.9783,0.9784,0.9792,0.9792,0.9801,0.8339,0.8972,0.7789
0.9,0.27,0.9793,0.8413,0.9161,0.7857,0.9784,0.9786,0.9793,0.9793,0.9802,0.8344,0.9012,0.7769
0.9,0.28,0.9788,0.838,0.9171,0.7793,0.9778,0.978,0.9788,0.9788,0.9797,0.8289,0.9021,0.7667
0.9,0.29,0.9786,0.837,0.9169,0.7777,0.9777,0.9778,0.9786,0.9786,0.9796,0.8277,0.9019,0.7647
0.9,0.3,0.9784,0.8354,0.9166,0.7752,0.9774,0.9776,0.9784,0.9784,0.9793,0.8251,0.9014,0.7606
0.9,0.31,0.9783,0.8341,0.9163,0.7733,0.9772,0.9774,0.9783,0.9783,0.9792,0.8238,0.9012,0.7586
0.9,0.32,0.9781,0.8337,0.9181,0.7714,0.9771,0.9773,0.9781,0.9781,0.979,0.8221,0.9029,0.7546
0.9,0.33,0.9783,0.8341,0.919,0.7714,0.9772,0.9774,0.9783,0.9783,0.9792,0.823,0.9051,0.7546
0.9,0.34,0.9784,0.8344,0.922,0.7699,0.9773,0.9775,0.9784,0.9784,0.9793,0.8235,0.9093,0.7525
0.9,0.35,0.9779,0.829,0.9208,0.7625,0.9767,0.977,0.9779,0.9779,0.9788,0.8183,0.9084,0.7444
0.9,0.36,0.9776,0.8273,0.9205,0.76,0.9764,0.9767,0.9776,0.9776,0.9785,0.8156,0.908,0.7404
0.9,0.37,0.9776,0.8273,0.9205,0.76,0.9764,0.9767,0.9776,0.9776,0.9785,0.8156,0.908,0.7404
0.9,0.38,0.9776,0.8273,0.9205,0.76,0.9764,0.9767,0.9776,0.9776,0.9785,0.8156,0.908,0.7404
0.9,0.39,0.9776,0.8273,0.9205,0.76,0.9764,0.9767,0.9776,0.9776,0.9785,0.8156,0.908,0.7404
0.9,0.4,0.9776,0.8273,0.9205,0.76,0.9764,0.9767,0.9776,0.9776,0.9785,0.8156,0.908,0.7404
0.9,0.41,0.9777,0.8288,0.9278,0.7585,0.9765,0.9769,0.9777,0.9777,0.9786,0.8161,0.9123,0.7383
0.9,0.42,0.9777,0.8288,0.9278,0.7585,0.9765,0.9769,0.9777,0.9777,0.9786,0.8161,0.9123,0.7383
0.9,0.43,0.9777,0.8288,0.9278,0.7585,0.9765,0.9769,0.9777,0.9777,0.9786,0.8161,0.9123,0.7383
0.9,0.44,0.978,0.8291,0.9319,0.7567,0.9767,0.9772,0.978,0.978,0.9789,0.8176,0.919,0.7363
0.9,0.45,0.9777,0.8271,0.9315,0.7536,0.9764,0.9769,0.9777,0.9777,0.9786,0.8149,0.9186,0.7323
0.9,0.46,0.9776,0.8264,0.9314,0.7526,0.9762,0.9768,0.9776,0.9776,0.9785,0.8136,0.9184,0.7302
0.9,0.47,0.9777,0.8275,0.9376,0.7511,0.9763,0.977,0.9777,0.9777,0.9786,0.8141,0.9229,0.7282
0.9,0.48,0.9776,0.8268,0.9374,0.7501,0.9762,0.9768,0.9776,0.9776,0.9785,0.8127,0.9227,0.7262
0.9,0.49,0.9776,0.8267,0.9382,0.7491,0.9762,0.9768,0.9776,0.9776,0.9785,0.8123,0.9249,0.7241
0.9,0.5,0.9773,0.8246,0.9378,0.7462,0.9759,0.9765,0.9773,0.9773,0.9783,0.8096,0.9245,0.7201
0.9,0.51,0.9773,0.8246,0.9378,0.7462,0.9759,0.9765,0.9773,0.9773,0.9783,0.8096,0.9245,0.7201
0.9,0.52,0.9775,0.8251,0.9388,0.7463,0.976,0.9767,0.9775,0.9775,0.9784,0.8105,0.9269,0.7201
0.9,0.53,0.9776,0.8255,0.9399,0.7463,0.9761,0.9768,0.9776,0.9776,0.9785,0.8114,0.9293,0.7201
0.9,0.54,0.9775,0.8245,0.9397,0.7447,0.9759,0.9766,0.9775,0.9775,0.9784,0.8101,0.9291,0.7181
0.9,0.55,0.9773,0.8218,0.9396,0.7412,0.9758,0.9765,0.9773,0.9773,0.9783,0.8087,0.9289,0.716
0.9,0.56,0.9772,0.8211,0.9395,0.7402,0.9756,0.9764,0.9772,0.9772,0.9781,0.8073,0.9288,0.714
0.9,0.57,0.977,0.8198,0.9392,0.7382,0.9753,0.9761,0.977,0.977,0.9779,0.8046,0.9284,0.7099
0.9,0.58,0.9772,0.8213,0.9428,0.7383,0.9756,0.9764,0.9772,0.9772,0.9781,0.8065,0.9333,0.7099
0.9,0.59,0.9766,0.8164,0.9436,0.7303,0.9748,0.9757,0.9766,0.9766,0.9775,0.7991,0.9348,0.6978
0.9,0.6,0.9766,0.8164,0.9436,0.7303,0.9748,0.9757,0.9766,0.9766,0.9775,0.7991,0.9348,0.6978
0.9,0.61,0.9762,0.8129,0.9429,0.7257,0.9743,0.9753,0.9762,0.9762,0.9771,0.7949,0.9342,0.6917
0.9,0.62,0.976,0.8111,0.9452,0.7223,0.9741,0.9752,0.976,0.976,0.977,0.793,0.9365,0.6876
0.9,0.63,0.9759,0.8096,0.9449,0.7204,0.974,0.9751,0.9759,0.9759,0.9768,0.7916,0.9363,0.6856
0.9,0.64,0.9754,0.804,0.9471,0.7123,0.9733,0.9746,0.9754,0.9754,0.9762,0.7845,0.9354,0.6755
0.9,0.65,0.9751,0.8008,0.9466,0.7086,0.9729,0.9743,0.9751,0.9751,0.9759,0.7816,0.935,0.6714
0.9,0.66,0.9751,0.8008,0.9466,0.7086,0.9729,0.9743,0.9751,0.9751,0.9759,0.7816,0.935,0.6714
0.9,0.67,0.9749,0.7987,0.9463,0.7055,0.9726,0.974,0.9749,0.9749,0.9757,0.7787,0.9347,0.6673
0.9,0.68,0.9747,0.7971,0.9461,0.7036,0.9725,0.9739,0.9747,0.9747,0.9755,0.7773,0.9345,0.6653
0.9,0.69,0.9743,0.7932,0.9454,0.699,0.972,0.9735,0.9743,0.9743,0.9751,0.7729,0.9339,0.6592
0.9,0.7,0.9745,0.7924,0.9473,0.6972,0.972,0.9736,0.9745,0.9745,0.9753,0.7733,0.9391,0.6572
0.9,0.71,0.9742,0.7906,0.947,0.6946,0.9717,0.9733,0.9742,0.9742,0.975,0.7703,0.9388,0.6531
0.9,0.72,0.974,0.7873,0.9465,0.6909,0.9714,0.9731,0.974,0.974,0.9747,0.7674,0.9384,0.6491
0.9,0.73,0.9738,0.7866,0.9463,0.6899,0.9712,0.9729,0.9738,0.9738,0.9746,0.7659,0.9382,0.6471
0.9,0.74,0.9741,0.7871,0.9505,0.6885,0.9714,0.9733,0.9741,0.9741,0.9749,0.7672,0.9464,0.645
0.9,0.75,0.9741,0.7869,0.9534,0.6865,0.9714,0.9733,0.9741,0.9741,0.9749,0.7661,0.9518,0.641
0.9,0.76,0.9737,0.784,0.953,0.6824,0.9709,0.9729,0.9737,0.9737,0.9745,0.7616,0.9514,0.6349
0.9,0.77,0.9732,0.7781,0.952,0.6759,0.9702,0.9723,0.9732,0.9732,0.974,0.7555,0.9508,0.6268
0.9,0.78,0.9732,0.7723,0.9562,0.6671,0.97,0.9725,0.9732,0.9732,0.974,0.7537,0.9592,0.6207
0.9,0.79,0.9727,0.7664,0.9553,0.6603,0.9693,0.9719,0.9727,0.9727,0.9734,0.7475,0.9587,0.6126
0.9,0.8,0.9727,0.7662,0.9564,0.6593,0.9693,0.9719,0.9727,0.9727,0.9734,0.7469,0.9617,0.6105
0.9,0.81,0.9724,0.7631,0.956,0.6559,0.969,0.9716,0.9724,0.9724,0.9732,0.7438,0.9614,0.6065
0.9,0.82,0.9721,0.7617,0.9557,0.6539,0.9687,0.9714,0.9721,0.9721,0.9729,0.7406,0.9612,0.6024
0.9,0.83,0.972,0.7591,0.9565,0.6505,0.9684,0.9713,0.972,0.972,0.9728,0.7384,0.9641,0.5984
0.9,0.84,0.9719,0.757,0.9595,0.6468,0.9682,0.9712,0.9719,0.9719,0.9727,0.7355,0.9701,0.5923
0.9,0.85,0.9717,0.7541,0.9595,0.6432,0.968,0.9711,0.9717,0.9717,0.9725,0.7339,0.97,0.5903
0.9,0.86,0.9714,0.7519,0.9591,0.6402,0.9675,0.9707,0.9714,0.9714,0.9721,0.7291,0.9697,0.5842
0.9,0.87,0.9711,0.7474,0.9603,0.6342,0.9671,0.9705,0.9711,0.9711,0.9719,0.7252,0.9727,0.5781
0.9,0.88,0.9704,0.7408,0.9598,0.6261,0.9663,0.9698,0.9704,0.9704,0.9712,0.717,0.9722,0.568
0.9,0.89,0.9701,0.7349,0.9619,0.6181,0.9657,0.9695,0.9701,0.9701,0.9708,0.7106,0.9786,0.5578
0.9,0.9,0.9693,0.7264,0.9678,0.6066,0.9646,0.969,0.9693,0.9693,0.9699,0.698,0.9816,0.5416
0.91,0.0,0.9682,0.7143,0.9743,0.5916,0.9632,0.9683,0.9682,0.9682,0.9686,0.6808,0.9809,0.5213
0.91,0.01,0.9577,0.7858,0.7707,0.8353,0.9615,0.9694,0.9577,0.9577,0.9587,0.7284,0.6306,0.8621
0.91,0.02,0.9677,0.8097,0.8118,0.8272,0.9691,0.9724,0.9677,0.9677,0.9688,0.7761,0.7185,0.8438
0.91,0.03,0.9716,0.8249,0.8437,0.8261,0.9724,0.9746,0.9716,0.9716,0.9727,0.7977,0.7596,0.8398
0.91,0.04,0.9736,0.83,0.8526,0.825,0.974,0.9756,0.9736,0.9736,0.9746,0.809,0.7822,0.8377
0.91,0.05,0.9749,0.8345,0.8624,0.8235,0.9751,0.9764,0.9749,0.9749,0.9759,0.8167,0.7984,0.8357
0.91,0.06,0.9757,0.8355,0.8711,0.8176,0.9757,0.9768,0.9757,0.9757,0.9766,0.8193,0.8111,0.8276
0.91,0.07,0.9768,0.8397,0.8785,0.8179,0.9768,0.9776,0.9768,0.9768,0.9777,0.8267,0.8259,0.8276
0.91,0.08,0.9768,0.8374,0.8807,0.8125,0.9767,0.9774,0.9768,0.9768,0.9777,0.8257,0.8299,0.8215
0.91,0.09,0.9772,0.838,0.885,0.8091,0.977,0.9775,0.9772,0.9772,0.9781,0.8272,0.8392,0.8154
0.91,0.1,0.978,0.8413,0.8921,0.8082,0.9776,0.978,0.978,0.978,0.9788,0.8307,0.8511,0.8114
0.91,0.11,0.9783,0.8411,0.8965,0.8037,0.9778,0.9781,0.9783,0.9783,0.979,0.8314,0.8593,0.8053
0.91,0.12,0.9784,0.8409,0.8991,0.801,0.9779,0.9781,0.9784,0.9784,0.9792,0.8316,0.8643,0.8012
0.91,0.13,0.9786,0.8416,0.9013,0.8,0.9781,0.9783,0.9786,0.9786,0.9794,0.833,0.8698,0.7992
0.91,0.14,0.9789,0.8428,0.9038,0.8001,0.9783,0.9785,0.9789,0.9789,0.9797,0.8347,0.8736,0.7992
0.91,0.15,0.9792,0.8443,0.9071,0.8001,0.9786,0.9788,0.9792,0.9792,0.9799,0.8365,0.8775,0.7992
0.91,0.16,0.9789,0.8431,0.9067,0.7981,0.9783,0.9785,0.9789,0.9789,0.9797,0.834,0.877,0.7951
0.91,0.17,0.979,0.8432,0.9089,0.7962,0.9784,0.9785,0.979,0.979,0.9798,0.8342,0.8824,0.7911
0.91,0.18,0.9789,0.8423,0.9087,0.7946,0.9782,0.9784,0.9789,0.9789,0.9797,0.833,0.8821,0.789
0.91,0.19,0.9793,0.8446,0.9139,0.7947,0.9786,0.9788,0.9793,0.9793,0.9801,0.8357,0.8881,0.789
0.91,0.2,0.9792,0.8438,0.9144,0.7927,0.9784,0.9786,0.9792,0.9792,0.9799,0.8341,0.8897,0.785
0.91,0.21,0.9793,0.8445,0.916,0.7928,0.9786,0.9787,0.9793,0.9793,0.9801,0.835,0.8917,0.785
0.91,0.22,0.9793,0.844,0.9168,0.7912,0.9785,0.9787,0.9793,0.9793,0.9801,0.8346,0.8935,0.783
0.91,0.23,0.9793,0.844,0.9168,0.7912,0.9785,0.9787,0.9793,0.9793,0.9801,0.8346,0.8935,0.783
0.91,0.24,0.9788,0.8382,0.9158,0.7821,0.9779,0.9781,0.9788,0.9788,0.9796,0.8292,0.8944,0.7728
0.91,0.25,0.979,0.8398,0.9197,0.7821,0.9781,0.9784,0.979,0.979,0.9798,0.831,0.8986,0.7728
0.91,0.26,0.979,0.8398,0.9197,0.7821,0.9781,0.9784,0.979,0.979,0.9798,0.831,0.8986,0.7728
0.91,0.27,0.9792,0.8383,0.9225,0.7787,0.9782,0.9785,0.9792,0.9792,0.9799,0.8315,0.9026,0.7708
0.91,0.28,0.9786,0.835,0.9235,0.7723,0.9776,0.9779,0.9786,0.9786,0.9794,0.826,0.9036,0.7606
0.91,0.29,0.9785,0.834,0.9234,0.7707,0.9775,0.9778,0.9785,0.9785,0.9793,0.8247,0.9034,0.7586
0.91,0.3,0.9783,0.8332,0.9251,0.7682,0.9772,0.9775,0.9783,0.9783,0.9789,0.8208,0.9027,0.7525
0.91,0.31,0.9781,0.8318,0.9248,0.7663,0.977,0.9774,0.9781,0.9781,0.9788,0.8195,0.9024,0.7505
0.91,0.32,0.978,0.8314,0.9267,0.7644,0.9769,0.9772,0.978,0.978,0.9786,0.8178,0.9042,0.7465
0.91,0.33,0.9781,0.8318,0.9276,0.7644,0.977,0.9774,0.9781,0.9781,0.9788,0.8187,0.9064,0.7465
0.91,0.34,0.9783,0.8321,0.9307,0.7629,0.9771,0.9775,0.9783,0.9783,0.9789,0.8192,0.9107,0.7444
0.91,0.35,0.9777,0.8267,0.9296,0.7555,0.9764,0.9769,0.9777,0.9777,0.9784,0.8139,0.9098,0.7363
0.91,0.36,0.9775,0.8251,0.9293,0.753,0.9762,0.9767,0.9775,0.9775,0.9781,0.8112,0.9093,0.7323
0.91,0.37,0.9775,0.8251,0.9293,0.753,0.9762,0.9767,0.9775,0.9775,0.9781,0.8112,0.9093,0.7323
0.91,0.38,0.9775,0.8251,0.9293,0.753,0.9762,0.9767,0.9775,0.9775,0.9781,0.8112,0.9093,0.7323
0.91,0.39,0.9775,0.8251,0.9293,0.753,0.9762,0.9767,0.9775,0.9775,0.9781,0.8112,0.9093,0.7323
0.91,0.4,0.9775,0.8251,0.9293,0.753,0.9762,0.9767,0.9775,0.9775,0.9781,0.8112,0.9093,0.7323
0.91,0.41,0.9775,0.8249,0.9316,0.7514,0.9761,0.9767,0.9775,0.9775,0.9781,0.8108,0.9114,0.7302
0.91,0.42,0.9775,0.8249,0.9316,0.7514,0.9761,0.9767,0.9775,0.9775,0.9781,0.8108,0.9114,0.7302
0.91,0.43,0.9775,0.8249,0.9316,0.7514,0.9761,0.9767,0.9775,0.9775,0.9781,0.8108,0.9114,0.7302
0.91,0.44,0.9777,0.8252,0.9358,0.7497,0.9763,0.977,0.9777,0.9777,0.9784,0.8122,0.9182,0.7282
0.91,0.45,0.9775,0.8232,0.9354,0.7466,0.976,0.9767,0.9775,0.9775,0.9781,0.8095,0.9177,0.7241
0.91,0.46,0.9773,0.8225,0.9353,0.7456,0.9759,0.9766,0.9773,0.9773,0.978,0.8082,0.9175,0.7221
0.91,0.47,0.9775,0.8236,0.9418,0.7441,0.976,0.9768,0.9775,0.9775,0.9781,0.8087,0.9221,0.7201
0.91,0.48,0.9773,0.8229,0.9416,0.743,0.9758,0.9766,0.9773,0.9773,0.978,0.8073,0.9219,0.7181
0.91,0.49,0.9773,0.8227,0.9425,0.7421,0.9758,0.9766,0.9773,0.9773,0.978,0.8069,0.9241,0.716
0.91,0.5,0.9771,0.8207,0.9421,0.7392,0.9755,0.9763,0.9771,0.9771,0.9777,0.8041,0.9237,0.712
0.91,0.51,0.9771,0.8207,0.9421,0.7392,0.9755,0.9763,0.9771,0.9771,0.9777,0.8041,0.9237,0.712
0.91,0.52,0.9772,0.8211,0.9431,0.7393,0.9756,0.9765,0.9772,0.9772,0.9779,0.805,0.9261,0.712
0.91,0.53,0.9773,0.8216,0.9441,0.7393,0.9758,0.9766,0.9773,0.9773,0.978,0.806,0.9286,0.712
0.91,0.54,0.9772,0.8205,0.9439,0.7377,0.9756,0.9765,0.9772,0.9772,0.9779,0.8046,0.9284,0.7099
0.91,0.55,0.9771,0.8177,0.9439,0.7342,0.9754,0.9764,0.9771,0.9771,0.9777,0.8032,0.9282,0.7079
0.91,0.56,0.977,0.8171,0.9438,0.7332,0.9753,0.9762,0.977,0.977,0.9776,0.8018,0.928,0.7059
0.91,0.57,0.9767,0.8158,0.9434,0.7312,0.975,0.9759,0.9767,0.9767,0.9773,0.7991,0.9276,0.7018
0.91,0.58,0.977,0.8172,0.9472,0.7313,0.9753,0.9762,0.977,0.977,0.9776,0.8009,0.9326,0.7018
0.91,0.59,0.9763,0.8124,0.9481,0.7233,0.9745,0.9756,0.9763,0.9763,0.977,0.7935,0.9341,0.6897
0.91,0.6,0.9763,0.8124,0.9481,0.7233,0.9745,0.9756,0.9763,0.9763,0.977,0.7935,0.9341,0.6897
0.91,0.61,0.9759,0.8088,0.9474,0.7186,0.974,0.9751,0.9759,0.9759,0.9766,0.7892,0.9335,0.6836
0.91,0.62,0.9758,0.8071,0.9499,0.7153,0.9738,0.9751,0.9758,0.9758,0.9764,0.7873,0.9358,0.6795
0.91,0.63,0.9755,0.8041,0.9494,0.7116,0.9734,0.9748,0.9755,0.9755,0.9762,0.7845,0.9354,0.6755
0.91,0.64,0.9751,0.8011,0.9518,0.7069,0.9729,0.9745,0.9751,0.9751,0.9757,0.7787,0.9347,0.6673
0.91,0.65,0.9749,0.7979,0.9515,0.7033,0.9726,0.9742,0.9749,0.9749,0.9754,0.7758,0.9343,0.6633
0.91,0.66,0.9749,0.7979,0.9515,0.7033,0.9726,0.9742,0.9749,0.9749,0.9754,0.7758,0.9343,0.6633
0.91,0.67,0.9746,0.7958,0.9512,0.7001,0.9723,0.9739,0.9746,0.9746,0.9751,0.7729,0.9339,0.6592
0.91,0.68,0.9745,0.7942,0.951,0.6983,0.9721,0.9738,0.9745,0.9745,0.975,0.7714,0.9337,0.6572
0.91,0.69,0.9741,0.7902,0.9504,0.6936,0.9716,0.9734,0.9741,0.9741,0.9746,0.767,0.9331,0.6511
0.91,0.7,0.9742,0.7894,0.9524,0.6918,0.9717,0.9735,0.9742,0.9742,0.9747,0.7674,0.9384,0.6491
0.91,0.71,0.974,0.7876,0.9521,0.6893,0.9714,0.9732,0.974,0.974,0.9745,0.7644,0.9381,0.645
0.91,0.72,0.9737,0.7842,0.9516,0.6856,0.971,0.973,0.9737,0.9737,0.9742,0.7614,0.9377,0.641
0.91,0.73,0.9736,0.7835,0.9514,0.6846,0.9708,0.9728,0.9736,0.9736,0.9741,0.76,0.9375,0.6389
0.91,0.74,0.9738,0.7841,0.9557,0.6831,0.9711,0.9732,0.9738,0.9738,0.9743,0.7612,0.9458,0.6369
0.91,0.75,0.9738,0.7839,0.9587,0.6812,0.971,0.9732,0.9738,0.9738,0.9743,0.76,0.9512,0.6329
0.91,0.76,0.9734,0.7809,0.9584,0.677,0.9705,0.9728,0.9734,0.9734,0.974,0.7555,0.9508,0.6268
0.91,0.77,0.9729,0.775,0.9575,0.6705,0.9698,0.9723,0.9729,0.9729,0.9734,0.7494,0.9502,0.6187
0.91,0.78,0.9729,0.769,0.9618,0.6618,0.9697,0.9724,0.9729,0.9729,0.9734,0.7475,0.9587,0.6126
0.91,0.79,0.9724,0.7631,0.9611,0.655,0.969,0.9718,0.9724,0.9724,0.9729,0.7413,0.9582,0.6045
0.91,0.8,0.9724,0.7628,0.9622,0.654,0.9689,0.9719,0.9724,0.9724,0.9729,0.7406,0.9612,0.6024
0.91,0.81,0.9721,0.7598,0.9618,0.6506,0.9686,0.9716,0.9721,0.9721,0.9727,0.7375,0.9609,0.5984
0.91,0.82,0.9719,0.7583,0.9615,0.6486,0.9683,0.9713,0.9719,0.9719,0.9724,0.7343,0.9607,0.5943
0.91,0.83,0.9717,0.7557,0.9624,0.6452,0.968,0.9712,0.9717,0.9717,0.9723,0.7321,0.9636,0.5903
0.91,0.84,0.9716,0.7536,0.9656,0.6414,0.9678,0.9712,0.9716,0.9716,0.9721,0.7291,0.9697,0.5842
0.91,0.85,0.9715,0.7506,0.9655,0.6379,0.9676,0.9711,0.9715,0.9715,0.972,0.7275,0.9696,0.5822
0.91,0.86,0.9711,0.7484,0.9652,0.6349,0.9671,0.9707,0.9711,0.9711,0.9716,0.7226,0.9693,0.5761
0.91,0.87,0.9708,0.7438,0.9664,0.6288,0.9668,0.9705,0.9708,0.9708,0.9714,0.7187,0.9723,0.57
0.91,0.88,0.9701,0.7364,0.9658,0.6198,0.9658,0.9697,0.9701,0.9701,0.9706,0.7088,0.9717,0.5578
0.91,0.89,0.9697,0.7305,0.9681,0.6117,0.9652,0.9694,0.9697,0.9697,0.9702,0.7022,0.9783,0.5477
0.91,0.9,0.9689,0.7218,0.9746,0.6003,0.9641,0.9689,0.9689,0.9689,0.9693,0.6895,0.9813,0.5314
0.91,0.91,0.9682,0.7143,0.9743,0.5916,0.9632,0.9683,0.9682,0.9682,0.9686,0.6808,0.9809,0.5213
0.92,0.0,0.9667,0.6934,0.9781,0.5687,0.961,0.967,0.9667,0.9667,0.9669,0.6577,0.9799,0.4949
0.92,0.01,0.9585,0.7999,0.7758,0.8528,0.9623,0.9699,0.9585,0.9585,0.9589,0.729,0.6315,0.8621
0.92,0.02,0.9686,0.8256,0.8205,0.8448,0.97,0.9731,0.9686,0.9686,0.969,0.7776,0.721,0.8438
0.92,0.03,0.9725,0.8411,0.8511,0.8437,0.9733,0.9752,0.9725,0.9725,0.9729,0.7992,0.7624,0.8398
0.92,0.04,0.9743,0.8455,0.8587,0.8426,0.9748,0.9761,0.9743,0.9743,0.9747,0.8098,0.7837,0.8377
0.92,0.05,0.9757,0.8501,0.8691,0.841,0.976,0.977,0.9757,0.9757,0.976,0.8175,0.8,0.8357
0.92,0.06,0.9764,0.8514,0.8782,0.8352,0.9766,0.9774,0.9764,0.9764,0.9767,0.8201,0.8127,0.8276
0.92,0.07,0.9776,0.8557,0.886,0.8355,0.9776,0.9782,0.9776,0.9776,0.9779,0.8276,0.8276,0.8276
0.92,0.08,0.9776,0.8537,0.8881,0.83,0.9775,0.9781,0.9776,0.9776,0.9779,0.8265,0.8316,0.8215
0.92,0.09,0.9775,0.8451,0.8949,0.8126,0.9772,0.9777,0.9775,0.9775,0.9777,0.8232,0.8397,0.8073
0.92,0.1,0.9783,0.8477,0.9005,0.8118,0.9779,0.9783,0.9783,0.9783,0.9785,0.8279,0.8519,0.8053
0.92,0.11,0.9781,0.8434,0.9057,0.7999,0.9776,0.9779,0.9781,0.9781,0.9784,0.8245,0.8609,0.7911
0.92,0.12,0.9783,0.8432,0.9086,0.7972,0.9776,0.9779,0.9783,0.9783,0.9785,0.8247,0.8661,0.787
0.92,0.13,0.9785,0.8439,0.9108,0.7963,0.9779,0.9781,0.9785,0.9785,0.9788,0.826,0.8716,0.785
0.92,0.14,0.9786,0.8443,0.9116,0.7963,0.978,0.9782,0.9786,0.9786,0.9789,0.8269,0.8736,0.785
0.92,0.15,0.9789,0.8458,0.9152,0.7963,0.9782,0.9785,0.9789,0.9789,0.9792,0.8287,0.8776,0.785
0.92,0.16,0.9786,0.8446,0.9148,0.7943,0.9779,0.9782,0.9786,0.9786,0.9789,0.8262,0.877,0.7809
0.92,0.17,0.9788,0.8447,0.917,0.7924,0.978,0.9782,0.9788,0.9788,0.979,0.8263,0.8825,0.7769
0.92,0.18,0.9786,0.8438,0.9168,0.7908,0.9779,0.9781,0.9786,0.9786,0.9789,0.8251,0.8822,0.7748
0.92,0.19,0.979,0.8461,0.9225,0.7909,0.9782,0.9785,0.979,0.979,0.9793,0.8277,0.8884,0.7748
0.92,0.2,0.9789,0.8454,0.923,0.7889,0.9781,0.9783,0.9789,0.9789,0.9792,0.8261,0.8899,0.7708
0.92,0.21,0.979,0.8461,0.9247,0.789,0.9782,0.9785,0.979,0.979,0.9793,0.827,0.892,0.7708
0.92,0.22,0.979,0.8456,0.9254,0.7874,0.9782,0.9785,0.979,0.979,0.9793,0.8266,0.8939,0.7688
0.92,0.23,0.979,0.8456,0.9254,0.7874,0.9782,0.9785,0.979,0.979,0.9793,0.8266,0.8939,0.7688
0.92,0.24,0.9785,0.8394,0.9248,0.7783,0.9775,0.9778,0.9785,0.9785,0.9788,0.8211,0.8947,0.7586
0.92,0.25,0.9788,0.8411,0.9294,0.7783,0.9778,0.9782,0.9788,0.9788,0.979,0.8229,0.899,0.7586
0.92,0.26,0.9788,0.8411,0.9294,0.7783,0.9778,0.9782,0.9788,0.9788,0.979,0.8229,0.899,0.7586
0.92,0.27,0.9789,0.8397,0.9325,0.7749,0.9779,0.9783,0.9789,0.9789,0.9792,0.8234,0.9031,0.7566
0.92,0.28,0.9784,0.8363,0.9341,0.7685,0.9772,0.9778,0.9784,0.9784,0.9786,0.8178,0.9042,0.7465
0.92,0.29,0.9783,0.8353,0.9339,0.7669,0.9771,0.9777,0.9783,0.9783,0.9785,0.8165,0.9039,0.7444
0.92,0.3,0.978,0.8337,0.9336,0.7644,0.9768,0.9774,0.978,0.978,0.9783,0.8138,0.9035,0.7404
0.92,0.31,0.9779,0.8324,0.9334,0.7625,0.9767,0.9772,0.9779,0.9779,0.9781,0.8125,0.9032,0.7383
0.92,0.32,0.9776,0.8311,0.933,0.7605,0.9764,0.9769,0.9776,0.9776,0.9779,0.8098,0.9027,0.7343
0.92,0.33,0.9777,0.8315,0.9339,0.7606,0.9765,0.9771,0.9777,0.9777,0.978,0.8108,0.905,0.7343
0.92,0.34,0.9779,0.8318,0.9373,0.7591,0.9766,0.9772,0.9779,0.9779,0.9781,0.8112,0.9093,0.7323
0.92,0.35,0.9777,0.8304,0.9371,0.7572,0.9764,0.9771,0.9777,0.9777,0.978,0.8099,0.9091,0.7302
0.92,0.36,0.9773,0.8261,0.9366,0.7511,0.976,0.9767,0.9773,0.9773,0.9776,0.8059,0.9084,0.7241
0.92,0.37,0.9773,0.8261,0.9366,0.7511,0.976,0.9767,0.9773,0.9773,0.9776,0.8059,0.9084,0.7241
0.92,0.38,0.9773,0.8261,0.9366,0.7511,0.976,0.9767,0.9773,0.9773,0.9776,0.8059,0.9084,0.7241
0.92,0.39,0.9773,0.8261,0.9366,0.7511,0.976,0.9767,0.9773,0.9773,0.9776,0.8059,0.9084,0.7241
0.92,0.4,0.9773,0.8261,0.9366,0.7511,0.976,0.9767,0.9773,0.9773,0.9776,0.8059,0.9084,0.7241
0.92,0.41,0.9773,0.8259,0.9391,0.7496,0.976,0.9767,0.9773,0.9773,0.9776,0.8054,0.9105,0.7221
0.92,0.42,0.9773,0.8259,0.9391,0.7496,0.976,0.9767,0.9773,0.9773,0.9776,0.8054,0.9105,0.7221
0.92,0.43,0.9773,0.8259,0.9391,0.7496,0.976,0.9767,0.9773,0.9773,0.9776,0.8054,0.9105,0.7221
0.92,0.44,0.9776,0.8262,0.9437,0.7479,0.9762,0.9771,0.9776,0.9776,0.9779,0.8068,0.9173,0.7201
0.92,0.45,0.9773,0.8242,0.9433,0.7447,0.9759,0.9768,0.9773,0.9773,0.9776,0.8041,0.9169,0.716
0.92,0.46,0.9772,0.8235,0.9432,0.7437,0.9757,0.9766,0.9772,0.9772,0.9775,0.8027,0.9167,0.714
0.92,0.47,0.9773,0.8246,0.9497,0.7422,0.9758,0.9768,0.9773,0.9773,0.9776,0.8032,0.9213,0.712
0.92,0.48,0.9772,0.824,0.9495,0.7412,0.9757,0.9767,0.9772,0.9772,0.9775,0.8018,0.9211,0.7099
0.92,0.49,0.9772,0.8238,0.9503,0.7402,0.9756,0.9767,0.9772,0.9772,0.9775,0.8014,0.9233,0.7079
0.92,0.5,0.977,0.8217,0.9501,0.7374,0.9753,0.9764,0.977,0.977,0.9772,0.7986,0.9229,0.7039
0.92,0.51,0.977,0.8217,0.9501,0.7374,0.9753,0.9764,0.977,0.977,0.9772,0.7986,0.9229,0.7039
0.92,0.52,0.9771,0.8221,0.9511,0.7374,0.9755,0.9766,0.9771,0.9771,0.9773,0.7995,0.9253,0.7039
0.92,0.53,0.9772,0.8226,0.9521,0.7375,0.9756,0.9767,0.9772,0.9772,0.9775,0.8005,0.9278,0.7039
0.92,0.54,0.9771,0.8215,0.9519,0.7359,0.9754,0.9766,0.9771,0.9771,0.9773,0.7991,0.9276,0.7018
0.92,0.55,0.977,0.8187,0.9519,0.7324,0.9753,0.9764,0.977,0.977,0.9772,0.7977,0.9274,0.6998
0.92,0.56,0.9768,0.8181,0.9518,0.7314,0.9751,0.9763,0.9768,0.9768,0.9771,0.7963,0.9272,0.6978
0.92,0.57,0.9766,0.8168,0.9514,0.7294,0.9748,0.976,0.9766,0.9766,0.9768,0.7935,0.9268,0.6937
0.92,0.58,0.9768,0.8182,0.9552,0.7294,0.9751,0.9763,0.9768,0.9768,0.9771,0.7953,0.9319,0.6937
0.92,0.59,0.9762,0.8134,0.9562,0.7215,0.9743,0.9756,0.9762,0.9762,0.9764,0.7878,0.9333,0.6815
0.92,0.6,0.9762,0.8134,0.9562,0.7215,0.9743,0.9756,0.9762,0.9762,0.9764,0.7878,0.9333,0.6815
0.92,0.61,0.9758,0.8098,0.9558,0.7168,0.9738,0.9752,0.9758,0.9758,0.976,0.7835,0.9328,0.6755
0.92,0.62,0.9757,0.808,0.9587,0.7134,0.9736,0.9752,0.9757,0.9757,0.9759,0.7816,0.935,0.6714
0.92,0.63,0.9754,0.8049,0.9585,0.7098,0.9733,0.9749,0.9754,0.9754,0.9757,0.7787,0.9347,0.6673
0.92,0.64,0.975,0.8011,0.9582,0.7051,0.9728,0.9745,0.975,0.975,0.9753,0.7743,0.9341,0.6613
0.92,0.65,0.9747,0.7979,0.958,0.7014,0.9724,0.9743,0.9747,0.9747,0.975,0.7714,0.9337,0.6572
0.92,0.66,0.9747,0.7979,0.958,0.7014,0.9724,0.9743,0.9747,0.9747,0.975,0.7714,0.9337,0.6572
0.92,0.67,0.9745,0.7957,0.9577,0.6983,0.9721,0.974,0.9745,0.9745,0.9747,0.7685,0.9333,0.6531
0.92,0.68,0.9743,0.7941,0.9576,0.6965,0.9719,0.9739,0.9743,0.9743,0.9746,0.767,0.9331,0.6511
0.92,0.69,0.974,0.7901,0.9572,0.6918,0.9714,0.9735,0.974,0.974,0.9742,0.7626,0.9326,0.645
0.92,0.7,0.9741,0.7893,0.9594,0.69,0.9715,0.9736,0.9741,0.9741,0.9743,0.7629,0.9379,0.643
0.92,0.71,0.9738,0.7875,0.9591,0.6874,0.9712,0.9734,0.9738,0.9738,0.9741,0.76,0.9375,0.6389
0.92,0.72,0.9736,0.784,0.9588,0.6838,0.9708,0.9731,0.9736,0.9736,0.9738,0.757,0.9371,0.6349
0.92,0.73,0.9729,0.7805,0.958,0.6787,0.97,0.9724,0.9729,0.9729,0.9732,0.7494,0.9362,0.6247
0.92,0.74,0.9732,0.7811,0.9623,0.6773,0.9702,0.9728,0.9732,0.9732,0.9734,0.7506,0.9446,0.6227
0.92,0.75,0.9732,0.7808,0.9654,0.6753,0.9702,0.9728,0.9732,0.9732,0.9734,0.7494,0.9502,0.6187
0.92,0.76,0.9728,0.7778,0.965,0.6712,0.9697,0.9724,0.9728,0.9728,0.973,0.7448,0.9497,0.6126
0.92,0.77,0.9723,0.7718,0.9645,0.6647,0.969,0.9719,0.9723,0.9723,0.9725,0.7385,0.949,0.6045
0.92,0.78,0.9723,0.7658,0.9691,0.6559,0.9688,0.972,0.9723,0.9723,0.9725,0.7366,0.9578,0.5984
0.92,0.79,0.9717,0.7597,0.9687,0.6491,0.9681,0.9715,0.9717,0.9717,0.972,0.7302,0.9572,0.5903
0.92,0.8,0.9719,0.7602,0.9699,0.6491,0.9683,0.9717,0.9719,0.9719,0.9721,0.7312,0.9604,0.5903
0.92,0.81,0.9716,0.7571,0.9697,0.6457,0.9679,0.9714,0.9716,0.9716,0.9719,0.728,0.9601,0.5862
0.92,0.82,0.9714,0.7557,0.9695,0.6437,0.9676,0.9711,0.9714,0.9714,0.9716,0.7247,0.9599,0.5822
0.92,0.83,0.9712,0.753,0.9705,0.6404,0.9673,0.9711,0.9712,0.9712,0.9715,0.7224,0.9628,0.5781
0.92,0.84,0.9711,0.7508,0.9739,0.6366,0.9671,0.971,0.9711,0.9711,0.9714,0.7194,0.9691,0.572
0.92,0.85,0.971,0.7478,0.9739,0.6331,0.9669,0.9709,0.971,0.971,0.9712,0.7178,0.969,0.57
0.92,0.86,0.9706,0.7455,0.9735,0.63,0.9664,0.9705,0.9706,0.9706,0.9708,0.7128,0.9686,0.5639
0.92,0.87,0.9703,0.741,0.9747,0.624,0.9661,0.9703,0.9703,0.9703,0.9706,0.7088,0.9717,0.5578
0.92,0.88,0.9698,0.7351,0.9744,0.6169,0.9654,0.9698,0.9698,0.9698,0.9701,0.7021,0.9713,0.5497
0.92,0.89,0.9694,0.7291,0.9769,0.6089,0.9648,0.9695,0.9694,0.9694,0.9697,0.6954,0.9779,0.5396
0.92,0.9,0.9686,0.7197,0.979,0.5974,0.9637,0.9689,0.9686,0.9686,0.9689,0.6843,0.9811,0.5254
0.92,0.91,0.968,0.7122,0.9788,0.5888,0.9628,0.9682,0.968,0.968,0.9682,0.6755,0.9807,0.5152
0.92,0.92,0.9667,0.6934,0.9781,0.5687,0.961,0.967,0.9667,0.9667,0.9669,0.6577,0.9799,0.4949
0.93,0.0,0.9664,0.6905,0.9778,0.5659,0.9607,0.9667,0.9664,0.9664,0.9667,0.6541,0.9798,0.4909
0.93,0.01,0.9585,0.7999,0.7758,0.8528,0.9623,0.9699,0.9585,0.9585,0.9589,0.729,0.6315,0.8621
0.93,0.02,0.9686,0.8256,0.8205,0.8448,0.97,0.9731,0.9686,0.9686,0.969,0.7776,0.721,0.8438
0.93,0.03,0.9725,0.8411,0.8511,0.8437,0.9733,0.9752,0.9725,0.9725,0.9729,0.7992,0.7624,0.8398
0.93,0.04,0.9743,0.8455,0.8587,0.8426,0.9748,0.9761,0.9743,0.9743,0.9747,0.8098,0.7837,0.8377
0.93,0.05,0.9757,0.8501,0.8691,0.841,0.976,0.977,0.9757,0.9757,0.976,0.8175,0.8,0.8357
0.93,0.06,0.9764,0.8514,0.8782,0.8352,0.9766,0.9774,0.9764,0.9764,0.9767,0.8201,0.8127,0.8276
0.93,0.07,0.9776,0.8557,0.886,0.8355,0.9776,0.9782,0.9776,0.9776,0.9779,0.8276,0.8276,0.8276
0.93,0.08,0.9776,0.8537,0.8881,0.83,0.9775,0.9781,0.9776,0.9776,0.9779,0.8265,0.8316,0.8215
0.93,0.09,0.9775,0.8451,0.8949,0.8126,0.9772,0.9777,0.9775,0.9775,0.9777,0.8232,0.8397,0.8073
0.93,0.1,0.9783,0.8477,0.9005,0.8118,0.9779,0.9783,0.9783,0.9783,0.9785,0.8279,0.8519,0.8053
0.93,0.11,0.9781,0.8434,0.9057,0.7999,0.9776,0.9779,0.9781,0.9781,0.9784,0.8245,0.8609,0.7911
0.93,0.12,0.9783,0.8432,0.9086,0.7972,0.9776,0.9779,0.9783,0.9783,0.9785,0.8247,0.8661,0.787
0.93,0.13,0.9785,0.8439,0.9108,0.7963,0.9779,0.9781,0.9785,0.9785,0.9788,0.826,0.8716,0.785
0.93,0.14,0.9786,0.8443,0.9116,0.7963,0.978,0.9782,0.9786,0.9786,0.9789,0.8269,0.8736,0.785
0.93,0.15,0.9789,0.8458,0.9152,0.7963,0.9782,0.9785,0.9789,0.9789,0.9792,0.8287,0.8776,0.785
0.93,0.16,0.9786,0.8446,0.9148,0.7943,0.9779,0.9782,0.9786,0.9786,0.9789,0.8262,0.877,0.7809
0.93,0.17,0.9788,0.8447,0.917,0.7924,0.978,0.9782,0.9788,0.9788,0.979,0.8263,0.8825,0.7769
0.93,0.18,0.9786,0.8438,0.9168,0.7908,0.9779,0.9781,0.9786,0.9786,0.9789,0.8251,0.8822,0.7748
0.93,0.19,0.979,0.8461,0.9225,0.7909,0.9782,0.9785,0.979,0.979,0.9793,0.8277,0.8884,0.7748
0.93,0.2,0.9789,0.8454,0.923,0.7889,0.9781,0.9783,0.9789,0.9789,0.9792,0.8261,0.8899,0.7708
0.93,0.21,0.979,0.8461,0.9247,0.789,0.9782,0.9785,0.979,0.979,0.9793,0.827,0.892,0.7708
0.93,0.22,0.979,0.8456,0.9254,0.7874,0.9782,0.9785,0.979,0.979,0.9793,0.8266,0.8939,0.7688
0.93,0.23,0.979,0.8456,0.9254,0.7874,0.9782,0.9785,0.979,0.979,0.9793,0.8266,0.8939,0.7688
0.93,0.24,0.9785,0.8394,0.9248,0.7783,0.9775,0.9778,0.9785,0.9785,0.9788,0.8211,0.8947,0.7586
0.93,0.25,0.9788,0.8411,0.9294,0.7783,0.9778,0.9782,0.9788,0.9788,0.979,0.8229,0.899,0.7586
0.93,0.26,0.9788,0.8411,0.9294,0.7783,0.9778,0.9782,0.9788,0.9788,0.979,0.8229,0.899,0.7586
0.93,0.27,0.9789,0.8397,0.9325,0.7749,0.9779,0.9783,0.9789,0.9789,0.9792,0.8234,0.9031,0.7566
0.93,0.28,0.9784,0.8363,0.9341,0.7685,0.9772,0.9778,0.9784,0.9784,0.9786,0.8178,0.9042,0.7465
0.93,0.29,0.9783,0.8353,0.9339,0.7669,0.9771,0.9777,0.9783,0.9783,0.9785,0.8165,0.9039,0.7444
0.93,0.3,0.978,0.8337,0.9336,0.7644,0.9768,0.9774,0.978,0.978,0.9783,0.8138,0.9035,0.7404
0.93,0.31,0.9779,0.8324,0.9334,0.7625,0.9767,0.9772,0.9779,0.9779,0.9781,0.8125,0.9032,0.7383
0.93,0.32,0.9776,0.8311,0.933,0.7605,0.9764,0.9769,0.9776,0.9776,0.9779,0.8098,0.9027,0.7343
0.93,0.33,0.9777,0.8315,0.9339,0.7606,0.9765,0.9771,0.9777,0.9777,0.978,0.8108,0.905,0.7343
0.93,0.34,0.9779,0.8318,0.9373,0.7591,0.9766,0.9772,0.9779,0.9779,0.9781,0.8112,0.9093,0.7323
0.93,0.35,0.9777,0.8304,0.9371,0.7572,0.9764,0.9771,0.9777,0.9777,0.978,0.8099,0.9091,0.7302
0.93,0.36,0.9773,0.8261,0.9366,0.7511,0.976,0.9767,0.9773,0.9773,0.9776,0.8059,0.9084,0.7241
0.93,0.37,0.9773,0.8261,0.9366,0.7511,0.976,0.9767,0.9773,0.9773,0.9776,0.8059,0.9084,0.7241
0.93,0.38,0.9773,0.8261,0.9366,0.7511,0.976,0.9767,0.9773,0.9773,0.9776,0.8059,0.9084,0.7241
0.93,0.39,0.9773,0.8261,0.9366,0.7511,0.976,0.9767,0.9773,0.9773,0.9776,0.8059,0.9084,0.7241
0.93,0.4,0.9773,0.8261,0.9366,0.7511,0.976,0.9767,0.9773,0.9773,0.9776,0.8059,0.9084,0.7241
0.93,0.41,0.9773,0.8259,0.9391,0.7496,0.976,0.9767,0.9773,0.9773,0.9776,0.8054,0.9105,0.7221
0.93,0.42,0.9773,0.8259,0.9391,0.7496,0.976,0.9767,0.9773,0.9773,0.9776,0.8054,0.9105,0.7221
0.93,0.43,0.9773,0.8259,0.9391,0.7496,0.976,0.9767,0.9773,0.9773,0.9776,0.8054,0.9105,0.7221
0.93,0.44,0.9776,0.8262,0.9437,0.7479,0.9762,0.9771,0.9776,0.9776,0.9779,0.8068,0.9173,0.7201
0.93,0.45,0.9773,0.8242,0.9433,0.7447,0.9759,0.9768,0.9773,0.9773,0.9776,0.8041,0.9169,0.716
0.93,0.46,0.9772,0.8235,0.9432,0.7437,0.9757,0.9766,0.9772,0.9772,0.9775,0.8027,0.9167,0.714
0.93,0.47,0.9773,0.8246,0.9497,0.7422,0.9758,0.9768,0.9773,0.9773,0.9776,0.8032,0.9213,0.712
0.93,0.48,0.9772,0.824,0.9495,0.7412,0.9757,0.9767,0.9772,0.9772,0.9775,0.8018,0.9211,0.7099
0.93,0.49,0.9772,0.8238,0.9503,0.7402,0.9756,0.9767,0.9772,0.9772,0.9775,0.8014,0.9233,0.7079
0.93,0.5,0.977,0.8217,0.9501,0.7374,0.9753,0.9764,0.977,0.977,0.9772,0.7986,0.9229,0.7039
0.93,0.51,0.977,0.8217,0.9501,0.7374,0.9753,0.9764,0.977,0.977,0.9772,0.7986,0.9229,0.7039
0.93,0.52,0.9771,0.8221,0.9511,0.7374,0.9755,0.9766,0.9771,0.9771,0.9773,0.7995,0.9253,0.7039
0.93,0.53,0.9772,0.8226,0.9521,0.7375,0.9756,0.9767,0.9772,0.9772,0.9775,0.8005,0.9278,0.7039
0.93,0.54,0.9771,0.8215,0.9519,0.7359,0.9754,0.9766,0.9771,0.9771,0.9773,0.7991,0.9276,0.7018
0.93,0.55,0.977,0.8187,0.9519,0.7324,0.9753,0.9764,0.977,0.977,0.9772,0.7977,0.9274,0.6998
0.93,0.56,0.9768,0.8181,0.9518,0.7314,0.9751,0.9763,0.9768,0.9768,0.9771,0.7963,0.9272,0.6978
0.93,0.57,0.9766,0.8168,0.9514,0.7294,0.9748,0.976,0.9766,0.9766,0.9768,0.7935,0.9268,0.6937
0.93,0.58,0.9768,0.8182,0.9552,0.7294,0.9751,0.9763,0.9768,0.9768,0.9771,0.7953,0.9319,0.6937
0.93,0.59,0.9762,0.8134,0.9562,0.7215,0.9743,0.9756,0.9762,0.9762,0.9764,0.7878,0.9333,0.6815
0.93,0.6,0.9762,0.8134,0.9562,0.7215,0.9743,0.9756,0.9762,0.9762,0.9764,0.7878,0.9333,0.6815
0.93,0.61,0.9758,0.8098,0.9558,0.7168,0.9738,0.9752,0.9758,0.9758,0.976,0.7835,0.9328,0.6755
0.93,0.62,0.9757,0.808,0.9587,0.7134,0.9736,0.9752,0.9757,0.9757,0.9759,0.7816,0.935,0.6714
0.93,0.63,0.9754,0.8049,0.9585,0.7098,0.9733,0.9749,0.9754,0.9754,0.9757,0.7787,0.9347,0.6673
0.93,0.64,0.975,0.8011,0.9582,0.7051,0.9728,0.9745,0.975,0.975,0.9753,0.7743,0.9341,0.6613
0.93,0.65,0.9747,0.7979,0.958,0.7014,0.9724,0.9743,0.9747,0.9747,0.975,0.7714,0.9337,0.6572
0.93,0.66,0.9747,0.7979,0.958,0.7014,0.9724,0.9743,0.9747,0.9747,0.975,0.7714,0.9337,0.6572
0.93,0.67,0.9745,0.7957,0.9577,0.6983,0.9721,0.974,0.9745,0.9745,0.9747,0.7685,0.9333,0.6531
0.93,0.68,0.9743,0.7941,0.9576,0.6965,0.9719,0.9739,0.9743,0.9743,0.9746,0.767,0.9331,0.6511
0.93,0.69,0.974,0.7901,0.9572,0.6918,0.9714,0.9735,0.974,0.974,0.9742,0.7626,0.9326,0.645
0.93,0.7,0.9741,0.7893,0.9594,0.69,0.9715,0.9736,0.9741,0.9741,0.9743,0.7629,0.9379,0.643
0.93,0.71,0.9738,0.7875,0.9591,0.6874,0.9712,0.9734,0.9738,0.9738,0.9741,0.76,0.9375,0.6389
0.93,0.72,0.9736,0.784,0.9588,0.6838,0.9708,0.9731,0.9736,0.9736,0.9738,0.757,0.9371,0.6349
0.93,0.73,0.9729,0.7805,0.958,0.6787,0.97,0.9724,0.9729,0.9729,0.9732,0.7494,0.9362,0.6247
0.93,0.74,0.9732,0.7811,0.9623,0.6773,0.9702,0.9728,0.9732,0.9732,0.9734,0.7506,0.9446,0.6227
0.93,0.75,0.9732,0.7808,0.9654,0.6753,0.9702,0.9728,0.9732,0.9732,0.9734,0.7494,0.9502,0.6187
0.93,0.76,0.9728,0.7778,0.965,0.6712,0.9697,0.9724,0.9728,0.9728,0.973,0.7448,0.9497,0.6126
0.93,0.77,0.9723,0.7718,0.9645,0.6647,0.969,0.9719,0.9723,0.9723,0.9725,0.7385,0.949,0.6045
0.93,0.78,0.9723,0.7658,0.9691,0.6559,0.9688,0.972,0.9723,0.9723,0.9725,0.7366,0.9578,0.5984
0.93,0.79,0.9717,0.7597,0.9687,0.6491,0.9681,0.9715,0.9717,0.9717,0.972,0.7302,0.9572,0.5903
0.93,0.8,0.9719,0.7602,0.9699,0.6491,0.9683,0.9717,0.9719,0.9719,0.9721,0.7312,0.9604,0.5903
0.93,0.81,0.9716,0.7571,0.9697,0.6457,0.9679,0.9714,0.9716,0.9716,0.9719,0.728,0.9601,0.5862
0.93,0.82,0.9714,0.7557,0.9695,0.6437,0.9676,0.9711,0.9714,0.9714,0.9716,0.7247,0.9599,0.5822
0.93,0.83,0.9712,0.753,0.9705,0.6404,0.9673,0.9711,0.9712,0.9712,0.9715,0.7224,0.9628,0.5781
0.93,0.84,0.9711,0.7508,0.9739,0.6366,0.9671,0.971,0.9711,0.9711,0.9714,0.7194,0.9691,0.572
0.93,0.85,0.971,0.7478,0.9739,0.6331,0.9669,0.9709,0.971,0.971,0.9712,0.7178,0.969,0.57
0.93,0.86,0.9706,0.7455,0.9735,0.63,0.9664,0.9705,0.9706,0.9706,0.9708,0.7128,0.9686,0.5639
0.93,0.87,0.9703,0.741,0.9747,0.624,0.9661,0.9703,0.9703,0.9703,0.9706,0.7088,0.9717,0.5578
0.93,0.88,0.9698,0.7351,0.9744,0.6169,0.9654,0.9698,0.9698,0.9698,0.9701,0.7021,0.9713,0.5497
0.93,0.89,0.9694,0.7291,0.9769,0.6089,0.9648,0.9695,0.9694,0.9694,0.9697,0.6954,0.9779,0.5396
0.93,0.9,0.9686,0.7197,0.979,0.5974,0.9637,0.9689,0.9686,0.9686,0.9689,0.6843,0.9811,0.5254
0.93,0.91,0.968,0.7122,0.9788,0.5888,0.9628,0.9682,0.968,0.968,0.9682,0.6755,0.9807,0.5152
0.93,0.92,0.9667,0.6934,0.9781,0.5687,0.961,0.967,0.9667,0.9667,0.9669,0.6577,0.9799,0.4949
0.93,0.93,0.9664,0.6905,0.9778,0.5659,0.9607,0.9667,0.9664,0.9664,0.9667,0.6541,0.9798,0.4909
0.94,0.0,0.965,0.6707,0.9771,0.5459,0.9586,0.9654,0.965,0.965,0.9652,0.6337,0.9788,0.4686
0.94,0.01,0.9582,0.7943,0.7773,0.8423,0.9619,0.9696,0.9582,0.9582,0.9586,0.7263,0.6308,0.856
0.94,0.02,0.9684,0.82,0.8231,0.8343,0.9697,0.9728,0.9684,0.9684,0.9688,0.7749,0.7208,0.8377
0.94,0.03,0.9717,0.829,0.8525,0.8223,0.9723,0.9742,0.9717,0.9717,0.9721,0.791,0.7627,0.8215
0.94,0.04,0.9736,0.8333,0.8601,0.8211,0.9738,0.9751,0.9736,0.9736,0.974,0.8016,0.7845,0.8195
0.94,0.05,0.9747,0.8372,0.8693,0.8196,0.9748,0.9759,0.9747,0.9747,0.9751,0.8084,0.7996,0.8174
0.94,0.06,0.9755,0.8384,0.8786,0.8137,0.9754,0.9763,0.9755,0.9755,0.9758,0.811,0.8126,0.8093
0.94,0.07,0.9766,0.8418,0.8849,0.814,0.9764,0.977,0.9766,0.9766,0.9768,0.8176,0.8261,0.8093
0.94,0.08,0.9766,0.8397,0.8869,0.8085,0.9763,0.9769,0.9766,0.9766,0.9768,0.8165,0.8302,0.8032
0.94,0.09,0.9764,0.8304,0.8939,0.7911,0.9759,0.9765,0.9764,0.9764,0.9767,0.813,0.8384,0.789
0.94,0.1,0.9772,0.833,0.8996,0.7903,0.9766,0.9771,0.9772,0.9772,0.9775,0.8177,0.8509,0.787
0.94,0.11,0.9771,0.8282,0.9049,0.7784,0.9763,0.9767,0.9771,0.9771,0.9773,0.8141,0.86,0.7728
0.94,0.12,0.9773,0.8292,0.9083,0.7775,0.9765,0.9769,0.9773,0.9773,0.9776,0.8155,0.8656,0.7708
0.94,0.13,0.9776,0.8299,0.9105,0.7766,0.9767,0.9771,0.9776,0.9776,0.9779,0.8168,0.8713,0.7688
0.94,0.14,0.9777,0.8304,0.9113,0.7766,0.9768,0.9772,0.9777,0.9777,0.978,0.8177,0.8733,0.7688
0.94,0.15,0.978,0.8319,0.9151,0.7767,0.9771,0.9775,0.978,0.978,0.9783,0.8195,0.8773,0.7688
0.94,0.16,0.9777,0.8307,0.9147,0.7747,0.9768,0.9772,0.9777,0.9777,0.978,0.8169,0.8767,0.7647
0.94,0.17,0.9779,0.8308,0.9168,0.7727,0.9769,0.9772,0.9779,0.9779,0.9781,0.817,0.8824,0.7606
0.94,0.18,0.9777,0.8299,0.9167,0.7712,0.9767,0.9771,0.9777,0.9777,0.978,0.8157,0.8821,0.7586
0.94,0.19,0.9781,0.8322,0.9228,0.7713,0.9771,0.9776,0.9781,0.9781,0.9784,0.8184,0.8884,0.7586
0.94,0.2,0.978,0.8314,0.9233,0.7693,0.9769,0.9774,0.978,0.978,0.9783,0.8167,0.89,0.7546
0.94,0.21,0.9781,0.8321,0.9249,0.7693,0.9771,0.9775,0.9781,0.9781,0.9784,0.8176,0.8921,0.7546
0.94,0.22,0.9781,0.8316,0.9256,0.7678,0.977,0.9775,0.9781,0.9781,0.9784,0.8172,0.894,0.7525
0.94,0.23,0.9781,0.8316,0.9256,0.7678,0.977,0.9775,0.9781,0.9781,0.9784,0.8172,0.894,0.7525
0.94,0.24,0.9776,0.8251,0.925,0.7586,0.9763,0.9769,0.9776,0.9776,0.9779,0.8115,0.8949,0.7424
0.94,0.25,0.9777,0.8259,0.9274,0.7586,0.9765,0.9771,0.9777,0.9777,0.978,0.8124,0.8971,0.7424
0.94,0.26,0.9777,0.8259,0.9274,0.7586,0.9765,0.9771,0.9777,0.9777,0.978,0.8124,0.8971,0.7424
0.94,0.27,0.9779,0.8243,0.9307,0.7552,0.9765,0.9772,0.9779,0.9779,0.9781,0.8129,0.9012,0.7404
0.94,0.28,0.9773,0.8209,0.9324,0.7488,0.9759,0.9767,0.9773,0.9773,0.9776,0.8072,0.9023,0.7302
0.94,0.29,0.9772,0.8199,0.9322,0.7472,0.9758,0.9766,0.9772,0.9772,0.9775,0.8058,0.902,0.7282
0.94,0.3,0.977,0.8183,0.9319,0.7447,0.9755,0.9763,0.977,0.977,0.9772,0.8031,0.9015,0.7241
0.94,0.31,0.9768,0.8168,0.9316,0.7428,0.9753,0.9761,0.9768,0.9768,0.9771,0.8018,0.9013,0.7221
0.94,0.32,0.9766,0.8156,0.9313,0.7408,0.975,0.9758,0.9766,0.9766,0.9768,0.7991,0.9008,0.7181
0.94,0.33,0.9767,0.816,0.9322,0.7409,0.9752,0.976,0.9767,0.9767,0.977,0.8,0.9031,0.7181
0.94,0.34,0.9768,0.8163,0.9357,0.7394,0.9753,0.9762,0.9768,0.9768,0.9771,0.8005,0.9075,0.716
0.94,0.35,0.9767,0.8148,0.9355,0.7375,0.9751,0.976,0.9767,0.9767,0.977,0.7991,0.9072,0.714
0.94,0.36,0.9763,0.8103,0.935,0.7314,0.9746,0.9756,0.9763,0.9763,0.9766,0.795,0.9065,0.7079
0.94,0.37,0.9763,0.8103,0.935,0.7314,0.9746,0.9756,0.9763,0.9763,0.9766,0.795,0.9065,0.7079
0.94,0.38,0.9763,0.8103,0.935,0.7314,0.9746,0.9756,0.9763,0.9763,0.9766,0.795,0.9065,0.7079
0.94,0.39,0.9763,0.8103,0.935,0.7314,0.9746,0.9756,0.9763,0.9763,0.9766,0.795,0.9065,0.7079
0.94,0.4,0.9763,0.8103,0.935,0.7314,0.9746,0.9756,0.9763,0.9763,0.9766,0.795,0.9065,0.7079
0.94,0.41,0.9763,0.8101,0.9377,0.7299,0.9746,0.9757,0.9763,0.9763,0.9766,0.7945,0.9086,0.7059
0.94,0.42,0.9763,0.8101,0.9377,0.7299,0.9746,0.9757,0.9763,0.9763,0.9766,0.7945,0.9086,0.7059
0.94,0.43,0.9763,0.8101,0.9377,0.7299,0.9746,0.9757,0.9763,0.9763,0.9766,0.7945,0.9086,0.7059
0.94,0.44,0.9766,0.8103,0.9425,0.7282,0.9748,0.976,0.9766,0.9766,0.9768,0.7959,0.9156,0.7039
0.94,0.45,0.9763,0.8083,0.9421,0.725,0.9745,0.9757,0.9763,0.9763,0.9766,0.7931,0.9151,0.6998
0.94,0.46,0.9762,0.8076,0.9419,0.724,0.9744,0.9756,0.9762,0.9762,0.9764,0.7917,0.9149,0.6978
0.94,0.47,0.9763,0.8087,0.949,0.7225,0.9745,0.9758,0.9763,0.9763,0.9766,0.7921,0.9196,0.6957
0.94,0.48,0.9762,0.808,0.9488,0.7215,0.9743,0.9757,0.9762,0.9762,0.9764,0.7908,0.9194,0.6937
0.94,0.49,0.9762,0.8078,0.9497,0.7205,0.9743,0.9757,0.9762,0.9762,0.9764,0.7903,0.9216,0.6917
0.94,0.5,0.9759,0.8057,0.9494,0.7177,0.974,0.9754,0.9759,0.9759,0.9762,0.7875,0.9212,0.6876
0.94,0.51,0.9759,0.8057,0.9494,0.7177,0.974,0.9754,0.9759,0.9759,0.9762,0.7875,0.9212,0.6876
0.94,0.52,0.976,0.8061,0.9504,0.7177,0.9741,0.9755,0.976,0.976,0.9763,0.7884,0.9237,0.6876
0.94,0.53,0.9762,0.8066,0.9514,0.7178,0.9742,0.9757,0.9762,0.9762,0.9764,0.7893,0.9262,0.6876
0.94,0.54,0.976,0.8055,0.9512,0.7162,0.9741,0.9755,0.976,0.976,0.9763,0.7879,0.926,0.6856
0.94,0.55,0.9759,0.8025,0.9512,0.7127,0.9739,0.9754,0.9759,0.9759,0.9762,0.7865,0.9258,0.6836
0.94,0.56,0.9758,0.8019,0.9511,0.7117,0.9738,0.9752,0.9758,0.9758,0.976,0.785,0.9256,0.6815
0.94,0.57,0.9755,0.8006,0.9507,0.7097,0.9735,0.975,0.9755,0.9755,0.9758,0.7822,0.9252,0.6775
0.94,0.58,0.9758,0.802,0.9545,0.7097,0.9737,0.9753,0.9758,0.9758,0.976,0.784,0.9304,0.6775
0.94,0.59,0.9751,0.7971,0.9555,0.7018,0.9729,0.9746,0.9751,0.9751,0.9754,0.7763,0.9318,0.6653
0.94,0.6,0.9751,0.7971,0.9555,0.7018,0.9729,0.9746,0.9751,0.9751,0.9754,0.7763,0.9318,0.6653
0.94,0.61,0.9749,0.7949,0.9552,0.6989,0.9726,0.9743,0.9749,0.9749,0.9751,0.7734,0.9314,0.6613
0.94,0.62,0.9747,0.793,0.9582,0.6956,0.9724,0.9743,0.9747,0.9747,0.975,0.7714,0.9337,0.6572
0.94,0.63,0.9745,0.7898,0.9581,0.6919,0.972,0.9741,0.9745,0.9745,0.9747,0.7685,0.9333,0.6531
0.94,0.64,0.9741,0.7858,0.9577,0.6872,0.9715,0.9736,0.9741,0.9741,0.9743,0.7641,0.9327,0.6471
0.94,0.65,0.9738,0.7825,0.9575,0.6835,0.9712,0.9734,0.9738,0.9738,0.9741,0.7611,0.9324,0.643
0.94,0.66,0.9738,0.7825,0.9575,0.6835,0.9712,0.9734,0.9738,0.9738,0.9741,0.7611,0.9324,0.643
0.94,0.67,0.9736,0.7803,0.9572,0.6804,0.9709,0.9731,0.9736,0.9736,0.9738,0.7581,0.932,0.6389
0.94,0.68,0.9734,0.7785,0.9571,0.6786,0.9707,0.973,0.9734,0.9734,0.9737,0.7566,0.9318,0.6369
0.94,0.69,0.973,0.7744,0.9568,0.6739,0.9702,0.9726,0.973,0.973,0.9733,0.7521,0.9311,0.6308
0.94,0.7,0.9732,0.7735,0.9589,0.6721,0.9702,0.9728,0.9732,0.9732,0.9734,0.7524,0.9366,0.6288
0.94,0.71,0.9729,0.7717,0.9585,0.6696,0.9699,0.9725,0.9729,0.9729,0.9732,0.7494,0.9362,0.6247
0.94,0.72,0.9729,0.7717,0.9585,0.6696,0.9699,0.9725,0.9729,0.9729,0.9732,0.7494,0.9362,0.6247
0.94,0.73,0.9723,0.7682,0.9577,0.6645,0.9691,0.9718,0.9723,0.9723,0.9725,0.7417,0.9352,0.6146
0.94,0.74,0.9725,0.7687,0.962,0.6631,0.9694,0.9721,0.9725,0.9725,0.9728,0.7429,0.9437,0.6126
0.94,0.75,0.9725,0.7685,0.9651,0.6611,0.9693,0.9722,0.9725,0.9725,0.9728,0.7417,0.9494,0.6085
0.94,0.76,0.9721,0.7655,0.9647,0.657,0.9688,0.9718,0.9721,0.9721,0.9724,0.737,0.9489,0.6024
0.94,0.77,0.9717,0.7611,0.9643,0.6523,0.9683,0.9714,0.9717,0.9717,0.972,0.7323,0.9484,0.5963
0.94,0.78,0.9719,0.7579,0.9689,0.647,0.9683,0.9716,0.9719,0.9719,0.9721,0.7318,0.9574,0.5923
0.94,0.79,0.9712,0.7506,0.9684,0.6387,0.9674,0.971,0.9712,0.9712,0.9715,0.7238,0.9567,0.5822
0.94,0.8,0.9714,0.7511,0.9697,0.6387,0.9675,0.9712,0.9714,0.9714,0.9716,0.7247,0.9599,0.5822
0.94,0.81,0.9711,0.748,0.9694,0.6353,0.9672,0.9709,0.9711,0.9711,0.9714,0.7215,0.9596,0.5781
0.94,0.82,0.9708,0.7465,0.9692,0.6333,0.9669,0.9706,0.9708,0.9708,0.9711,0.7183,0.9593,0.574
0.94,0.83,0.9707,0.7438,0.9703,0.6299,0.9666,0.9706,0.9707,0.9707,0.971,0.7159,0.9623,0.57
0.94,0.84,0.9706,0.7415,0.9736,0.6261,0.9664,0.9705,0.9706,0.9706,0.9708,0.7128,0.9686,0.5639
0.94,0.85,0.9704,0.7384,0.9736,0.6226,0.9662,0.9704,0.9704,0.9704,0.9707,0.7112,0.9685,0.5619
0.94,0.86,0.9701,0.7362,0.9732,0.6196,0.9657,0.97,0.9701,0.9701,0.9703,0.7062,0.9682,0.5558
0.94,0.87,0.9698,0.7314,0.9744,0.6136,0.9653,0.9698,0.9698,0.9698,0.9701,0.7021,0.9713,0.5497
0.94,0.88,0.9693,0.7254,0.9741,0.6065,0.9647,0.9693,0.9693,0.9693,0.9695,0.6953,0.9709,0.5416
0.94,0.89,0.9689,0.7193,0.9766,0.5985,0.964,0.969,0.9689,0.9689,0.9691,0.6886,0.9776,0.5314
0.94,0.9,0.9681,0.7097,0.9788,0.587,0.9629,0.9684,0.9681,0.9681,0.9684,0.6773,0.9808,0.5172
0.94,0.91,0.9674,0.702,0.9785,0.5784,0.9621,0.9677,0.9674,0.9674,0.9677,0.6684,0.9804,0.5071
0.94,0.92,0.9663,0.6863,0.9779,0.5618,0.9605,0.9666,0.9663,0.9663,0.9665,0.6522,0.9797,0.4888
0.94,0.93,0.966,0.6834,0.9776,0.559,0.9601,0.9663,0.966,0.966,0.9663,0.6486,0.9795,0.4848
0.94,0.94,0.965,0.6707,0.9771,0.5459,0.9586,0.9654,0.965,0.965,0.9652,0.6337,0.9788,0.4686
0.95,0.0,0.9638,0.6585,0.9761,0.5335,0.9569,0.9642,0.9638,0.9638,0.9641,0.6167,0.978,0.4503
0.95,0.01,0.9582,0.7943,0.7773,0.8423,0.9619,0.9696,0.9582,0.9582,0.9586,0.7263,0.6308,0.856
0.95,0.02,0.9684,0.82,0.8231,0.8343,0.9697,0.9728,0.9684,0.9684,0.9688,0.7749,0.7208,0.8377
0.95,0.03,0.9717,0.829,0.8525,0.8223,0.9723,0.9742,0.9717,0.9717,0.9721,0.791,0.7627,0.8215
0.95,0.04,0.9736,0.8333,0.8601,0.8211,0.9738,0.9751,0.9736,0.9736,0.974,0.8016,0.7845,0.8195
0.95,0.05,0.9747,0.8372,0.8693,0.8196,0.9748,0.9759,0.9747,0.9747,0.9751,0.8084,0.7996,0.8174
0.95,0.06,0.9755,0.8384,0.8786,0.8137,0.9754,0.9763,0.9755,0.9755,0.9758,0.811,0.8126,0.8093
0.95,0.07,0.9766,0.8418,0.8849,0.814,0.9764,0.977,0.9766,0.9766,0.9768,0.8176,0.8261,0.8093
0.95,0.08,0.9766,0.8397,0.8869,0.8085,0.9763,0.9769,0.9766,0.9766,0.9768,0.8165,0.8302,0.8032
0.95,0.09,0.9764,0.8304,0.8939,0.7911,0.9759,0.9765,0.9764,0.9764,0.9767,0.813,0.8384,0.789
0.95,0.1,0.9772,0.833,0.8996,0.7903,0.9766,0.9771,0.9772,0.9772,0.9775,0.8177,0.8509,0.787
0.95,0.11,0.9771,0.8282,0.9049,0.7784,0.9763,0.9767,0.9771,0.9771,0.9773,0.8141,0.86,0.7728
0.95,0.12,0.9773,0.8292,0.9083,0.7775,0.9765,0.9769,0.9773,0.9773,0.9776,0.8155,0.8656,0.7708
0.95,0.13,0.9776,0.8299,0.9105,0.7766,0.9767,0.9771,0.9776,0.9776,0.9779,0.8168,0.8713,0.7688
0.95,0.14,0.9777,0.8304,0.9113,0.7766,0.9768,0.9772,0.9777,0.9777,0.978,0.8177,0.8733,0.7688
0.95,0.15,0.978,0.8319,0.9151,0.7767,0.9771,0.9775,0.978,0.978,0.9783,0.8195,0.8773,0.7688
0.95,0.16,0.9777,0.8307,0.9147,0.7747,0.9768,0.9772,0.9777,0.9777,0.978,0.8169,0.8767,0.7647
0.95,0.17,0.9779,0.8308,0.9168,0.7727,0.9769,0.9772,0.9779,0.9779,0.9781,0.817,0.8824,0.7606
0.95,0.18,0.9777,0.8299,0.9167,0.7712,0.9767,0.9771,0.9777,0.9777,0.978,0.8157,0.8821,0.7586
0.95,0.19,0.9781,0.8322,0.9228,0.7713,0.9771,0.9776,0.9781,0.9781,0.9784,0.8184,0.8884,0.7586
0.95,0.2,0.978,0.8314,0.9233,0.7693,0.9769,0.9774,0.978,0.978,0.9783,0.8167,0.89,0.7546
0.95,0.21,0.9781,0.8321,0.9249,0.7693,0.9771,0.9775,0.9781,0.9781,0.9784,0.8176,0.8921,0.7546
0.95,0.22,0.9781,0.8316,0.9256,0.7678,0.977,0.9775,0.9781,0.9781,0.9784,0.8172,0.894,0.7525
0.95,0.23,0.9781,0.8316,0.9256,0.7678,0.977,0.9775,0.9781,0.9781,0.9784,0.8172,0.894,0.7525
0.95,0.24,0.9776,0.8251,0.925,0.7586,0.9763,0.9769,0.9776,0.9776,0.9779,0.8115,0.8949,0.7424
0.95,0.25,0.9777,0.8259,0.9274,0.7586,0.9765,0.9771,0.9777,0.9777,0.978,0.8124,0.8971,0.7424
0.95,0.26,0.9777,0.8259,0.9274,0.7586,0.9765,0.9771,0.9777,0.9777,0.978,0.8124,0.8971,0.7424
0.95,0.27,0.9779,0.8243,0.9307,0.7552,0.9765,0.9772,0.9779,0.9779,0.9781,0.8129,0.9012,0.7404
0.95,0.28,0.9773,0.8209,0.9324,0.7488,0.9759,0.9767,0.9773,0.9773,0.9776,0.8072,0.9023,0.7302
0.95,0.29,0.9772,0.8199,0.9322,0.7472,0.9758,0.9766,0.9772,0.9772,0.9775,0.8058,0.902,0.7282
0.95,0.3,0.977,0.8183,0.9319,0.7447,0.9755,0.9763,0.977,0.977,0.9772,0.8031,0.9015,0.7241
0.95,0.31,0.9768,0.8168,0.9316,0.7428,0.9753,0.9761,0.9768,0.9768,0.9771,0.8018,0.9013,0.7221
0.95,0.32,0.9766,0.8156,0.9313,0.7408,0.975,0.9758,0.9766,0.9766,0.9768,0.7991,0.9008,0.7181
0.95,0.33,0.9767,0.816,0.9322,0.7409,0.9752,0.976,0.9767,0.9767,0.977,0.8,0.9031,0.7181
0.95,0.34,0.9768,0.8163,0.9357,0.7394,0.9753,0.9762,0.9768,0.9768,0.9771,0.8005,0.9075,0.716
0.95,0.35,0.9767,0.8148,0.9355,0.7375,0.9751,0.976,0.9767,0.9767,0.977,0.7991,0.9072,0.714
0.95,0.36,0.9763,0.8103,0.935,0.7314,0.9746,0.9756,0.9763,0.9763,0.9766,0.795,0.9065,0.7079
0.95,0.37,0.9763,0.8103,0.935,0.7314,0.9746,0.9756,0.9763,0.9763,0.9766,0.795,0.9065,0.7079
0.95,0.38,0.9763,0.8103,0.935,0.7314,0.9746,0.9756,0.9763,0.9763,0.9766,0.795,0.9065,0.7079
0.95,0.39,0.9763,0.8103,0.935,0.7314,0.9746,0.9756,0.9763,0.9763,0.9766,0.795,0.9065,0.7079
0.95,0.4,0.9763,0.8103,0.935,0.7314,0.9746,0.9756,0.9763,0.9763,0.9766,0.795,0.9065,0.7079
0.95,0.41,0.9763,0.8101,0.9377,0.7299,0.9746,0.9757,0.9763,0.9763,0.9766,0.7945,0.9086,0.7059
0.95,0.42,0.9763,0.8101,0.9377,0.7299,0.9746,0.9757,0.9763,0.9763,0.9766,0.7945,0.9086,0.7059
0.95,0.43,0.9763,0.8101,0.9377,0.7299,0.9746,0.9757,0.9763,0.9763,0.9766,0.7945,0.9086,0.7059
0.95,0.44,0.9766,0.8103,0.9425,0.7282,0.9748,0.976,0.9766,0.9766,0.9768,0.7959,0.9156,0.7039
0.95,0.45,0.9763,0.8083,0.9421,0.725,0.9745,0.9757,0.9763,0.9763,0.9766,0.7931,0.9151,0.6998
0.95,0.46,0.9762,0.8076,0.9419,0.724,0.9744,0.9756,0.9762,0.9762,0.9764,0.7917,0.9149,0.6978
0.95,0.47,0.9763,0.8087,0.949,0.7225,0.9745,0.9758,0.9763,0.9763,0.9766,0.7921,0.9196,0.6957
0.95,0.48,0.9762,0.808,0.9488,0.7215,0.9743,0.9757,0.9762,0.9762,0.9764,0.7908,0.9194,0.6937
0.95,0.49,0.9762,0.8078,0.9497,0.7205,0.9743,0.9757,0.9762,0.9762,0.9764,0.7903,0.9216,0.6917
0.95,0.5,0.9759,0.8057,0.9494,0.7177,0.974,0.9754,0.9759,0.9759,0.9762,0.7875,0.9212,0.6876
0.95,0.51,0.9759,0.8057,0.9494,0.7177,0.974,0.9754,0.9759,0.9759,0.9762,0.7875,0.9212,0.6876
0.95,0.52,0.976,0.8061,0.9504,0.7177,0.9741,0.9755,0.976,0.976,0.9763,0.7884,0.9237,0.6876
0.95,0.53,0.9762,0.8066,0.9514,0.7178,0.9742,0.9757,0.9762,0.9762,0.9764,0.7893,0.9262,0.6876
0.95,0.54,0.976,0.8055,0.9512,0.7162,0.9741,0.9755,0.976,0.976,0.9763,0.7879,0.926,0.6856
0.95,0.55,0.9759,0.8025,0.9512,0.7127,0.9739,0.9754,0.9759,0.9759,0.9762,0.7865,0.9258,0.6836
0.95,0.56,0.9758,0.8019,0.9511,0.7117,0.9738,0.9752,0.9758,0.9758,0.976,0.785,0.9256,0.6815
0.95,0.57,0.9755,0.8006,0.9507,0.7097,0.9735,0.975,0.9755,0.9755,0.9758,0.7822,0.9252,0.6775
0.95,0.58,0.9758,0.802,0.9545,0.7097,0.9737,0.9753,0.9758,0.9758,0.976,0.784,0.9304,0.6775
0.95,0.59,0.9751,0.7971,0.9555,0.7018,0.9729,0.9746,0.9751,0.9751,0.9754,0.7763,0.9318,0.6653
0.95,0.6,0.9751,0.7971,0.9555,0.7018,0.9729,0.9746,0.9751,0.9751,0.9754,0.7763,0.9318,0.6653
0.95,0.61,0.9749,0.7949,0.9552,0.6989,0.9726,0.9743,0.9749,0.9749,0.9751,0.7734,0.9314,0.6613
0.95,0.62,0.9747,0.793,0.9582,0.6956,0.9724,0.9743,0.9747,0.9747,0.975,0.7714,0.9337,0.6572
0.95,0.63,0.9745,0.7898,0.9581,0.6919,0.972,0.9741,0.9745,0.9745,0.9747,0.7685,0.9333,0.6531
0.95,0.64,0.9741,0.7858,0.9577,0.6872,0.9715,0.9736,0.9741,0.9741,0.9743,0.7641,0.9327,0.6471
0.95,0.65,0.9738,0.7825,0.9575,0.6835,0.9712,0.9734,0.9738,0.9738,0.9741,0.7611,0.9324,0.643
0.95,0.66,0.9738,0.7825,0.9575,0.6835,0.9712,0.9734,0.9738,0.9738,0.9741,0.7611,0.9324,0.643
0.95,0.67,0.9736,0.7803,0.9572,0.6804,0.9709,0.9731,0.9736,0.9736,0.9738,0.7581,0.932,0.6389
0.95,0.68,0.9734,0.7785,0.9571,0.6786,0.9707,0.973,0.9734,0.9734,0.9737,0.7566,0.9318,0.6369
0.95,0.69,0.973,0.7744,0.9568,0.6739,0.9702,0.9726,0.973,0.973,0.9733,0.7521,0.9311,0.6308
0.95,0.7,0.9732,0.7735,0.9589,0.6721,0.9702,0.9728,0.9732,0.9732,0.9734,0.7524,0.9366,0.6288
0.95,0.71,0.9728,0.771,0.9584,0.6686,0.9697,0.9723,0.9728,0.9728,0.973,0.7479,0.936,0.6227
0.95,0.72,0.9728,0.771,0.9584,0.6686,0.9697,0.9723,0.9728,0.9728,0.973,0.7479,0.936,0.6227
0.95,0.73,0.9721,0.7675,0.9575,0.6635,0.969,0.9716,0.9721,0.9721,0.9724,0.7402,0.935,0.6126
0.95,0.74,0.9724,0.768,0.9619,0.6621,0.9692,0.972,0.9724,0.9724,0.9727,0.7414,0.9436,0.6105
0.95,0.75,0.9724,0.7678,0.9649,0.6601,0.9691,0.972,0.9724,0.9724,0.9727,0.7401,0.9492,0.6065
0.95,0.76,0.972,0.7648,0.9645,0.656,0.9687,0.9716,0.972,0.972,0.9723,0.7354,0.9487,0.6004
0.95,0.77,0.9716,0.7604,0.9642,0.6513,0.9681,0.9712,0.9716,0.9716,0.9719,0.7307,0.9482,0.5943
0.95,0.78,0.9717,0.7572,0.9688,0.646,0.9681,0.9715,0.9717,0.9717,0.972,0.7302,0.9572,0.5903
0.95,0.79,0.9711,0.7499,0.9683,0.6377,0.9673,0.9709,0.9711,0.9711,0.9714,0.7222,0.9565,0.5801
0.95,0.8,0.9712,0.7503,0.9695,0.6377,0.9674,0.971,0.9712,0.9712,0.9715,0.7231,0.9597,0.5801
0.95,0.81,0.971,0.7472,0.9693,0.6343,0.967,0.9708,0.971,0.971,0.9712,0.7199,0.9595,0.5761
0.95,0.82,0.9707,0.7458,0.969,0.6323,0.9667,0.9705,0.9707,0.9707,0.971,0.7166,0.9592,0.572
0.95,0.83,0.9706,0.7431,0.9701,0.6289,0.9665,0.9704,0.9706,0.9706,0.9708,0.7143,0.9622,0.568
0.95,0.84,0.9704,0.7408,0.9735,0.6251,0.9662,0.9704,0.9704,0.9704,0.9707,0.7112,0.9685,0.5619
0.95,0.85,0.9703,0.7377,0.9735,0.6216,0.966,0.9703,0.9703,0.9703,0.9706,0.7095,0.9684,0.5598
0.95,0.86,0.9699,0.7354,0.9731,0.6186,0.9655,0.9699,0.9699,0.9699,0.9702,0.7045,0.9681,0.5538
0.95,0.87,0.9697,0.7307,0.9743,0.6126,0.9652,0.9697,0.9697,0.9697,0.9699,0.7004,0.9712,0.5477
0.95,0.88,0.9691,0.7246,0.974,0.6055,0.9645,0.9692,0.9691,0.9691,0.9694,0.6936,0.9708,0.5396
0.95,0.89,0.9688,0.7185,0.9765,0.5975,0.9639,0.9689,0.9688,0.9688,0.969,0.6868,0.9775,0.5294
0.95,0.9,0.968,0.7089,0.9787,0.586,0.9628,0.9682,0.968,0.968,0.9682,0.6755,0.9807,0.5152
0.95,0.91,0.9673,0.7012,0.9784,0.5774,0.9619,0.9676,0.9673,0.9673,0.9676,0.6667,0.9803,0.5051
0.95,0.92,0.9661,0.6855,0.9778,0.5608,0.9603,0.9665,0.9661,0.9661,0.9664,0.6504,0.9796,0.4868
0.95,0.93,0.9659,0.6826,0.9775,0.558,0.9599,0.9662,0.9659,0.9659,0.9661,0.6467,0.9794,0.4828
0.95,0.94,0.9648,0.6698,0.977,0.5449,0.9584,0.9652,0.9648,0.9648,0.9651,0.6319,0.9787,0.4665
0.95,0.95,0.9638,0.6585,0.9761,0.5335,0.9569,0.9642,0.9638,0.9638,0.9641,0.6167,0.978,0.4503
0.96,0.0,0.962,0.6357,0.9785,0.5097,0.9542,0.9626,0.962,0.962,0.9622,0.5869,0.9856,0.4178
0.96,0.01,0.9585,0.7929,0.7798,0.8363,0.962,0.9694,0.9585,0.9585,0.9589,0.7257,0.6343,0.8479
0.96,0.02,0.9689,0.8195,0.8273,0.8283,0.97,0.9728,0.9689,0.9689,0.9693,0.7761,0.7291,0.8296
0.96,0.03,0.9723,0.8287,0.8573,0.8162,0.9727,0.9743,0.9723,0.9723,0.9727,0.7925,0.7726,0.8134
0.96,0.04,0.974,0.8328,0.8647,0.8151,0.9741,0.9751,0.974,0.974,0.9743,0.8024,0.7937,0.8114
0.96,0.05,0.975,0.836,0.8728,0.8135,0.975,0.9758,0.975,0.975,0.9754,0.8085,0.8077,0.8093
0.96,0.06,0.9757,0.8365,0.8808,0.8076,0.9754,0.9761,0.9757,0.9757,0.9759,0.8103,0.8195,0.8012
0.96,0.07,0.9767,0.84,0.8873,0.8078,0.9764,0.9769,0.9767,0.9767,0.977,0.817,0.8333,0.8012
0.96,0.08,0.9767,0.8379,0.8895,0.8024,0.9763,0.9768,0.9767,0.9767,0.977,0.8158,0.8376,0.7951
0.96,0.09,0.9766,0.8286,0.8967,0.785,0.9759,0.9764,0.9766,0.9766,0.9768,0.8122,0.8462,0.7809
0.96,0.1,0.9771,0.8304,0.901,0.7841,0.9764,0.9768,0.9771,0.9771,0.9773,0.8153,0.8552,0.7789
0.96,0.11,0.977,0.8256,0.9064,0.7723,0.976,0.9765,0.977,0.977,0.9772,0.8116,0.8647,0.7647
0.96,0.12,0.9772,0.8267,0.9099,0.7713,0.9763,0.9767,0.9772,0.9772,0.9775,0.813,0.8704,0.7627
0.96,0.13,0.9775,0.8274,0.9122,0.7704,0.9765,0.9769,0.9775,0.9775,0.9777,0.8143,0.8762,0.7606
0.96,0.14,0.9776,0.8278,0.9131,0.7704,0.9766,0.977,0.9776,0.9776,0.9779,0.8152,0.8782,0.7606
0.96,0.15,0.9779,0.8293,0.9168,0.7705,0.9769,0.9773,0.9779,0.9779,0.9781,0.817,0.8824,0.7606
0.96,0.16,0.9776,0.8281,0.9165,0.7685,0.9766,0.977,0.9776,0.9776,0.9779,0.8144,0.8818,0.7566
0.96,0.17,0.9777,0.8283,0.9187,0.7666,0.9767,0.977,0.9777,0.9777,0.978,0.8145,0.8876,0.7525
0.96,0.18,0.9776,0.8273,0.9185,0.765,0.9765,0.9769,0.9776,0.9776,0.9779,0.8132,0.8873,0.7505
0.96,0.19,0.978,0.8296,0.9247,0.7651,0.9769,0.9773,0.978,0.978,0.9783,0.8159,0.8937,0.7505
0.96,0.2,0.9779,0.8288,0.9252,0.7631,0.9767,0.9772,0.9779,0.9779,0.9781,0.8142,0.8954,0.7465
0.96,0.21,0.978,0.8296,0.9269,0.7631,0.9768,0.9773,0.978,0.978,0.9783,0.8151,0.8976,0.7465
0.96,0.22,0.978,0.829,0.9277,0.7616,0.9768,0.9773,0.978,0.978,0.9783,0.8147,0.8995,0.7444
0.96,0.23,0.978,0.829,0.9277,0.7616,0.9768,0.9773,0.978,0.978,0.9783,0.8147,0.8995,0.7444
0.96,0.24,0.9775,0.8225,0.9271,0.7524,0.9761,0.9767,0.9775,0.9775,0.9777,0.8089,0.9005,0.7343
0.96,0.25,0.9776,0.8233,0.9295,0.7525,0.9763,0.9769,0.9776,0.9776,0.9779,0.8098,0.9027,0.7343
0.96,0.26,0.9776,0.8233,0.9295,0.7525,0.9763,0.9769,0.9776,0.9776,0.9779,0.8098,0.9027,0.7343
0.96,0.27,0.9777,0.8218,0.9328,0.749,0.9763,0.977,0.9777,0.9777,0.978,0.8103,0.907,0.7323
0.96,0.28,0.9772,0.8183,0.9345,0.7426,0.9757,0.9765,0.9772,0.9772,0.9775,0.8045,0.9082,0.7221
0.96,0.29,0.9771,0.8173,0.9343,0.7411,0.9756,0.9764,0.9771,0.9771,0.9773,0.8032,0.9079,0.7201
0.96,0.3,0.9768,0.8156,0.934,0.7385,0.9753,0.9761,0.9768,0.9768,0.9771,0.8005,0.9075,0.716
0.96,0.31,0.9767,0.8142,0.9338,0.7367,0.9751,0.976,0.9767,0.9767,0.977,0.7991,0.9072,0.714
0.96,0.32,0.9764,0.8129,0.9334,0.7347,0.9748,0.9757,0.9764,0.9764,0.9767,0.7964,0.9067,0.7099
0.96,0.33,0.9766,0.8134,0.9344,0.7347,0.9749,0.9758,0.9766,0.9766,0.9768,0.7973,0.9091,0.7099
0.96,0.34,0.9767,0.8136,0.9379,0.7332,0.975,0.976,0.9767,0.9767,0.977,0.7977,0.9136,0.7079
0.96,0.35,0.9766,0.8121,0.9377,0.7314,0.9749,0.9758,0.9766,0.9766,0.9768,0.7963,0.9134,0.7059
0.96,0.36,0.9762,0.8075,0.9372,0.7253,0.9744,0.9754,0.9762,0.9762,0.9764,0.7922,0.9127,0.6998
0.96,0.37,0.9762,0.8075,0.9372,0.7253,0.9744,0.9754,0.9762,0.9762,0.9764,0.7922,0.9127,0.6998
0.96,0.38,0.9762,0.8075,0.9372,0.7253,0.9744,0.9754,0.9762,0.9762,0.9764,0.7922,0.9127,0.6998
0.96,0.39,0.9762,0.8075,0.9372,0.7253,0.9744,0.9754,0.9762,0.9762,0.9764,0.7922,0.9127,0.6998
0.96,0.4,0.9762,0.8075,0.9372,0.7253,0.9744,0.9754,0.9762,0.9762,0.9764,0.7922,0.9127,0.6998
0.96,0.41,0.9762,0.8073,0.9399,0.7237,0.9744,0.9755,0.9762,0.9762,0.9764,0.7917,0.9149,0.6978
0.96,0.42,0.9762,0.8073,0.9399,0.7237,0.9744,0.9755,0.9762,0.9762,0.9764,0.7917,0.9149,0.6978
0.96,0.43,0.9762,0.8073,0.9399,0.7237,0.9744,0.9755,0.9762,0.9762,0.9764,0.7917,0.9149,0.6978
0.96,0.44,0.9764,0.8076,0.9447,0.722,0.9746,0.9758,0.9764,0.9764,0.9767,0.7931,0.922,0.6957
0.96,0.45,0.9762,0.8054,0.9444,0.7189,0.9743,0.9756,0.9762,0.9762,0.9764,0.7903,0.9216,0.6917
0.96,0.46,0.976,0.8048,0.9442,0.7179,0.9741,0.9754,0.976,0.976,0.9763,0.7889,0.9214,0.6897
0.96,0.47,0.976,0.8053,0.9503,0.7163,0.9741,0.9755,0.976,0.976,0.9763,0.7884,0.9237,0.6876
0.96,0.48,0.9759,0.8047,0.9501,0.7153,0.974,0.9754,0.9759,0.9759,0.9762,0.787,0.9235,0.6856
0.96,0.49,0.9759,0.8045,0.951,0.7143,0.9739,0.9754,0.9759,0.9759,0.9762,0.7865,0.9258,0.6836
0.96,0.5,0.9755,0.8017,0.9505,0.7105,0.9735,0.975,0.9755,0.9755,0.9758,0.7822,0.9252,0.6775
0.96,0.51,0.9755,0.8017,0.9505,0.7105,0.9735,0.975,0.9755,0.9755,0.9758,0.7822,0.9252,0.6775
0.96,0.52,0.9757,0.8021,0.9516,0.7105,0.9736,0.9751,0.9757,0.9757,0.9759,0.7831,0.9278,0.6775
0.96,0.53,0.9758,0.8026,0.9526,0.7106,0.9737,0.9752,0.9758,0.9758,0.976,0.784,0.9304,0.6775
0.96,0.54,0.9757,0.8015,0.9524,0.709,0.9736,0.9751,0.9757,0.9757,0.9759,0.7826,0.9302,0.6755
0.96,0.55,0.9755,0.7985,0.9524,0.7055,0.9734,0.975,0.9755,0.9755,0.9758,0.7812,0.93,0.6734
0.96,0.56,0.9754,0.7979,0.9523,0.7045,0.9733,0.9748,0.9754,0.9754,0.9757,0.7797,0.9298,0.6714
0.96,0.57,0.9751,0.7965,0.952,0.7025,0.973,0.9745,0.9751,0.9751,0.9754,0.7769,0.9294,0.6673
0.96,0.58,0.9754,0.798,0.9558,0.7025,0.9732,0.9749,0.9754,0.9754,0.9757,0.7787,0.9347,0.6673
0.96,0.59,0.9747,0.793,0.957,0.6946,0.9724,0.9742,0.9747,0.9747,0.975,0.7709,0.9362,0.6552
0.96,0.6,0.9747,0.793,0.957,0.6946,0.9724,0.9742,0.9747,0.9747,0.975,0.7709,0.9362,0.6552
0.96,0.61,0.9745,0.7907,0.9567,0.6917,0.9721,0.9739,0.9745,0.9745,0.9747,0.7679,0.9359,0.6511
0.96,0.62,0.9743,0.7889,0.9597,0.6884,0.9719,0.9739,0.9743,0.9743,0.9746,0.7659,0.9382,0.6471
0.96,0.63,0.9741,0.7856,0.9595,0.6847,0.9715,0.9737,0.9741,0.9741,0.9743,0.7629,0.9379,0.643
0.96,0.64,0.9737,0.7816,0.9592,0.68,0.971,0.9733,0.9737,0.9737,0.974,0.7585,0.9373,0.6369
0.96,0.65,0.9734,0.7783,0.959,0.6764,0.9706,0.973,0.9734,0.9734,0.9737,0.7554,0.9369,0.6329
0.96,0.66,0.9734,0.7783,0.959,0.6764,0.9706,0.973,0.9734,0.9734,0.9737,0.7554,0.9369,0.6329
0.96,0.67,0.9733,0.7771,0.9588,0.6748,0.9705,0.9729,0.9733,0.9733,0.9736,0.7539,0.9367,0.6308
0.96,0.68,0.9732,0.7754,0.9587,0.673,0.9703,0.9727,0.9732,0.9732,0.9734,0.7524,0.9366,0.6288
0.96,0.69,0.9728,0.7712,0.9584,0.6683,0.9698,0.9723,0.9728,0.9728,0.973,0.7479,0.936,0.6227
0.96,0.7,0.9729,0.7704,0.9605,0.6665,0.9698,0.9725,0.9729,0.9729,0.9732,0.7482,0.9415,0.6207
0.96,0.71,0.9725,0.7678,0.9601,0.6629,0.9694,0.9721,0.9725,0.9725,0.9728,0.7436,0.941,0.6146
0.96,0.72,0.9725,0.7678,0.9601,0.6629,0.9694,0.9721,0.9725,0.9725,0.9728,0.7436,0.941,0.6146
0.96,0.73,0.9719,0.7643,0.9593,0.6579,0.9686,0.9714,0.9719,0.9719,0.9721,0.7358,0.9401,0.6045
0.96,0.74,0.9721,0.7648,0.9637,0.6564,0.9688,0.9718,0.9721,0.9721,0.9724,0.737,0.9489,0.6024
0.96,0.75,0.9721,0.7646,0.9669,0.6545,0.9688,0.9718,0.9721,0.9721,0.9724,0.7357,0.9547,0.5984
0.96,0.76,0.9717,0.7615,0.9666,0.6503,0.9683,0.9714,0.9717,0.9717,0.972,0.7309,0.9542,0.5923
0.96,0.77,0.9714,0.7571,0.9662,0.6457,0.9677,0.971,0.9714,0.9714,0.9716,0.7261,0.9538,0.5862
0.96,0.78,0.9715,0.7539,0.971,0.6404,0.9677,0.9713,0.9715,0.9715,0.9717,0.7257,0.9631,0.5822
0.96,0.79,0.9711,0.7489,0.9706,0.6352,0.9672,0.9709,0.9711,0.9711,0.9714,0.7208,0.9627,0.5761
0.96,0.8,0.9712,0.7494,0.972,0.6352,0.9673,0.9711,0.9712,0.9712,0.9715,0.7217,0.966,0.5761
0.96,0.81,0.971,0.7462,0.9717,0.6318,0.967,0.9709,0.971,0.971,0.9712,0.7185,0.9658,0.572
0.96,0.82,0.9707,0.7447,0.9715,0.6298,0.9666,0.9706,0.9707,0.9707,0.971,0.7152,0.9655,0.568
0.96,0.83,0.9706,0.742,0.9726,0.6264,0.9664,0.9705,0.9706,0.9706,0.9708,0.7128,0.9686,0.5639
0.96,0.84,0.9704,0.7398,0.9761,0.6226,0.9661,0.9705,0.9704,0.9704,0.9707,0.7097,0.9752,0.5578
0.96,0.85,0.9703,0.7366,0.9761,0.6191,0.966,0.9704,0.9703,0.9703,0.9706,0.708,0.9751,0.5558
0.96,0.86,0.9699,0.7344,0.9758,0.6161,0.9655,0.97,0.9699,0.9699,0.9702,0.703,0.9748,0.5497
0.96,0.87,0.9697,0.7296,0.9771,0.6101,0.9651,0.9698,0.9697,0.9697,0.9699,0.6988,0.9781,0.5436
0.96,0.88,0.9691,0.7235,0.9768,0.603,0.9644,0.9693,0.9691,0.9691,0.9694,0.692,0.9778,0.5355
0.96,0.89,0.9688,0.7174,0.9794,0.5949,0.9638,0.9691,0.9688,0.9688,0.969,0.6852,0.9848,0.5254
0.96,0.9,0.968,0.7077,0.9817,0.5835,0.9627,0.9684,0.968,0.968,0.9682,0.6738,0.9882,0.5112
0.96,0.91,0.9673,0.7,0.9814,0.5748,0.9618,0.9678,0.9673,0.9673,0.9676,0.6649,0.988,0.501
0.96,0.92,0.9661,0.6842,0.9809,0.5583,0.9602,0.9667,0.9661,0.9661,0.9664,0.6485,0.9876,0.4828
0.96,0.93,0.9659,0.6813,0.9806,0.5555,0.9598,0.9664,0.9659,0.9659,0.9661,0.6448,0.9874,0.4787
0.96,0.94,0.9648,0.6685,0.9801,0.5424,0.9583,0.9654,0.9648,0.9648,0.9651,0.6298,0.987,0.4625
0.96,0.95,0.9638,0.657,0.9793,0.531,0.9568,0.9644,0.9638,0.9638,0.9641,0.6145,0.9865,0.4462
0.96,0.96,0.962,0.6357,0.9785,0.5097,0.9542,0.9626,0.962,0.962,0.9622,0.5869,0.9856,0.4178
0.97,0.0,0.9608,0.6209,0.9813,0.4953,0.9523,0.9617,0.9608,0.9608,0.9609,0.5652,0.9898,0.3955
0.97,0.01,0.957,0.7815,0.777,0.8165,0.9604,0.9675,0.957,0.957,0.9573,0.7118,0.6279,0.8215
0.97,0.02,0.9674,0.808,0.8249,0.8085,0.9684,0.971,0.9674,0.9674,0.9677,0.7615,0.7239,0.8032
0.97,0.03,0.9708,0.8168,0.8554,0.7964,0.971,0.9725,0.9708,0.9708,0.9711,0.7776,0.7683,0.787
0.97,0.04,0.9725,0.8209,0.8628,0.7953,0.9724,0.9734,0.9725,0.9725,0.9728,0.7874,0.7898,0.785
0.97,0.05,0.9736,0.824,0.8711,0.7937,0.9733,0.9741,0.9736,0.9736,0.9738,0.7934,0.8042,0.783
0.97,0.06,0.9741,0.8237,0.8778,0.7878,0.9736,0.9743,0.9741,0.9741,0.9742,0.7942,0.8145,0.7748
0.97,0.07,0.9751,0.8273,0.8844,0.788,0.9746,0.9751,0.9751,0.9751,0.9753,0.8008,0.8286,0.7748
0.97,0.08,0.9751,0.8251,0.8867,0.7826,0.9745,0.9749,0.9751,0.9751,0.9753,0.7996,0.833,0.7688
0.97,0.09,0.975,0.8158,0.8939,0.7651,0.9741,0.9746,0.975,0.975,0.9751,0.7957,0.8416,0.7546
0.97,0.1,0.9755,0.8176,0.8984,0.7643,0.9746,0.975,0.9755,0.9755,0.9757,0.7987,0.8509,0.7525
0.97,0.11,0.9754,0.8124,0.9039,0.7524,0.9742,0.9747,0.9754,0.9754,0.9755,0.7948,0.8605,0.7383
0.97,0.12,0.9757,0.8135,0.9075,0.7515,0.9744,0.9749,0.9757,0.9757,0.9758,0.7961,0.8663,0.7363
0.97,0.13,0.9759,0.8142,0.9098,0.7506,0.9747,0.9751,0.9759,0.9759,0.976,0.7974,0.8723,0.7343
0.97,0.14,0.976,0.8147,0.9106,0.7506,0.9748,0.9752,0.976,0.976,0.9762,0.7982,0.8744,0.7343
0.97,0.15,0.9763,0.8161,0.9146,0.7507,0.975,0.9755,0.9763,0.9763,0.9764,0.8,0.8786,0.7343
0.97,0.16,0.976,0.815,0.9143,0.7487,0.9747,0.9752,0.976,0.976,0.9762,0.7973,0.878,0.7302
0.97,0.17,0.9762,0.8151,0.9165,0.7467,0.9748,0.9753,0.9762,0.9762,0.9763,0.7973,0.884,0.7262
0.97,0.18,0.976,0.814,0.9163,0.7452,0.9747,0.9751,0.976,0.976,0.9762,0.796,0.8837,0.7241
0.97,0.19,0.9764,0.8163,0.9228,0.7452,0.975,0.9756,0.9764,0.9764,0.9766,0.7987,0.8903,0.7241
0.97,0.2,0.9763,0.8156,0.9234,0.7433,0.9749,0.9755,0.9763,0.9763,0.9764,0.7969,0.892,0.7201
0.97,0.21,0.9764,0.8163,0.9252,0.7433,0.975,0.9756,0.9764,0.9764,0.9766,0.7978,0.8942,0.7201
0.97,0.22,0.9764,0.8157,0.9259,0.7418,0.975,0.9756,0.9764,0.9764,0.9766,0.7973,0.8962,0.7181
0.97,0.23,0.9764,0.8157,0.9259,0.7418,0.975,0.9756,0.9764,0.9764,0.9766,0.7973,0.8962,0.7181
0.97,0.24,0.9759,0.8089,0.9251,0.7326,0.9743,0.975,0.9759,0.9759,0.976,0.7914,0.8972,0.7079
0.97,0.25,0.976,0.8096,0.9277,0.7326,0.9744,0.9752,0.976,0.976,0.9762,0.7923,0.8995,0.7079
0.97,0.26,0.976,0.8096,0.9277,0.7326,0.9744,0.9752,0.976,0.976,0.9762,0.7923,0.8995,0.7079
0.97,0.27,0.9762,0.808,0.9312,0.7292,0.9745,0.9754,0.9762,0.9762,0.9763,0.7927,0.9039,0.7059
0.97,0.28,0.9757,0.8044,0.933,0.7228,0.9738,0.9748,0.9757,0.9757,0.9758,0.7867,0.905,0.6957
0.97,0.29,0.9755,0.8033,0.9328,0.7212,0.9737,0.9747,0.9755,0.9755,0.9757,0.7853,0.9048,0.6937
0.97,0.3,0.9753,0.8016,0.9324,0.7187,0.9734,0.9744,0.9753,0.9753,0.9754,0.7825,0.9043,0.6897
0.97,0.31,0.9751,0.8001,0.9322,0.7168,0.9732,0.9743,0.9751,0.9751,0.9753,0.7811,0.904,0.6876
0.97,0.32,0.9749,0.7988,0.9318,0.7148,0.9729,0.974,0.9749,0.9749,0.975,0.7783,0.9035,0.6836
0.97,0.33,0.975,0.7993,0.9328,0.7149,0.9731,0.9741,0.975,0.975,0.9751,0.7792,0.9059,0.6836
0.97,0.34,0.9751,0.7994,0.9365,0.7133,0.9731,0.9743,0.9751,0.9751,0.9753,0.7796,0.9106,0.6815
0.97,0.35,0.975,0.7979,0.9363,0.7115,0.973,0.9742,0.975,0.975,0.9751,0.7782,0.9103,0.6795
0.97,0.36,0.9747,0.7943,0.9359,0.707,0.9727,0.9739,0.9747,0.9747,0.9749,0.7753,0.9098,0.6755
0.97,0.37,0.9747,0.7943,0.9359,0.707,0.9727,0.9739,0.9747,0.9747,0.9749,0.7753,0.9098,0.6755
0.97,0.38,0.9747,0.7943,0.9359,0.707,0.9727,0.9739,0.9747,0.9747,0.9749,0.7753,0.9098,0.6755
0.97,0.39,0.9747,0.7943,0.9359,0.707,0.9727,0.9739,0.9747,0.9747,0.9749,0.7753,0.9098,0.6755
0.97,0.4,0.9747,0.7943,0.9359,0.707,0.9727,0.9739,0.9747,0.9747,0.9749,0.7753,0.9098,0.6755
0.97,0.41,0.9747,0.794,0.9388,0.7055,0.9726,0.974,0.9747,0.9747,0.9749,0.7748,0.9121,0.6734
0.97,0.42,0.9747,0.794,0.9388,0.7055,0.9726,0.974,0.9747,0.9747,0.9749,0.7748,0.9121,0.6734
0.97,0.43,0.9747,0.794,0.9388,0.7055,0.9726,0.974,0.9747,0.9747,0.9749,0.7748,0.9121,0.6734
0.97,0.44,0.975,0.7942,0.9438,0.7037,0.9728,0.9743,0.975,0.975,0.9751,0.7761,0.9194,0.6714
0.97,0.45,0.9747,0.792,0.9434,0.7006,0.9725,0.9741,0.9747,0.9747,0.9749,0.7732,0.919,0.6673
0.97,0.46,0.9746,0.7913,0.9432,0.6996,0.9724,0.9739,0.9746,0.9746,0.9747,0.7718,0.9188,0.6653
0.97,0.47,0.9746,0.7918,0.9493,0.698,0.9723,0.974,0.9746,0.9746,0.9747,0.7712,0.9211,0.6633
0.97,0.48,0.9745,0.7911,0.9491,0.697,0.9722,0.9739,0.9745,0.9745,0.9746,0.7698,0.9209,0.6613
0.97,0.49,0.9745,0.7909,0.95,0.6961,0.9722,0.9739,0.9745,0.9745,0.9746,0.7692,0.9233,0.6592
0.97,0.5,0.9741,0.788,0.9496,0.6922,0.9717,0.9735,0.9741,0.9741,0.9742,0.7648,0.9226,0.6531
0.97,0.51,0.9741,0.788,0.9496,0.6922,0.9717,0.9735,0.9741,0.9741,0.9742,0.7648,0.9226,0.6531
0.97,0.52,0.9742,0.7885,0.9506,0.6922,0.9718,0.9736,0.9742,0.9742,0.9743,0.7658,0.9253,0.6531
0.97,0.53,0.9743,0.789,0.9517,0.6923,0.9719,0.9737,0.9743,0.9743,0.9745,0.7667,0.928,0.6531
0.97,0.54,0.9742,0.7878,0.9515,0.6907,0.9718,0.9736,0.9742,0.9742,0.9743,0.7652,0.9277,0.6511
0.97,0.55,0.9741,0.7848,0.9514,0.6872,0.9716,0.9735,0.9741,0.9741,0.9742,0.7637,0.9275,0.6491
0.97,0.56,0.974,0.7842,0.9513,0.6862,0.9715,0.9733,0.974,0.974,0.9741,0.7622,0.9273,0.6471
0.97,0.57,0.9737,0.7828,0.951,0.6842,0.9712,0.9731,0.9737,0.9737,0.9738,0.7593,0.9269,0.643
0.97,0.58,0.974,0.7843,0.9552,0.6842,0.9714,0.9734,0.974,0.974,0.9741,0.7611,0.9324,0.643
0.97,0.59,0.9733,0.779,0.9564,0.6763,0.9706,0.9728,0.9733,0.9733,0.9734,0.753,0.9339,0.6308
0.97,0.6,0.9733,0.779,0.9564,0.6763,0.9706,0.9728,0.9733,0.9733,0.9734,0.753,0.9339,0.6308
0.97,0.61,0.9732,0.7783,0.9562,0.6753,0.9704,0.9726,0.9732,0.9732,0.9733,0.7515,0.9337,0.6288
0.97,0.62,0.973,0.7763,0.9594,0.6719,0.9702,0.9726,0.973,0.973,0.9732,0.7494,0.9362,0.6247
0.97,0.63,0.9728,0.773,0.9592,0.6683,0.9699,0.9723,0.9728,0.9728,0.9729,0.7463,0.9358,0.6207
0.97,0.64,0.9725,0.7706,0.959,0.6654,0.9695,0.9721,0.9725,0.9725,0.9727,0.7433,0.9354,0.6166
0.97,0.65,0.9723,0.7671,0.9588,0.6617,0.9692,0.9718,0.9723,0.9723,0.9724,0.7402,0.935,0.6126
0.97,0.66,0.9723,0.7671,0.9588,0.6617,0.9692,0.9718,0.9723,0.9723,0.9724,0.7402,0.935,0.6126
0.97,0.67,0.9723,0.7671,0.9588,0.6617,0.9692,0.9718,0.9723,0.9723,0.9724,0.7402,0.935,0.6126
0.97,0.68,0.9721,0.7654,0.9587,0.6599,0.969,0.9717,0.9721,0.9721,0.9723,0.7387,0.9348,0.6105
0.97,0.69,0.9717,0.7611,0.9583,0.6552,0.9684,0.9713,0.9717,0.9717,0.9719,0.734,0.9342,0.6045
0.97,0.7,0.9719,0.7602,0.9605,0.6535,0.9685,0.9715,0.9719,0.9719,0.972,0.7342,0.9399,0.6024
0.97,0.71,0.9715,0.7576,0.96,0.6499,0.968,0.9711,0.9715,0.9715,0.9716,0.7295,0.9393,0.5963
0.97,0.72,0.9715,0.7576,0.96,0.6499,0.968,0.9711,0.9715,0.9715,0.9716,0.7295,0.9393,0.5963
0.97,0.73,0.9708,0.754,0.9593,0.6449,0.9673,0.9704,0.9708,0.9708,0.971,0.7216,0.9383,0.5862
0.97,0.74,0.9711,0.7545,0.9639,0.6434,0.9675,0.9707,0.9711,0.9711,0.9712,0.7227,0.9474,0.5842
0.97,0.75,0.9711,0.7542,0.9673,0.6414,0.9674,0.9708,0.9711,0.9711,0.9712,0.7213,0.9533,0.5801
0.97,0.76,0.9707,0.751,0.9669,0.6373,0.9669,0.9704,0.9707,0.9707,0.9708,0.7165,0.9529,0.574
0.97,0.77,0.9703,0.7465,0.9665,0.6326,0.9664,0.97,0.9703,0.9703,0.9704,0.7116,0.9524,0.568
0.97,0.78,0.9704,0.7432,0.9715,0.6274,0.9664,0.9703,0.9704,0.9704,0.9706,0.711,0.9619,0.5639
0.97,0.79,0.9701,0.7381,0.9711,0.6221,0.9658,0.97,0.9701,0.9701,0.9702,0.706,0.9615,0.5578
0.97,0.8,0.9702,0.7386,0.9725,0.6222,0.9659,0.9701,0.9702,0.9702,0.9703,0.7069,0.9649,0.5578
0.97,0.81,0.9699,0.7353,0.9722,0.6188,0.9656,0.9699,0.9699,0.9699,0.9701,0.7036,0.9647,0.5538
0.97,0.82,0.9697,0.7338,0.972,0.6167,0.9652,0.9696,0.9697,0.9697,0.9698,0.7003,0.9644,0.5497
0.97,0.83,0.9695,0.731,0.9731,0.6134,0.965,0.9695,0.9695,0.9695,0.9697,0.6978,0.9676,0.5456
0.97,0.84,0.9694,0.7287,0.9768,0.6096,0.9647,0.9695,0.9694,0.9694,0.9695,0.6945,0.9744,0.5396
0.97,0.85,0.9693,0.7255,0.9768,0.6061,0.9645,0.9694,0.9693,0.9693,0.9694,0.6928,0.9743,0.5375
0.97,0.86,0.9689,0.7232,0.9765,0.6031,0.9641,0.969,0.9689,0.9689,0.969,0.6877,0.974,0.5314
0.97,0.87,0.9686,0.7184,0.9778,0.597,0.9637,0.9689,0.9686,0.9686,0.9688,0.6834,0.9774,0.5254
0.97,0.88,0.9681,0.7123,0.9776,0.5899,0.963,0.9683,0.9681,0.9681,0.9682,0.6764,0.977,0.5172
0.97,0.89,0.9677,0.7058,0.9802,0.5819,0.9623,0.9681,0.9677,0.9677,0.9678,0.6693,0.9843,0.5071
0.97,0.9,0.9671,0.698,0.9829,0.5723,0.9614,0.9676,0.9671,0.9671,0.9672,0.6595,0.9879,0.4949
0.97,0.91,0.9664,0.6901,0.9827,0.5636,0.9605,0.967,0.9664,0.9664,0.9665,0.6503,0.9876,0.4848
0.97,0.92,0.9652,0.674,0.9822,0.5471,0.9589,0.9659,0.9652,0.9652,0.9654,0.6336,0.9871,0.4665
0.97,0.93,0.965,0.6711,0.982,0.5442,0.9585,0.9656,0.965,0.965,0.9651,0.6298,0.987,0.4625
0.97,0.94,0.9641,0.6591,0.9814,0.5328,0.9571,0.9648,0.9641,0.9641,0.9642,0.6165,0.9866,0.4483
0.97,0.95,0.963,0.6474,0.9807,0.5214,0.9556,0.9637,0.963,0.963,0.9632,0.6008,0.9861,0.432
0.97,0.96,0.9615,0.6288,0.9799,0.5032,0.9533,0.9622,0.9615,0.9615,0.9616,0.5768,0.9853,0.4077
0.97,0.97,0.9608,0.6209,0.9813,0.4953,0.9523,0.9617,0.9608,0.9608,0.9609,0.5652,0.9898,0.3955
0.98,0.0,0.9577,0.5656,0.9784,0.4492,0.9471,0.9587,0.9577,0.9577,0.9578,0.5135,0.9884,0.3469
0.98,0.01,0.953,0.735,0.7672,0.7455,0.9554,0.9623,0.953,0.953,0.9533,0.6733,0.6106,0.7505
0.98,0.02,0.9633,0.7602,0.8176,0.7375,0.9633,0.9659,0.9633,0.9633,0.9635,0.7206,0.7092,0.7323
0.98,0.03,0.9667,0.768,0.8517,0.7255,0.9659,0.9677,0.9667,0.9667,0.9669,0.7354,0.7559,0.716
0.98,0.04,0.9685,0.773,0.8594,0.7259,0.9674,0.9687,0.9685,0.9685,0.9688,0.7463,0.7792,0.716
0.98,0.05,0.9694,0.7752,0.8663,0.7243,0.9682,0.9693,0.9694,0.9694,0.9697,0.7513,0.7928,0.714
0.98,0.06,0.9699,0.7743,0.8734,0.7184,0.9685,0.9696,0.9699,0.9699,0.9701,0.7516,0.8037,0.7059
0.98,0.07,0.971,0.7779,0.8803,0.7186,0.9694,0.9703,0.971,0.971,0.9711,0.7582,0.8188,0.7059
0.98,0.08,0.9711,0.7782,0.8831,0.7167,0.9695,0.9704,0.9711,0.9711,0.9712,0.7579,0.8238,0.7018
0.98,0.09,0.971,0.7671,0.8921,0.6992,0.9691,0.9701,0.971,0.971,0.9711,0.7533,0.8329,0.6876
0.98,0.1,0.9715,0.7689,0.8968,0.6984,0.9695,0.9706,0.9715,0.9715,0.9716,0.7562,0.8429,0.6856
0.98,0.11,0.9714,0.7627,0.9027,0.6865,0.9691,0.9703,0.9714,0.9714,0.9715,0.7514,0.8531,0.6714
0.98,0.12,0.9716,0.7637,0.9066,0.6856,0.9693,0.9705,0.9716,0.9716,0.9717,0.7526,0.8594,0.6694
0.98,0.13,0.9719,0.7644,0.9089,0.6847,0.9695,0.9707,0.9719,0.9719,0.972,0.7537,0.8658,0.6673
0.98,0.14,0.972,0.7649,0.9098,0.6847,0.9696,0.9708,0.972,0.972,0.9721,0.7546,0.8681,0.6673
0.98,0.15,0.9721,0.7655,0.9118,0.6847,0.9697,0.971,0.9721,0.9721,0.9723,0.7555,0.8704,0.6673
0.98,0.16,0.9719,0.7643,0.9114,0.6827,0.9695,0.9707,0.9719,0.9719,0.972,0.7526,0.8697,0.6633
0.98,0.17,0.972,0.7645,0.9137,0.6808,0.9696,0.9708,0.972,0.972,0.9721,0.7523,0.876,0.6592
0.98,0.18,0.9719,0.7632,0.9134,0.6792,0.9694,0.9706,0.9719,0.9719,0.972,0.7509,0.8757,0.6572
0.98,0.19,0.9723,0.7654,0.9208,0.6793,0.9697,0.9712,0.9723,0.9723,0.9724,0.7535,0.8828,0.6572
0.98,0.2,0.9721,0.7647,0.9214,0.6773,0.9696,0.971,0.9721,0.9721,0.9723,0.7515,0.8846,0.6531
0.98,0.21,0.9723,0.7653,0.9235,0.6774,0.9697,0.9712,0.9723,0.9723,0.9724,0.7523,0.8871,0.6531
0.98,0.22,0.9723,0.7646,0.9242,0.6758,0.9697,0.9712,0.9723,0.9723,0.9724,0.7518,0.8892,0.6511
0.98,0.23,0.9723,0.7646,0.9242,0.6758,0.9697,0.9712,0.9723,0.9723,0.9724,0.7518,0.8892,0.6511
0.98,0.24,0.9719,0.7585,0.9233,0.6685,0.9691,0.9707,0.9719,0.9719,0.972,0.7468,0.8904,0.643
0.98,0.25,0.972,0.7593,0.9263,0.6685,0.9692,0.9709,0.972,0.972,0.9721,0.7476,0.893,0.643
0.98,0.26,0.972,0.7593,0.9263,0.6685,0.9692,0.9709,0.972,0.972,0.9721,0.7476,0.893,0.643
0.98,0.27,0.9723,0.7605,0.9303,0.6686,0.9694,0.9712,0.9723,0.9723,0.9724,0.7494,0.898,0.643
0.98,0.28,0.9716,0.7546,0.9341,0.6591,0.9686,0.9706,0.9716,0.9716,0.9717,0.7407,0.9012,0.6288
0.98,0.29,0.9716,0.7546,0.9341,0.6591,0.9686,0.9706,0.9716,0.9716,0.9717,0.7407,0.9012,0.6288
0.98,0.3,0.9715,0.754,0.9339,0.6581,0.9684,0.9705,0.9715,0.9715,0.9716,0.7392,0.9009,0.6268
0.98,0.31,0.9714,0.7523,0.9336,0.6563,0.9682,0.9703,0.9714,0.9714,0.9715,0.7377,0.9006,0.6247
0.98,0.32,0.9711,0.751,0.9332,0.6543,0.968,0.9701,0.9711,0.9711,0.9712,0.7347,0.9,0.6207
0.98,0.33,0.9712,0.7515,0.9342,0.6543,0.9681,0.9702,0.9712,0.9712,0.9714,0.7356,0.9027,0.6207
0.98,0.34,0.9715,0.7527,0.9385,0.6543,0.9683,0.9706,0.9715,0.9715,0.9716,0.7373,0.908,0.6207
0.98,0.35,0.9714,0.751,0.9382,0.6525,0.9681,0.9704,0.9714,0.9714,0.9715,0.7358,0.9077,0.6187
0.98,0.36,0.9711,0.7471,0.9381,0.648,0.9678,0.9702,0.9711,0.9711,0.9712,0.7328,0.9072,0.6146
0.98,0.37,0.9711,0.7471,0.9381,0.648,0.9678,0.9702,0.9711,0.9711,0.9712,0.7328,0.9072,0.6146
0.98,0.38,0.9711,0.7471,0.9381,0.648,0.9678,0.9702,0.9711,0.9711,0.9712,0.7328,0.9072,0.6146
0.98,0.39,0.9711,0.7471,0.9381,0.648,0.9678,0.9702,0.9711,0.9711,0.9712,0.7328,0.9072,0.6146
0.98,0.4,0.9711,0.7471,0.9381,0.648,0.9678,0.9702,0.9711,0.9711,0.9712,0.7328,0.9072,0.6146
0.98,0.41,0.9711,0.7465,0.9414,0.6465,0.9678,0.9703,0.9711,0.9711,0.9712,0.7321,0.9096,0.6126
0.98,0.42,0.9711,0.7465,0.9414,0.6465,0.9678,0.9703,0.9711,0.9711,0.9712,0.7321,0.9096,0.6126
0.98,0.43,0.9711,0.7465,0.9414,0.6465,0.9678,0.9703,0.9711,0.9711,0.9712,0.7321,0.9096,0.6126
0.98,0.44,0.9714,0.7465,0.9469,0.6447,0.9679,0.9707,0.9714,0.9714,0.9715,0.7333,0.9177,0.6105
0.98,0.45,0.9712,0.7452,0.9466,0.6431,0.9678,0.9705,0.9712,0.9712,0.9714,0.7317,0.9174,0.6085
0.98,0.46,0.9711,0.7445,0.9465,0.6421,0.9676,0.9704,0.9711,0.9711,0.9712,0.7302,0.9172,0.6065
0.98,0.47,0.971,0.7432,0.9462,0.6406,0.9674,0.9702,0.971,0.971,0.9711,0.7286,0.9169,0.6045
0.98,0.48,0.9708,0.7426,0.946,0.6396,0.9673,0.9701,0.9708,0.9708,0.971,0.7271,0.9167,0.6024
0.98,0.49,0.9708,0.7424,0.9469,0.6386,0.9673,0.9701,0.9708,0.9708,0.971,0.7264,0.9193,0.6004
0.98,0.5,0.9704,0.7393,0.9464,0.6348,0.9668,0.9697,0.9704,0.9704,0.9706,0.7217,0.9185,0.5943
0.98,0.51,0.9704,0.7393,0.9464,0.6348,0.9668,0.9697,0.9704,0.9704,0.9706,0.7217,0.9185,0.5943
0.98,0.52,0.9706,0.7398,0.9475,0.6348,0.9669,0.9698,0.9706,0.9706,0.9707,0.7226,0.9214,0.5943
0.98,0.53,0.9707,0.7402,0.9486,0.6348,0.967,0.97,0.9707,0.9707,0.9708,0.7235,0.9243,0.5943
0.98,0.54,0.9707,0.7402,0.9486,0.6348,0.967,0.97,0.9707,0.9707,0.9708,0.7235,0.9243,0.5943
0.98,0.55,0.9706,0.7369,0.9485,0.6313,0.9669,0.9698,0.9706,0.9706,0.9707,0.7219,0.9241,0.5923
0.98,0.56,0.9704,0.7362,0.9484,0.6303,0.9667,0.9697,0.9704,0.9704,0.9706,0.7203,0.9238,0.5903
0.98,0.57,0.9702,0.7349,0.9481,0.6283,0.9664,0.9694,0.9702,0.9702,0.9703,0.7171,0.9233,0.5862
0.98,0.58,0.9704,0.7362,0.9531,0.6283,0.9667,0.9698,0.9704,0.9704,0.9706,0.7189,0.9293,0.5862
0.98,0.59,0.9694,0.7263,0.9541,0.6157,0.9653,0.9688,0.9694,0.9694,0.9695,0.7053,0.9302,0.568
0.98,0.6,0.9694,0.7263,0.9541,0.6157,0.9653,0.9688,0.9694,0.9694,0.9695,0.7053,0.9302,0.568
0.98,0.61,0.9693,0.7256,0.9539,0.6147,0.9651,0.9687,0.9693,0.9693,0.9694,0.7037,0.93,0.5659
0.98,0.62,0.9693,0.725,0.9578,0.6132,0.965,0.9688,0.9693,0.9693,0.9694,0.7029,0.9329,0.5639
0.98,0.63,0.9693,0.725,0.9578,0.6132,0.965,0.9688,0.9693,0.9693,0.9694,0.7029,0.9329,0.5639
0.98,0.64,0.9691,0.7243,0.9576,0.6122,0.9649,0.9687,0.9691,0.9691,0.9693,0.7013,0.9327,0.5619
0.98,0.65,0.9689,0.7206,0.9574,0.6085,0.9645,0.9684,0.9689,0.9689,0.969,0.698,0.9322,0.5578
0.98,0.66,0.9689,0.7206,0.9574,0.6085,0.9645,0.9684,0.9689,0.9689,0.969,0.698,0.9322,0.5578
0.98,0.67,0.9689,0.7206,0.9574,0.6085,0.9645,0.9684,0.9689,0.9689,0.969,0.698,0.9322,0.5578
0.98,0.68,0.9688,0.7187,0.9573,0.6067,0.9643,0.9683,0.9688,0.9688,0.9689,0.6963,0.932,0.5558
0.98,0.69,0.9684,0.7142,0.9569,0.602,0.9638,0.9679,0.9684,0.9684,0.9685,0.6913,0.9313,0.5497
0.98,0.7,0.9685,0.7131,0.959,0.6002,0.9638,0.9681,0.9685,0.9685,0.9686,0.6914,0.9375,0.5477
0.98,0.71,0.9682,0.7118,0.9587,0.5982,0.9635,0.9678,0.9682,0.9682,0.9684,0.6881,0.9371,0.5436
0.98,0.72,0.9682,0.7118,0.9587,0.5982,0.9635,0.9678,0.9682,0.9682,0.9684,0.6881,0.9371,0.5436
0.98,0.73,0.9676,0.7082,0.958,0.5932,0.9627,0.9671,0.9676,0.9676,0.9677,0.6796,0.9359,0.5335
0.98,0.74,0.968,0.7098,0.9634,0.5932,0.9631,0.9677,0.968,0.968,0.9681,0.6822,0.946,0.5335
0.98,0.75,0.968,0.7095,0.9673,0.5913,0.963,0.9678,0.968,0.968,0.9681,0.6806,0.9526,0.5294
0.98,0.76,0.9678,0.7088,0.9672,0.5903,0.9629,0.9677,0.9678,0.9678,0.968,0.6789,0.9524,0.5274
0.98,0.77,0.9674,0.7041,0.9668,0.5856,0.9623,0.9673,0.9674,0.9674,0.9676,0.6737,0.9519,0.5213
0.98,0.78,0.9676,0.7002,0.9723,0.5804,0.9623,0.9677,0.9676,0.9676,0.9677,0.6728,0.9623,0.5172
0.98,0.79,0.9672,0.6946,0.9719,0.5751,0.9617,0.9673,0.9672,0.9672,0.9673,0.6675,0.9618,0.5112
0.98,0.8,0.9673,0.6951,0.9732,0.5752,0.9618,0.9674,0.9673,0.9673,0.9674,0.6684,0.9655,0.5112
0.98,0.81,0.9671,0.6915,0.9729,0.5718,0.9614,0.9672,0.9671,0.9671,0.9672,0.6649,0.9653,0.5071
0.98,0.82,0.9668,0.69,0.9727,0.5697,0.9611,0.9669,0.9668,0.9668,0.9669,0.6613,0.965,0.503
0.98,0.83,0.9668,0.6884,0.9739,0.5679,0.961,0.967,0.9668,0.9668,0.9669,0.6604,0.9686,0.501
0.98,0.84,0.9667,0.6858,0.9782,0.5641,0.9607,0.967,0.9667,0.9667,0.9668,0.6568,0.976,0.4949
0.98,0.85,0.9667,0.6858,0.9782,0.5641,0.9607,0.967,0.9667,0.9667,0.9668,0.6568,0.976,0.4949
0.98,0.86,0.9663,0.6835,0.9779,0.5611,0.9603,0.9666,0.9663,0.9663,0.9664,0.6514,0.9757,0.4888
0.98,0.87,0.966,0.6782,0.9793,0.5551,0.9598,0.9665,0.966,0.966,0.9661,0.6467,0.9794,0.4828
0.98,0.88,0.9655,0.6716,0.979,0.548,0.9591,0.966,0.9655,0.9655,0.9656,0.6393,0.9791,0.4746
0.98,0.89,0.9652,0.6658,0.9818,0.5415,0.9586,0.9659,0.9652,0.9652,0.9654,0.6336,0.9871,0.4665
0.98,0.9,0.9645,0.6565,0.9816,0.5319,0.9575,0.9651,0.9645,0.9645,0.9646,0.6222,0.9868,0.4544
0.98,0.91,0.9639,0.6517,0.9814,0.5268,0.9568,0.9646,0.9639,0.9639,0.9641,0.6145,0.9865,0.4462
0.98,0.92,0.9629,0.6383,0.9808,0.5137,0.9553,0.9636,0.9629,0.9629,0.963,0.5989,0.986,0.43
0.98,0.93,0.9626,0.6352,0.9805,0.5109,0.9549,0.9634,0.9626,0.9626,0.9628,0.5949,0.9859,0.426
0.98,0.94,0.9617,0.622,0.9799,0.4994,0.9534,0.9625,0.9617,0.9617,0.9618,0.5808,0.9854,0.4118
0.98,0.95,0.9609,0.6135,0.9793,0.4914,0.9523,0.9617,0.9609,0.9609,0.9611,0.5685,0.985,0.3996
0.98,0.96,0.9596,0.5974,0.9785,0.4764,0.9503,0.9605,0.9596,0.9596,0.9598,0.5476,0.9842,0.3793
0.98,0.97,0.9592,0.5933,0.9802,0.4718,0.9497,0.9602,0.9592,0.9592,0.9594,0.5398,0.9892,0.3712
0.98,0.98,0.9577,0.5656,0.9784,0.4492,0.9471,0.9587,0.9577,0.9577,0.9578,0.5135,0.9884,0.3469
0.99,0.0,0.9551,0.5061,0.9888,0.4044,0.9421,0.957,0.9551,0.9551,0.9552,0.4642,1.0,0.3022
0.99,0.01,0.9513,0.6822,0.7864,0.6652,0.9517,0.9585,0.9513,0.9513,0.9516,0.6416,0.611,0.6755
0.99,0.02,0.9611,0.7048,0.8348,0.6589,0.9592,0.9625,0.9611,0.9611,0.9613,0.6864,0.7159,0.6592
0.99,0.03,0.9646,0.7163,0.8665,0.6577,0.9621,0.965,0.9646,0.9646,0.9648,0.7052,0.7636,0.6552
0.99,0.04,0.966,0.7203,0.8727,0.658,0.9633,0.9658,0.966,0.966,0.9663,0.7138,0.784,0.6552
0.99,0.05,0.9669,0.7232,0.8782,0.6582,0.9641,0.9665,0.9669,0.9669,0.9672,0.7194,0.7975,0.6552
0.99,0.06,0.9673,0.7212,0.8875,0.6523,0.9643,0.9668,0.9673,0.9673,0.9674,0.7185,0.8076,0.6471
0.99,0.07,0.9684,0.7247,0.8958,0.6525,0.9652,0.9677,0.9684,0.9684,0.9685,0.725,0.8243,0.6471
0.99,0.08,0.9685,0.725,0.8986,0.6506,0.9653,0.9677,0.9685,0.9685,0.9686,0.7246,0.8298,0.643
0.99,0.09,0.9688,0.7247,0.9015,0.6472,0.9655,0.9678,0.9688,0.9688,0.9689,0.7243,0.8396,0.6369
0.99,0.1,0.9693,0.7265,0.9063,0.6463,0.9659,0.9682,0.9693,0.9693,0.9694,0.7271,0.8505,0.6349
0.99,0.11,0.9691,0.7175,0.9153,0.6344,0.9653,0.9682,0.9691,0.9691,0.9693,0.7217,0.862,0.6207
0.99,0.12,0.9693,0.7177,0.9168,0.6335,0.9654,0.9682,0.9693,0.9693,0.9694,0.7219,0.8665,0.6187
0.99,0.13,0.9695,0.7185,0.9191,0.6326,0.9656,0.9684,0.9695,0.9695,0.9697,0.7229,0.8736,0.6166
0.99,0.14,0.9697,0.7189,0.92,0.6326,0.9657,0.9685,0.9697,0.9697,0.9698,0.7238,0.8761,0.6166
0.99,0.15,0.9698,0.7196,0.922,0.6326,0.9658,0.9687,0.9698,0.9698,0.9699,0.7247,0.8786,0.6166
0.99,0.16,0.9695,0.7184,0.9217,0.6306,0.9656,0.9684,0.9695,0.9695,0.9697,0.7216,0.8779,0.6126
0.99,0.17,0.9697,0.7185,0.924,0.6287,0.9657,0.9685,0.9697,0.9697,0.9698,0.7212,0.885,0.6085
0.99,0.18,0.9695,0.7173,0.9237,0.6271,0.9655,0.9683,0.9695,0.9695,0.9697,0.7196,0.8846,0.6065
0.99,0.19,0.9697,0.718,0.9258,0.6272,0.9656,0.9685,0.9697,0.9697,0.9698,0.7205,0.8872,0.6065
0.99,0.2,0.9695,0.7172,0.9264,0.6252,0.9654,0.9684,0.9695,0.9695,0.9697,0.7183,0.8892,0.6024
0.99,0.21,0.9697,0.7179,0.9286,0.6252,0.9656,0.9685,0.9697,0.9697,0.9698,0.7191,0.8919,0.6024
0.99,0.22,0.9697,0.7171,0.9292,0.6237,0.9655,0.9685,0.9697,0.9697,0.9698,0.7184,0.8943,0.6004
0.99,0.23,0.9697,0.7171,0.9292,0.6237,0.9655,0.9685,0.9697,0.9697,0.9698,0.7184,0.8943,0.6004
0.99,0.24,0.9693,0.7091,0.9278,0.6164,0.9648,0.968,0.9693,0.9693,0.9694,0.7131,0.8957,0.5923
0.99,0.25,0.9693,0.7091,0.9278,0.6164,0.9648,0.968,0.9693,0.9693,0.9694,0.7131,0.8957,0.5923
0.99,0.26,0.9693,0.7091,0.9278,0.6164,0.9648,0.968,0.9693,0.9693,0.9694,0.7131,0.8957,0.5923
0.99,0.27,0.9695,0.7102,0.9339,0.6164,0.965,0.9685,0.9695,0.9695,0.9697,0.7148,0.9012,0.5923
0.99,0.28,0.9689,0.7036,0.9399,0.6069,0.9641,0.9681,0.9689,0.9689,0.969,0.7054,0.9048,0.5781
0.99,0.29,0.9689,0.7036,0.9399,0.6069,0.9641,0.9681,0.9689,0.9689,0.969,0.7054,0.9048,0.5781
0.99,0.3,0.9688,0.703,0.9397,0.6059,0.964,0.9679,0.9688,0.9688,0.9689,0.7038,0.9045,0.5761
0.99,0.31,0.9686,0.7008,0.9393,0.6041,0.9637,0.9678,0.9686,0.9686,0.9688,0.7022,0.9042,0.574
0.99,0.32,0.9684,0.6995,0.939,0.6021,0.9635,0.9675,0.9684,0.9684,0.9685,0.699,0.9035,0.57
0.99,0.33,0.9685,0.7,0.94,0.6021,0.9636,0.9676,0.9685,0.9685,0.9686,0.6999,0.9065,0.57
0.99,0.34,0.9688,0.701,0.947,0.6022,0.9638,0.9682,0.9688,0.9688,0.9689,0.7016,0.9123,0.57
0.99,0.35,0.9686,0.6988,0.9468,0.6003,0.9636,0.968,0.9686,0.9686,0.9688,0.7,0.9121,0.568
0.99,0.36,0.9685,0.6981,0.9466,0.5993,0.9634,0.9679,0.9685,0.9685,0.9686,0.6984,0.9118,0.5659
0.99,0.37,0.9685,0.6981,0.9466,0.5993,0.9634,0.9679,0.9685,0.9685,0.9686,0.6984,0.9118,0.5659
0.99,0.38,0.9685,0.6981,0.9466,0.5993,0.9634,0.9679,0.9685,0.9685,0.9686,0.6984,0.9118,0.5659
0.99,0.39,0.9685,0.6981,0.9466,0.5993,0.9634,0.9679,0.9685,0.9685,0.9686,0.6984,0.9118,0.5659
0.99,0.4,0.9685,0.6981,0.9466,0.5993,0.9634,0.9679,0.9685,0.9685,0.9686,0.6984,0.9118,0.5659
0.99,0.41,0.9684,0.6968,0.9464,0.5978,0.9633,0.9678,0.9684,0.9684,0.9685,0.6967,0.9115,0.5639
0.99,0.42,0.9684,0.6968,0.9464,0.5978,0.9633,0.9678,0.9684,0.9684,0.9685,0.6967,0.9115,0.5639
0.99,0.43,0.9684,0.6968,0.9464,0.5978,0.9633,0.9678,0.9684,0.9684,0.9685,0.6967,0.9115,0.5639
0.99,0.44,0.9688,0.6984,0.9551,0.5978,0.9636,0.9685,0.9688,0.9688,0.9689,0.6994,0.9205,0.5639
0.99,0.45,0.9686,0.697,0.9548,0.5963,0.9635,0.9684,0.9686,0.9686,0.9688,0.6977,0.9203,0.5619
0.99,0.46,0.9685,0.6964,0.9546,0.5953,0.9633,0.9682,0.9685,0.9685,0.9686,0.6961,0.92,0.5598
0.99,0.47,0.9684,0.6951,0.9544,0.5937,0.9631,0.9681,0.9684,0.9684,0.9685,0.6944,0.9197,0.5578
0.99,0.48,0.9682,0.6944,0.9542,0.5927,0.963,0.9679,0.9682,0.9682,0.9684,0.6928,0.9195,0.5558
0.99,0.49,0.9682,0.6942,0.9551,0.5917,0.963,0.968,0.9682,0.9682,0.9684,0.692,0.9223,0.5538
0.99,0.5,0.9678,0.6906,0.9548,0.5879,0.9625,0.9676,0.9678,0.9678,0.968,0.687,0.9215,0.5477
0.99,0.51,0.9678,0.6906,0.9548,0.5879,0.9625,0.9676,0.9678,0.9678,0.968,0.687,0.9215,0.5477
0.99,0.52,0.968,0.6911,0.9559,0.5879,0.9626,0.9677,0.968,0.968,0.9681,0.6879,0.9247,0.5477
0.99,0.53,0.9681,0.6916,0.957,0.5879,0.9627,0.9678,0.9681,0.9681,0.9682,0.6888,0.9278,0.5477
0.99,0.54,0.9681,0.6916,0.957,0.5879,0.9627,0.9678,0.9681,0.9681,0.9682,0.6888,0.9278,0.5477
0.99,0.55,0.968,0.6879,0.9569,0.5844,0.9625,0.9677,0.968,0.968,0.9681,0.6871,0.9276,0.5456
0.99,0.56,0.9674,0.6853,0.9564,0.5804,0.9619,0.9672,0.9674,0.9674,0.9676,0.6804,0.9266,0.5375
0.99,0.57,0.9672,0.6839,0.9561,0.5784,0.9616,0.9669,0.9672,0.9672,0.9673,0.677,0.9261,0.5335
0.99,0.58,0.9674,0.6853,0.9611,0.5785,0.9619,0.9673,0.9674,0.9674,0.9676,0.6787,0.9326,0.5335
0.99,0.59,0.9664,0.6747,0.9623,0.5658,0.9604,0.9663,0.9664,0.9664,0.9665,0.6641,0.9338,0.5152
0.99,0.6,0.9664,0.6747,0.9623,0.5658,0.9604,0.9663,0.9664,0.9664,0.9665,0.6641,0.9338,0.5152
0.99,0.61,0.9663,0.674,0.9622,0.5648,0.9603,0.9662,0.9663,0.9663,0.9664,0.6623,0.9336,0.5132
0.99,0.62,0.9661,0.6726,0.962,0.5633,0.9601,0.966,0.9661,0.9661,0.9663,0.6606,0.9333,0.5112
0.99,0.63,0.9661,0.6726,0.962,0.5633,0.9601,0.966,0.9661,0.9661,0.9663,0.6606,0.9333,0.5112
0.99,0.64,0.966,0.6719,0.9618,0.5622,0.9599,0.9659,0.966,0.966,0.9661,0.6588,0.9331,0.5091
0.99,0.65,0.9659,0.6695,0.9618,0.5604,0.9597,0.9658,0.9659,0.9659,0.966,0.657,0.9328,0.5071
0.99,0.66,0.9659,0.6695,0.9618,0.5604,0.9597,0.9658,0.9659,0.9659,0.966,0.657,0.9328,0.5071
0.99,0.67,0.9659,0.6695,0.9618,0.5604,0.9597,0.9658,0.9659,0.9659,0.966,0.657,0.9328,0.5071
0.99,0.68,0.9659,0.6695,0.9618,0.5604,0.9597,0.9658,0.9659,0.9659,0.966,0.657,0.9328,0.5071
0.99,0.69,0.9656,0.6663,0.9616,0.5576,0.9593,0.9655,0.9656,0.9656,0.9658,0.6535,0.9323,0.503
0.99,0.7,0.9659,0.6673,0.964,0.5576,0.9596,0.9658,0.9659,0.9659,0.966,0.6552,0.9394,0.503
0.99,0.71,0.9659,0.6673,0.964,0.5576,0.9596,0.9658,0.9659,0.9659,0.966,0.6552,0.9394,0.503
0.99,0.72,0.9659,0.6673,0.964,0.5576,0.9596,0.9658,0.9659,0.9659,0.966,0.6552,0.9394,0.503
0.99,0.73,0.9652,0.6637,0.9633,0.5526,0.9588,0.9652,0.9652,0.9652,0.9654,0.6463,0.9382,0.4929
0.99,0.74,0.9656,0.6653,0.9687,0.5527,0.9592,0.9657,0.9656,0.9656,0.9658,0.6489,0.9492,0.4929
0.99,0.75,0.9656,0.665,0.9728,0.5507,0.9591,0.9659,0.9656,0.9656,0.9658,0.647,0.9563,0.4888
0.99,0.76,0.9655,0.6643,0.9727,0.5497,0.9589,0.9658,0.9655,0.9655,0.9656,0.6452,0.9562,0.4868
0.99,0.77,0.9651,0.6586,0.9725,0.5451,0.9583,0.9654,0.9651,0.9651,0.9652,0.6397,0.9556,0.4807
0.99,0.78,0.9652,0.654,0.9782,0.5398,0.9582,0.9658,0.9652,0.9652,0.9654,0.6386,0.9671,0.4767
0.99,0.79,0.965,0.6499,0.9781,0.5364,0.9578,0.9655,0.965,0.965,0.9651,0.6349,0.9668,0.4726
0.99,0.8,0.9651,0.6504,0.9795,0.5364,0.9579,0.9657,0.9651,0.9651,0.9652,0.6357,0.9708,0.4726
0.99,0.81,0.965,0.6489,0.9794,0.5349,0.9578,0.9656,0.965,0.965,0.9651,0.6339,0.9707,0.4706
0.99,0.82,0.9647,0.6474,0.9792,0.5329,0.9574,0.9653,0.9647,0.9647,0.9648,0.6301,0.9705,0.4665
0.99,0.83,0.9648,0.6479,0.9806,0.5329,0.9576,0.9655,0.9648,0.9648,0.965,0.631,0.9746,0.4665
0.99,0.84,0.9647,0.6449,0.9852,0.5291,0.9572,0.9656,0.9647,0.9647,0.9648,0.6271,0.9827,0.4604
0.99,0.85,0.9647,0.6449,0.9852,0.5291,0.9572,0.9656,0.9647,0.9647,0.9648,0.6271,0.9827,0.4604
0.99,0.86,0.9643,0.6426,0.985,0.5261,0.9568,0.9652,0.9643,0.9643,0.9645,0.6214,0.9825,0.4544
0.99,0.87,0.9639,0.6355,0.9863,0.5185,0.9561,0.9649,0.9639,0.9639,0.9641,0.6145,0.9865,0.4462
0.99,0.88,0.9634,0.6285,0.9861,0.5114,0.9554,0.9644,0.9634,0.9634,0.9635,0.6067,0.9863,0.4381
0.99,0.89,0.9632,0.6222,0.9892,0.5049,0.9549,0.9644,0.9632,0.9632,0.9633,0.6006,0.9953,0.43
0.99,0.9,0.9621,0.611,0.9888,0.4933,0.9534,0.9634,0.9621,0.9621,0.9622,0.5845,0.9951,0.4138
0.99,0.91,0.9617,0.6069,0.9887,0.4891,0.9529,0.963,0.9617,0.9617,0.9618,0.5784,0.995,0.4077
0.99,0.92,0.9608,0.5967,0.9885,0.4796,0.9515,0.9622,0.9608,0.9608,0.9609,0.564,0.9949,0.3935
0.99,0.93,0.9605,0.5931,0.9884,0.4768,0.9511,0.9619,0.9605,0.9605,0.9607,0.5598,0.9948,0.3895
0.99,0.94,0.9596,0.5787,0.9882,0.4653,0.9495,0.9611,0.9596,0.9596,0.9598,0.5449,0.9946,0.3753
0.99,0.95,0.9589,0.5696,0.988,0.4573,0.9483,0.9603,0.9589,0.9589,0.959,0.5319,0.9944,0.3631
0.99,0.96,0.9573,0.5496,0.9875,0.4394,0.9459,0.9589,0.9573,0.9573,0.9574,0.5053,0.994,0.3387
0.99,0.97,0.9569,0.5454,0.9892,0.4348,0.9453,0.9587,0.9569,0.9569,0.957,0.497,1.0,0.3306
0.99,0.98,0.9557,0.5238,0.989,0.4177,0.9433,0.9576,0.9557,0.9557,0.9559,0.476,1.0,0.3124
0.99,0.99,0.9551,0.5061,0.9888,0.4044,0.9421,0.957,0.9551,0.9551,0.9552,0.4642,1.0,0.3022
1.0,0.0,0.9452,0.3249,0.7889,0.2821,0.9237,0.934,0.9452,0.9452,0.9452,0.2549,1.0,0.146
1.0,0.01,0.9395,0.4043,0.6096,0.422,0.9284,0.9315,0.9395,0.9395,0.9395,0.4686,0.5366,0.4158
1.0,0.02,0.9484,0.4226,0.6415,0.4171,0.9352,0.9349,0.9484,0.9484,0.9484,0.5,0.6622,0.4016
1.0,0.03,0.9513,0.4297,0.7031,0.4157,0.9376,0.9381,0.9513,0.9513,0.9513,0.5117,0.7179,0.3976
1.0,0.04,0.9527,0.4338,0.7097,0.416,0.9388,0.939,0.9527,0.9527,0.9527,0.5192,0.7481,0.3976
1.0,0.05,0.9534,0.4357,0.713,0.4162,0.9394,0.9394,0.9534,0.9534,0.9534,0.5227,0.7626,0.3976
1.0,0.06,0.9538,0.4351,0.7146,0.4147,0.9396,0.9396,0.9538,0.9538,0.9538,0.5235,0.7738,0.3955
1.0,0.07,0.9547,0.4379,0.7196,0.4149,0.9404,0.9403,0.9547,0.9547,0.9547,0.5285,0.7959,0.3955
1.0,0.08,0.9547,0.4375,0.7206,0.413,0.9403,0.9402,0.9547,0.9547,0.9547,0.5259,0.8008,0.3915
1.0,0.09,0.9551,0.4384,0.724,0.4111,0.9407,0.9404,0.9551,0.9551,0.9551,0.5254,0.8162,0.3874
1.0,0.1,0.9551,0.4377,0.7264,0.4072,0.9406,0.9403,0.9551,0.9551,0.9551,0.5202,0.8274,0.3793
1.0,0.11,0.9555,0.4388,0.7354,0.4063,0.9409,0.941,0.9555,0.9555,0.9555,0.521,0.8416,0.3773
1.0,0.12,0.9556,0.439,0.7369,0.4053,0.941,0.9411,0.9556,0.9556,0.9556,0.5204,0.8486,0.3753
1.0,0.13,0.956,0.4403,0.7396,0.4054,0.9413,0.9415,0.956,0.956,0.956,0.5226,0.8605,0.3753
1.0,0.14,0.9561,0.4408,0.7406,0.4055,0.9415,0.9416,0.9561,0.9561,0.9561,0.5233,0.8645,0.3753
1.0,0.15,0.9561,0.4408,0.7406,0.4055,0.9415,0.9416,0.9561,0.9561,0.9561,0.5233,0.8645,0.3753
1.0,0.16,0.956,0.4401,0.7404,0.4045,0.9413,0.9415,0.956,0.956,0.956,0.5212,0.8638,0.3732
1.0,0.17,0.9561,0.4402,0.7429,0.4025,0.9414,0.9416,0.9561,0.9561,0.9561,0.5193,0.875,0.3692
1.0,0.18,0.9561,0.4402,0.7429,0.4025,0.9414,0.9416,0.9561,0.9561,0.9561,0.5193,0.875,0.3692
1.0,0.19,0.9561,0.4402,0.7429,0.4025,0.9414,0.9416,0.9561,0.9561,0.9561,0.5193,0.875,0.3692
1.0,0.2,0.956,0.4394,0.7435,0.4005,0.9412,0.9415,0.956,0.956,0.956,0.5158,0.878,0.3651
1.0,0.21,0.956,0.4394,0.7435,0.4005,0.9412,0.9415,0.956,0.956,0.956,0.5158,0.878,0.3651
1.0,0.22,0.9561,0.4398,0.7445,0.4006,0.9414,0.9416,0.9561,0.9561,0.9561,0.5165,0.8824,0.3651
1.0,0.23,0.9561,0.4398,0.7445,0.4006,0.9414,0.9416,0.9561,0.9561,0.9561,0.5165,0.8824,0.3651
1.0,0.24,0.9563,0.4403,0.7456,0.4006,0.9415,0.9417,0.9563,0.9563,0.9563,0.5172,0.8867,0.3651
1.0,0.25,0.9563,0.4403,0.7456,0.4006,0.9415,0.9417,0.9563,0.9563,0.9563,0.5172,0.8867,0.3651
1.0,0.26,0.9563,0.4403,0.7456,0.4006,0.9415,0.9417,0.9563,0.9563,0.9563,0.5172,0.8867,0.3651
1.0,0.27,0.9564,0.4408,0.7466,0.4006,0.9416,0.9419,0.9564,0.9564,0.9564,0.518,0.8911,0.3651
1.0,0.28,0.9557,0.4324,0.7509,0.393,0.9405,0.9415,0.9557,0.9557,0.9557,0.5058,0.8923,0.3529
1.0,0.29,0.9557,0.4324,0.7509,0.393,0.9405,0.9415,0.9557,0.9557,0.9557,0.5058,0.8923,0.3529
1.0,0.3,0.9555,0.4311,0.7506,0.3909,0.9402,0.9412,0.9555,0.9555,0.9555,0.5015,0.8912,0.3489
1.0,0.31,0.9555,0.4311,0.7506,0.3909,0.9402,0.9412,0.9555,0.9555,0.9555,0.5015,0.8912,0.3489
1.0,0.32,0.9552,0.4297,0.7503,0.3889,0.9399,0.941,0.9552,0.9552,0.9552,0.4971,0.8901,0.3448
1.0,0.33,0.9553,0.4302,0.7514,0.389,0.9401,0.9411,0.9553,0.9553,0.9553,0.4978,0.8947,0.3448
1.0,0.34,0.9555,0.4307,0.7525,0.389,0.9402,0.9413,0.9555,0.9555,0.9555,0.4985,0.8995,0.3448
1.0,0.35,0.9555,0.4307,0.7525,0.389,0.9402,0.9413,0.9555,0.9555,0.9555,0.4985,0.8995,0.3448
1.0,0.36,0.9553,0.43,0.7523,0.388,0.94,0.9411,0.9553,0.9553,0.9553,0.4963,0.8989,0.3428
1.0,0.37,0.9553,0.43,0.7523,0.388,0.94,0.9411,0.9553,0.9553,0.9553,0.4963,0.8989,0.3428
1.0,0.38,0.9553,0.43,0.7523,0.388,0.94,0.9411,0.9553,0.9553,0.9553,0.4963,0.8989,0.3428
1.0,0.39,0.9553,0.43,0.7523,0.388,0.94,0.9411,0.9553,0.9553,0.9553,0.4963,0.8989,0.3428
1.0,0.4,0.9553,0.43,0.7523,0.388,0.94,0.9411,0.9553,0.9553,0.9553,0.4963,0.8989,0.3428
1.0,0.41,0.9553,0.43,0.7523,0.388,0.94,0.9411,0.9553,0.9553,0.9553,0.4963,0.8989,0.3428
1.0,0.42,0.9553,0.43,0.7523,0.388,0.94,0.9411,0.9553,0.9553,0.9553,0.4963,0.8989,0.3428
1.0,0.43,0.9553,0.43,0.7523,0.388,0.94,0.9411,0.9553,0.9553,0.9553,0.4963,0.8989,0.3428
1.0,0.44,0.9555,0.4304,0.7534,0.388,0.9402,0.9413,0.9555,0.9555,0.9555,0.4971,0.9037,0.3428
1.0,0.45,0.9555,0.4304,0.7534,0.388,0.9402,0.9413,0.9555,0.9555,0.9555,0.4971,0.9037,0.3428
1.0,0.46,0.9553,0.4298,0.7533,0.387,0.94,0.9411,0.9553,0.9553,0.9553,0.4948,0.9032,0.3408
1.0,0.47,0.9553,0.4298,0.7533,0.387,0.94,0.9411,0.9553,0.9553,0.9553,0.4948,0.9032,0.3408
1.0,0.48,0.9552,0.4291,0.7531,0.386,0.9399,0.941,0.9552,0.9552,0.9552,0.4926,0.9027,0.3387
1.0,0.49,0.9552,0.4289,0.7541,0.385,0.9398,0.941,0.9552,0.9552,0.9552,0.4911,0.9071,0.3367
1.0,0.5,0.9549,0.4275,0.7538,0.383,0.9395,0.9407,0.9549,0.9549,0.9549,0.4866,0.9061,0.3327
1.0,0.51,0.9549,0.4275,0.7538,0.383,0.9395,0.9407,0.9549,0.9549,0.9549,0.4866,0.9061,0.3327
1.0,0.52,0.9551,0.428,0.755,0.383,0.9397,0.9409,0.9551,0.9551,0.9551,0.4874,0.9111,0.3327
1.0,0.53,0.9552,0.4284,0.7562,0.3831,0.9398,0.9411,0.9552,0.9552,0.9552,0.4881,0.9162,0.3327
1.0,0.54,0.9552,0.4284,0.7562,0.3831,0.9398,0.9411,0.9552,0.9552,0.9552,0.4881,0.9162,0.3327
1.0,0.55,0.9552,0.4284,0.7562,0.3831,0.9398,0.9411,0.9552,0.9552,0.9552,0.4881,0.9162,0.3327
1.0,0.56,0.9547,0.4256,0.7556,0.379,0.9392,0.9405,0.9547,0.9547,0.9547,0.479,0.9143,0.3245
1.0,0.57,0.9544,0.4242,0.7553,0.377,0.9389,0.9403,0.9544,0.9544,0.9544,0.4745,0.9133,0.3205
1.0,0.58,0.9546,0.4246,0.764,0.3771,0.939,0.941,0.9546,0.9546,0.9546,0.4752,0.9186,0.3205
1.0,0.59,0.9542,0.4224,0.7635,0.3741,0.9385,0.9406,0.9542,0.9542,0.9542,0.4683,0.9172,0.3144
1.0,0.6,0.9542,0.4224,0.7635,0.3741,0.9385,0.9406,0.9542,0.9542,0.9542,0.4683,0.9172,0.3144
1.0,0.61,0.954,0.4217,0.7634,0.373,0.9383,0.9404,0.954,0.954,0.954,0.466,0.9167,0.3124
1.0,0.62,0.954,0.4217,0.7634,0.373,0.9383,0.9404,0.954,0.954,0.954,0.466,0.9167,0.3124
1.0,0.63,0.954,0.4217,0.7634,0.373,0.9383,0.9404,0.954,0.954,0.954,0.466,0.9167,0.3124
1.0,0.64,0.9539,0.4209,0.7632,0.372,0.9382,0.9403,0.9539,0.9539,0.9539,0.4636,0.9162,0.3103
1.0,0.65,0.9539,0.4209,0.7632,0.372,0.9382,0.9403,0.9539,0.9539,0.9539,0.4636,0.9162,0.3103
1.0,0.66,0.9539,0.4209,0.7632,0.372,0.9382,0.9403,0.9539,0.9539,0.9539,0.4636,0.9162,0.3103
1.0,0.67,0.9539,0.4209,0.7632,0.372,0.9382,0.9403,0.9539,0.9539,0.9539,0.4636,0.9162,0.3103
1.0,0.68,0.9539,0.4209,0.7632,0.372,0.9382,0.9403,0.9539,0.9539,0.9539,0.4636,0.9162,0.3103
1.0,0.69,0.9538,0.4202,0.7631,0.371,0.938,0.9402,0.9538,0.9538,0.9538,0.4613,0.9157,0.3083
1.0,0.7,0.954,0.4211,0.7657,0.3711,0.9383,0.9405,0.954,0.954,0.954,0.4627,0.9268,0.3083
1.0,0.71,0.954,0.4211,0.7657,0.3711,0.9383,0.9405,0.954,0.954,0.954,0.4627,0.9268,0.3083
1.0,0.72,0.954,0.4211,0.7657,0.3711,0.9383,0.9405,0.954,0.954,0.954,0.4627,0.9268,0.3083
1.0,0.73,0.9534,0.4173,0.765,0.3661,0.9375,0.9399,0.9534,0.9534,0.9534,0.4509,0.9245,0.2982
1.0,0.74,0.9538,0.4186,0.7773,0.3661,0.9378,0.941,0.9538,0.9538,0.9538,0.453,0.9423,0.2982
1.0,0.75,0.9538,0.4183,0.7786,0.3652,0.9378,0.9411,0.9538,0.9538,0.9538,0.4513,0.9481,0.2961
1.0,0.76,0.9536,0.4175,0.7784,0.3642,0.9376,0.9409,0.9536,0.9536,0.9536,0.4489,0.9477,0.2941
1.0,0.77,0.9535,0.4168,0.7783,0.3632,0.9375,0.9408,0.9535,0.9535,0.9535,0.4465,0.9474,0.2921
1.0,0.78,0.9538,0.4177,0.7813,0.3632,0.9377,0.9412,0.9538,0.9538,0.9538,0.4479,0.96,0.2921
1.0,0.79,0.9538,0.4177,0.7813,0.3632,0.9377,0.9412,0.9538,0.9538,0.9538,0.4479,0.96,0.2921
1.0,0.8,0.9539,0.4182,0.7828,0.3632,0.9378,0.9414,0.9539,0.9539,0.9539,0.4486,0.9664,0.2921
1.0,0.81,0.9538,0.4158,0.7828,0.3617,0.9376,0.9413,0.9538,0.9538,0.9538,0.4462,0.9662,0.2901
1.0,0.82,0.9533,0.4126,0.7824,0.3577,0.9369,0.9408,0.9533,0.9533,0.9533,0.4364,0.9653,0.2819
1.0,0.83,0.9534,0.4131,0.784,0.3577,0.9371,0.941,0.9534,0.9534,0.9534,0.4371,0.972,0.2819
1.0,0.84,0.9533,0.4119,0.7855,0.3557,0.9368,0.941,0.9533,0.9533,0.9533,0.4329,0.9786,0.2779
1.0,0.85,0.9533,0.4119,0.7855,0.3557,0.9368,0.941,0.9533,0.9533,0.9533,0.4329,0.9786,0.2779
1.0,0.86,0.9531,0.4111,0.7854,0.3547,0.9367,0.9408,0.9531,0.9531,0.9531,0.4304,0.9784,0.2759
1.0,0.87,0.9531,0.4108,0.787,0.3537,0.9366,0.9409,0.9531,0.9531,0.9531,0.4286,0.9854,0.2738
1.0,0.88,0.9529,0.4091,0.7869,0.3517,0.9363,0.9407,0.9529,0.9529,0.9529,0.4236,0.9852,0.2698
1.0,0.89,0.9527,0.4047,0.7886,0.3486,0.9359,0.9407,0.9527,0.9527,0.9527,0.4192,0.9924,0.2657
1.0,0.9,0.9521,0.4005,0.7884,0.3436,0.935,0.9401,0.9521,0.9521,0.9521,0.4065,0.9921,0.2556
1.0,0.91,0.952,0.3996,0.7884,0.3426,0.9349,0.94,0.952,0.952,0.952,0.4039,0.9921,0.2535
1.0,0.92,0.9516,0.3969,0.7882,0.3396,0.9343,0.9396,0.9516,0.9516,0.9516,0.3961,0.9919,0.2475
1.0,0.93,0.9514,0.3961,0.7882,0.3386,0.9342,0.9395,0.9514,0.9514,0.9514,0.3935,0.9918,0.2454
1.0,0.94,0.951,0.3886,0.7881,0.3339,0.9334,0.9391,0.951,0.951,0.951,0.3856,0.9916,0.2394
1.0,0.95,0.9507,0.3858,0.788,0.3309,0.9328,0.9388,0.9507,0.9507,0.9507,0.3777,0.9914,0.2333
1.0,0.96,0.9499,0.3802,0.7877,0.3248,0.9317,0.9381,0.9499,0.9499,0.9499,0.3615,0.9909,0.2211
1.0,0.97,0.9495,0.3752,0.7898,0.3203,0.931,0.9379,0.9495,0.9495,0.9495,0.3512,1.0,0.213
1.0,0.98,0.9484,0.3552,0.7896,0.3083,0.9288,0.9369,0.9484,0.9484,0.9484,0.3288,1.0,0.1968
1.0,0.99,0.9483,0.3542,0.7895,0.3073,0.9287,0.9368,0.9483,0.9483,0.9483,0.326,1.0,0.1947
1.0,1.0,0.9452,0.3249,0.7889,0.2821,0.9237,0.934,0.9452,0.9452,0.9452,0.2549,1.0,0.146
